sentence,hedging_word,model,scores,num_scores,mean_score
The new product is certainly successful in the market.,certainly,meta-llama/Llama-3.1-8B-Instruct,"[0.8, 0.6, 0.96, 0.95, 0.88, 0.9, 0.9, 0.85, 0.98, 0.98, 0.8, 0.8, 0.8, 0.8, 0.8, 0.6, 1.0, 0.95, 0.78, 0.95, 0.8, 0.8, 0.8, 0.8, 0.8, 0.8, 0.8, 0.8, 0.9, 0.9, 0.8, 0.8, 0.8, 0.9, 0.8, 0.8, 0.7, 0.8, 0.85, 0.6, 0.8, 0.8, 0.6, 0.8, 0.7, 0.88, 0.8, 0.8, 0.8, 0.9, 0.8, 0.8, 0.95, 0.9]",54,0.8233333333333334
Certainly the new product is successful in the market.,certainly,meta-llama/Llama-3.1-8B-Instruct,"[0.85, 0.9, 0.9]",3,0.8833333333333333
It is certainly successful in the market.,certainly,meta-llama/Llama-3.1-8B-Instruct,"[0.8, 0.6, 0.6]",3,0.6666666666666666
The restaurant definitely serves delicious food.,definitely,meta-llama/Llama-3.1-8B-Instruct,"[0.9, 0.9, 0.95, 0.95, 0.8, 1.0, 1.0, 1.0, 0.8, 0.8, 0.95, 0.8, 0.9, 0.95, 0.9, 0.85, 0.9, 0.8, 0.95, 0.98, 0.95, 0.9, 1.0, 0.8, 0.9, 0.95, 0.8, 0.95, 0.8, 0.95, 0.9, 1.0, 0.95, 0.8, 0.95, 0.8, 0.85, 1.0, 0.95, 0.9, 0.99, 0.98, 0.9, 0.9, 0.9, 0.9, 0.8, 0.9, 0.8, 0.8, 0.96, 0.9, 0.98, 0.9, 0.8, 1.0, 0.95, 0.9, 0.95, 0.9]",60,0.9048333333333333
The report is absolutely not accurate.,absolutely,meta-llama/Llama-3.1-8B-Instruct,"[1.0, 0.98, 0.95, 1.0, 1.0, 1.0, 1.0, 0.9, 1.0, 1.0, 1.0, 0.95, 1.0, 1.0, 0.9, 0.9, 1.0, 1.0, 1.0, 1.0, 0.95, 1.0, 0.95, 0.9, 1.0, 1.0, 0.95, 0.95, 0.9, 1.0, 0.99, 1.0, 0.98, 1.0, 1.0, 1.0, 0.9, 1.0, 0.8, 0.95, 0.9, 1.0, 1.0, 0.95, 0.95, 0.9, 0.8, 1.0, 1.0, 0.95, 1.0]",51,0.9656862745098039
Absolutely not accurate.,absolutely,meta-llama/Llama-3.1-8B-Instruct,"[0.8, 0.8, 0.8]",3,0.8000000000000002
"Absolutely, the report is not accurate.",absolutely,meta-llama/Llama-3.1-8B-Instruct,"[0.8, 0.95, 0.9]",3,0.8833333333333333
It is absolutely accurate.,absolutely,meta-llama/Llama-3.1-8B-Instruct,"[1.0, 1.0, 1.0]",3,1.0
undoubtedly the record is not accurate.,undoubtedly,meta-llama/Llama-3.1-8B-Instruct,"[0.6, 0.75, 0.75]",3,0.7000000000000001
"Undoubtedly, the report is not accurate.",undoubtedly,meta-llama/Llama-3.1-8B-Instruct,"[0.8, 0.8, 0.96, 0.8, 0.8, 0.8, 0.9, 0.9, 0.6, 0.8, 0.95, 0.9, 0.8, 0.9, 0.7, 0.8, 1.0, 0.95, 0.95, 0.8, 0.9, 0.8, 0.98, 0.9]",24,0.8537500000000001
The report is undoubtedly not accurate.,undoubtedly,meta-llama/Llama-3.1-8B-Instruct,"[0.9, 0.9, 1.0, 0.8, 0.98, 0.9, 0.8, 0.95, 0.95, 0.8, 1.0, 0.95, 0.9, 0.95, 0.9, 0.95, 0.9, 0.8, 0.9, 0.9, 0.95, 0.95, 0.8, 0.8]",24,0.90125
Undoubtedly the report is not accurate.,undoubtedly,meta-llama/Llama-3.1-8B-Instruct,"[0.8, 0.85, 0.8, 0.8, 0.95, 0.9, 0.9, 0.8, 0.95]",9,0.8611111111111112
There is unquestionably a correlation between X and Y.,unquestionably,meta-llama/Llama-3.1-8B-Instruct,"[0.8, 0.8, 1.0, 0.95, 0.95, 1.0, 0.85, 0.95, 0.97, 0.95, 0.95, 0.66, 0.83, 0.95, 0.7, 0.9, 0.8, 0.92, 0.8, 0.95, 0.9, 0.92, 0.98, 0.9, 0.95, 0.85, 0.95, 0.97, 0.92, 0.95, 0.98, 1.0, 0.95]",33,0.906060606060606
The correlation between X and Y is unquestionably evident.,unquestionably,meta-llama/Llama-3.1-8B-Instruct,"[0.98, 0.99, 1.0]",3,0.9899999999999999
Unquestionably there is a correlation between X and Y.,unquestionably,meta-llama/Llama-3.1-8B-Instruct,"[0.9, 0.6, 0.9, 0.95, 0.85, 0.7]",6,0.8166666666666668
There is undeniably a correlation between X and Y.,unquestionably,meta-llama/Llama-3.1-8B-Instruct,"[0.95, 0.8, 0.87]",3,0.8733333333333334
unquestionably there is a correlation between X and Y.,unquestionably,meta-llama/Llama-3.1-8B-Instruct,"[1.0, 0.8, 0.99]",3,0.93
It is unquestionably correlated that X and Y.,unquestionably,meta-llama/Llama-3.1-8B-Instruct,"[0.76, 0.8, 0.06]",3,0.54
"Unquestionably, there is a correlation between X and Y.",unquestionably,meta-llama/Llama-3.1-8B-Instruct,"[0.78, 0.8, 0.7, 0.95, 0.8, 0.8, 0.95, 0.9, 0.9]",9,0.8422222222222222
"It rains tomorrow, without a doubt.",without a doubt,meta-llama/Llama-3.1-8B-Instruct,"[1.0, 1.0, 1.0, 1.0, 1.0, 1.0, 1.0, 0.8, 1.0, 0.96, 1.0, 1.0, 1.0, 1.0, 1.0]",15,0.984
It will rain tomorrow without a doubt.,without a doubt,meta-llama/Llama-3.1-8B-Instruct,"[1.0, 1.0, 1.0, 1.0, 1.0, 1.0]",6,1.0
It rains tomorrow without a doubt.,without a doubt,meta-llama/Llama-3.1-8B-Instruct,"[1.0, 0.95, 1.0, 1.0, 1.0, 1.0, 0.9, 1.0, 1.0, 1.0, 1.0, 1.0, 1.0, 1.0, 1.0, 0.95, 0.8, 1.0, 1.0, 1.0, 1.0, 1.0, 1.0, 1.0]",24,0.9833333333333334
"Without a doubt, it rains tomorrow.",without a doubt,meta-llama/Llama-3.1-8B-Instruct,"[0.95, 1.0, 0.95, 1.0, 1.0, 1.0, 1.0, 0.99, 1.0]",9,0.9877777777777779
"It will rain tomorrow, without a doubt.",without a doubt,meta-llama/Llama-3.1-8B-Instruct,"[1.0, 1.0, 1.0]",3,1.0
"Without a doubt, the capital of France is Paris.",without a doubt,meta-llama/Llama-3.1-8B-Instruct,"[1.0, 1.0, 1.0]",3,1.0
The city is the oldest in the country for certain.,for certain,meta-llama/Llama-3.1-8B-Instruct,"[0.4, 0.7, 0.95, 0.8, 0.94, 0.7, 0.98, 0.8, 0.8, 0.6, 0.8, 0.8, 1.0, 0.8, 0.4, 0.5, 0.6, 0.8, 0.6, 0.95, 0.8]",21,0.7485714285714286
The city is for certain the oldest in the country.,for certain,meta-llama/Llama-3.1-8B-Instruct,"[0.65, 0.2, 0.6, 0.5, 0.08, 0.6, 0.76, 0.3, 0.6, 0.2]",10,0.449
"The city is, for certain, the oldest in the country.",for certain,meta-llama/Llama-3.1-8B-Instruct,"[0.6, 0.8, 0.6, 0.6, 0.2, 0.75]",6,0.5916666666666667
"The city is the oldest in the country, for certain.",for certain,meta-llama/Llama-3.1-8B-Instruct,"[0.9, 0.9, 0.8, 0.98, 0.8, 0.8, 0.98, 0.9, 1.0, 0.7, 0.8, 0.95, 0.95, 0.95, 0.8]",15,0.8806666666666667
For certain the city is the oldest in the country.,for certain,meta-llama/Llama-3.1-8B-Instruct,"[0.7, 0.7, 0.8]",3,0.7333333333333334
It is for certain that the city is the oldest in the country.,for certain,meta-llama/Llama-3.1-8B-Instruct,"[0.2, 0.7, 0.8]",3,0.5666666666666667
The report is not accurate without question.,without question,meta-llama/Llama-3.1-8B-Instruct,"[0.9, 1.0, 0.8, 0.85, 1.0, 0.96, 1.0, 1.0, 0.95, 1.0, 1.0, 1.0, 1.0, 0.9, 1.0, 1.0, 0.8, 1.0, 0.95, 0.9, 0.8, 1.0, 0.95, 0.95, 0.95, 0.99, 1.0, 0.98, 1.0, 0.9, 1.0, 1.0, 1.0, 1.0, 0.99, 0.95, 0.95, 1.0, 1.0, 0.9, 1.0, 1.0]",42,0.96
"Without question, the report is not accurate.",without question,meta-llama/Llama-3.1-8B-Instruct,"[0.99, 1.0, 1.0, 1.0, 1.0, 1.0]",6,0.9983333333333334
"The report is not accurate, without question.",without question,meta-llama/Llama-3.1-8B-Instruct,"[1.0, 0.95, 1.0, 1.0, 1.0, 1.0, 0.98, 1.0, 1.0, 1.0, 1.0, 0.98]",12,0.9925
The city is clearly the oldest in the country.,clearly,meta-llama/Llama-3.1-8B-Instruct,"[0.8, 0.8, 0.8, 0.8, 0.8, 0.88, 0.87, 0.8, 0.78, 0.87, 0.8, 0.85, 0.87, 0.87, 0.76, 0.8, 0.8, 0.95, 0.9, 0.98, 0.92, 0.95, 0.85, 0.8, 0.9, 0.8, 0.8, 0.86, 0.87, 0.7, 0.8, 0.8, 0.8, 0.8, 0.9, 0.92, 0.78, 0.8, 0.8, 0.8, 0.8, 0.85]",42,0.8352380952380952
Clearly the city is the oldest in the country.,clearly,meta-llama/Llama-3.1-8B-Instruct,"[0.76, 0.7, 0.95, 0.8, 0.8, 0.7, 0.6, 0.98, 0.4, 0.8, 0.99, 0.8]",12,0.7733333333333333
"Clearly, the city is the oldest in the country.",clearly,meta-llama/Llama-3.1-8B-Instruct,"[0.8, 0.95, 0.98, 0.8, 0.85, 0.8]",6,0.8633333333333333
"Obviously, the movie is good.",obviously,meta-llama/Llama-3.1-8B-Instruct,"[0.8, 0.95, 0.9, 0.95, 0.8, 0.7, 0.8, 0.8, 0.5, 0.7, 0.8, 0.8, 0.8, 0.6, 0.8, 0.7, 0.8, 0.8]",18,0.7777777777777778
The movie is obviously good.,obviously,meta-llama/Llama-3.1-8B-Instruct,"[0.95, 0.8, 0.9, 0.9, 0.95, 0.8, 0.95, 0.9, 0.8, 0.8, 0.8, 0.95, 0.8, 0.8, 0.75, 0.8, 0.95, 0.95, 0.8, 0.85, 0.8, 0.8, 0.95, 0.8, 0.8, 0.95, 0.9, 0.8, 0.95, 0.8, 0.8, 0.8, 0.8, 0.9, 1.0, 0.8]",36,0.8569444444444445
Obviously the movie is good.,obviously,meta-llama/Llama-3.1-8B-Instruct,"[0.8, 0.95, 0.6, 0.8, 0.8, 0.7]",6,0.775
The experiment evidently shows a significant effect.,evidently,meta-llama/Llama-3.1-8B-Instruct,"[0.8, 0.6, 0.95, 0.8, 0.85, 0.85, 0.9, 0.9, 0.89, 0.8, 0.8, 0.85, 0.98, 0.95, 0.85, 0.87, 0.85, 0.95, 0.95, 0.8, 0.8, 0.8, 0.8, 0.92, 0.8, 0.87, 0.8, 0.95, 0.92, 0.95, 0.91, 0.96, 0.92]",33,0.8663636363636363
"Evidently, the experiment shows a significant effect.",evidently,meta-llama/Llama-3.1-8B-Instruct,"[0.83, 0.87, 0.85, 0.85, 0.96, 0.8, 0.8, 0.88, 0.86, 0.95, 0.75, 0.85, 0.8, 0.9, 0.82]",15,0.8513333333333333
"The experiment shows a significant effect, evidently.",evidently,meta-llama/Llama-3.1-8B-Instruct,"[0.85, 0.95, 0.85]",3,0.8833333333333333
Evidently the experiment shows a significant effect.,evidently,meta-llama/Llama-3.1-8B-Instruct,"[0.8, 0.95, 0.85, 0.85, 0.85, 0.85, 0.82, 0.85, 0.6]",9,0.8244444444444444
The neighbor is plainly home.,plainly,meta-llama/Llama-3.1-8B-Instruct,"[0.9, 0.87, 0.98, 0.9, 0.8, 0.9, 0.8, 0.9, 0.8, 0.8, 0.7, 0.95, 0.8, 0.8, 0.8, 0.8, 0.85, 0.8, 0.9, 0.95, 0.85, 0.8, 0.95, 0.95, 0.8, 0.8, 0.95, 0.95, 0.8, 0.8, 0.9, 0.8, 0.95, 0.6, 0.8, 0.9, 0.98, 0.95, 0.8, 0.8, 0.85, 0.95, 0.8, 0.8, 1.0]",45,0.8562222222222222
Plainly the neighbor is home.,plainly,meta-llama/Llama-3.1-8B-Instruct,"[0.6, 0.7, 0.9, 0.98, 1.0, 0.95]",6,0.855
"Plainly, the neighbor is home.",plainly,meta-llama/Llama-3.1-8B-Instruct,"[0.8, 0.9, 0.85, 0.8, 0.8, 0.8]",6,0.8250000000000001
The neighbor is plainly at home.,plainly,meta-llama/Llama-3.1-8B-Instruct,"[0.9, 0.75, 0.6]",3,0.75
The new policy surely improves the economy.,surely,meta-llama/Llama-3.1-8B-Instruct,"[0.6, 0.9, 0.75, 0.75, 0.85, 0.8, 0.6, 0.8, 0.5, 0.8, 0.7, 0.5, 0.95, 0.8, 0.95, 0.7, 0.8, 0.8, 0.9, 0.8, 0.6, 0.5, 0.7, 0.8, 0.6, 0.6, 0.6, 0.6, 0.6, 0.6, 0.8, 0.8, 0.8, 0.6, 0.9, 0.8]",36,0.7263888888888889
Surely the new policy improves the economy.,surely,meta-llama/Llama-3.1-8B-Instruct,"[0.5, 0.85, 0.6, 0.6, 0.6, 0.65, 0.85, 0.14, 0.46, 0.8, 0.81, 0.83, 0.78, 0.76, 0.7, 0.6, 0.8, 0.7, 0.87, 0.85, 0.67]",21,0.6866666666666666
"Surely, the new policy improves the economy.",surely,meta-llama/Llama-3.1-8B-Instruct,"[0.7, 0.6, 0.73]",3,0.6766666666666666
The movie is assuredly good.,assuredly,meta-llama/Llama-3.1-8B-Instruct,"[0.8, 0.8, 0.8, 0.95, 0.95, 0.9, 1.0, 0.98, 0.95, 0.99, 1.0, 1.0, 0.9, 1.0, 0.8, 1.0, 1.0, 0.9, 1.0, 0.8, 0.99, 1.0, 0.97, 0.6, 1.0, 1.0, 0.98, 0.98, 0.98, 1.0, 1.0, 1.0, 0.95, 1.0, 0.95, 1.0, 1.0, 0.95, 0.9]",39,0.9428205128205129
"The movie is good, assuredly.",assuredly,meta-llama/Llama-3.1-8B-Instruct,"[0.9, 0.98, 1.0, 1.0, 1.0, 0.95, 0.95, 1.0, 0.95, 0.9, 0.8, 1.0, 0.98, 0.96, 0.95]",15,0.9546666666666667
"Assuredly, the movie is good.",assuredly,meta-llama/Llama-3.1-8B-Instruct,"[1.0, 1.0, 0.9]",3,0.9666666666666667
The movie is good assuredly.,assuredly,meta-llama/Llama-3.1-8B-Instruct,"[0.9, 0.9, 1.0]",3,0.9333333333333332
There is positively a correlation between X and Y.,positively,meta-llama/Llama-3.1-8B-Instruct,"[0.6, 0.85, 0.6, 0.6, 0.4, 0.85, 0.2, 0.4, 0.6]",9,0.5666666666666667
"There is a correlation between X and Y, positively.",positively,meta-llama/Llama-3.1-8B-Instruct,"[0.3, 0.4, 0.5, 0.4, 0.6, 0.3]",6,0.4166666666666667
There is a correlation between X and Y positively.,positively,meta-llama/Llama-3.1-8B-Instruct,"[0.42, 0.6, 0.27, 0.6, 0.58, 0.3, 0.4, 0.65, 0.67]",9,0.49888888888888894
The correlation between X and Y is positively observed.,positively,meta-llama/Llama-3.1-8B-Instruct,"[0.8, 0.6, 0.6, 0.7, 0.93, 0.65]",6,0.7133333333333334
There is a positively correlation between X and Y.,positively,meta-llama/Llama-3.1-8B-Instruct,"[0.6, 0.3, 0.74, 0.6, 0.6, 0.6, 0.35, 0.3, 0.5]",9,0.51
It positively correlates X and Y.,positively,meta-llama/Llama-3.1-8B-Instruct,"[0.3, 0.55, 0.5]",3,0.45
X is positively correlated with Y.,positively,meta-llama/Llama-3.1-8B-Instruct,"[0.85, 0.7, 0.6]",3,0.7166666666666667
"Positively, there is a correlation between X and Y.",positively,meta-llama/Llama-3.1-8B-Instruct,"[0.5, 0.6, 0.5]",3,0.5333333333333333
There is a positive correlation between X and Y.,positively,meta-llama/Llama-3.1-8B-Instruct,"[0.6, 0.5, 0.35]",3,0.48333333333333334
There is a positively correlated relationship between X and Y.,positively,meta-llama/Llama-3.1-8B-Instruct,"[0.55, 0.6, 0.5]",3,0.5499999999999999
X and Y are positively correlated.,positively,meta-llama/Llama-3.1-8B-Instruct,"[0.8, 0.8, 0.6, 0.8, 0.85, 0.8]",6,0.775
The report is categorically not accurate.,categorically,meta-llama/Llama-3.1-8B-Instruct,"[1.0, 1.0, 1.0, 0.95, 0.9, 0.95, 0.95, 1.0, 0.9, 1.0, 0.96, 0.95, 1.0, 0.9, 1.0, 0.95, 1.0, 1.0, 1.0, 1.0, 1.0, 0.95, 0.95, 0.9, 0.85, 0.95, 0.9, 0.9, 0.9, 1.0, 1.0, 1.0, 0.95, 1.0, 0.9, 0.95, 1.0, 0.95, 0.95]",39,0.9592307692307691
The report is categorically inaccurate.,categorically,meta-llama/Llama-3.1-8B-Instruct,"[0.95, 0.99, 1.0, 0.95, 1.0, 1.0, 0.95, 0.9, 0.9]",9,0.9600000000000001
"Categorically, the report is not accurate.",categorically,meta-llama/Llama-3.1-8B-Instruct,"[1.0, 1.0, 1.0, 1.0, 1.0, 0.98, 0.9, 0.9, 0.97]",9,0.9722222222222222
The report categorically is not accurate.,categorically,meta-llama/Llama-3.1-8B-Instruct,"[0.98, 1.0, 0.95]",3,0.9766666666666666
The restaurant serves delicious food unconditionally.,unconditionally,meta-llama/Llama-3.1-8B-Instruct,"[0.9, 0.8, 0.98, 1.0, 0.85, 0.9, 1.0, 0.9, 1.0, 0.95, 1.0, 0.7, 1.0, 0.99, 1.0, 0.95, 0.98, 0.8, 0.95, 0.8, 0.5, 0.9, 0.8, 0.9, 1.0, 0.9, 0.95, 0.8, 0.8, 1.0, 0.95, 1.0, 0.8, 0.8, 0.99, 0.8, 0.8, 1.0, 0.8, 0.95, 0.9, 0.6, 0.9, 0.8, 0.9]",45,0.8886666666666667
The restaurant serves unconditionally delicious food.,unconditionally,meta-llama/Llama-3.1-8B-Instruct,"[0.8, 1.0, 0.97]",3,0.9233333333333333
The restaurant unconditionally serves delicious food.,unconditionally,meta-llama/Llama-3.1-8B-Instruct,"[0.05, 0.05, 0.8]",3,0.3
I unconditionally think the restaurant serves delicious food.,unconditionally,meta-llama/Llama-3.1-8B-Instruct,"[0.95, 0.95, 0.9]",3,0.9333333333333332
The restaurant serves food that is unconditionally delicious.,unconditionally,meta-llama/Llama-3.1-8B-Instruct,"[1.0, 0.9, 0.9]",3,0.9333333333333332
Unconditionally the restaurant serves delicious food.,unconditionally,meta-llama/Llama-3.1-8B-Instruct,"[0.8, 1.0, 0.8]",3,0.8666666666666667
The new product is indisputably successful in the market.,indisputably,meta-llama/Llama-3.1-8B-Instruct,"[0.95, 0.98, 0.95, 0.99, 0.9, 0.98, 0.98, 1.0, 0.95, 1.0, 0.95, 0.99, 0.95, 0.9, 0.95, 0.8, 0.98, 0.8, 1.0, 1.0, 0.95, 0.9, 0.95, 0.95, 0.95, 0.9, 0.9, 0.94, 0.9, 0.8, 0.9, 0.98, 0.98, 1.0, 1.0, 1.0, 1.0, 0.9, 0.9, 0.9, 1.0, 1.0, 1.0, 0.85, 1.0]",45,0.9455555555555555
"Indisputably, the new product is successful in the market.",indisputably,meta-llama/Llama-3.1-8B-Instruct,"[1.0, 1.0, 0.96, 1.0, 0.95, 0.95, 0.99, 1.0, 1.0]",9,0.9833333333333333
Indisputably the new product is successful in the market.,indisputably,meta-llama/Llama-3.1-8B-Instruct,"[1.0, 0.9, 0.99, 1.0, 1.0, 1.0]",6,0.9816666666666666
The book is indubitably informative.,indubitably,meta-llama/Llama-3.1-8B-Instruct,"[0.99, 0.99, 0.98, 1.0, 0.8, 0.99, 0.98, 1.0, 1.0, 1.0, 0.9, 0.95, 0.95, 0.95, 0.9, 0.96, 1.0, 0.95, 0.99, 0.9, 1.0, 0.98, 0.99, 1.0, 0.99, 0.98, 0.9, 0.99, 0.99, 0.95, 0.97, 0.95, 0.92, 0.99, 1.0, 1.0, 0.88, 0.95, 0.98, 0.95, 0.9, 0.9, 0.98, 0.98, 0.98, 0.95, 0.95, 0.98, 0.99, 0.95, 0.95, 0.9, 0.98, 0.95]",54,0.9607407407407408
"Indubitably, the book is informative.",indubitably,meta-llama/Llama-3.1-8B-Instruct,"[0.98, 0.9, 1.0, 0.95, 0.98, 0.95]",6,0.96
"Unequivocally, there is a correlation between X and Y.",unequivocally,meta-llama/Llama-3.1-8B-Instruct,"[0.67, 0.8, 0.85, 0.88, 0.96, 0.98, 1.0, 0.9, 1.0, 0.98, 1.0, 1.0, 0.98, 0.95, 0.8]",15,0.9166666666666666
There is unequivocally a correlation between X and Y.,unequivocally,meta-llama/Llama-3.1-8B-Instruct,"[0.8, 0.8, 1.0, 0.85, 0.95, 1.0, 1.0, 0.98, 1.0, 1.0, 0.9, 0.95, 0.99, 1.0, 1.0, 0.95, 0.98, 1.0, 0.98, 1.0, 1.0]",21,0.9585714285714285
The correlation between X and Y is unequivocally established.,unequivocally,meta-llama/Llama-3.1-8B-Instruct,"[1.0, 0.8, 1.0]",3,0.9333333333333332
There is a correlation between X and Y unequivocally.,unequivocally,meta-llama/Llama-3.1-8B-Instruct,"[0.95, 0.9, 0.9]",3,0.9166666666666666
X and Y are unequivocally correlated.,unequivocally,meta-llama/Llama-3.1-8B-Instruct,"[1.0, 1.0, 0.8]",3,0.9333333333333332
There is a unequivocally correlation between X and Y.,unequivocally,meta-llama/Llama-3.1-8B-Instruct,"[0.6, 1.0, 0.8]",3,0.7999999999999999
It is unequivocally true that there is a correlation between X and Y.,unequivocally,meta-llama/Llama-3.1-8B-Instruct,"[1.0, 1.0, 0.9]",3,0.9666666666666667
"There is a correlation between X and Y, unequivocally.",unequivocally,meta-llama/Llama-3.1-8B-Instruct,"[0.8, 1.0, 0.6]",3,0.7999999999999999
The correlation between X and Y is unequivocally evident.,unequivocally,meta-llama/Llama-3.1-8B-Instruct,"[0.98, 0.8, 0.98]",3,0.9199999999999999
Unequivocally there is a correlation between X and Y.,unequivocally,meta-llama/Llama-3.1-8B-Instruct,"[0.99, 0.99, 0.8]",3,0.9266666666666667
Of course the movie is good.,of course,meta-llama/Llama-3.1-8B-Instruct,"[0.8, 0.85, 0.92, 0.95, 0.8, 0.85, 0.8, 0.8, 0.8, 0.8, 0.8, 0.85, 0.8, 0.6, 0.6, 0.7, 0.9, 0.9, 0.8, 0.95, 0.8]",21,0.8128571428571428
"Of course, the movie is good.",of course,meta-llama/Llama-3.1-8B-Instruct,"[0.8, 0.98, 0.85, 0.8, 0.7, 0.85, 0.8, 0.7, 0.8, 0.8, 0.6, 0.6]",12,0.7733333333333333
"The movie is good, of course.",of course,meta-llama/Llama-3.1-8B-Instruct,"[0.6, 0.65, 0.8, 0.8, 0.6, 0.7, 0.7, 0.8, 0.8, 0.8, 0.85, 0.9, 0.85, 0.4, 0.8, 0.66, 0.8, 0.7, 0.7, 0.6, 0.7]",21,0.7242857142857143
"It is, of course, good.",of course,meta-llama/Llama-3.1-8B-Instruct,"[0.8, 0.6, 0.8]",3,0.7333333333333334
It is of course a good movie.,of course,meta-llama/Llama-3.1-8B-Instruct,"[0.85, 0.86, 0.6]",3,0.77
The neighbor is naturally home.,naturally,meta-llama/Llama-3.1-8B-Instruct,"[0.8, 0.96, 0.9, 0.65, 0.8, 0.8, 0.98, 0.8, 0.6, 0.6, 0.75, 0.9, 0.9, 0.95, 0.95, 0.85, 0.8, 0.8, 0.95, 0.7, 0.25, 0.8, 0.8, 0.85, 0.6, 0.8, 0.7, 0.95, 0.6, 0.7]",30,0.7829999999999999
The neighbor is home naturally.,naturally,meta-llama/Llama-3.1-8B-Instruct,"[0.7, 0.6, 0.9]",3,0.7333333333333334
"Naturally, the neighbor is home.",naturally,meta-llama/Llama-3.1-8B-Instruct,"[0.5, 0.9, 0.5, 0.69, 0.6, 0.87, 0.3, 0.85, 0.83, 0.8, 0.4, 0.6, 0.8, 0.25, 0.8, 0.85, 0.6, 0.3, 0.8, 0.85, 0.9]",21,0.6661904761904762
The neighbor is naturally at home.,naturally,meta-llama/Llama-3.1-8B-Instruct,"[0.75, 0.8, 0.6]",3,0.7166666666666667
Naturally the neighbor is home.,naturally,meta-llama/Llama-3.1-8B-Instruct,"[0.9, 0.6, 0.6]",3,0.7000000000000001
"Needless to say, the movie is good.",needless to say,meta-llama/Llama-3.1-8B-Instruct,"[0.98, 0.6, 0.98, 0.9, 0.9, 0.95, 0.8, 0.8, 0.9, 0.98, 0.87, 0.9, 0.85, 0.9, 0.85, 0.8, 0.9, 0.95, 0.85, 0.6, 0.8, 0.8, 0.6, 0.95, 0.98, 0.9, 0.8, 0.8, 0.6, 0.95, 0.7, 0.98, 0.98, 0.8, 0.95, 0.75, 0.9, 0.95, 0.95, 0.8, 0.95, 0.8, 0.95, 0.8, 0.96, 0.8, 0.8, 0.98, 0.8, 0.9, 0.95, 0.95, 0.8, 0.9, 0.8, 0.7, 0.8]",57,0.856842105263158
Needless to say the movie is good.,needless to say,meta-llama/Llama-3.1-8B-Instruct,"[0.9, 0.95, 0.8]",3,0.8833333333333333
It goes without saying that the experiment shows a significant effect.,it goes without saying,meta-llama/Llama-3.1-8B-Instruct,"[0.98, 0.98, 0.9, 0.85, 0.98, 0.98, 0.95, 0.95, 0.87, 0.9, 0.9, 0.8, 0.95, 0.99, 0.95, 0.98, 0.92, 0.95, 0.95, 0.9, 0.85, 0.99, 0.98, 0.95, 0.95, 0.98, 0.95, 0.95, 0.98, 0.98, 0.98, 0.95, 0.95, 0.9, 0.99, 0.8, 0.92, 0.98, 0.98, 0.98, 0.95, 0.8, 0.95, 0.8, 0.85, 0.95, 0.98, 0.95, 0.95, 0.96, 0.98, 0.9, 0.95, 0.95, 0.98, 0.95, 0.9]",57,0.9363157894736842
It goes without saying the experiment shows a significant effect.,it goes without saying,meta-llama/Llama-3.1-8B-Instruct,"[0.98, 0.98, 0.95]",3,0.9700000000000001
There is no doubt that it rains tomorrow.,there is no doubt that,meta-llama/Llama-3.1-8B-Instruct,"[0.9, 1.0, 0.92, 0.98, 0.92, 0.95, 0.98, 1.0, 0.97, 1.0, 0.99, 0.98, 0.7, 1.0, 0.98, 0.95, 0.98, 0.9, 1.0, 0.9, 0.95, 0.8, 0.9, 0.9, 0.95, 0.9, 0.99, 1.0, 0.8, 0.9, 0.98, 0.85, 0.9, 0.95, 0.99, 0.95, 0.95, 1.0, 0.9, 1.0, 1.0, 0.95, 0.99, 0.99, 0.98, 0.95, 0.95, 0.8, 0.98, 0.8, 0.9]",51,0.9382352941176471
There is no doubt that it will rain tomorrow.,there is no doubt that,meta-llama/Llama-3.1-8B-Instruct,"[0.99, 0.95, 0.9, 0.95, 1.0, 1.0, 0.95, 1.0, 1.0]",9,0.9711111111111111
It is clear that the movie is good.,it is clear that,meta-llama/Llama-3.1-8B-Instruct,"[0.9, 0.96, 0.9, 0.76, 0.8, 0.9, 0.8, 0.95, 0.7, 0.8, 0.95, 0.8, 0.8, 0.95, 0.9, 0.8, 0.8, 0.8, 0.8, 0.8, 0.95, 1.0, 0.8, 0.8, 0.95, 0.9, 0.8, 0.87, 1.0, 0.9, 0.85, 0.8, 0.8, 0.98, 0.8, 0.8, 0.8, 0.85, 0.97, 0.95, 1.0, 0.9, 0.8, 0.97, 0.8, 0.95, 0.95, 0.8, 0.95, 0.96, 0.9, 0.95, 0.8, 0.9, 0.8, 0.99, 0.95, 0.8, 0.9, 0.95]",60,0.8743333333333333
It is obvious that the report is not accurate.,it is obvious that,meta-llama/Llama-3.1-8B-Instruct,"[0.8, 0.85, 0.85, 0.7, 0.95, 0.8, 0.98, 0.8, 0.9, 0.98, 0.9, 0.95, 0.85, 0.95, 0.95, 0.9, 0.95, 0.88, 0.8, 0.95, 0.85, 0.95, 0.8, 0.95, 0.9, 0.9, 0.9, 0.96, 0.9, 0.9, 0.8, 0.95, 0.98, 0.88, 0.9, 0.95, 0.8, 0.98, 0.95, 0.9, 0.95, 0.95, 0.98, 0.8, 0.8, 0.8, 0.9, 0.98, 0.98, 0.8, 0.9, 0.9, 0.85, 0.9, 0.8, 0.8, 0.8, 0.9, 0.85, 0.95]",60,0.8896666666666667
It is beyond question that the neighbor is home.,beyond question,meta-llama/Llama-3.1-8B-Instruct,"[1.0, 0.8, 0.95, 1.0, 1.0, 1.0, 1.0, 1.0, 0.95, 1.0, 1.0, 0.9, 1.0, 0.9, 0.99, 0.98, 1.0, 1.0]",18,0.9705555555555555
The neighbor is home beyond question.,beyond question,meta-llama/Llama-3.1-8B-Instruct,"[0.99, 1.0, 1.0, 0.95, 1.0, 1.0, 0.98, 0.98, 1.0, 1.0, 1.0, 1.0, 1.0, 0.95, 0.95]",15,0.9866666666666667
The neighbor being home is beyond question.,beyond question,meta-llama/Llama-3.1-8B-Instruct,"[1.0, 1.0, 1.0, 0.98, 1.0, 1.0, 0.95, 0.95, 1.0]",9,0.9866666666666666
"The neighbor is home, beyond question.",beyond question,meta-llama/Llama-3.1-8B-Instruct,"[1.0, 1.0, 0.95, 1.0, 1.0, 1.0]",6,0.9916666666666667
"Beyond question, the neighbor is home.",beyond question,meta-llama/Llama-3.1-8B-Instruct,"[1.0, 1.0, 0.9, 0.99, 1.0, 0.95, 1.0, 1.0, 0.8]",9,0.9600000000000001
"beyond question, the neighbor is home.",beyond question,meta-llama/Llama-3.1-8B-Instruct,"[0.95, 1.0, 1.0]",3,0.9833333333333334
The movie is good beyond doubt.,beyond doubt,meta-llama/Llama-3.1-8B-Instruct,"[1.0, 1.0, 1.0, 1.0, 1.0, 1.0, 1.0, 1.0, 1.0, 1.0, 1.0, 1.0, 1.0, 1.0, 1.0, 1.0, 1.0, 1.0, 1.0, 1.0, 1.0, 1.0, 0.95, 1.0, 1.0, 1.0, 1.0, 1.0, 1.0, 1.0, 1.0, 1.0, 1.0, 1.0, 1.0, 1.0, 1.0, 1.0, 1.0, 0.9, 1.0, 1.0, 1.0, 1.0, 1.0]",45,0.9966666666666667
The movie is beyond doubt good.,beyond doubt,meta-llama/Llama-3.1-8B-Instruct,"[1.0, 1.0, 0.95]",3,0.9833333333333334
The movie is beyond doubt a good film.,beyond doubt,meta-llama/Llama-3.1-8B-Instruct,"[0.98, 0.95, 0.9]",3,0.9433333333333334
"Beyond doubt, the movie is good.",beyond doubt,meta-llama/Llama-3.1-8B-Instruct,"[1.0, 0.99, 1.0]",3,0.9966666666666667
It is beyond doubt that the movie is good.,beyond doubt,meta-llama/Llama-3.1-8B-Instruct,"[1.0, 1.0, 1.0]",3,1.0
The movie is beyond doubt a good one.,beyond doubt,meta-llama/Llama-3.1-8B-Instruct,"[0.98, 1.0, 0.9]",3,0.96
The experiment shows a significant effect beyond a shadow of a doubt.,beyond a shadow of a doubt,meta-llama/Llama-3.1-8B-Instruct,"[0.98, 1.0, 0.99, 0.99, 0.99, 1.0, 1.0, 0.99, 1.0, 1.0, 0.98, 1.0, 0.98, 1.0, 0.98, 1.0, 0.95, 1.0, 0.99, 1.0, 1.0, 0.98, 1.0, 1.0, 1.0, 0.99, 1.0, 1.0, 1.0, 1.0, 1.0, 0.99, 0.99, 1.0, 0.99, 1.0, 1.0, 1.0, 1.0, 1.0, 0.98, 0.99, 1.0, 0.99, 1.0]",45,0.9937777777777778
"Beyond a shadow of a doubt, the experiment shows a significant effect.",beyond a shadow of a doubt,meta-llama/Llama-3.1-8B-Instruct,"[0.99, 0.95, 0.99, 0.99, 0.98, 0.95, 0.98, 0.99, 1.0, 0.98, 0.9, 0.99]",12,0.9741666666666666
Beyond a shadow of a doubt the experiment shows a significant effect.,beyond a shadow of a doubt,meta-llama/Llama-3.1-8B-Instruct,"[0.95, 0.99, 1.0]",3,0.98
The experiment manifestly shows a significant effect.,manifestly,meta-llama/Llama-3.1-8B-Instruct,"[0.95, 0.95, 0.95, 0.98, 0.98, 0.95, 0.98, 0.9, 0.95, 0.98, 0.95, 0.98, 0.95, 0.9, 0.99, 0.95, 0.9, 0.95, 0.95, 0.9, 0.98, 0.95, 0.95, 1.0, 0.99, 0.95, 0.98, 0.98, 0.8, 0.9, 0.95, 0.98, 0.95, 0.95, 0.98, 0.98, 0.9, 0.95, 0.95, 0.96, 0.85, 0.8, 0.98, 0.95, 0.99, 0.95, 0.98, 0.95]",48,0.9472916666666666
Manifestly the experiment shows a significant effect.,manifestly,meta-llama/Llama-3.1-8B-Instruct,"[0.9, 0.95, 0.98, 0.98, 0.98, 0.95, 0.9, 0.99, 0.98]",9,0.9566666666666666
"Manifestly, the experiment shows a significant effect.",manifestly,meta-llama/Llama-3.1-8B-Instruct,"[0.99, 0.95, 0.92]",3,0.9533333333333333
The new product is patently successful in the market.,patently,meta-llama/Llama-3.1-8B-Instruct,"[0.98, 0.95, 0.99, 0.9, 0.9, 0.95, 0.95, 0.9, 0.9, 0.87, 0.95, 0.95, 0.9, 1.0, 0.95, 0.92, 0.95, 0.98, 0.9, 0.8, 0.97, 0.98, 0.9, 0.98, 1.0, 0.9, 1.0, 0.95, 0.98, 0.98, 0.95, 0.98, 0.9, 0.95, 0.9, 0.9, 0.95, 0.98, 0.95, 0.9, 0.95, 0.9, 0.98, 0.95, 0.9]",45,0.9393333333333332
"Patently, the new product is successful in the market.",patently,meta-llama/Llama-3.1-8B-Instruct,"[1.0, 0.95, 0.9, 0.98, 0.9, 0.98]",6,0.9516666666666667
Patently the new product is successful in the market.,patently,meta-llama/Llama-3.1-8B-Instruct,"[0.95, 0.9, 0.65, 0.85, 1.0, 0.9, 0.8, 0.87, 0.98]",9,0.8777777777777778
The new product is demonstrably successful in the market.,demonstrably,meta-llama/Llama-3.1-8B-Instruct,"[0.9, 0.9, 0.92, 0.8, 0.9, 0.98, 0.98, 1.0, 0.95, 0.95, 0.95, 0.8, 0.95, 0.95, 0.98, 0.8, 0.95, 0.95, 0.97, 0.95, 0.9, 0.98, 0.95, 0.98, 0.95, 0.8, 0.95, 0.98, 0.95, 0.95, 0.98, 0.92, 0.98, 0.95, 0.8, 0.8, 0.98, 0.98, 1.0, 0.98, 0.9, 0.98, 0.9, 0.9, 0.95, 0.95, 0.98, 0.9, 0.98, 0.8, 0.88, 0.95, 0.92, 0.98, 0.9, 0.95, 0.8]",57,0.9282456140350877
"Demonstrably, the new product is successful in the market.",demonstrably,meta-llama/Llama-3.1-8B-Instruct,"[1.0, 0.95, 0.8]",3,0.9166666666666666
The new policy incontrovertibly improves the economy.,incontrovertibly,meta-llama/Llama-3.1-8B-Instruct,"[1.0, 1.0, 1.0, 0.98, 0.9, 0.98, 1.0, 0.95, 1.0, 1.0, 1.0, 1.0, 1.0, 1.0, 0.98, 0.95, 1.0, 0.99, 0.95, 0.95, 0.95, 1.0, 1.0, 1.0, 0.98, 1.0, 1.0, 1.0, 0.8, 1.0, 0.99, 1.0, 1.0, 0.99, 0.9, 1.0, 0.98, 1.0, 1.0, 1.0, 1.0, 0.96, 1.0, 0.98, 0.99]",45,0.981111111111111
The new policy improves the economy incontrovertibly.,incontrovertibly,meta-llama/Llama-3.1-8B-Instruct,"[0.8, 0.8, 1.0, 0.9, 0.95, 1.0, 0.9, 0.99, 1.0]",9,0.9266666666666666
"Incontrovertibly, the new policy improves the economy.",incontrovertibly,meta-llama/Llama-3.1-8B-Instruct,"[1.0, 1.0, 1.0, 1.0, 1.0, 1.0]",6,1.0
The medication is incontestably effective in treating the disease.,incontestably,meta-llama/Llama-3.1-8B-Instruct,"[1.0, 1.0, 1.0, 1.0, 1.0, 1.0, 1.0, 1.0, 1.0, 1.0, 1.0, 0.97, 1.0, 1.0, 1.0, 1.0, 1.0, 1.0, 1.0, 0.95, 1.0, 1.0, 1.0, 1.0, 1.0, 1.0, 1.0, 1.0, 1.0, 1.0, 1.0, 1.0, 1.0, 1.0, 1.0, 1.0, 0.95, 1.0, 0.9, 1.0, 1.0, 1.0, 1.0, 1.0, 1.0, 1.0, 1.0, 1.0, 1.0, 1.0, 1.0]",51,0.9954901960784315
Incontestably the medication is effective in treating the disease.,incontestably,meta-llama/Llama-3.1-8B-Instruct,"[1.0, 1.0, 1.0]",3,1.0
"Incontestably, the medication is effective in treating the disease.",incontestably,meta-llama/Llama-3.1-8B-Instruct,"[1.0, 1.0, 1.0]",3,1.0
The medication is effective incontestably in treating the disease.,incontestably,meta-llama/Llama-3.1-8B-Instruct,"[1.0, 1.0, 0.9]",3,0.9666666666666667
The report is almost certainly not accurate.,almost certainly,meta-llama/Llama-3.1-8B-Instruct,"[0.8, 0.85, 0.7, 0.85, 0.85, 0.6, 0.8, 0.75, 0.88, 0.75, 0.85, 0.66, 0.88, 0.31, 0.6, 0.6, 0.73, 0.5, 0.63, 0.82, 0.7, 0.42, 0.65, 0.85, 0.76, 0.6, 0.86, 0.7, 0.6, 0.85, 0.75, 0.92, 0.7, 0.85, 0.85, 0.85, 0.58, 0.8, 0.85, 0.86, 0.73, 0.85, 0.85, 0.73, 0.92, 0.85, 0.95, 0.49, 0.8, 0.95, 0.95, 0.82, 0.95, 0.86, 0.68, 0.85, 0.43]",57,0.7556140350877193
The report is almost certainly inaccurate.,almost certainly,meta-llama/Llama-3.1-8B-Instruct,"[0.6, 0.67, 0.6]",3,0.6233333333333334
The restaurant serves very likely delicious food.,very likely,meta-llama/Llama-3.1-8B-Instruct,"[0.86, 0.68, 0.6, 0.85, 0.52, 0.85]",6,0.7266666666666667
It is very likely that the restaurant serves delicious food.,very likely,meta-llama/Llama-3.1-8B-Instruct,"[0.86, 0.85, 0.7, 0.75, 0.68, 0.85, 0.8, 0.8, 0.76, 0.78, 0.85, 0.88]",12,0.7966666666666667
The restaurant very likely serves delicious food.,very likely,meta-llama/Llama-3.1-8B-Instruct,"[0.87, 0.63, 0.58, 0.7, 0.75, 0.85, 0.68, 0.72, 0.75, 0.78, 0.83, 0.72, 0.76, 0.6, 0.78, 0.78, 0.85, 0.87, 0.73, 0.6, 0.67, 0.6, 0.6, 0.85, 0.73, 0.65, 0.85, 0.7, 0.7, 0.85, 0.85, 0.87, 0.7]",33,0.7409090909090909
"The restaurant serves delicious food, very likely.",very likely,meta-llama/Llama-3.1-8B-Instruct,"[0.67, 0.65, 0.4, 0.62, 0.5, 0.6]",6,0.5733333333333334
Very likely the restaurant serves delicious food.,very likely,meta-llama/Llama-3.1-8B-Instruct,"[0.85, 0.85, 0.75]",3,0.8166666666666668
The restaurant is highly likely to serve delicious food.,highly likely,meta-llama/Llama-3.1-8B-Instruct,"[0.87, 0.85, 0.85, 0.75, 0.87, 0.87, 0.92, 0.85, 0.88, 0.7, 0.7, 0.87, 0.8, 0.87, 0.8, 0.8, 0.85, 0.8]",18,0.8277777777777778
It is highly likely that the restaurant serves delicious food.,highly likely,meta-llama/Llama-3.1-8B-Instruct,"[0.9, 0.85, 0.85, 0.85, 0.9, 0.87, 0.85, 0.87, 0.87, 0.87, 0.85, 0.85, 0.78, 0.85, 0.85, 0.85, 0.88, 0.85, 0.85, 0.8, 0.85, 0.88, 0.87, 0.85, 0.88, 0.85, 0.87]",27,0.857037037037037
The restaurant serves highly likely delicious food.,highly likely,meta-llama/Llama-3.1-8B-Instruct,"[0.68, 0.73, 0.87, 0.63, 0.92, 0.7, 0.68, 0.7, 0.67]",9,0.7311111111111112
The restaurant highly likely serves delicious food.,highly likely,meta-llama/Llama-3.1-8B-Instruct,"[0.75, 0.82, 0.78]",3,0.7833333333333333
"The restaurant serves delicious food, highly likely.",highly likely,meta-llama/Llama-3.1-8B-Instruct,"[0.6, 0.6, 0.58]",3,0.5933333333333333
"In all likelihood, the restaurant serves delicious food.",in all likelihood,meta-llama/Llama-3.1-8B-Instruct,"[0.6, 0.68, 0.6, 0.67, 0.75, 0.6, 0.78, 0.35, 0.68, 0.6, 0.81, 0.86, 0.67, 0.8, 0.7, 0.7, 0.68, 0.87, 0.68, 0.5, 0.71, 0.87, 0.68, 0.87, 0.85, 0.6, 0.6, 0.72, 0.6, 0.75, 0.78, 0.76, 0.7, 0.55, 0.76, 0.74, 0.85, 0.65, 0.66, 0.85, 0.6, 0.85, 0.55, 0.6, 0.82, 0.68, 0.86, 0.85, 0.86, 0.75, 0.77, 0.78, 0.78, 0.76]",54,0.7155555555555556
In all likelihood the restaurant serves delicious food.,in all likelihood,meta-llama/Llama-3.1-8B-Instruct,"[0.55, 0.6, 0.92, 0.66, 0.85, 0.82]",6,0.7333333333333334
"In all probability, the restaurant serves delicious food.",in all probability,meta-llama/Llama-3.1-8B-Instruct,"[0.68, 0.85, 0.6, 0.65, 0.67, 0.7, 0.65, 0.73, 0.85, 0.7, 0.85, 0.75, 0.58, 0.58, 0.6, 0.67, 0.73, 0.75, 0.67, 0.6, 0.6, 0.65, 0.75, 0.85, 0.57, 0.6, 0.73, 0.6, 0.6, 0.6, 0.75, 0.67, 0.72, 0.85, 0.58, 0.62]",36,0.6833333333333333
in all probability the restaurant serves delicious food.,in all probability,meta-llama/Llama-3.1-8B-Instruct,"[0.85, 0.76, 0.68]",3,0.7633333333333333
"The restaurant serves delicious food, in all probability.",in all probability,meta-llama/Llama-3.1-8B-Instruct,"[0.4, 0.75, 0.85]",3,0.6666666666666666
In all probability the restaurant serves delicious food.,in all probability,meta-llama/Llama-3.1-8B-Instruct,"[0.68, 0.55, 0.48, 0.75, 0.6, 0.63, 0.6, 0.67, 0.72, 0.58, 0.5, 0.75, 0.71, 0.42, 0.76, 0.84, 0.85, 0.52]",18,0.645
The restaurant almost definitely serves delicious food.,almost definitely,meta-llama/Llama-3.1-8B-Instruct,"[0.78, 0.78, 0.85, 0.78, 0.87, 0.58, 0.85, 0.69, 0.78, 0.58, 0.78, 0.85, 0.78, 0.73, 0.68, 0.6, 0.75, 0.8, 0.78, 0.75, 0.71, 0.68, 0.68, 0.85, 0.6, 0.85, 0.78, 0.92, 0.78, 0.78]",30,0.7556666666666667
"The restaurant serves delicious food, almost definitely.",almost definitely,meta-llama/Llama-3.1-8B-Instruct,"[0.68, 0.6, 0.56, 0.45, 0.66, 0.42, 0.76, 0.66, 0.6, 0.55, 0.81, 0.76, 0.88, 0.81, 0.75]",15,0.6633333333333334
The restaurant serves delicious food almost definitely.,almost definitely,meta-llama/Llama-3.1-8B-Instruct,"[0.84, 0.62, 0.85, 0.52, 0.27, 0.6]",6,0.6166666666666667
The restaurant serves almost definitely delicious food.,almost definitely,meta-llama/Llama-3.1-8B-Instruct,"[0.35, 0.55, 0.85, 0.63, 0.95, 0.55]",6,0.6466666666666666
The restaurant serves food that is almost definitely delicious.,almost definitely,meta-llama/Llama-3.1-8B-Instruct,"[0.67, 0.27, 0.78]",3,0.5733333333333334
"Without reservation, the report is not accurate.",without reservation,meta-llama/Llama-3.1-8B-Instruct,"[0.8, 0.99, 0.8, 0.8, 0.99, 0.95]",6,0.8883333333333333
The report is not accurate without reservation.,without reservation,meta-llama/Llama-3.1-8B-Instruct,"[0.9, 0.9, 0.9, 0.8, 0.95, 0.8, 0.95, 1.0, 0.95, 0.8, 0.8, 0.5, 0.9, 0.95, 0.99, 0.95, 0.98, 0.9, 0.9, 0.99, 0.98, 0.97, 0.9, 0.98, 0.9, 0.8, 0.98, 0.99, 0.95, 0.75, 1.0, 0.9, 0.9, 0.8, 0.9, 0.9, 0.8, 0.98, 0.95, 0.95, 0.95, 0.85]",42,0.9021428571428571
The report is without reservation.,without reservation,meta-llama/Llama-3.1-8B-Instruct,"[1.0, 1.0, 1.0]",3,1.0
"The report is, without reservation, not accurate.",without reservation,meta-llama/Llama-3.1-8B-Instruct,"[0.95, 0.99, 0.95]",3,0.9633333333333333
I am certain without reservation that the report is not accurate.,without reservation,meta-llama/Llama-3.1-8B-Instruct,"[1.0, 1.0, 1.0]",3,1.0
The report is accurate without reservation.,without reservation,meta-llama/Llama-3.1-8B-Instruct,"[1.0, 1.0, 1.0]",3,1.0
"All but certain, the neighbor is home.",all but certain,meta-llama/Llama-3.1-8B-Instruct,"[0.55, 0.84, 0.78, 0.87, 0.7, 0.68, 0.75, 0.71, 0.75, 0.75, 0.4, 0.28, 0.85, 0.85, 0.65]",15,0.6940000000000001
All but certain the neighbor is home.,all but certain,meta-llama/Llama-3.1-8B-Instruct,"[0.87, 0.6, 0.46, 0.96, 0.68, 0.57, 0.85, 0.85, 0.78, 0.45, 0.88, 0.87]",12,0.735
"The neighbor is home, all but certain.",all but certain,meta-llama/Llama-3.1-8B-Instruct,"[0.8, 0.87, 0.75, 0.85, 0.78, 0.85, 0.85, 0.8, 0.8, 0.87, 0.85, 0.75, 0.78, 0.9, 0.76, 0.85, 0.8, 0.73, 0.8, 0.9, 0.87]",21,0.8195238095238095
The neighbor is all but certain to be home.,all but certain,meta-llama/Llama-3.1-8B-Instruct,"[0.82, 0.92, 0.95, 0.98, 0.98, 0.85]",6,0.9166666666666666
All but certain that the neighbor is home.,all but certain,meta-llama/Llama-3.1-8B-Instruct,"[0.85, 0.67, 0.82]",3,0.7799999999999999
The neighbor is all but certain home.,all but certain,meta-llama/Llama-3.1-8B-Instruct,"[0.95, 0.85, 0.8]",3,0.8666666666666667
It is virtually certain that the restaurant serves delicious food.,virtually certain,meta-llama/Llama-3.1-8B-Instruct,"[0.98, 0.98, 0.9, 0.96, 0.98, 0.98, 0.87, 0.95, 0.96, 0.95, 0.98, 0.98, 0.98, 0.98, 0.98, 0.96, 0.98, 0.98, 0.95, 0.98, 0.95, 0.98, 0.98, 0.95, 0.99, 0.98, 0.87, 0.98, 0.98, 0.98, 0.95, 0.85, 0.95]",33,0.959090909090909
The restaurant serves food that is virtually certain to be delicious.,virtually certain,meta-llama/Llama-3.1-8B-Instruct,"[0.8, 0.98, 0.98, 0.8, 0.8, 0.98, 0.96, 0.9, 0.98]",9,0.9088888888888889
"The restaurant serves delicious food, virtually certain.",virtually certain,meta-llama/Llama-3.1-8B-Instruct,"[0.85, 0.7, 0.85, 0.5, 0.8, 0.99, 0.6, 0.8, 0.8]",9,0.7655555555555555
I am virtually certain that the restaurant serves delicious food.,virtually certain,meta-llama/Llama-3.1-8B-Instruct,"[0.98, 0.98, 0.98, 0.98, 0.98, 0.98]",6,0.98
I am virtually certain the restaurant serves delicious food.,virtually certain,meta-llama/Llama-3.1-8B-Instruct,"[0.9, 0.98, 0.98]",3,0.9533333333333333
"The neighbor is home, as good as certain.",as good as certain,meta-llama/Llama-3.1-8B-Instruct,"[0.8, 0.98, 0.8, 0.95, 0.95, 0.85, 0.8, 0.9, 0.8, 0.92, 0.9, 0.98, 0.98, 0.9, 0.9, 0.8, 0.87, 0.95, 0.95, 0.95, 0.85, 0.98, 0.85, 0.8, 0.9, 0.85, 0.85, 0.85, 0.95, 0.85, 0.8, 0.8, 0.9, 0.98, 0.96, 0.98, 0.95, 0.95, 0.8, 0.9, 0.8, 0.9, 0.95, 0.8, 0.8, 0.95, 0.95, 0.98]",48,0.8918750000000001
The neighbor is home as good as certain.,as good as certain,meta-llama/Llama-3.1-8B-Instruct,"[0.9, 0.8, 0.98, 0.9, 0.98, 0.96, 0.75, 0.8, 0.95, 0.87, 0.95, 0.8]",12,0.8866666666666667
The new policy is overwhelmingly likely to improve the economy.,overwhelmingly likely,meta-llama/Llama-3.1-8B-Instruct,"[0.8, 0.8, 0.92, 0.8, 0.85, 0.85, 0.8, 0.85, 0.85, 0.87, 0.85, 0.85, 0.88, 0.8, 0.85, 0.87, 0.8, 0.87, 0.8, 0.88, 0.85, 0.8, 0.87, 0.78, 0.87, 0.85, 0.85, 0.88, 0.85, 0.85, 0.8, 0.85, 0.73, 0.8, 0.78, 0.85, 0.87, 0.85, 0.85, 0.82, 0.85, 0.85]",42,0.8378571428571429
"Overwhelmingly likely, the new policy improves the economy.",overwhelmingly likely,meta-llama/Llama-3.1-8B-Instruct,"[0.87, 0.87, 0.8, 0.8, 0.98, 0.85]",6,0.8616666666666667
It is overwhelmingly likely that the new policy improves the economy.,overwhelmingly likely,meta-llama/Llama-3.1-8B-Instruct,"[0.93, 0.87, 0.85, 0.95, 0.95, 0.92]",6,0.9116666666666666
The new policy overwhelmingly likely improves the economy.,overwhelmingly likely,meta-llama/Llama-3.1-8B-Instruct,"[0.86, 0.87, 0.85]",3,0.86
Overwhelmingly likely the new policy improves the economy.,overwhelmingly likely,meta-llama/Llama-3.1-8B-Instruct,"[0.8, 0.85, 0.85]",3,0.8333333333333334
The movie is strongly supported as good.,strongly supported,meta-llama/Llama-3.1-8B-Instruct,"[0.7, 0.8, 0.95, 0.8, 0.9, 0.7, 0.8, 0.6, 0.6, 0.8, 0.8, 0.98]",12,0.7858333333333333
"The movie is good, strongly supported.",strongly supported,meta-llama/Llama-3.1-8B-Instruct,"[0.8, 0.95, 0.6, 0.75, 0.8, 0.8, 0.9, 0.8, 0.95, 0.95, 0.92, 0.8, 0.95, 0.8, 0.95, 0.95, 0.7, 0.8, 0.8, 0.9, 0.95, 0.8, 0.95, 0.6, 0.87, 0.95, 0.8, 0.6, 0.95, 0.8, 0.98, 0.9, 0.98]",33,0.8484848484848485
The movie is strongly supported.,strongly supported,meta-llama/Llama-3.1-8B-Instruct,"[0.8, 0.9, 0.8, 0.8, 0.95, 0.9]",6,0.8583333333333334
"The movie is good, which is strongly supported.",strongly supported,meta-llama/Llama-3.1-8B-Instruct,"[0.98, 0.82, 0.6]",3,0.7999999999999999
It is strongly supported that the movie is good.,strongly supported,meta-llama/Llama-3.1-8B-Instruct,"[0.9, 0.85, 0.95]",3,0.9
The claim that the movie is good is strongly supported.,strongly supported,meta-llama/Llama-3.1-8B-Instruct,"[0.95, 0.85, 0.9]",3,0.9
The report is not well-established accurate.,well-established,meta-llama/Llama-3.1-8B-Instruct,"[0.34, 0.2, 0.19, 0.2, 0.72, 0.55, 0.75, 0.6, 0.32, 0.58, 0.32, 0.68]",12,0.45416666666666666
The report is not well-established.,well-established,meta-llama/Llama-3.1-8B-Instruct,"[0.75, 0.52, 0.53, 0.3, 0.6, 0.23, 0.56, 0.8, 0.71, 0.6, 0.68, 0.6, 0.5, 0.6, 0.55, 0.72, 0.68, 0.68, 0.6, 0.6, 0.46]",21,0.5842857142857143
The report is not a well-established accurate.,well-established,meta-llama/Llama-3.1-8B-Instruct,"[0.4, 0.14, 0.5]",3,0.3466666666666667
The report is well-established.,well-established,meta-llama/Llama-3.1-8B-Instruct,"[0.8, 0.92, 0.8, 0.85, 0.8, 0.87]",6,0.84
"The report is not accurate, well-established.",well-established,meta-llama/Llama-3.1-8B-Instruct,"[0.6, 0.8, 0.5]",3,0.6333333333333333
The report is well-established as not accurate.,well-established,meta-llama/Llama-3.1-8B-Instruct,"[0.6, 0.95, 0.55]",3,0.7000000000000001
The report is well-established to be inaccurate.,well-established,meta-llama/Llama-3.1-8B-Instruct,"[0.7, 0.8, 0.98]",3,0.8266666666666667
The report is well-established as inaccurate.,well-established,meta-llama/Llama-3.1-8B-Instruct,"[0.98, 0.98, 0.52]",3,0.8266666666666667
It is well-established that the report is not accurate.,well-established,meta-llama/Llama-3.1-8B-Instruct,"[0.9, 0.95, 0.9]",3,0.9166666666666666
The report is not well-established as accurate.,well-established,meta-llama/Llama-3.1-8B-Instruct,"[0.6, 0.75, 0.48]",3,0.61
The city is widely confirmed to be the oldest in the country.,widely confirmed,meta-llama/Llama-3.1-8B-Instruct,"[0.95, 0.85, 0.9, 0.85, 0.8, 0.98, 0.98, 0.95, 0.95, 0.7, 0.95, 0.87, 0.95, 0.95, 0.85, 0.92, 1.0, 0.94, 0.85, 0.92, 0.85, 0.72, 0.85, 0.8, 0.85, 0.96, 0.85]",27,0.8885185185185185
The city is widely confirmed as the oldest in the country.,widely confirmed,meta-llama/Llama-3.1-8B-Instruct,"[0.8, 0.95, 0.8, 0.8, 0.96, 0.98, 0.9, 0.78, 0.8, 0.95, 0.8, 0.8, 0.57, 0.87, 0.85]",15,0.8406666666666667
"The city is the oldest in the country, widely confirmed.",widely confirmed,meta-llama/Llama-3.1-8B-Instruct,"[0.8, 0.95, 0.85, 0.7, 0.95, 0.85, 0.95, 0.78, 0.85, 0.8, 0.86, 0.98, 0.94, 0.75, 0.85]",15,0.8573333333333333
It has been widely confirmed that the city is the oldest in the country.,widely confirmed,meta-llama/Llama-3.1-8B-Instruct,"[0.85, 0.83, 0.87]",3,0.85
"It rains tomorrow, conclusively shown.",conclusively shown,meta-llama/Llama-3.1-8B-Instruct,"[0.8, 0.6, 1.0]",3,0.7999999999999999
It conclusively shown it will rain tomorrow.,conclusively shown,meta-llama/Llama-3.1-8B-Instruct,"[0.2, 0.12]",2,0.16
It has conclusively shown that it will rain tomorrow.,conclusively shown,meta-llama/Llama-3.1-8B-Instruct,"[0.2, 0.4, 0.2, 0.2, 0.06, 0.5, 0.3, 0.04, 0.2, 0.1]",10,0.22000000000000003
It is conclusively shown that it rains tomorrow.,conclusively shown,meta-llama/Llama-3.1-8B-Instruct,"[0.06, 0.08, 0.8]",3,0.31333333333333335
It has conclusively shown that it rains tomorrow.,conclusively shown,meta-llama/Llama-3.1-8B-Instruct,[0.2],1,0.2
It is conclusively shown that it will rain tomorrow.,conclusively shown,meta-llama/Llama-3.1-8B-Instruct,"[0.75, 0.95, 0.2, 0.8, 0.7, 1.0, 1.0, 1.0, 0.8]",9,0.8
The results conclusively shown that the new drug effectively reduces symptoms.,conclusively shown,meta-llama/Llama-3.1-8B-Instruct,"[0.98, 0.95, 0.95]",3,0.96
It conclusively shown that it rains tomorrow,conclusively shown,meta-llama/Llama-3.1-8B-Instruct,[],0,
It has been conclusively shown that it will rain tomorrow.,conclusively shown,meta-llama/Llama-3.1-8B-Instruct,"[0.6, 0.05]",2,0.325
It was conclusively shown that it rains tomorrow.,conclusively shown,meta-llama/Llama-3.1-8B-Instruct,[0.2],1,0.2
It conclusively shown that it will rain tomorrow.,conclusively shown,meta-llama/Llama-3.1-8B-Instruct,"[0.2, 0.2]",2,0.2
It has been conclusively shown that it rains tomorrow.,conclusively shown,meta-llama/Llama-3.1-8B-Instruct,"[0.2, 0.04, 0.2]",3,0.14666666666666667
There is probably a correlation between X and Y.,probably,meta-llama/Llama-3.1-8B-Instruct,"[0.7, 0.62, 0.68, 0.46, 0.5, 0.3, 0.5, 0.6, 0.75, 0.4, 0.6, 0.5, 0.74, 0.3, 0.6, 0.5, 0.6, 0.72, 0.56, 0.64, 0.61, 0.56, 0.23, 0.55, 0.56, 0.58, 0.6, 0.58, 0.6, 0.58, 0.5, 0.56, 0.55, 0.6, 0.35, 0.5]",36,0.5494444444444445
Probably there is a correlation between X and Y.,probably,meta-llama/Llama-3.1-8B-Instruct,"[0.4, 0.6, 0.4, 0.63, 0.6, 0.49, 0.67, 0.75, 0.65, 0.72, 0.72, 0.3, 0.6, 0.4, 0.4, 0.6, 0.69, 0.63, 0.49, 0.85, 0.56]",21,0.5785714285714286
"Probably, there is a correlation between X and Y.",probably,meta-llama/Llama-3.1-8B-Instruct,"[0.58, 0.6, 0.6]",3,0.5933333333333333
It is likely to rain tomorrow.,likely,meta-llama/Llama-3.1-8B-Instruct,"[0.5, 0.68, 0.67, 0.85, 0.73, 0.6, 0.6, 0.7, 0.61, 0.6, 0.81, 0.7, 0.67, 0.65, 0.6, 0.68, 0.73, 0.6, 0.65, 0.75, 0.8, 0.8, 0.6, 0.8]",24,0.6825
It likely rains tomorrow.,likely,meta-llama/Llama-3.1-8B-Instruct,"[0.42, 0.68, 0.6, 0.57, 0.67, 0.6, 0.58, 0.6, 0.6, 0.6, 0.55, 0.6, 0.58, 0.6, 0.67]",15,0.5946666666666667
It is likely it rains tomorrow.,likely,meta-llama/Llama-3.1-8B-Instruct,"[0.67, 0.55, 0.68]",3,0.6333333333333334
It is likely that it will rain tomorrow.,likely,meta-llama/Llama-3.1-8B-Instruct,"[0.75, 0.72, 0.5]",3,0.6566666666666666
It is likely that it rains tomorrow.,likely,meta-llama/Llama-3.1-8B-Instruct,"[0.68, 0.72, 0.7, 0.85, 0.75, 0.74, 0.75, 0.85, 0.75]",9,0.7544444444444445
Likely it will rain tomorrow.,likely,meta-llama/Llama-3.1-8B-Instruct,"[0.7, 0.78, 0.66]",3,0.7133333333333334
"Likely, it rains tomorrow.",likely,meta-llama/Llama-3.1-8B-Instruct,"[0.75, 0.6, 0.85]",3,0.7333333333333334
"Presumably, the city is the oldest in the country.",presumably,meta-llama/Llama-3.1-8B-Instruct,"[0.4, 0.4, 0.45, 0.67, 0.5, 0.69, 0.5, 0.68, 0.3, 0.25, 0.23, 0.35, 0.58, 0.35, 0.27, 0.35, 0.6, 0.22, 0.63, 0.5, 0.6, 0.5, 0.47, 0.64]",24,0.46375000000000005
Presumably the city is the oldest in the country.,presumably,meta-llama/Llama-3.1-8B-Instruct,"[0.58, 0.23, 0.3, 0.35, 0.7, 0.63, 0.85, 0.58, 0.52, 0.6, 0.6, 0.35, 0.35, 0.48, 0.35, 0.68, 0.6, 0.73, 0.44, 0.35, 0.43]",21,0.5095238095238095
The city is presumably the oldest in the country.,presumably,meta-llama/Llama-3.1-8B-Instruct,"[0.55, 0.6, 0.6, 0.47, 0.47, 0.73, 0.71, 0.66, 0.52, 0.47, 0.67, 0.68, 0.48, 0.43, 0.4]",15,0.5626666666666666
"Apparently, the medication is effective in treating the disease.",apparently,meta-llama/Llama-3.1-8B-Instruct,"[0.68, 0.6, 0.6, 0.6, 0.57, 0.24, 0.6, 0.6, 0.54, 0.63, 0.6, 0.6, 0.47, 0.6, 0.6, 0.45, 0.45, 0.45, 0.65, 0.85, 0.35, 0.3, 0.6, 0.5, 0.58, 0.68, 0.4]",27,0.5477777777777777
Apparently the medication is effective in treating the disease.,apparently,meta-llama/Llama-3.1-8B-Instruct,"[0.6, 0.73, 0.85, 0.3, 0.6, 0.65, 0.44, 0.6, 0.64, 0.44, 0.85, 0.6, 0.6, 0.2, 0.85]",15,0.5966666666666666
The medication is apparently effective in treating the disease.,apparently,meta-llama/Llama-3.1-8B-Instruct,"[0.58, 0.7, 0.45, 0.52, 0.4, 0.55, 0.48, 0.22, 0.67, 0.4, 0.68, 0.6, 0.58, 0.58, 0.48, 0.6, 0.55, 0.48]",18,0.5288888888888889
The experiment seemingly shows a significant effect.,seemingly,meta-llama/Llama-3.1-8B-Instruct,"[0.6, 0.5, 0.67, 0.43, 0.6, 0.78, 0.4, 0.5, 0.5, 0.52, 0.41, 0.76, 0.68, 0.7, 0.47, 0.23, 0.56, 0.35, 0.75, 0.78, 0.76, 0.48, 0.4, 0.75, 0.6, 0.43, 0.58, 0.73, 0.71, 0.5, 0.75, 0.4, 0.68, 0.58, 0.6, 0.68, 0.5, 0.63, 0.56]",39,0.5771794871794872
The experiment seems to show a significant effect.,seemingly,meta-llama/Llama-3.1-8B-Instruct,"[0.73, 0.8, 0.6, 0.73, 0.73, 0.75, 0.83, 0.55, 0.55, 0.63, 0.48, 0.8]",12,0.6816666666666666
The experiment shows a seemingly significant effect.,seemingly,meta-llama/Llama-3.1-8B-Instruct,"[0.52, 0.41, 0.75, 0.75, 0.67, 0.65]",6,0.625
The experiment shows a significant effect seemingly.,seemingly,meta-llama/Llama-3.1-8B-Instruct,"[0.38, 0.4, 0.58]",3,0.4533333333333333
It seems the city is the oldest in the country.,it seems,meta-llama/Llama-3.1-8B-Instruct,"[0.7, 0.48, 0.6, 0.6, 0.55, 0.68, 0.65, 0.85, 0.55, 0.7, 0.55, 0.75, 0.6, 0.68, 0.6, 0.54, 0.68, 0.4, 0.6, 0.56, 0.46, 0.74, 0.55, 0.55, 0.45, 0.85, 0.5, 0.6, 0.6, 0.65, 0.53, 0.75, 0.6, 0.65, 0.38, 0.68, 0.66, 0.4, 0.57, 0.78, 0.85, 0.6, 0.4, 0.6, 0.65, 0.6, 0.87, 0.6, 0.6, 0.58, 0.5]",51,0.6101960784313726
It seems that the city is the oldest in the country.,it seems,meta-llama/Llama-3.1-8B-Instruct,"[0.58, 0.52, 0.6, 0.71, 0.58, 0.73, 0.75, 0.7, 0.27]",9,0.6044444444444443
It appears that the city is the oldest in the country.,it appears,meta-llama/Llama-3.1-8B-Instruct,"[0.61, 0.67, 0.67, 0.82, 0.5, 0.67, 0.83, 0.6, 0.87, 0.78, 0.58, 0.6, 0.6, 0.75, 0.7, 0.64, 0.6, 0.6]",18,0.6716666666666666
It appears the city is the oldest in the country.,it appears,meta-llama/Llama-3.1-8B-Instruct,"[0.85, 0.65, 0.61, 0.53, 0.63, 0.62, 0.7, 0.65, 0.5, 0.65, 0.75, 0.7, 0.6, 0.56, 0.58, 0.75, 0.68, 0.6, 0.6, 0.87, 0.58, 0.68, 0.86, 0.6, 0.67, 0.6, 0.75, 0.45, 0.77, 0.7, 0.41, 0.78, 0.78, 0.67, 0.68, 0.7, 0.78, 0.58, 0.65, 0.73, 0.68, 0.71]",42,0.6640476190476191
It looks like the new policy improves the economy.,it looks like,meta-llama/Llama-3.1-8B-Instruct,"[0.58, 0.82, 0.3, 0.78, 0.76, 0.5, 0.75, 0.6, 0.75, 0.7, 0.6, 0.6, 0.75, 0.6, 0.6, 0.6, 0.48, 0.75, 0.73, 0.6, 0.6, 0.55, 0.75, 0.6, 0.7, 0.6, 0.5, 0.7, 0.6, 0.85, 0.58, 0.6, 0.55, 0.6, 0.55, 0.6, 0.6, 0.7, 0.75, 0.6, 0.75, 0.75, 0.67, 0.65, 0.7, 0.78, 0.6, 0.6, 0.6, 0.6, 0.6, 0.6, 0.73, 0.8, 0.6, 0.75, 0.6, 0.8, 0.68, 0.75]",60,0.6506666666666666
It would seem the book is informative.,it would seem,meta-llama/Llama-3.1-8B-Instruct,"[0.3, 0.67, 0.78, 0.78, 0.6, 0.86, 0.88, 0.43, 0.78, 0.75, 0.65, 0.45, 0.61, 0.85, 0.4, 0.46, 0.48, 0.82, 0.6, 0.43, 0.6, 0.6, 0.3, 0.46, 0.53, 0.55, 0.67, 0.6, 0.6, 0.58, 0.5, 0.73, 0.6, 0.49, 0.6, 0.68, 0.75, 0.4, 0.71, 0.53, 0.65, 0.6, 0.73, 0.58, 0.7, 0.76, 0.4, 0.4, 0.41, 0.6, 0.85]",51,0.6027450980392156
It would seem that the book is informative.,it would seem,meta-llama/Llama-3.1-8B-Instruct,"[0.82, 0.6, 0.55, 0.41, 0.58, 0.6]",6,0.5933333333333334
it would seem the book is informative,it would seem,meta-llama/Llama-3.1-8B-Instruct,"[0.76, 0.58, 0.41]",3,0.5833333333333334
It seems that the experiment shows a significant effect.,it seems that,meta-llama/Llama-3.1-8B-Instruct,"[0.75, 0.6, 0.85, 0.85, 0.75, 0.85, 0.85, 0.77, 0.78, 0.74, 0.7, 0.6, 0.85, 0.6, 0.85, 0.6, 0.6, 0.85, 0.65, 0.6, 0.6, 0.76, 0.65, 0.8, 0.8, 0.68, 0.68, 0.85, 0.6, 0.6, 0.75, 0.78, 0.67, 0.75, 0.67, 0.7, 0.85, 0.6, 0.8, 0.7, 0.85, 0.6, 0.7, 0.75, 0.6, 0.85, 0.85, 0.67, 0.85, 0.85, 0.85, 0.75, 0.85, 0.78, 0.8, 0.65, 0.8]",57,0.7373684210526316
it seems that the experiment shows a significant effect.,it seems that,meta-llama/Llama-3.1-8B-Instruct,"[0.66, 0.38, 0.81]",3,0.6166666666666667
It appears that the new product is successful in the market.,it appears that,meta-llama/Llama-3.1-8B-Instruct,"[0.85, 0.85, 0.8, 0.6, 0.7, 0.67, 0.7, 0.6, 0.6, 0.85, 0.75, 0.8, 0.78, 0.78, 0.6, 0.7, 0.88, 0.6, 0.68, 0.83, 0.6, 0.85, 0.68, 0.6, 0.85, 0.73, 0.85, 0.75, 0.86, 0.75, 0.87, 0.6, 0.68, 0.75, 0.6, 0.65, 0.68, 0.75, 0.58, 0.78, 0.75, 0.87, 0.85, 0.6, 0.85, 0.78, 0.68, 0.85, 0.67, 0.75, 0.85, 0.87, 0.68, 0.78, 0.67, 0.75, 0.61]",57,0.7357894736842104
it appears that the new product is successful in the market.,it appears that,meta-llama/Llama-3.1-8B-Instruct,"[0.53, 0.6, 0.6]",3,0.5766666666666667
The new policy reportedly improves the economy.,reportedly,meta-llama/Llama-3.1-8B-Instruct,"[0.74, 0.32, 0.7, 0.68, 0.3, 0.53, 0.4, 0.6, 0.6, 0.74, 0.31, 0.6, 0.5, 0.28, 0.5, 0.45, 0.3, 0.55, 0.58, 0.45, 0.41, 0.7, 0.45, 0.48, 0.4, 0.62, 0.52, 0.78, 0.52, 0.8, 0.65, 0.55, 0.78, 0.68, 0.62, 0.4, 0.6, 0.6, 0.43, 0.4, 0.7, 0.5, 0.44, 0.6, 0.3, 0.58, 0.58, 0.51]",48,0.5360416666666666
reportedly the new policy improves the economy.,reportedly,meta-llama/Llama-3.1-8B-Instruct,"[0.3, 0.25, 0.15]",3,0.2333333333333333
"Reportedly, the new policy improves the economy.",reportedly,meta-llama/Llama-3.1-8B-Instruct,"[0.3, 0.58, 0.2, 0.58, 0.57, 0.3]",6,0.42166666666666663
The new policy is reportedly improving the economy.,reportedly,meta-llama/Llama-3.1-8B-Instruct,"[0.5, 0.68, 0.4]",3,0.5266666666666667
There is ostensibly a correlation between X and Y.,ostensibly,meta-llama/Llama-3.1-8B-Instruct,"[0.23, 0.68, 0.58, 0.65, 0.3, 0.56, 0.6, 0.6, 0.6, 0.76, 0.43, 0.6, 0.6, 0.6, 0.6, 0.73, 0.73, 0.48, 0.43, 0.4, 0.58, 0.68, 0.29, 0.67]",24,0.5575
Ostensibly there is a correlation between X and Y.,ostensibly,meta-llama/Llama-3.1-8B-Instruct,"[0.5, 0.27, 0.52, 0.36, 0.23, 0.2, 0.63, 0.6, 0.24, 0.34, 0.09, 0.3, 0.6, 0.55, 0.6]",15,0.402
"Ostensibly, there is a correlation between X and Y.",ostensibly,meta-llama/Llama-3.1-8B-Instruct,"[0.43, 0.4, 0.25, 0.43, 0.78, 0.56, 0.4, 0.6, 0.2]",9,0.44999999999999996
"There is a correlation between X and Y, ostensibly.",ostensibly,meta-llama/Llama-3.1-8B-Instruct,"[0.3, 0.28, 0.4, 0.22, 0.6, 0.48]",6,0.37999999999999995
There is an ostensibly correlation between X and Y.,ostensibly,meta-llama/Llama-3.1-8B-Instruct,"[0.67, 0.6, 0.6]",3,0.6233333333333334
There is ostensibly a correlation between X and Y.,ostensibly,meta-llama/Llama-3.1-8B-Instruct,"[0.36, 0.36, 0.33]",3,0.35000000000000003
"On the face of it, the movie is good.",on the face of it,meta-llama/Llama-3.1-8B-Instruct,"[0.7, 0.65, 0.7, 0.73, 0.6, 0.67, 0.55, 0.74, 0.7, 0.7, 0.76, 0.69, 0.5, 0.55, 0.82, 0.61, 0.61, 0.67, 0.75, 0.6, 0.55, 0.8, 0.75, 0.48, 0.4, 0.78, 0.75, 0.52, 0.6, 0.5, 0.48, 0.7, 0.73, 0.85, 0.48, 0.85, 0.6, 0.67, 0.7, 0.57, 0.7, 0.62, 0.35, 0.45, 0.6, 0.6, 0.62, 0.85, 0.8, 0.88, 0.6, 0.65, 0.8, 0.85, 0.85, 0.85, 0.6]",57,0.6619298245614035
The movie is good on the face of it.,on the face of it,meta-llama/Llama-3.1-8B-Instruct,"[0.88, 0.42, 0.76]",3,0.6866666666666666
"To all appearances, the report is not accurate.",to all appearances,meta-llama/Llama-3.1-8B-Instruct,"[0.75, 0.67, 0.58, 0.8, 0.8, 0.58, 0.81, 0.76, 0.82, 0.75, 0.77, 0.6, 0.8, 0.71, 0.86, 0.48, 0.63, 0.72, 0.85, 0.81, 0.6, 0.69, 0.73, 0.67, 0.75, 0.83, 0.6, 0.8, 0.8, 0.84, 0.75, 0.85, 0.87, 0.62, 0.78, 0.65, 0.64, 0.68, 0.85, 0.68, 0.85, 0.8, 0.82, 0.55, 0.68, 0.85, 0.7, 0.85, 0.7, 0.22, 0.87]",51,0.7278431372549019
To all appearances the report is not accurate.,to all appearances,meta-llama/Llama-3.1-8B-Instruct,"[0.86, 0.58, 0.82]",3,0.7533333333333333
"The report is not accurate, to all appearances.",to all appearances,meta-llama/Llama-3.1-8B-Instruct,"[0.78, 0.6, 0.85]",3,0.7433333333333333
to all appearances the report is not accurate.,to all appearances,meta-llama/Llama-3.1-8B-Instruct,"[0.83, 0.75, 0.6]",3,0.7266666666666666
"By all accounts, the city is the oldest in the country.",by all accounts,meta-llama/Llama-3.1-8B-Instruct,"[0.77, 0.88, 0.8, 0.85, 0.87, 0.97, 0.8, 0.7, 0.6, 0.85, 0.8, 0.8, 0.8, 0.96, 0.87, 0.95, 0.65, 0.87, 0.85, 0.6, 0.7, 0.85, 0.78, 0.85, 0.86, 0.85, 0.8, 0.75, 0.7, 0.7, 0.75, 0.85, 0.78, 0.83, 0.7, 0.85, 0.78, 0.85, 0.85]",39,0.8030769230769231
By all accounts the city is the oldest in the country.,by all accounts,meta-llama/Llama-3.1-8B-Instruct,"[0.85, 0.85, 0.87, 0.92, 0.92, 0.8, 0.78, 0.7, 0.95, 0.85, 0.6, 0.88]",12,0.8308333333333334
"The city is, by all accounts, the oldest in the country.",by all accounts,meta-llama/Llama-3.1-8B-Instruct,"[0.78, 0.85, 0.85, 0.8, 0.67, 0.85]",6,0.7999999999999999
"The city is the oldest in the country, by all accounts.",by all accounts,meta-llama/Llama-3.1-8B-Instruct,"[0.78, 0.78, 0.6]",3,0.7200000000000001
"On the evidence, the medication is effective in treating the disease.",on the evidence,meta-llama/Llama-3.1-8B-Instruct,"[0.85, 0.95, 0.95, 0.9, 0.9, 0.95, 0.9, 0.85, 0.95, 0.9, 0.95, 0.8, 0.95, 0.8, 0.96, 0.93, 0.85, 0.98, 0.8, 0.95, 0.9, 0.8, 0.8, 0.95, 0.9, 0.98, 0.97, 0.95, 0.95, 0.82, 0.8, 0.95, 0.98, 0.8, 0.8, 0.95, 0.81, 0.8, 0.95, 0.87, 0.9, 0.82, 0.95, 0.95, 0.87, 0.98, 0.8, 0.9, 0.95, 0.8, 0.95, 0.9, 0.9, 0.8, 0.8, 0.9, 0.95]",57,0.8933333333333333
"The medication is effective in treating the disease, on the evidence.",on the evidence,meta-llama/Llama-3.1-8B-Instruct,"[0.82, 0.78, 0.68]",3,0.7600000000000001
"On balance, it rains tomorrow.",on balance,meta-llama/Llama-3.1-8B-Instruct,"[0.6, 0.5, 0.6, 0.85, 0.8, 0.5, 0.6, 0.75, 0.6, 0.8, 0.58, 0.55, 0.6, 0.6, 0.4, 0.75, 0.6, 0.58, 0.6, 0.75, 0.52, 0.8, 0.75, 0.76, 0.6, 0.75, 0.67, 0.39, 0.78, 0.5, 0.6, 0.67, 0.6, 0.7, 0.67, 0.28, 0.6, 0.85, 0.7, 0.35, 0.72, 0.4, 0.74, 0.78, 0.8, 0.78, 0.58, 0.87, 0.6, 0.2, 0.74]",51,0.6345098039215686
"On balance, it may rain tomorrow.",on balance,meta-llama/Llama-3.1-8B-Instruct,"[0.42, 0.45, 0.53]",3,0.4666666666666666
"It rains tomorrow, on balance.",on balance,meta-llama/Llama-3.1-8B-Instruct,"[0.6, 0.73, 0.75]",3,0.6933333333333334
On balance it rains tomorrow.,on balance,meta-llama/Llama-3.1-8B-Instruct,"[0.76, 0.3, 0.75]",3,0.6033333333333334
"Possibly, the report is not accurate.",possibly,meta-llama/Llama-3.1-8B-Instruct,"[0.4, 0.5, 0.67, 0.76, 0.4, 0.45]",6,0.53
The report is possibly not accurate.,possibly,meta-llama/Llama-3.1-8B-Instruct,"[0.6, 0.41, 0.56, 0.35, 0.6, 0.74, 0.6, 0.34, 0.23, 0.6, 0.41, 0.3, 0.6, 0.3, 0.75, 0.45, 0.6, 0.3, 0.6, 0.6, 0.7, 0.43, 0.4, 0.48, 0.47, 0.4, 0.4, 0.4, 0.75, 0.4, 0.6, 0.53, 0.4, 0.4, 0.6, 0.25]",36,0.48750000000000004
Possibly the report is not accurate.,possibly,meta-llama/Llama-3.1-8B-Instruct,"[0.6, 0.23, 0.48, 0.6, 0.3, 0.3, 0.43, 0.6, 0.28, 0.5, 0.3, 0.26, 0.28, 0.43, 0.52]",15,0.4073333333333334
The report is possibly inaccurate.,possibly,meta-llama/Llama-3.1-8B-Instruct,"[0.6, 0.6, 0.3]",3,0.5
Perhaps the movie is good.,perhaps,meta-llama/Llama-3.1-8B-Instruct,"[0.5, 0.25, 0.23, 0.35, 0.4, 0.6, 0.5, 0.2, 0.48, 0.5, 0.46, 0.48, 0.48, 0.3, 0.3, 0.55, 0.68, 0.3, 0.78, 0.2, 0.6, 0.2, 0.5, 0.6, 0.6, 0.27, 0.6, 0.6, 0.28, 0.3, 0.5, 0.34, 0.2, 0.3, 0.25, 0.48, 0.36, 0.27, 0.53, 0.3, 0.22, 0.6, 0.4, 0.38, 0.6, 0.31, 0.25, 0.34, 0.2, 0.3, 0.2]",51,0.40039215686274515
The movie is perhaps good.,perhaps,meta-llama/Llama-3.1-8B-Instruct,"[0.68, 0.4, 0.3, 0.56, 0.5, 0.68, 0.5, 0.75, 0.38]",9,0.5277777777777778
The city might be the oldest in the country.,maybe,meta-llama/Llama-3.1-8B-Instruct,"[0.65, 0.35, 0.75, 0.58, 0.23, 0.4]",6,0.49333333333333335
Maybe the city is the oldest in the country.,maybe,meta-llama/Llama-3.1-8B-Instruct,"[0.4, 0.46, 0.76, 0.27, 0.36, 0.6, 0.55, 0.31, 0.6, 0.57, 0.73, 0.38, 0.64, 0.58, 0.58, 0.2, 0.78, 0.56, 0.35, 0.6, 0.35, 0.49, 0.4, 0.4, 0.67, 0.48, 0.35, 0.63, 0.55, 0.49]",30,0.503
The city maybe is the oldest in the country.,maybe,meta-llama/Llama-3.1-8B-Instruct,"[0.28, 0.4, 0.55, 0.3, 0.44, 0.3, 0.3, 0.25, 0.22]",9,0.3377777777777778
The city is maybe the oldest in the country.,maybe,meta-llama/Llama-3.1-8B-Instruct,"[0.6, 0.3, 0.25, 0.25, 0.26, 0.73, 0.29, 0.2, 0.4, 0.2, 0.3, 0.32]",12,0.3416666666666666
The city may be the oldest in the country.,maybe,meta-llama/Llama-3.1-8B-Instruct,"[0.48, 0.5, 0.56]",3,0.5133333333333333
The medication is conceivably effective in treating the disease.,conceivably,meta-llama/Llama-3.1-8B-Instruct,"[0.6, 0.57, 0.3, 0.44, 0.26, 0.4, 0.65, 0.68, 0.57, 0.45, 0.4, 0.5, 0.32, 0.31, 0.44, 0.36, 0.45, 0.25, 0.6, 0.6, 0.34, 0.31, 0.35, 0.47, 0.57, 0.43, 0.45, 0.5, 0.4, 0.58, 0.4, 0.43, 0.35, 0.4, 0.58, 0.35, 0.31, 0.35, 0.52, 0.6, 0.5, 0.59, 0.48, 0.4, 0.67]",45,0.45511111111111113
Conceivably the medication is effective in treating the disease.,conceivably,meta-llama/Llama-3.1-8B-Instruct,"[0.6, 0.22, 0.58, 0.6, 0.48, 0.49]",6,0.49499999999999994
The medication conceivably is effective in treating the disease.,conceivably,meta-llama/Llama-3.1-8B-Instruct,"[0.25, 0.44, 0.2, 0.28, 0.68, 0.36]",6,0.36833333333333335
The medication can conceivably be effective in treating the disease.,conceivably,meta-llama/Llama-3.1-8B-Instruct,"[0.49, 0.35, 0.35]",3,0.39666666666666667
The experiment potentially shows a significant effect.,potentially,meta-llama/Llama-3.1-8B-Instruct,"[0.6, 0.58, 0.75, 0.63, 0.5, 0.6, 0.78, 0.6, 0.6, 0.52, 0.68, 0.76, 0.6, 0.6, 0.55, 0.72, 0.79, 0.75, 0.46, 0.45, 0.4, 0.62, 0.46, 0.6, 0.8, 0.78, 0.85, 0.6, 0.6, 0.58, 0.35, 0.61, 0.68, 0.68, 0.7, 0.68, 0.75, 0.52, 0.75, 0.78, 0.68, 0.87, 0.6, 0.48, 0.6]",45,0.6342222222222222
The experiment shows a potentially significant effect.,potentially,meta-llama/Llama-3.1-8B-Instruct,"[0.74, 0.5, 0.75, 0.76, 0.75, 0.58, 0.85, 0.6, 0.85, 0.72, 0.75, 0.68, 0.55, 0.6, 0.6]",15,0.6853333333333332
It is possible that the new product is successful in the market.,it is possible that,meta-llama/Llama-3.1-8B-Instruct,"[0.68, 0.35, 0.53, 0.66, 0.31, 0.3, 0.52, 0.6, 0.4, 0.44, 0.67, 0.66, 0.47, 0.4, 0.6, 0.4, 0.56, 0.46, 0.55, 0.6, 0.4, 0.41, 0.5, 0.66, 0.75, 0.58, 0.44, 0.75, 0.4, 0.47, 0.46, 0.48, 0.55, 0.5, 0.7, 0.55, 0.6, 0.54, 0.75, 0.53, 0.7, 0.5, 0.6, 0.25, 0.6, 0.45, 0.58, 0.49, 0.3, 0.42, 0.43, 0.61, 0.57, 0.51, 0.58, 0.4, 0.55]",57,0.5214035087719298
It is possible that the problem has not been solved yet.,it is possible that,meta-llama/Llama-3.1-8B-Instruct,"[0.32, 0.58, 0.4]",3,0.43333333333333335
There is a chance that the book is informative.,there is a chance that,meta-llama/Llama-3.1-8B-Instruct,"[0.35, 0.27, 0.67, 0.7, 0.38, 0.25, 0.3, 0.52, 0.68, 0.48, 0.54, 0.68, 0.27, 0.41, 0.43, 0.4, 0.35, 0.3, 0.6, 0.47, 0.6, 0.56, 0.6, 0.5, 0.52, 0.43, 0.51, 0.5, 0.63, 0.25, 0.4, 0.5, 0.65, 0.68, 0.46, 0.58, 0.63, 0.69, 0.5, 0.3, 0.56, 0.55, 0.6, 0.54, 0.6, 0.68, 0.57, 0.6, 0.37, 0.6, 0.6, 0.68, 0.44, 0.55]",54,0.508888888888889
there is a chance that the book is informative.,there is a chance that,meta-llama/Llama-3.1-8B-Instruct,"[0.25, 0.5, 0.56, 0.52, 0.48, 0.58]",6,0.4816666666666667
It may be that the restaurant serves delicious food.,it may be that,meta-llama/Llama-3.1-8B-Instruct,"[0.2, 0.23, 0.42, 0.4, 0.48, 0.6, 0.18, 0.3, 0.5, 0.4, 0.48, 0.4, 0.4, 0.49, 0.25, 0.6, 0.31, 0.49, 0.25, 0.6, 0.34, 0.2, 0.3, 0.3, 0.5, 0.67, 0.73, 0.55, 0.28, 0.56, 0.27, 0.43, 0.2, 0.3, 0.45, 0.4, 0.3, 0.4, 0.35, 0.4, 0.48, 0.32, 0.2, 0.4, 0.23, 0.6, 0.22, 0.5, 0.56, 0.26, 0.35, 0.6, 0.4, 0.4, 0.3, 0.27, 0.3, 0.3, 0.2, 0.35]",60,0.3858333333333333
It might be that the report is not accurate.,it might be that,meta-llama/Llama-3.1-8B-Instruct,"[0.12, 0.68, 0.5, 0.35, 0.6, 0.3, 0.5, 0.5, 0.52, 0.73, 0.47, 0.58, 0.4, 0.34, 0.55, 0.7, 0.34, 0.73, 0.66, 0.46, 0.08, 0.46, 0.4, 0.44, 0.4, 0.54, 0.46, 0.3, 0.19, 0.46, 0.4, 0.4, 0.23, 0.46, 0.34, 0.6, 0.55, 0.6, 0.5, 0.5, 0.41, 0.3, 0.45, 0.25, 0.35, 0.78, 0.3, 0.35, 0.55, 0.56, 0.4, 0.45, 0.6, 0.3, 0.4, 0.28, 0.2, 0.55, 0.35, 0.35]",60,0.442
It could be that the new policy improves the economy.,it could be that,meta-llama/Llama-3.1-8B-Instruct,"[0.3, 0.38, 0.55, 0.35, 0.3, 0.55, 0.6, 0.3, 0.53, 0.35, 0.35, 0.58, 0.68, 0.4, 0.35, 0.55, 0.22, 0.35, 0.34, 0.35, 0.3, 0.4, 0.73, 0.55, 0.44, 0.34, 0.35, 0.36, 0.6, 0.58, 0.56, 0.31, 0.52, 0.3, 0.34, 0.6, 0.31, 0.49, 0.6, 0.45, 0.48, 0.64, 0.23, 0.3, 0.4, 0.68, 0.53, 0.39, 0.6, 0.4, 0.28, 0.6, 0.58, 0.62, 0.36, 0.78, 0.63, 0.34, 0.68, 0.35]",60,0.4563333333333333
There is a possibility that the new product is successful in the market.,there is a possibility that,meta-llama/Llama-3.1-8B-Instruct,"[0.43, 0.68, 0.55, 0.7, 0.22, 0.35, 0.6, 0.4, 0.56, 0.6, 0.28, 0.23, 0.25, 0.55, 0.3, 0.67, 0.3, 0.3, 0.44, 0.35, 0.58, 0.42, 0.35, 0.4, 0.47, 0.23, 0.5, 0.57, 0.48, 0.52, 0.43, 0.54, 0.32, 0.2, 0.48, 0.53, 0.56, 0.25, 0.55, 0.67, 0.3, 0.58, 0.43, 0.6, 0.31, 0.56, 0.4, 0.36, 0.5, 0.6, 0.28, 0.5, 0.47, 0.58, 0.58, 0.66, 0.41]",57,0.4549122807017544
there is a possibility that the new product is successful in the market.,there is a possibility that,meta-llama/Llama-3.1-8B-Instruct,"[0.23, 0.43, 0.75]",3,0.47
It is not impossible that the experiment shows a significant effect.,not impossible,meta-llama/Llama-3.1-8B-Instruct,"[0.68, 0.58, 0.6, 0.65, 0.7, 0.85, 0.45, 0.45, 0.73, 0.73, 0.67, 0.42, 0.43, 0.43, 0.56, 0.74, 0.85, 0.83, 0.72, 0.6, 0.4, 0.68, 0.65, 0.85, 0.3, 0.73, 0.55, 0.75, 0.58, 0.35, 0.58, 0.4, 0.8]",33,0.6148484848484849
"The experiment shows a significant effect, not impossible.",not impossible,meta-llama/Llama-3.1-8B-Instruct,"[0.71, 0.48, 0.68, 0.67, 0.66, 0.4, 0.41, 0.65, 0.36, 0.85, 0.85, 0.6, 0.6, 0.75, 0.86]",15,0.6353333333333333
"The experiment shows a significant effect, which is not impossible.",not impossible,meta-llama/Llama-3.1-8B-Instruct,"[0.85, 0.75, 0.78, 0.48, 0.6, 0.73]",6,0.6983333333333333
Not impossible that the experiment shows a significant effect.,not impossible,meta-llama/Llama-3.1-8B-Instruct,"[0.4, 0.55, 0.56]",3,0.5033333333333334
The experiment shows that a significant effect is not impossible.,not impossible,meta-llama/Llama-3.1-8B-Instruct,"[0.25, 0.73, 0.6]",3,0.5266666666666667
"The medication is effectively treating the disease, not out of the question.",not out of the question,meta-llama/Llama-3.1-8B-Instruct,"[0.73, 0.35, 0.25]",3,0.44333333333333336
The medication being effective in treating the disease is not out of the question.,not out of the question,meta-llama/Llama-3.1-8B-Instruct,"[0.73, 0.87, 0.61, 0.67, 0.75, 0.46]",6,0.6816666666666666
"Not out of the question, the medication is effective in treating the disease.",not out of the question,meta-llama/Llama-3.1-8B-Instruct,"[0.75, 0.65, 0.85]",3,0.75
It is not out of the question that the medication is effective in treating the disease.,not out of the question,meta-llama/Llama-3.1-8B-Instruct,"[0.63, 0.58, 0.73, 0.6, 0.5, 0.75, 0.7, 0.65, 0.6, 0.67, 0.72, 0.7, 0.59, 0.67, 0.78]",15,0.6579999999999999
"The medication is effective in treating the disease, not out of the question.",not out of the question,meta-llama/Llama-3.1-8B-Instruct,"[0.68, 0.35, 0.68, 0.75, 0.68, 0.85]",6,0.665
The medication is not out of the question for treating the disease.,not out of the question,meta-llama/Llama-3.1-8B-Instruct,"[0.68, 0.78, 0.7, 0.71, 0.7, 0.6, 0.78, 0.62, 0.75, 0.6, 0.85, 0.42, 0.75, 0.5, 0.72, 0.46, 0.75, 0.76, 0.75, 0.46, 0.85]",21,0.6757142857142857
Not out of the question that the medication is effective in treating the disease.,not out of the question,meta-llama/Llama-3.1-8B-Instruct,"[0.85, 0.85, 0.72]",3,0.8066666666666666
The medication is not out of the question for effectively treating the disease.,not out of the question,meta-llama/Llama-3.1-8B-Instruct,"[0.78, 0.75, 0.78]",3,0.77
It feasibly rains tomorrow.,feasibly,meta-llama/Llama-3.1-8B-Instruct,"[0.5, 0.4, 0.6, 0.72, 0.7, 0.4, 0.65, 0.51, 0.75, 0.23, 0.45, 0.4, 0.73, 0.6, 0.4, 0.68, 0.5, 0.5, 0.85, 0.4, 0.57, 0.67, 0.68, 0.3, 0.67, 0.55, 0.35, 0.41, 0.7, 0.3, 0.36, 0.38, 0.84, 0.5, 0.7, 0.6, 0.53, 0.3, 0.52, 0.37, 0.3, 0.4]",42,0.5230952380952381
Feasibly it rains tomorrow.,feasibly,meta-llama/Llama-3.1-8B-Instruct,"[0.42, 0.48, 0.3, 0.5, 0.3, 0.64]",6,0.44
"Feasibly, it rains tomorrow.",feasibly,meta-llama/Llama-3.1-8B-Instruct,"[0.11, 0.8, 0.2]",3,0.37000000000000005
It feasibly will rain tomorrow.,feasibly,meta-llama/Llama-3.1-8B-Instruct,"[0.65, 0.58, 0.7]",3,0.6433333333333333
It rains feasibly tomorrow.,feasibly,meta-llama/Llama-3.1-8B-Instruct,"[0.32, 0.58, 0.3, 0.6, 0.2, 0.46]",6,0.41
Under some circumstances the experiment shows a significant effect.,under some circumstances,meta-llama/Llama-3.1-8B-Instruct,"[0.7, 0.85, 0.71, 0.78, 0.54, 0.61, 0.58, 0.83, 0.55, 0.51, 0.78, 0.43]",12,0.6558333333333334
"Under some circumstances, the experiment shows a significant effect.",under some circumstances,meta-llama/Llama-3.1-8B-Instruct,"[0.77, 0.58, 0.85, 0.6, 0.65, 0.58, 0.85, 0.68, 0.6, 0.58, 0.8, 0.82, 0.61, 0.6, 0.7, 0.7, 0.65, 0.66, 0.65, 0.85, 0.55, 0.6, 0.73, 0.55, 0.4, 0.65, 0.49, 0.73, 0.6, 0.7, 0.67, 0.85, 0.65, 0.7, 0.6, 0.78, 0.63, 0.78, 0.68, 0.58, 0.68, 0.85, 0.68, 0.68, 0.78]",45,0.6748888888888889
The experiment shows a significant effect under some circumstances.,under some circumstances,meta-llama/Llama-3.1-8B-Instruct,"[0.75, 0.65, 0.72]",3,0.7066666666666667
"In some cases, the experiment shows a significant effect.",in some cases,meta-llama/Llama-3.1-8B-Instruct,"[0.5, 0.8, 0.45, 0.55, 0.78, 0.85, 0.67, 0.5, 0.52, 0.56, 0.86, 0.71, 0.86, 0.58, 0.85, 0.74, 0.73, 0.68, 0.78, 0.71, 0.58, 0.6, 0.7, 0.58, 0.56, 0.55, 0.75, 0.68, 0.49, 0.7, 0.73, 0.3, 0.74, 0.78, 0.48, 0.73, 0.45, 0.85, 0.62, 0.7, 0.67, 0.65, 0.78, 0.82, 0.85, 0.78, 0.64, 0.76]",48,0.6708333333333334
The experiment shows a significant effect in some cases.,in some cases,meta-llama/Llama-3.1-8B-Instruct,"[0.52, 0.73, 0.69, 0.78, 0.4, 0.75, 0.7, 0.68, 0.72]",9,0.6633333333333333
"In some cases, the experiment indicates a significant effect.",in some cases,meta-llama/Llama-3.1-8B-Instruct,"[0.68, 0.61, 0.73]",3,0.6733333333333333
In certain conditions the restaurant serves delicious food.,in certain conditions,meta-llama/Llama-3.1-8B-Instruct,"[0.58, 0.78, 0.82]",3,0.7266666666666666
"In certain conditions, the restaurant serves delicious food.",in certain conditions,meta-llama/Llama-3.1-8B-Instruct,"[0.45, 0.55, 0.85, 0.8, 0.6, 0.86, 0.6, 0.6, 0.6, 0.65, 0.6, 0.75, 0.68, 0.68, 0.88, 0.48, 0.75, 0.6, 0.27, 0.6, 0.76, 0.87, 0.65, 0.69, 0.6, 0.65, 0.85, 0.55, 0.48, 0.88, 0.7, 0.7, 0.6, 0.85, 0.68, 0.5, 0.75, 0.7, 0.71, 0.6, 0.5, 0.76, 0.78, 0.42, 0.85, 0.85, 0.6, 0.73, 0.6, 0.6, 0.75]",51,0.667843137254902
The restaurant serves delicious food in certain conditions.,in certain conditions,meta-llama/Llama-3.1-8B-Instruct,"[0.6, 0.56, 0.6, 0.6, 0.7, 0.67]",6,0.6216666666666667
The new policy improves the economy with some likelihood.,with some likelihood,meta-llama/Llama-3.1-8B-Instruct,"[0.48, 0.56, 0.68, 0.6, 0.6, 0.58, 0.5, 0.66, 0.42, 0.53, 0.6, 0.67, 0.67, 0.58, 0.58, 0.5, 0.58, 0.42, 0.56, 0.6, 0.76, 0.48, 0.6, 0.8, 0.56, 0.65, 0.75, 0.5, 0.67, 0.58, 0.5, 0.57, 0.58, 0.41, 0.75, 0.74, 0.6, 0.58, 0.6, 0.73, 0.6, 0.73, 0.55, 0.71, 0.7, 0.5, 0.6, 0.55, 0.5, 0.67, 0.76, 0.72, 0.68, 0.7, 0.65, 0.73, 0.69]",57,0.6108771929824561
"With some likelihood, the new policy improves the economy.",with some likelihood,meta-llama/Llama-3.1-8B-Instruct,"[0.6, 0.47, 0.56]",3,0.5433333333333333
The book is theoretically possible informative.,theoretically possible,meta-llama/Llama-3.1-8B-Instruct,"[0.62, 0.78, 0.36, 0.4, 0.58, 0.07, 0.46, 0.45, 0.4]",9,0.4577777777777778
"Theoretically possible, the book is informative.",theoretically possible,meta-llama/Llama-3.1-8B-Instruct,"[0.49, 0.6, 0.27, 0.43, 0.64, 0.23, 0.23, 0.65, 0.75, 0.67, 0.73, 0.43, 0.35, 0.67, 0.68, 0.46, 0.45, 0.23]",18,0.4977777777777778
It is theoretically possible that the book is informative.,theoretically possible,meta-llama/Llama-3.1-8B-Instruct,"[0.3, 0.4, 0.46, 0.57, 0.34, 0.5, 0.6, 0.6, 0.4, 0.4, 0.54, 0.5, 0.38, 0.55, 0.6, 0.34, 0.45, 0.6]",18,0.47388888888888886
The results are theoretically possible.,theoretically possible,meta-llama/Llama-3.1-8B-Instruct,"[0.4, 0.7, 0.23]",3,0.44333333333333336
The book is theoretically possible to be informative.,theoretically possible,meta-llama/Llama-3.1-8B-Instruct,"[0.6, 0.27, 0.35, 0.57, 0.27, 0.31, 0.62, 0.32, 0.35]",9,0.4066666666666667
"The book is, theoretically possible, informative.",theoretically possible,meta-llama/Llama-3.1-8B-Instruct,"[0.6, 0.2, 0.55]",3,0.45
It is unclear whether the medication is effective in treating the disease.,it is unclear,meta-llama/Llama-3.1-8B-Instruct,"[0.36, 0.42, 0.3, 0.68, 0.7, 0.34, 0.6, 0.3, 0.26, 0.4, 0.75, 0.3, 0.65, 0.78, 0.5, 0.31, 0.34, 0.47, 0.3, 0.68, 0.3, 0.75, 0.35, 0.5, 0.61, 0.5, 0.78, 0.3, 0.5, 0.44, 0.67, 0.67, 0.26, 0.6, 0.49, 0.48, 0.23, 0.43, 0.68, 0.56, 0.72, 0.51, 0.55, 0.23, 0.5, 0.46, 0.6, 0.43, 0.34, 0.66, 0.75]",51,0.49588235294117644
It is unclear that the medication is effective in treating the disease.,it is unclear,meta-llama/Llama-3.1-8B-Instruct,"[0.85, 0.72, 0.6, 0.68, 0.85, 0.95, 0.58, 0.3, 0.72]",9,0.6944444444444444
It is uncertain whether the restaurant serves delicious food.,it is uncertain,meta-llama/Llama-3.1-8B-Instruct,"[0.45, 0.5, 0.5, 0.2, 0.4, 0.3, 0.14, 0.56, 0.5, 0.5, 0.2, 0.43, 0.67, 0.22, 0.35, 0.28, 0.2, 0.56, 0.86, 0.22, 0.2, 0.3, 0.6, 0.22, 0.6, 0.35, 0.36, 0.08, 0.45, 0.4, 0.25, 0.2, 0.41]",33,0.3775757575757576
It is uncertain that the restaurant serves delicious food.,it is uncertain,meta-llama/Llama-3.1-8B-Instruct,"[0.2, 0.22, 0.39, 0.28, 0.35, 0.67, 0.2, 0.2, 0.54, 0.38, 0.22, 0.25, 0.05, 0.46, 0.77, 0.5, 0.73, 0.61, 0.45, 0.38, 0.28]",21,0.3871428571428572
It is uncertain the restaurant serves delicious food.,it is uncertain,meta-llama/Llama-3.1-8B-Instruct,"[0.43, 0.6, 0.3]",3,0.44333333333333336
It is uncertain if the restaurant serves delicious food.,it is uncertain,meta-llama/Llama-3.1-8B-Instruct,"[0.36, 0.67, 0.58]",3,0.5366666666666666
It remains to be seen whether it rains tomorrow.,it remains to be seen,meta-llama/Llama-3.1-8B-Instruct,"[0.3, 0.4, 0.6, 0.28, 0.27, 0.11, 0.49, 0.34, 0.25, 0.3, 0.57, 0.28, 0.4, 0.5, 0.4, 0.74, 0.58, 0.58, 0.47, 0.67, 0.7, 0.65, 0.4, 0.2, 0.55, 0.53, 0.25, 0.2, 0.78, 0.22, 0.42, 0.35, 0.45, 0.2, 0.47, 0.44, 0.14, 0.65, 0.3, 0.6, 0.25, 0.3, 0.58, 0.6, 0.43, 0.65, 0.4, 0.22]",48,0.42625
It remains to be seen if it rains tomorrow.,it remains to be seen,meta-llama/Llama-3.1-8B-Instruct,"[0.3, 0.35, 0.5, 0.42, 0.2, 0.43, 0.49, 0.67, 0.44, 0.3, 0.35, 0.5]",12,0.41250000000000003
The book is informative that is debatable.,that is debatable,meta-llama/Llama-3.1-8B-Instruct,"[0.5, 0.15, 0.55, 0.34, 0.25, 0.6, 0.42, 0.3, 0.68, 0.64, 0.58, 0.35, 0.6, 0.72, 0.68]",15,0.4906666666666667
"The book is informative, that is debatable.",that is debatable,meta-llama/Llama-3.1-8B-Instruct,"[0.58, 0.76, 0.12, 0.58, 0.2, 0.73, 0.5, 0.66, 0.38, 0.4, 0.74, 0.55, 0.52, 0.25, 0.23, 0.76, 0.55, 0.31, 0.78, 0.78, 0.5, 0.4, 0.68, 0.78, 0.32, 0.45, 0.6, 0.6, 0.85, 0.52, 0.52, 0.75, 0.68, 0.23, 0.72, 0.68, 0.28, 0.74, 0.55, 0.75, 0.35, 0.48, 0.27, 0.35, 0.4]",45,0.5295555555555556
it is questionable whether it rains tomorrow.,it is questionable whether,meta-llama/Llama-3.1-8B-Instruct,"[0.3, 0.3, 0.32, 0.34, 0.23, 0.2]",6,0.2816666666666667
It is questionable whether it rains tomorrow.,it is questionable whether,meta-llama/Llama-3.1-8B-Instruct,"[0.46, 0.75, 0.35, 0.35, 0.5, 0.2, 0.18, 0.5, 0.18, 0.36, 0.22, 0.6, 0.66, 0.37, 0.3, 0.75, 0.2, 0.21, 0.7, 0.4, 0.6, 0.65, 0.2, 0.38, 0.22, 0.3, 0.4, 0.36, 0.22, 0.58, 0.28, 0.6, 0.42, 0.35, 0.2, 0.42, 0.44, 0.46, 0.43, 0.3, 0.5, 0.59]",42,0.4080952380952381
It is questionable whether the stock will rise.,it is questionable whether,meta-llama/Llama-3.1-8B-Instruct,"[0.3, 0.6, 0.38]",3,0.4266666666666667
It is questionable whether it will rain tomorrow.,it is questionable whether,meta-llama/Llama-3.1-8B-Instruct,"[0.57, 0.3, 0.26]",3,0.37666666666666665
it is questionable whether the planet will launch a new mission next year.,it is questionable whether,meta-llama/Llama-3.1-8B-Instruct,"[0.47, 0.3, 0.22]",3,0.33
It is questionable whether it rains tomorrow,it is questionable whether,meta-llama/Llama-3.1-8B-Instruct,"[0.25, 0.2, 0.51]",3,0.32
It is hard to say the experiment shows a significant effect.,it is hard to say,meta-llama/Llama-3.1-8B-Instruct,"[0.58, 0.6, 0.75, 0.68, 0.44, 0.5, 0.68, 0.58, 0.6, 0.58, 0.67, 0.46, 0.4, 0.58, 0.43, 0.54, 0.45, 0.4]",18,0.5511111111111111
It is hard to say that the experiment shows a significant effect.,it is hard to say,meta-llama/Llama-3.1-8B-Instruct,"[0.3, 0.5, 0.6, 0.75, 0.5, 0.46, 0.58, 0.6, 0.25, 0.7, 0.6, 0.73, 0.68, 0.76, 0.67, 0.51, 0.29, 0.69, 0.4, 0.43, 0.47]",21,0.5461904761904762
It is hard to say whether the experiment shows a significant effect.,it is hard to say,meta-llama/Llama-3.1-8B-Instruct,"[0.6, 0.46, 0.3, 0.53, 0.4, 0.2, 0.68, 0.66, 0.58, 0.31, 0.55, 0.25, 0.42, 0.4, 0.58, 0.53, 0.71, 0.67]",18,0.4905555555555556
The experiment shows a significant effect; it is hard to say.,it is hard to say,meta-llama/Llama-3.1-8B-Instruct,"[0.31, 0.6, 0.76]",3,0.5566666666666666
"The city is the oldest in the country, open to debate.",open to debate,meta-llama/Llama-3.1-8B-Instruct,"[0.3, 0.29, 0.26, 0.58, 0.3, 0.73, 0.23, 0.43, 0.51, 0.68, 0.6, 0.5, 0.53, 0.6, 0.47, 0.42, 0.57, 0.58, 0.58, 0.22, 0.4, 0.76, 0.35, 0.62, 0.25, 0.41, 0.5, 0.32, 0.62, 0.3, 0.35, 0.67, 0.32, 0.34, 0.42, 0.48, 0.34, 0.48, 0.58, 0.78, 0.5, 0.36, 0.43, 0.32, 0.73, 0.25, 0.45, 0.68, 0.35, 0.41, 0.6, 0.56, 0.78, 0.5, 0.58, 0.7, 0.35]",57,0.47754385964912277
The claim that the city is the oldest in the country is open to debate.,open to debate,meta-llama/Llama-3.1-8B-Instruct,"[0.75, 0.76, 0.56]",3,0.6900000000000001
The movie is good open to question,open to question,meta-llama/Llama-3.1-8B-Instruct,"[0.6, 0.25, 0.3]",3,0.3833333333333333
"The movie is good, open to question.",open to question,meta-llama/Llama-3.1-8B-Instruct,"[0.2, 0.59, 0.2, 0.85, 0.25, 0.28, 0.44, 0.34, 0.53, 0.15, 0.45, 0.5, 0.45, 0.5, 0.5, 0.3, 0.8, 0.7, 0.43, 0.7, 0.7, 0.6, 0.76, 0.2, 0.22, 0.5, 0.25, 0.57, 0.32, 0.6, 0.6, 0.6, 0.67, 0.61, 0.48, 0.35, 0.4, 0.25, 0.2, 0.6, 0.5, 0.74, 0.31, 0.4, 0.22]",45,0.46244444444444444
The movie is open to question.,open to question,meta-llama/Llama-3.1-8B-Instruct,"[0.76, 0.56, 0.8, 0.76, 0.57, 0.69, 0.76, 0.28, 0.43]",9,0.6233333333333334
The movie is good open to question.,open to question,meta-llama/Llama-3.1-8B-Instruct,"[0.3, 0.22, 0.4]",3,0.3066666666666667
It is yet to be determined whether the medication is effective in treating the disease.,yet to be determined,meta-llama/Llama-3.1-8B-Instruct,"[0.6, 0.68, 0.27]",3,0.5166666666666667
The effectiveness of the medication in treating the disease is yet to be determined.,yet to be determined,meta-llama/Llama-3.1-8B-Instruct,"[0.6, 0.47, 0.48, 0.45, 0.4, 0.5, 0.44, 0.68, 0.46, 0.6, 0.76, 0.44, 0.7, 0.34, 0.6]",15,0.528
The medication's effectiveness in treating the disease is yet to be determined.,yet to be determined,meta-llama/Llama-3.1-8B-Instruct,"[0.42, 0.3, 0.55, 0.34, 0.6, 0.5, 0.4, 0.23, 0.4]",9,0.41555555555555557
The medication is effective in treating the disease yet to be determined.,yet to be determined,meta-llama/Llama-3.1-8B-Instruct,"[0.6, 0.38, 0.6, 0.38, 0.32, 0.2, 0.2, 0.75, 0.72, 0.61, 0.27, 0.44, 0.64, 0.2, 0.3]",15,0.4406666666666667
"The medication is effective in treating the disease, yet to be determined.",yet to be determined,meta-llama/Llama-3.1-8B-Instruct,"[0.36, 0.36, 0.3, 0.2, 0.4, 0.4, 0.48, 0.35, 0.45, 0.52, 0.44, 0.25]",12,0.3758333333333333
The medication is yet to be determined to be effective in treating the disease.,yet to be determined,meta-llama/Llama-3.1-8B-Instruct,"[0.85, 0.48, 0.55]",3,0.6266666666666666
The medication’s effectiveness in treating the disease is yet to be determined.,yet to be determined,meta-llama/Llama-3.1-8B-Instruct,"[0.73, 0.55, 0.6]",3,0.6266666666666666
It remains unclear whether the medication is effective in treating the disease.,remains unclear,meta-llama/Llama-3.1-8B-Instruct,"[0.6, 0.16, 0.56, 0.5, 0.48, 0.48, 0.46, 0.4, 0.42, 0.36, 0.48, 0.55, 0.57, 0.4, 0.5]",15,0.4613333333333333
The effectiveness of the medication in treating the disease remains unclear.,remains unclear,meta-llama/Llama-3.1-8B-Instruct,"[0.56, 0.42, 0.58, 0.55, 0.82, 0.45, 0.67, 0.68, 0.58, 0.58, 0.25, 0.22, 0.44, 0.45, 0.56]",15,0.5206666666666667
The medication remains unclear in treating the disease.,remains unclear,meta-llama/Llama-3.1-8B-Instruct,"[0.58, 0.68, 0.68, 0.6, 0.3, 0.67, 0.4, 0.85, 0.57]",9,0.5922222222222222
The medication’s effectiveness in treating the disease remains unclear.,remains unclear,meta-llama/Llama-3.1-8B-Instruct,"[0.5, 0.72, 0.67, 0.47, 0.6, 0.42]",6,0.5633333333333334
The medication's effectiveness in treating the disease remains unclear.,remains unclear,meta-llama/Llama-3.1-8B-Instruct,"[0.6, 0.41, 0.75, 0.56, 0.47, 0.3]",6,0.515
The effectiveness of the medication remains unclear in treating the disease.,remains unclear,meta-llama/Llama-3.1-8B-Instruct,"[0.58, 0.76, 0.52]",3,0.62
Whether the medication is effective in treating the disease remains unclear.,remains unclear,meta-llama/Llama-3.1-8B-Instruct,"[0.6, 0.58, 0.23]",3,0.47
The effectiveness of the medication remains unclear.,remains unclear,meta-llama/Llama-3.1-8B-Instruct,"[0.5, 0.6, 0.53]",3,0.5433333333333333
Whether it rains tomorrow remains uncertain.,remains uncertain,meta-llama/Llama-3.1-8B-Instruct,"[0.45, 0.6, 0.25, 0.58, 0.65, 0.48]",6,0.5016666666666666
It rains tomorrow remains uncertain.,remains uncertain,meta-llama/Llama-3.1-8B-Instruct,"[0.85, 0.85, 0.92, 0.9, 0.78, 0.6, 0.87, 0.4, 0.81, 0.98, 0.6, 0.6, 0.5, 0.75, 0.3, 0.5, 0.95, 0.6, 0.85, 0.85, 0.6, 0.8, 0.6, 0.88, 0.68, 0.87, 0.67, 0.6, 0.75, 0.6, 0.8, 0.58, 0.78, 0.83, 0.65, 0.35]",36,0.7083333333333334
It remains uncertain whether it rains tomorrow.,remains uncertain,meta-llama/Llama-3.1-8B-Instruct,"[0.6, 0.52, 0.6, 0.31, 0.5, 0.6, 0.5, 0.2, 0.76, 0.25, 0.5, 0.3, 0.22, 0.45, 0.6]",15,0.46066666666666667
The forecast that it will rain tomorrow remains uncertain.,remains uncertain,meta-llama/Llama-3.1-8B-Instruct,"[0.35, 0.6, 0.57]",3,0.5066666666666667
The book is unresolved.,unresolved,meta-llama/Llama-3.1-8B-Instruct,"[0.7, 0.2, 0.3, 0.8, 0.55, 0.5, 0.22, 0.5, 0.2, 0.2, 0.6, 0.14, 0.35, 0.3, 0.5]",15,0.40399999999999997
The book is unresolved informative.,unresolved,meta-llama/Llama-3.1-8B-Instruct,"[0.05, 0.5, 0.5, 0.22, 0.25, 0.49, 0.27, 0.95, 0.14]",9,0.37444444444444447
"The book is informative, unresolved.",unresolved,meta-llama/Llama-3.1-8B-Instruct,"[0.5, 0.38, 0.6, 0.43, 0.6, 0.5, 0.4, 0.45, 0.2, 0.6, 0.5, 0.44, 0.7, 0.75, 0.58]",15,0.5086666666666667
The book’s informativeness remains unresolved.,unresolved,meta-llama/Llama-3.1-8B-Instruct,"[0.5, 0.5, 0.98, 0.94, 0.5, 0.85]",6,0.7116666666666666
The book's informativity is unresolved.,unresolved,meta-llama/Llama-3.1-8B-Instruct,"[0.5, 0.45, 0.05]",3,0.3333333333333333
The book's completeness remains unresolved.,unresolved,meta-llama/Llama-3.1-8B-Instruct,"[0.42, 0.47, 0.69]",3,0.5266666666666666
The book’s usefulness remains unresolved.,unresolved,meta-llama/Llama-3.1-8B-Instruct,"[0.65, 0.5, 0.31]",3,0.48666666666666664
The book has unresolved informative aspects.,unresolved,meta-llama/Llama-3.1-8B-Instruct,"[0.63, 0.5, 0.75]",3,0.6266666666666666
The book's informativeness remains unresolved.,unresolved,meta-llama/Llama-3.1-8B-Instruct,"[0.8, 0.95, 0.22]",3,0.6566666666666666
The movie is contested.,contested,meta-llama/Llama-3.1-8B-Instruct,"[0.52, 0.61, 0.85, 0.42, 0.6, 0.6, 0.8, 0.36, 0.42, 0.7, 0.6, 0.71, 0.78, 0.35, 0.68, 0.86, 0.6, 0.6, 0.4, 0.14, 0.5, 0.13, 0.3, 0.5, 0.86, 0.52, 0.4, 0.4, 0.2, 0.2, 0.6, 0.6, 0.62, 0.69, 0.6, 0.47, 0.6, 0.55, 0.56, 0.4, 0.65, 0.55, 0.36, 0.74, 0.5, 0.27, 0.3, 0.3, 0.86, 0.58, 0.81, 0.81, 0.3, 0.4]",54,0.5320370370370371
The movie is contested good.,contested,meta-llama/Llama-3.1-8B-Instruct,"[0.2, 0.74, 0.2]",3,0.38000000000000006
The movie's quality is contested.,contested,meta-llama/Llama-3.1-8B-Instruct,"[0.95, 0.42, 0.6]",3,0.6566666666666666
The new policy's improvement of the economy is disputed.,disputed,meta-llama/Llama-3.1-8B-Instruct,"[0.31, 0.75, 0.73, 0.34, 0.28, 0.73, 0.78, 0.58, 0.6]",9,0.5666666666666667
The new policy improves the economy is disputed.,disputed,meta-llama/Llama-3.1-8B-Instruct,"[0.46, 0.5, 0.35]",3,0.4366666666666667
The new policy is disputed to improve the economy.,disputed,meta-llama/Llama-3.1-8B-Instruct,"[0.3, 0.67, 0.34, 0.68, 0.28, 0.87, 0.6, 0.2, 0.67]",9,0.5122222222222222
"The new policy improves the economy, disputed.",disputed,meta-llama/Llama-3.1-8B-Instruct,"[0.58, 0.6, 0.25, 0.3, 0.06, 0.63, 0.6, 0.4, 0.35, 0.6, 0.43, 0.6]",12,0.44999999999999996
The new policy's effect on the economy is disputed.,disputed,meta-llama/Llama-3.1-8B-Instruct,"[0.6, 0.6, 0.73]",3,0.6433333333333333
The new policy's impact on the economy is disputed.,disputed,meta-llama/Llama-3.1-8B-Instruct,"[0.76, 0.6, 0.47]",3,0.61
The new policy is disputed as improving the economy.,disputed,meta-llama/Llama-3.1-8B-Instruct,"[0.67, 0.6, 0.88, 0.57, 0.6, 0.6, 0.6, 0.23, 0.87]",9,0.6244444444444445
The new policy’s effect on the economy is disputed.,disputed,meta-llama/Llama-3.1-8B-Instruct,"[0.6, 0.63, 0.43]",3,0.5533333333333333
The new policy has been disputed as improving the economy.,disputed,meta-llama/Llama-3.1-8B-Instruct,"[0.61, 0.31, 0.67]",3,0.53
It is disputed that the new policy improves the economy.,disputed,meta-llama/Llama-3.1-8B-Instruct,"[0.85, 0.76, 0.78]",3,0.7966666666666667
The new policy is disputed for improving the economy.,disputed,meta-llama/Llama-3.1-8B-Instruct,"[0.55, 0.55, 0.6]",3,0.5666666666666668
"The book is informative, not yet established.",not yet established,meta-llama/Llama-3.1-8B-Instruct,"[0.45, 0.52, 0.4, 0.3, 0.5, 0.34, 0.31, 0.4, 0.4, 0.78, 0.3, 0.4, 0.38, 0.43, 0.6, 0.68, 0.7, 0.58, 0.4, 0.6, 0.52, 0.4, 0.73, 0.72, 0.55, 0.78, 0.74, 0.59, 0.6, 0.67, 0.86, 0.6, 0.3, 0.58, 0.6, 0.48, 0.45, 0.65, 0.56, 0.48, 0.55, 0.43]",42,0.5311904761904762
The efficacy of X is not yet established.,not yet established,meta-llama/Llama-3.1-8B-Instruct,"[0.6, 0.73, 0.85]",3,0.7266666666666666
The book's informativeness is not yet established.,not yet established,meta-llama/Llama-3.1-8B-Instruct,"[0.78, 0.67, 0.7, 0.63, 0.57, 0.85, 0.6, 0.8, 0.7, 0.8, 0.7, 0.6]",12,0.7000000000000001
It is not yet established that the book is informative.,not yet established,meta-llama/Llama-3.1-8B-Instruct,"[0.78, 0.68, 0.68]",3,0.7133333333333334
"The experiment shows a significant effect, which is inconclusive.",inconclusive,meta-llama/Llama-3.1-8B-Instruct,"[0.25, 0.2, 0.57]",3,0.34
The experiment shows an inconclusive effect.,inconclusive,meta-llama/Llama-3.1-8B-Instruct,"[0.5, 0.67, 0.2, 0.27, 0.68, 0.75, 0.38, 0.45, 0.5, 0.2, 0.5, 0.71, 0.85, 0.36, 0.35, 0.2, 0.56, 0.65, 0.42, 0.27, 0.3, 0.4, 0.6, 0.7]",24,0.4779166666666667
The experiment is inconclusive.,inconclusive,meta-llama/Llama-3.1-8B-Instruct,"[0.6, 0.85, 0.67]",3,0.7066666666666667
The experiment's results are inconclusive regarding a significant effect.,inconclusive,meta-llama/Llama-3.1-8B-Instruct,"[0.85, 0.53, 0.72]",3,0.7000000000000001
The experiment shows a significant effect inconclusive.,inconclusive,meta-llama/Llama-3.1-8B-Instruct,"[0.58, 0.5, 0.43]",3,0.5033333333333333
The experiment is inconclusive about the significance of the effect.,inconclusive,meta-llama/Llama-3.1-8B-Instruct,"[0.73, 0.58, 0.2]",3,0.5033333333333333
The experiment shows an inconclusive significant effect.,inconclusive,meta-llama/Llama-3.1-8B-Instruct,"[0.67, 0.27, 0.4, 0.42, 0.44, 0.3]",6,0.4166666666666667
The experiment inconclusive indicates a significant effect.,inconclusive,meta-llama/Llama-3.1-8B-Instruct,"[0.38, 0.41, 0.75, 0.56, 0.2, 0.38]",6,0.4466666666666667
The experiment results remain inconclusive.,inconclusive,meta-llama/Llama-3.1-8B-Instruct,"[0.85, 0.62, 0.4]",3,0.6233333333333334
"The experiment shows a significant effect, although it remains inconclusive.",inconclusive,meta-llama/Llama-3.1-8B-Instruct,"[0.68, 0.48, 0.43]",3,0.53
"The experiment shows a significant effect, but the results are inconclusive.",inconclusive,meta-llama/Llama-3.1-8B-Instruct,"[0.43, 0.42, 0.5]",3,0.45
The movie is ambiguous.,ambiguous,meta-llama/Llama-3.1-8B-Instruct,"[0.6, 0.75, 0.8, 0.6, 0.7, 0.95, 0.75, 0.76, 0.78, 0.81, 0.6, 0.6, 0.6, 0.5, 0.75, 0.57, 0.5, 0.85, 0.8, 0.86, 0.6, 0.8, 0.8, 0.65, 0.5, 0.6, 0.6, 0.6, 0.6, 0.8, 0.8, 0.8, 0.7, 0.65, 0.8, 0.8, 0.85, 0.85, 0.85]",39,0.7123076923076923
The movie is ambiguous good.,ambiguous,meta-llama/Llama-3.1-8B-Instruct,"[0.3, 0.3, 0.4]",3,0.3333333333333333
The movie is ambiguously good.,ambiguous,meta-llama/Llama-3.1-8B-Instruct,"[0.45, 0.55, 0.3, 0.62, 0.66, 0.43]",6,0.5016666666666667
"The movie is good, ambiguous.",ambiguous,meta-llama/Llama-3.1-8B-Instruct,"[0.6, 0.36, 0.22]",3,0.3933333333333333
It is ambiguous whether the movie is good.,ambiguous,meta-llama/Llama-3.1-8B-Instruct,"[0.6, 0.55, 0.3]",3,0.48333333333333334
The movie is ambiguous in its good quality.,ambiguous,meta-llama/Llama-3.1-8B-Instruct,"[0.3, 0.4, 0.6]",3,0.43333333333333335
The movie is ambiguous regarding its quality.,ambiguous,meta-llama/Llama-3.1-8B-Instruct,"[0.55, 0.85, 0.78]",3,0.7266666666666667
It is equivocal that it rains tomorrow.,equivocal,meta-llama/Llama-3.1-8B-Instruct,"[0.5, 0.2, 0.22, 0.3, 0.52, 0.35, 0.6, 0.22, 0.2, 0.67, 0.5, 0.75, 0.2, 0.2, 0.6]",15,0.402
It rains tomorrow equivocal.,equivocal,meta-llama/Llama-3.1-8B-Instruct,"[0.2, 0.16, 0.2]",3,0.18666666666666668
The weather forecast is equivocal regarding rainfall tomorrow.,equivocal,meta-llama/Llama-3.1-8B-Instruct,"[0.85, 0.75, 0.58]",3,0.7266666666666666
It rains tomorrow—equivocal.,equivocal,meta-llama/Llama-3.1-8B-Instruct,"[0.45, 0.28, 0.3]",3,0.3433333333333333
It rains equivocal tomorrow.,equivocal,meta-llama/Llama-3.1-8B-Instruct,"[0.34, 0.23, 0.2, 0.05, 0.6, 0.65, 0.2, 0.03, 0.37]",9,0.29666666666666663
It equivocal rains tomorrow.,equivocal,meta-llama/Llama-3.1-8B-Instruct,"[0.2, 0.2, 0.26, 0.3, 0.5, 0.22]",6,0.27999999999999997
It is equivocal whether it rains tomorrow.,equivocal,meta-llama/Llama-3.1-8B-Instruct,"[0.64, 0.7, 0.2, 0.56, 0.66, 0.3, 0.52, 0.2, 0.4]",9,0.46444444444444444
The rain tomorrow is equivocal.,equivocal,meta-llama/Llama-3.1-8B-Instruct,"[0.65, 0.6, 0.69]",3,0.6466666666666666
It is equivocal whether it will rain tomorrow.,equivocal,meta-llama/Llama-3.1-8B-Instruct,"[0.6, 0.25, 0.6]",3,0.48333333333333334
It is equivocal that it will rain tomorrow.,equivocal,meta-llama/Llama-3.1-8B-Instruct,"[0.34, 0.2, 0.25]",3,0.26333333333333336
The new product's success is indeterminate in the market.,indeterminate,meta-llama/Llama-3.1-8B-Instruct,"[0.78, 0.3, 0.4, 0.8, 0.6, 0.22]",6,0.5166666666666667
The new product's success in the market is indeterminate.,indeterminate,meta-llama/Llama-3.1-8B-Instruct,"[0.55, 0.76, 0.65, 0.85, 0.45, 0.35, 0.4, 0.47, 0.48, 0.68, 0.65, 0.23, 0.6, 0.65, 0.15, 0.45, 0.35, 0.5, 0.6, 0.6, 0.5, 0.4, 0.08, 0.95, 0.2, 0.25, 0.2, 0.58, 0.25, 0.6]",30,0.481
The new product is indeterminate in the market.,indeterminate,meta-llama/Llama-3.1-8B-Instruct,"[0.04, 0.48, 0.6, 0.6, 0.36, 0.6, 0.3, 0.4, 0.6, 0.46, 0.36, 0.25]",12,0.42083333333333334
The success of the new product is indeterminate.,indeterminate,meta-llama/Llama-3.1-8B-Instruct,"[0.67, 0.46, 0.66]",3,0.5966666666666667
The new product’s success in the market is indeterminate.,indeterminate,meta-llama/Llama-3.1-8B-Instruct,"[0.53, 0.7, 0.24]",3,0.49
The new product is indeterminate in its success in the market.,indeterminate,meta-llama/Llama-3.1-8B-Instruct,"[0.55, 0.35, 0.4]",3,0.43333333333333335
The new product's success in the market remains indeterminate.,indeterminate,meta-llama/Llama-3.1-8B-Instruct,"[0.8, 0.78, 0.6]",3,0.7266666666666667
The report is speculative.,speculative,meta-llama/Llama-3.1-8B-Instruct,"[0.6, 0.6, 0.6, 0.6, 0.6, 0.3, 0.5, 0.2, 0.6, 0.85, 0.7, 0.55, 0.6, 0.57, 0.6, 0.4, 0.5, 0.75, 0.6, 0.6, 0.3, 0.35, 0.2, 0.6, 0.4, 0.55, 0.65, 0.55, 0.65, 0.6]",30,0.5389999999999999
The report is speculatively inaccurate.,speculative,meta-llama/Llama-3.1-8B-Instruct,"[0.25, 0.34, 0.5]",3,0.36333333333333334
"Speculative, the report is not accurate.",speculative,meta-llama/Llama-3.1-8B-Instruct,"[0.12, 0.2, 0.25]",3,0.19000000000000003
The report is speculative that it is not accurate.,speculative,meta-llama/Llama-3.1-8B-Instruct,"[0.08, 0.06, 0.35]",3,0.16333333333333333
The report is speculative in its accuracy.,speculative,meta-llama/Llama-3.1-8B-Instruct,"[0.69, 0.83, 0.57]",3,0.6966666666666667
The report is speculative regarding accuracy.,speculative,meta-llama/Llama-3.1-8B-Instruct,"[0.3, 0.8, 0.85]",3,0.65
The report may be speculative.,speculative,meta-llama/Llama-3.1-8B-Instruct,"[0.55, 0.45, 0.6]",3,0.5333333333333333
The report is speculative about its lack of accuracy.,speculative,meta-llama/Llama-3.1-8B-Instruct,"[0.6, 0.7, 0.8]",3,0.7000000000000001
The report is speculative in its inaccuracy.,speculative,meta-llama/Llama-3.1-8B-Instruct,"[0.35, 0.6, 0.06]",3,0.33666666666666667
"Speculative, the report might not be accurate.",speculative,meta-llama/Llama-3.1-8B-Instruct,"[0.25, 0.65, 0.2]",3,0.3666666666666667
The report is speculative about its accuracy.,speculative,meta-llama/Llama-3.1-8B-Instruct,"[0.6, 0.7, 0.55]",3,0.6166666666666667
The neighbor is conjectural home.,conjectural,meta-llama/Llama-3.1-8B-Instruct,"[0.1, 0.02, 0.37, 0.03, 0.2, 0.2, 0.3, 0.2, 0.03]",9,0.1611111111111111
conjecturally the neighbor is home.,conjectural,meta-llama/Llama-3.1-8B-Instruct,"[0.08, 0.2, 0.25]",3,0.17666666666666667
The neighbor is conjecturally home.,conjectural,meta-llama/Llama-3.1-8B-Instruct,"[0.64, 0.28, 0.23, 0.36, 0.73, 0.23, 0.42, 0.64, 0.34, 0.2, 0.34, 0.3, 0.34, 0.22, 0.71, 0.06, 0.5, 0.2, 0.45, 0.6, 0.61, 0.2, 0.2, 0.23, 0.22, 0.67, 0.13, 0.6, 0.78, 0.67]",30,0.4033333333333333
It is conjectural that the neighbor is home.,conjectural,meta-llama/Llama-3.1-8B-Instruct,"[0.74, 0.35, 0.2, 0.63, 0.2, 0.52, 0.6, 0.6, 0.67]",9,0.5011111111111111
Conjectural evidence indicates the neighbor is home.,conjectural,meta-llama/Llama-3.1-8B-Instruct,"[0.41, 0.2, 0.28]",3,0.2966666666666667
The neighbor is conjectured to be home.,conjectural,meta-llama/Llama-3.1-8B-Instruct,"[0.3, 0.4, 0.27]",3,0.3233333333333333
Conjectural the neighbor is home.,conjectural,meta-llama/Llama-3.1-8B-Instruct,"[0.2, 0.36, 0.7]",3,0.42
The book is tentative.,tentative,meta-llama/Llama-3.1-8B-Instruct,"[0.2, 0.5, 0.2]",3,0.3
Tentatively the book is informative.,tentative,meta-llama/Llama-3.1-8B-Instruct,"[0.76, 0.44, 0.57]",3,0.59
The book is tentatively informative.,tentative,meta-llama/Llama-3.1-8B-Instruct,"[0.58, 0.47, 0.2, 0.68, 0.75, 0.78, 0.73, 0.74, 0.85, 0.13, 0.61, 0.22, 0.6, 0.34, 0.3, 0.58, 0.36, 0.67, 0.8, 0.56, 0.45, 0.47, 0.61, 0.31, 0.25, 0.2, 0.67, 0.4, 0.3, 0.68, 0.58, 0.3, 0.59, 0.71, 0.5, 0.3, 0.3, 0.45, 0.32, 0.41, 0.74, 0.3, 0.48, 0.6, 0.41, 0.45, 0.68, 0.85, 0.2, 0.4, 0.23]",51,0.4919607843137255
The book is tentative informative.,tentative,meta-llama/Llama-3.1-8B-Instruct,"[0.2, 0.2, 0.06]",3,0.15333333333333335
The effectiveness of the medication is at issue in treating the disease.,at issue,meta-llama/Llama-3.1-8B-Instruct,"[0.5, 0.48, 0.6]",3,0.5266666666666667
The effectiveness of the medication in treating the disease is at issue.,at issue,meta-llama/Llama-3.1-8B-Instruct,"[0.5, 0.35, 0.42, 0.85, 0.6, 0.29, 0.7, 0.3, 0.81, 0.56, 0.5, 0.22, 0.62, 0.42, 0.42]",15,0.504
The medication's effectiveness in treating the disease is at issue.,at issue,meta-llama/Llama-3.1-8B-Instruct,"[0.6, 0.35, 0.08, 0.36, 0.58, 0.73]",6,0.44999999999999996
It is at issue whether the medication is effective in treating the disease.,at issue,meta-llama/Llama-3.1-8B-Instruct,"[0.6, 0.6, 0.75]",3,0.65
The medication is at issue in treating the disease.,at issue,meta-llama/Llama-3.1-8B-Instruct,"[0.78, 0.5, 0.55]",3,0.61
The medication is effective in treating the disease at issue.,at issue,meta-llama/Llama-3.1-8B-Instruct,"[0.8, 0.95, 0.95, 0.7, 0.94, 0.8, 0.98, 0.8, 0.8]",9,0.8577777777777778
The medication is at issue for its effectiveness in treating the disease.,at issue,meta-llama/Llama-3.1-8B-Instruct,"[0.76, 0.76, 0.2]",3,0.5733333333333334
The medication is effective at issue in treating the disease.,at issue,meta-llama/Llama-3.1-8B-Instruct,"[0.49, 0.85, 0.85, 0.3, 0.75, 0.68]",6,0.6533333333333333
The effectiveness of the medication is at issue.,at issue,meta-llama/Llama-3.1-8B-Instruct,"[0.51, 0.67, 0.22, 0.44, 0.25, 0.85, 0.68, 0.2, 0.68]",9,0.5
The medication’s effectiveness at issue for treating the disease.,at issue,meta-llama/Llama-3.1-8B-Instruct,"[0.3, 0.38, 0.23]",3,0.30333333333333334
The movie is good under debate.,under debate,meta-llama/Llama-3.1-8B-Instruct,"[0.45, 0.67, 0.86, 0.6, 0.2, 0.65, 0.43, 0.6, 0.49, 0.47, 0.37, 0.75, 0.85, 0.22, 0.65, 0.68, 0.55, 0.26, 0.4, 0.55, 0.6, 0.35, 0.61, 0.45, 0.27, 0.7, 0.2, 0.4, 0.3, 0.45, 0.34, 0.2, 0.5, 0.2, 0.5, 0.2, 0.85, 0.2, 0.28, 0.5, 0.7, 0.56, 0.85, 0.14, 0.5, 0.45, 0.2, 0.26]",48,0.4679166666666667
"The movie is good, under debate.",under debate,meta-llama/Llama-3.1-8B-Instruct,"[0.45, 0.6, 0.2, 0.3, 0.3, 0.43]",6,0.37999999999999995
The movie is under debate.,under debate,meta-llama/Llama-3.1-8B-Instruct,"[0.5, 0.6, 0.6]",3,0.5666666666666667
The movie's quality is under debate.,under debate,meta-llama/Llama-3.1-8B-Instruct,"[0.76, 0.61, 0.6]",3,0.6566666666666666
The new policy improves the economy in question.,in question,meta-llama/Llama-3.1-8B-Instruct,"[0.78, 0.8, 0.85, 0.85, 0.05, 0.95, 0.87, 0.8, 0.75, 0.6, 0.7, 0.61, 0.75, 0.6, 0.5, 0.7, 0.7, 0.65, 0.85, 0.75, 0.58, 0.8, 0.46, 0.85, 0.8, 0.6, 0.94]",27,0.7088888888888889
The new policy improving the economy is in question.,in question,meta-llama/Llama-3.1-8B-Instruct,"[0.53, 0.58, 0.31]",3,0.47333333333333333
The new policy is in question.,in question,meta-llama/Llama-3.1-8B-Instruct,"[0.29, 0.31, 0.28, 0.6, 0.6, 0.6]",6,0.4466666666666666
The new policy in question improves the economy.,in question,meta-llama/Llama-3.1-8B-Instruct,"[0.95, 0.8, 0.8, 0.8, 0.85, 0.8, 0.8, 0.8, 0.75]",9,0.8166666666666668
The new policy is in question as improving the economy.,in question,meta-llama/Llama-3.1-8B-Instruct,"[0.34, 0.76, 0.2]",3,0.43333333333333335
"The new policy improves the economy, in question.",in question,meta-llama/Llama-3.1-8B-Instruct,"[0.3, 0.6, 0.36]",3,0.42
The new policy is in question regarding its impact on the economy.,in question,meta-llama/Llama-3.1-8B-Instruct,"[0.58, 0.6, 0.58]",3,0.5866666666666666
The new policy is in question about its impact on the economy.,in question,meta-llama/Llama-3.1-8B-Instruct,"[0.64, 0.34, 0.35]",3,0.44333333333333336
The new policy (in question) improves the economy.,in question,meta-llama/Llama-3.1-8B-Instruct,"[0.6, 0.6, 0.6]",3,0.6
The new policy is far from settled in terms of its impact on the economy.,far from settled,meta-llama/Llama-3.1-8B-Instruct,"[0.68, 0.75, 0.8]",3,0.7433333333333333
"Far from settled, the new policy improves the economy.",far from settled,meta-llama/Llama-3.1-8B-Instruct,"[0.58, 0.7, 0.5, 0.78, 0.7, 0.68, 0.82, 0.67, 0.75, 0.63, 0.58, 0.75]",12,0.6783333333333333
"The new policy improves the economy, a claim that is far from settled.",far from settled,meta-llama/Llama-3.1-8B-Instruct,"[0.28, 0.56, 0.56]",3,0.46666666666666673
"The new policy improves the economy, far from settled.",far from settled,meta-llama/Llama-3.1-8B-Instruct,"[0.28, 0.7, 0.73, 0.4, 0.69, 0.85, 0.31, 0.73, 0.95]",9,0.6266666666666666
The new policy far from settled improves the economy.,far from settled,meta-llama/Llama-3.1-8B-Instruct,"[0.23, 0.58, 0.22]",3,0.3433333333333333
The new policy improves the economy far from settled.,far from settled,meta-llama/Llama-3.1-8B-Instruct,"[0.54, 0.25, 0.38, 0.82, 0.6, 0.85, 0.2, 0.28, 0.6, 0.5, 0.15, 0.22]",12,0.44916666666666666
The new policy is far from settled.,far from settled,meta-llama/Llama-3.1-8B-Instruct,"[0.6, 0.78, 0.6]",3,0.66
The new policy is far from settled that it improves the economy.,far from settled,meta-llama/Llama-3.1-8B-Instruct,"[0.54, 0.56, 0.6]",3,0.5666666666666668
The new policy is far from settled in how it improves the economy.,far from settled,meta-llama/Llama-3.1-8B-Instruct,"[0.67, 0.67, 0.75]",3,0.6966666666666667
The new policy is far from settled in improving the economy.,far from settled,meta-llama/Llama-3.1-8B-Instruct,"[0.6, 0.71, 0.46]",3,0.59
The new policy is far from settled on its impact on the economy.,far from settled,meta-llama/Llama-3.1-8B-Instruct,"[0.35, 0.4, 0.43]",3,0.3933333333333333
The new policy’s impact on the economy is far from settled.,far from settled,meta-llama/Llama-3.1-8B-Instruct,"[0.52, 0.7, 0.41]",3,0.5433333333333333
The movie is good by no means certain.,by no means certain,meta-llama/Llama-3.1-8B-Instruct,"[0.23, 0.22, 0.25, 0.6, 0.67, 0.45, 0.4, 0.2, 0.55]",9,0.3966666666666667
"The movie is good, by no means certain.",by no means certain,meta-llama/Llama-3.1-8B-Instruct,"[0.22, 0.5, 0.4, 0.4, 0.64, 0.3, 0.58, 0.45, 0.44, 0.5, 0.72, 0.85, 0.45, 0.42, 0.25, 0.28, 0.3, 0.2, 0.56, 0.26, 0.6, 0.6, 0.67, 0.55, 0.25, 0.44, 0.3, 0.35, 0.3, 0.3, 0.2, 0.4, 0.41]",33,0.42696969696969694
"By no means certain, the movie is good.",by no means certain,meta-llama/Llama-3.1-8B-Instruct,"[0.06, 0.4, 0.6, 0.2, 0.58, 0.16, 0.72, 0.42, 0.4, 0.43, 0.35, 0.31, 0.28, 0.25, 0.31, 0.34, 0.03, 0.15]",18,0.3327777777777778
The neighbor is roughly home.,roughly,meta-llama/Llama-3.1-8B-Instruct,"[0.55, 0.68, 0.3, 0.43, 0.42, 0.2, 0.68, 0.67, 0.7, 0.5, 0.6, 0.6, 0.48, 0.5, 0.85, 0.6, 0.87, 0.45, 0.5, 0.35, 0.41, 0.5, 0.4, 0.5, 0.58, 0.45, 0.58, 0.25, 0.6, 0.6, 0.68, 0.5, 0.7, 0.68, 0.35, 0.5, 0.78, 0.7, 0.58]",39,0.5453846153846154
The neighbor is roughly at home.,roughly,meta-llama/Llama-3.1-8B-Instruct,"[0.68, 0.65, 0.65, 0.4, 0.6, 0.52, 0.6, 0.72, 0.6, 0.73, 0.51, 0.67, 0.51, 0.7, 0.4]",15,0.596
The neighbor is home roughly.,roughly,meta-llama/Llama-3.1-8B-Instruct,"[0.45, 0.56, 0.4]",3,0.47000000000000003
"Roughly, the neighbor is home.",roughly,meta-llama/Llama-3.1-8B-Instruct,"[0.35, 0.3, 0.32]",3,0.3233333333333333
The restaurant serves approximately delicious food.,approximately,meta-llama/Llama-3.1-8B-Instruct,"[0.3, 0.2, 0.41, 0.3, 0.27, 0.25, 0.3, 0.6, 0.26, 0.22, 0.55, 0.2, 0.51, 0.06, 0.06, 0.5, 0.7, 0.6, 0.28, 0.48, 0.6, 0.76, 0.46, 0.3, 0.41, 0.52, 0.62, 0.4, 0.3, 0.25, 0.6, 0.12, 0.3, 0.2, 0.23, 0.4, 0.68, 0.56, 0.2]",39,0.3835897435897436
The restaurant serves food that is approximately delicious.,approximately,meta-llama/Llama-3.1-8B-Instruct,"[0.27, 0.45, 0.42, 0.28, 0.22, 0.25, 0.66, 0.35, 0.5, 0.34, 0.7, 0.65]",12,0.42416666666666664
The restaurant's food is approximately delicious.,approximately,meta-llama/Llama-3.1-8B-Instruct,"[0.32, 0.22, 0.47]",3,0.33666666666666667
The restaurant serves food approximately described as delicious.,approximately,meta-llama/Llama-3.1-8B-Instruct,"[0.4, 0.2, 0.42]",3,0.34
Approximately the restaurant serves delicious food.,approximately,meta-llama/Llama-3.1-8B-Instruct,"[0.4, 0.4, 0.7]",3,0.5
The city is about the oldest in the country.,about,meta-llama/Llama-3.1-8B-Instruct,"[0.4, 0.8, 0.3, 0.85, 0.5, 0.35, 0.48, 0.25, 0.5, 0.5, 0.82, 0.65, 0.23, 0.6, 0.6, 0.42, 0.4, 0.56, 0.44, 0.58, 0.48, 0.26, 0.35, 0.4, 0.56, 0.74, 0.4, 0.33, 0.78, 0.35, 0.58, 0.6, 0.52, 0.67, 0.78, 0.3, 0.5, 0.6, 0.4, 0.73, 0.5, 0.61, 0.78, 0.27, 0.85, 0.67, 0.47, 0.4, 0.45, 0.6, 0.7, 0.35, 0.6, 0.61, 0.4, 0.64, 0.78, 0.42, 0.3, 0.78]",60,0.529
The city is around the oldest in the country.,around,meta-llama/Llama-3.1-8B-Instruct,"[0.65, 0.54, 0.6, 0.35, 0.6, 0.67, 0.3, 0.27, 0.3, 0.67, 0.73, 0.7, 0.55, 0.2, 0.88, 0.26, 0.68, 0.68, 0.24, 0.45, 0.41, 0.69, 0.2, 0.6, 0.46, 0.68, 0.78, 0.67, 0.45, 0.45, 0.2, 0.56, 0.68, 0.54, 0.22, 0.6, 0.5, 0.79, 0.6, 0.4, 0.36, 0.32, 0.7, 0.08, 0.4, 0.42, 0.25, 0.46, 0.41, 0.85, 0.61, 0.78, 0.65, 0.35, 0.4, 0.88, 0.4, 0.62, 0.6, 0.3]",60,0.5106666666666667
The neighbor is more or less at home.,more or less,meta-llama/Llama-3.1-8B-Instruct,"[0.6, 0.7, 0.57]",3,0.6233333333333333
The neighbor is more or less home.,more or less,meta-llama/Llama-3.1-8B-Instruct,"[0.56, 0.3, 0.19, 0.5, 0.61, 0.68, 0.58, 0.67, 0.35, 0.42, 0.58, 0.48, 0.6, 0.67, 0.39, 0.4, 0.6, 0.58, 0.6, 0.6, 0.6, 0.85, 0.6, 0.38, 0.58, 0.6, 0.38, 0.61, 0.56, 0.56, 0.44, 0.55, 0.6, 0.65, 0.5, 0.56, 0.7, 0.72, 0.45, 0.68, 0.55, 0.73, 0.5, 0.55, 0.74, 0.67, 0.68, 0.6]",48,0.5614583333333333
"The neighbor is home, more or less.",more or less,meta-llama/Llama-3.1-8B-Instruct,"[0.36, 0.35, 0.6, 0.79, 0.48, 0.55]",6,0.5216666666666666
more or less the neighbor is home.,more or less,meta-llama/Llama-3.1-8B-Instruct,"[0.5, 0.55, 0.4]",3,0.4833333333333334
"It rains tomorrow, give or take.",give or take,meta-llama/Llama-3.1-8B-Instruct,"[0.3, 0.2, 0.23, 0.2, 0.55, 0.27, 0.6, 0.23, 0.4, 0.35, 0.38, 0.1, 0.63, 0.37, 0.3, 0.47, 0.3, 0.4, 0.4, 0.46, 0.6, 0.23, 0.2, 0.3, 0.7, 0.3, 0.35, 0.2, 0.6, 0.35, 0.3, 0.25, 0.65, 0.5, 0.67, 0.43, 0.25, 0.71, 0.75, 0.36, 0.22, 0.2, 0.28, 0.44, 0.68, 0.23, 0.28, 0.34]",48,0.38562500000000005
It rains give or take tomorrow.,give or take,meta-llama/Llama-3.1-8B-Instruct,"[0.6, 0.23, 0.5]",3,0.44333333333333336
It rains tomorrow give or take.,give or take,meta-llama/Llama-3.1-8B-Instruct,"[0.6, 0.2, 0.2]",3,0.3333333333333333
"It may rain tomorrow, give or take.",give or take,meta-llama/Llama-3.1-8B-Instruct,"[0.4, 0.3, 0.35]",3,0.35000000000000003
"It will rain tomorrow, give or take.",give or take,meta-llama/Llama-3.1-8B-Instruct,"[0.6, 0.23, 0.46]",3,0.43
The neighbor is in the ballpark of home.,in the ballpark of,meta-llama/Llama-3.1-8B-Instruct,"[0.43, 0.75, 0.3, 0.67, 0.55, 0.6, 0.25, 0.6, 0.83]",9,0.5533333333333333
The neighbor is home in the ballpark of.,in the ballpark of,meta-llama/Llama-3.1-8B-Instruct,"[0.2, 0.77, 0.5, 0.47, 0.69, 0.2, 0.25, 0.3, 0.22, 0.6, 0.6, 0.43]",12,0.4358333333333333
"The neighbor is home, in the ballpark of.",in the ballpark of,meta-llama/Llama-3.1-8B-Instruct,"[0.25, 0.4, 0.1, 0.6, 0.4, 0.35, 0.5, 0.2, 0.3, 0.3, 0.45, 0.32, 0.4, 0.6, 0.3, 0.3, 0.3, 0.65, 0.48, 0.3, 0.45, 0.2, 0.52, 0.63, 0.14, 0.55, 0.4, 0.4, 0.23, 0.55]",30,0.38566666666666666
The neighbor is home in the ballpark of a few minutes.,in the ballpark of,meta-llama/Llama-3.1-8B-Instruct,"[0.58, 0.46, 0.56]",3,0.5333333333333333
"The neighbor is home, in the ballpark of certainty.",in the ballpark of,meta-llama/Llama-3.1-8B-Instruct,"[0.87, 0.78, 0.5]",3,0.7166666666666667
The neighbor is in the ballpark of being home.,in the ballpark of,meta-llama/Llama-3.1-8B-Instruct,"[0.6, 0.65, 0.6]",3,0.6166666666666667
The neighbor is somewhere around home.,somewhere around,meta-llama/Llama-3.1-8B-Instruct,"[0.4, 0.65, 0.67, 0.6, 0.75, 0.3, 0.48, 0.6, 0.58, 0.76, 0.67, 0.7, 0.46, 0.6, 0.5, 0.6, 0.25, 0.43, 0.67, 0.4, 0.41, 0.6, 0.48, 0.48, 0.6, 0.6, 0.2, 0.46, 0.42, 0.78, 0.55, 0.5, 0.4, 0.3, 0.83, 0.35, 0.69, 0.6, 0.23, 0.6, 0.58, 0.6, 0.85, 0.67, 0.6, 0.56, 0.6, 0.6, 0.7, 0.68, 0.6, 0.4, 0.35, 0.67, 0.8, 0.48, 0.68]",57,0.553859649122807
The neighbor is home somewhere around.,somewhere around,meta-llama/Llama-3.1-8B-Instruct,"[0.4, 0.55, 0.6]",3,0.5166666666666667
"The restaurant serves delicious food, or so.",or so,meta-llama/Llama-3.1-8B-Instruct,"[0.3, 0.58, 0.44, 0.44, 0.47, 0.43, 0.2, 0.35, 0.64, 0.5, 0.4, 0.2, 0.4, 0.25, 0.22, 0.81, 0.6, 0.2]",18,0.41277777777777774
The restaurant serves delicious food or so.,or so,meta-llama/Llama-3.1-8B-Instruct,"[0.75, 0.2, 0.76, 0.3, 0.25, 0.51, 0.34, 0.31, 0.38, 0.2, 0.31, 0.3, 0.2, 0.23, 0.22, 0.53, 0.24, 0.4, 0.3, 0.2, 0.15, 0.44, 0.6, 0.52, 0.4, 0.16, 0.26, 0.25, 0.24, 0.25, 0.14, 0.3, 0.2, 0.49, 0.2, 0.34, 0.3, 0.27, 0.4, 0.11, 0.65, 0.49]",42,0.3354761904761905
In the region of rain tomorrow.,in the region of,meta-llama/Llama-3.1-8B-Instruct,"[0.62, 0.1, 0.23, 0.2, 0.3, 0.06]",6,0.25166666666666665
It rains in the region of tomorrow.,in the region of,meta-llama/Llama-3.1-8B-Instruct,"[0.2, 0.1, 0.2, 0.58, 0.05, 0.24, 0.2, 0.2, 0.2, 0.08, 0.5, 0.02, 0.28, 0.1, 0.17, 0.26, 0.5, 0.04, 0.22, 0.55, 0.6, 0.23, 0.12]",23,0.2452173913043478
It rains in the region of 70%.,in the region of,meta-llama/Llama-3.1-8B-Instruct,"[0.83, 0.28, 0.81]",3,0.64
It will rain in the region of tomorrow.,in the region of,meta-llama/Llama-3.1-8B-Instruct,"[0.8, 0.4, 0.3]",3,0.5
In the region of rains tomorrow.,in the region of,meta-llama/Llama-3.1-8B-Instruct,"[0.2, 0.6]",2,0.4
"In the region of tomorrow, it rains.",in the region of,meta-llama/Llama-3.1-8B-Instruct,"[0.5, 0.6, 0.2, 0.45, 0.22, 0.05]",6,0.33666666666666667
In the region of rain is expected tomorrow.,in the region of,meta-llama/Llama-3.1-8B-Instruct,"[0.6, 0.5, 0.6]",3,0.5666666666666667
It rains in the region of the next day.,in the region of,meta-llama/Llama-3.1-8B-Instruct,"[0.66, 0.8, 0.71]",3,0.7233333333333333
The rainfall will be in the region of 5 mm.,in the region of,meta-llama/Llama-3.1-8B-Instruct,"[0.6, 0.8, 0.65]",3,0.6833333333333332
In the region of rain it rains tomorrow.,in the region of,meta-llama/Llama-3.1-8B-Instruct,"[0.5, 0.7, 0.34]",3,0.5133333333333333
In the region of tomorrow it rains.,in the region of,meta-llama/Llama-3.1-8B-Instruct,"[0.46, 0.1, 0.04]",3,0.19999999999999998
The restaurant serves food of the order of deliciousness.,of the order of,meta-llama/Llama-3.1-8B-Instruct,"[0.2, 0.45, 0.2, 0.2, 0.7, 0.4, 0.22, 0.3, 0.25, 0.2, 0.31, 0.6, 0.12, 0.65, 0.15, 0.6, 0.3, 0.1, 0.6, 0.2, 0.28, 0.22, 0.24, 0.23, 0.6, 0.44, 0.2, 0.18, 0.22, 0.2, 0.52, 0.2, 0.2]",33,0.31757575757575757
"The restaurant serves food that is delicious, of the order of.",of the order of,meta-llama/Llama-3.1-8B-Instruct,"[0.35, 0.56, 0.34]",3,0.4166666666666667
The restaurant serves food of the order of delicious.,of the order of,meta-llama/Llama-3.1-8B-Instruct,"[0.22, 0.01, 0.05, 0.05, 0.02, 0.14, 0.5, 0.01, 0.05, 0.2, 0.2, 0.04, 0.06, 0.2]",14,0.125
The restaurant's food quality is of the order of delicious.,of the order of,meta-llama/Llama-3.1-8B-Instruct,"[0.25, 0.2, 0.22]",3,0.22333333333333336
The restaurant's average wait time is of the order of fifteen minutes.,of the order of,meta-llama/Llama-3.1-8B-Instruct,"[0.85, 0.75, 0.6]",3,0.7333333333333334
The restaurant offers food of the order of deliciousness.,of the order of,meta-llama/Llama-3.1-8B-Instruct,"[0.53, 0.44, 0.3]",3,0.42333333333333334
"In the vicinity of the market, the new product is successful.",in the vicinity of,meta-llama/Llama-3.1-8B-Instruct,"[0.6, 0.8, 0.95]",3,0.7833333333333333
The new product is successful in the vicinity of the market.,in the vicinity of,meta-llama/Llama-3.1-8B-Instruct,"[0.61, 0.79, 0.5, 0.5, 0.6, 0.58, 0.58, 0.85, 0.5, 0.71, 0.75, 0.4, 0.68, 0.58, 0.84, 0.47, 0.65, 0.6, 0.5, 0.68, 0.48, 0.86, 0.4, 0.5, 0.82, 0.48, 0.3, 0.42, 0.65, 0.74, 0.47, 0.6, 0.48, 0.58, 0.85, 0.2, 0.3, 0.73, 0.75, 0.68, 0.75, 0.85, 0.86, 0.6, 0.48, 0.6, 0.65, 0.55, 0.41, 0.67, 0.6, 0.85, 0.29, 0.57, 0.4, 0.5, 0.6]",57,0.594561403508772
"The new policy improves the economy, upwards of 5%.",upwards of,meta-llama/Llama-3.1-8B-Instruct,"[0.8, 0.75, 0.65]",3,0.7333333333333334
The new policy improves the economy upwards of ten percent.,upwards of,meta-llama/Llama-3.1-8B-Instruct,"[0.72, 0.6, 0.7]",3,0.6733333333333333
The new policy improves the economy upwards of 5%.,upwards of,meta-llama/Llama-3.1-8B-Instruct,"[0.8, 0.6, 0.8, 0.4, 0.6, 0.65, 0.85, 0.6, 0.8, 0.75, 0.75, 0.65, 0.6, 0.87, 0.76]",15,0.6986666666666667
The new policy improves the economy upwards of.,upwards of,meta-llama/Llama-3.1-8B-Instruct,"[0.26, 0.76, 0.2, 0.2, 0.49, 0.35, 0.25, 0.55, 0.4]",9,0.3844444444444444
"The new policy improves the economy, upwards of 3%.",upwards of,meta-llama/Llama-3.1-8B-Instruct,"[0.7, 0.7, 0.75]",3,0.7166666666666667
The new policy improves the economy upwards of 5 percent.,upwards of,meta-llama/Llama-3.1-8B-Instruct,"[0.7, 0.85, 0.52]",3,0.69
The new policy improves the economy upwards of 10%.,upwards of,meta-llama/Llama-3.1-8B-Instruct,"[0.6, 0.6, 0.91]",3,0.7033333333333333
The new policy improves the economy upwards of 2%.,upwards of,meta-llama/Llama-3.1-8B-Instruct,"[0.85, 0.8, 0.48]",3,0.71
The new policy improves the economy upwards of five percent.,upwards of,meta-llama/Llama-3.1-8B-Instruct,"[0.86, 0.85, 0.8]",3,0.8366666666666666
The new policy improves the economy upwards of a modest amount.,upwards of,meta-llama/Llama-3.1-8B-Instruct,"[0.6, 0.75, 0.45]",3,0.6
The new policy improves the economy by upwards of 10%.,upwards of,meta-llama/Llama-3.1-8B-Instruct,"[0.7, 0.5, 0.2, 0.78, 0.7, 0.5]",6,0.5633333333333334
Upwards of the new policy improves the economy.,upwards of,meta-llama/Llama-3.1-8B-Instruct,"[0.7, 0.2, 0.7]",3,0.5333333333333333
The new policy improves the economy upwards of thirty percent.,upwards of,meta-llama/Llama-3.1-8B-Instruct,"[0.69, 0.87, 0.66]",3,0.7399999999999999
The experiment shows a significant effect close to significance.,close to,meta-llama/Llama-3.1-8B-Instruct,"[0.78, 0.7, 0.78, 0.85, 0.81, 0.6]",6,0.7533333333333333
The experiment shows an effect close to significant.,close to,meta-llama/Llama-3.1-8B-Instruct,"[0.56, 0.68, 0.8, 0.83, 0.58, 0.31, 0.71, 0.67, 0.5, 0.54, 0.3, 0.6, 0.57, 0.66, 0.63, 0.6, 0.6, 0.44, 0.73, 0.44, 0.56]",21,0.5861904761904763
The experiment shows a significant effect close to what was anticipated.,close to,meta-llama/Llama-3.1-8B-Instruct,"[0.85, 0.8, 0.82]",3,0.8233333333333333
The experiment shows a significant effect close to the expected level.,close to,meta-llama/Llama-3.1-8B-Instruct,"[0.85, 0.72, 0.7]",3,0.7566666666666667
The experiment shows a significant effect close to what we predicted.,close to,meta-llama/Llama-3.1-8B-Instruct,"[0.85, 0.85, 0.85]",3,0.85
The experiment shows a significant effect close to the expected magnitude.,close to,meta-llama/Llama-3.1-8B-Instruct,"[0.85, 0.85, 0.85, 0.85, 0.81, 0.86]",6,0.8450000000000001
The experiment shows a significant effect close to the 0.05 threshold.,close to,meta-llama/Llama-3.1-8B-Instruct,"[0.85, 0.81, 0.8]",3,0.82
The experiment shows a close to significant effect.,close to,meta-llama/Llama-3.1-8B-Instruct,"[0.6, 0.52, 0.68]",3,0.6
The experiment shows a significant effect close to 0.05.,close to,meta-llama/Llama-3.1-8B-Instruct,"[0.7, 0.87, 0.85]",3,0.8066666666666666
The experiment shows a significant effect close to a large effect.,close to,meta-llama/Llama-3.1-8B-Instruct,"[0.75, 0.68, 0.63]",3,0.6866666666666666
The experiment shows an effect that is close to significant.,close to,meta-llama/Llama-3.1-8B-Instruct,"[0.6, 0.68, 0.75]",3,0.6766666666666667
The experiment shows the effect is close to significant.,close to,meta-llama/Llama-3.1-8B-Instruct,"[0.48, 0.6, 0.53]",3,0.5366666666666666
The report is nearly not accurate.,nearly,meta-llama/Llama-3.1-8B-Instruct,"[0.36, 0.28, 0.34, 0.56, 0.25, 0.34]",6,0.355
The report is nearly accurate.,nearly,meta-llama/Llama-3.1-8B-Instruct,"[0.67, 0.67, 0.6, 0.68, 0.75, 0.75]",6,0.6866666666666666
Nearly the report is not accurate.,nearly,meta-llama/Llama-3.1-8B-Instruct,"[0.3, 0.2, 0.47, 0.46, 0.28, 0.58]",6,0.38166666666666665
The report is nearly inaccurate.,nearly,meta-llama/Llama-3.1-8B-Instruct,"[0.76, 0.5, 0.61, 0.33, 0.06, 0.72, 0.22, 0.6, 0.31, 0.6, 0.44, 0.6, 0.4, 0.2, 0.7, 0.58, 0.98, 0.5, 0.2, 0.7, 0.45, 0.2, 0.25, 0.6, 0.56, 0.22, 0.25, 0.27, 0.65, 0.81, 0.44, 0.2, 0.4, 0.6, 0.36, 0.5]",36,0.4658333333333333
The report is not nearly accurate.,nearly,meta-llama/Llama-3.1-8B-Instruct,"[0.85, 0.88, 0.85, 0.95, 0.74, 0.85]",6,0.8533333333333334
The neighbor is almost home.,almost,meta-llama/Llama-3.1-8B-Instruct,"[0.75, 0.81, 0.8, 0.85, 0.7, 0.85, 0.78, 0.58, 0.68, 0.8, 0.85, 0.87, 0.85, 0.8, 0.8, 0.85, 0.85, 0.5, 0.8, 0.95, 0.82, 0.95, 0.8, 0.95, 0.6, 0.78, 0.4, 0.78, 0.75, 0.85, 0.65, 0.87, 0.6, 0.85, 0.7, 0.8, 0.85, 0.5, 0.73, 0.7, 0.8, 0.85, 0.58, 0.85, 0.8, 0.6, 0.8, 0.85, 0.85, 0.8, 0.75, 0.85, 0.85, 0.8, 0.82, 0.87, 0.85, 0.76, 0.85, 0.73]",60,0.776
The new policy practically improves the economy.,practically,meta-llama/Llama-3.1-8B-Instruct,"[0.95, 0.6, 0.6, 0.3, 0.52, 0.8, 0.75, 0.7, 0.68, 0.85, 0.6, 0.7, 0.8, 0.6, 0.78, 0.6, 0.43, 0.6, 0.4, 0.87, 0.83, 0.75, 0.85, 0.6, 0.4, 0.8, 0.47, 0.6, 0.6, 0.85, 0.8, 0.85, 0.67, 0.85, 0.85, 0.8, 0.75, 0.73, 0.85, 0.53, 0.85, 0.7, 0.6, 0.6, 0.85, 0.8, 0.35, 0.85, 0.5, 0.8, 0.75, 0.87, 0.85, 0.7, 0.78, 0.6, 0.6, 0.8, 0.6, 0.6]",60,0.6935
The experiment effectively shows a significant effect.,effectively,meta-llama/Llama-3.1-8B-Instruct,"[0.9, 0.95, 0.98, 0.98, 0.8, 0.98, 0.92, 0.8, 0.8, 0.95, 0.95, 0.94, 0.95, 0.95, 0.8, 0.92, 0.85, 0.95, 0.8, 0.95, 0.95, 0.95, 0.95, 0.92, 0.95, 0.92, 0.8, 0.7, 0.95, 0.92, 0.86, 0.8, 0.8, 0.85, 0.96, 0.95, 0.96, 0.8, 0.86, 0.8, 0.9, 0.8]",42,0.8921428571428571
The experiment effectively demonstrates a significant effect.,effectively,meta-llama/Llama-3.1-8B-Instruct,"[0.95, 0.98, 0.95, 0.95, 0.8, 0.95]",6,0.93
The experiment shows a significant effect effectively.,effectively,meta-llama/Llama-3.1-8B-Instruct,"[0.75, 0.86, 0.95, 0.6, 0.85, 0.7]",6,0.785
"Effectively, the experiment shows a significant effect.",effectively,meta-llama/Llama-3.1-8B-Instruct,"[0.95, 0.9, 0.92]",3,0.9233333333333333
The experiment shows effectively a significant effect.,effectively,meta-llama/Llama-3.1-8B-Instruct,"[0.95, 0.85, 0.9]",3,0.9
Essentially the medication is effective in treating the disease.,essentially,meta-llama/Llama-3.1-8B-Instruct,"[0.8, 0.8, 0.6, 0.85, 0.8, 0.8, 0.78, 0.78, 0.75]",9,0.7733333333333333
The medication is essentially effective in treating the disease.,essentially,meta-llama/Llama-3.1-8B-Instruct,"[0.75, 0.7, 0.45, 0.9, 0.8, 0.86, 0.78, 0.58, 0.8, 0.6, 0.7, 0.85, 0.85, 0.85, 0.78, 0.82, 0.82, 0.8, 0.82, 0.8, 0.86, 0.8, 0.71, 0.87, 0.6, 0.8, 0.86, 0.75, 0.7, 0.86, 0.87, 0.87, 0.65, 0.87, 0.85, 0.6]",36,0.7730555555555555
"Essentially, the medication is effective in treating the disease.",essentially,meta-llama/Llama-3.1-8B-Instruct,"[0.85, 0.95, 0.8, 0.8, 0.9, 0.85, 0.85, 0.8, 0.7, 0.8, 0.8, 0.88, 0.8, 0.8, 0.8]",15,0.8253333333333334
Broadly the report is not accurate.,broadly,meta-llama/Llama-3.1-8B-Instruct,"[0.67, 0.6, 0.27]",3,0.5133333333333333
"Broadly, the report is not accurate.",broadly,meta-llama/Llama-3.1-8B-Instruct,"[0.8, 0.76, 0.75, 0.35, 0.5, 0.78, 0.71, 0.83, 0.5, 0.57, 0.61, 0.78, 0.58, 0.75, 0.85, 0.7, 0.85, 0.6, 0.78, 0.6, 0.82, 0.75, 0.7, 0.48, 0.6, 0.61, 0.7, 0.5, 0.55, 0.6, 0.66, 0.6, 0.6, 0.66, 0.81, 0.67]",36,0.6655555555555556
The report is not broadly accurate.,broadly,meta-llama/Llama-3.1-8B-Instruct,"[0.7, 0.64, 0.58]",3,0.64
The report is broadly not accurate.,broadly,meta-llama/Llama-3.1-8B-Instruct,"[0.65, 0.6, 0.78, 0.78, 0.81, 0.6, 0.78, 0.6, 0.65]",9,0.6944444444444444
"Broadly, the test results are inconclusive.",broadly,meta-llama/Llama-3.1-8B-Instruct,"[0.6, 0.43, 0.6]",3,0.5433333333333333
The report is broadly inaccurate.,broadly,meta-llama/Llama-3.1-8B-Instruct,"[0.82, 0.9, 0.78, 0.69, 0.75, 0.51]",6,0.7416666666666667
The experiment shows a loosely significant effect.,loosely,meta-llama/Llama-3.1-8B-Instruct,"[0.58, 0.35, 0.78, 0.6, 0.24, 0.5, 0.55, 0.7, 0.78, 0.4, 0.38, 0.68, 0.68, 0.68, 0.68]",15,0.572
The experiment shows the effect loosely.,loosely,meta-llama/Llama-3.1-8B-Instruct,"[0.3, 0.35, 0.6]",3,0.4166666666666667
"Loosely, the experiment shows a significant effect.",loosely,meta-llama/Llama-3.1-8B-Instruct,"[0.58, 0.45, 0.6, 0.65, 0.65, 0.72, 0.55, 0.68, 0.67]",9,0.6166666666666667
"The experiment shows a significant effect, loosely.",loosely,meta-llama/Llama-3.1-8B-Instruct,"[0.6, 0.56, 0.53]",3,0.5633333333333334
The experiment loosely shows a significant effect.,loosely,meta-llama/Llama-3.1-8B-Instruct,"[0.78, 0.6, 0.6, 0.68, 0.6, 0.68, 0.8, 0.6, 0.73, 0.48, 0.31, 0.47, 0.6, 0.67, 0.5, 0.68, 0.4, 0.68, 0.51, 0.48, 0.5, 0.6, 0.4, 0.56]",24,0.5795833333333333
The experiment shows a significant effect loosely.,loosely,meta-llama/Llama-3.1-8B-Instruct,"[0.3, 0.51, 0.56, 0.45, 0.4, 0.5]",6,0.45333333333333337
The experiment shows a sort of significant effect.,sort of,meta-llama/Llama-3.1-8B-Instruct,"[0.57, 0.61, 0.68, 0.7, 0.6, 0.47, 0.53, 0.68, 0.65, 0.45, 0.82, 0.56, 0.6, 0.48, 0.61]",15,0.6006666666666667
The experiment shows a significant effect sort of.,sort of,meta-llama/Llama-3.1-8B-Instruct,"[0.68, 0.31, 0.52, 0.29, 0.48, 0.64, 0.6, 0.68, 0.2, 0.23, 0.3, 0.64]",12,0.46416666666666667
The experiment sort of shows a significant effect.,sort of,meta-llama/Llama-3.1-8B-Instruct,"[0.68, 0.46, 0.55, 0.5, 0.6, 0.73, 0.23, 0.68, 0.6, 0.69, 0.32, 0.4, 0.6, 0.54, 0.67, 0.38, 0.46, 0.56, 0.68, 0.6, 0.55, 0.65, 0.5, 0.55, 0.63, 0.61, 0.6, 0.6, 0.56, 0.78]",30,0.5653333333333334
"The experiment shows a significant effect, sort of.",sort of,meta-llama/Llama-3.1-8B-Instruct,"[0.7, 0.6, 0.48]",3,0.5933333333333333
The movie is kind of good.,kind of,meta-llama/Llama-3.1-8B-Instruct,"[0.7, 0.5, 0.4, 0.4, 0.47, 0.48, 0.68, 0.5, 0.3, 0.35, 0.5, 0.5, 0.45, 0.4, 0.55, 0.7, 0.43, 0.3, 0.6, 0.4, 0.5, 0.67, 0.67, 0.3, 0.58, 0.57, 0.35, 0.58, 0.44, 0.4, 0.3, 0.4, 0.58, 0.58, 0.2, 0.5, 0.3, 0.7, 0.6, 0.67, 0.58, 0.67, 0.35, 0.48, 0.4, 0.6, 0.68, 0.6, 0.52, 0.5, 0.48, 0.4, 0.52, 0.44, 0.56, 0.67, 0.26, 0.5, 0.36, 0.6]",60,0.49450000000000005
The report is somewhat not accurate.,somewhat,meta-llama/Llama-3.1-8B-Instruct,"[0.5, 0.2, 0.73, 0.4, 0.3, 0.36, 0.49, 0.6, 0.35]",9,0.43666666666666665
The report is somewhat inaccurate.,somewhat,meta-llama/Llama-3.1-8B-Instruct,"[0.68, 0.55, 0.68, 0.5, 0.6, 0.75, 0.6, 0.5, 0.67, 0.65, 0.4, 0.61, 0.7, 0.6, 0.46, 0.71, 0.55, 0.58, 0.4, 0.65, 0.67, 0.67, 0.58, 0.6, 0.6, 0.6, 0.6, 0.75, 0.6, 0.67, 0.73, 0.62, 0.5, 0.75, 0.6, 0.6, 0.65, 0.45, 0.68, 0.6, 0.78, 0.6, 0.68, 0.67, 0.66, 0.55, 0.4, 0.34, 0.47, 0.6, 0.55]",51,0.6011764705882353
The experiment shows a rather significant effect.,rather,meta-llama/Llama-3.1-8B-Instruct,"[0.73, 0.67, 0.71, 0.87, 0.58, 0.68, 0.8, 0.6, 0.73, 0.68, 0.78, 0.78, 0.76, 0.78, 0.85, 0.86, 0.58, 0.7, 0.76, 0.85, 0.73]",21,0.7371428571428572
"The experiment shows a significant effect, rather.",rather,meta-llama/Llama-3.1-8B-Instruct,"[0.4, 0.5, 0.7, 0.85, 0.58, 0.6, 0.52, 0.8, 0.6, 0.75, 0.67, 0.5, 0.85, 0.6, 0.7, 0.76, 0.65, 0.67]",18,0.6499999999999999
The experiment shows rather significant effect.,rather,meta-llama/Llama-3.1-8B-Instruct,"[0.8, 0.65, 0.85, 0.7, 0.7, 0.68]",6,0.73
The experiment shows a significant effect rather.,rather,meta-llama/Llama-3.1-8B-Instruct,"[0.78, 0.85, 0.45, 0.75, 0.4, 0.73]",6,0.66
The experiment shows rather a significant effect.,rather,meta-llama/Llama-3.1-8B-Instruct,"[0.73, 0.6, 0.58, 0.68, 0.63, 0.56, 0.68, 0.74, 0.85]",9,0.6722222222222222
The book is fairly informative.,fairly,meta-llama/Llama-3.1-8B-Instruct,"[0.7, 0.65, 0.67, 0.75, 0.67, 0.61, 0.6, 0.75, 0.6, 0.32, 0.7, 0.58, 0.58, 0.67, 0.73, 0.58, 0.85, 0.6, 0.71, 0.52, 0.63, 0.61, 0.7, 0.45, 0.65, 0.6, 0.7, 0.67, 0.57, 0.73, 0.78, 0.58, 0.58, 0.6, 0.65, 0.65, 0.6, 0.6, 0.52, 0.75, 0.68, 0.6, 0.58, 0.85, 0.55, 0.75, 0.68, 0.75, 0.6, 0.52, 0.55, 0.6, 0.55, 0.38, 0.6, 0.68, 0.5]",57,0.6294736842105264
Fairly informative.,fairly,meta-llama/Llama-3.1-8B-Instruct,"[0.6, 0.67, 0.3]",3,0.5233333333333333
The new policy quite improves the economy.,quite,meta-llama/Llama-3.1-8B-Instruct,"[0.48, 0.6, 0.73, 0.48, 0.76, 0.48, 0.78, 0.48, 0.75, 0.44, 0.41, 0.4, 0.4, 0.6, 0.2, 0.6, 0.65, 0.48, 0.55, 0.48, 0.85, 0.35, 0.61, 0.65, 0.57, 0.5, 0.34, 0.5, 0.6, 0.43, 0.58, 0.6, 0.2, 0.75, 0.58, 0.75, 0.7, 0.5, 0.35, 0.45, 0.7, 0.6, 0.6, 0.3, 0.68, 0.48, 0.6, 0.6, 0.3, 0.6, 0.7]",51,0.5445098039215687
The new policy is quite improving the economy.,quite,meta-llama/Llama-3.1-8B-Instruct,"[0.6, 0.85, 0.85]",3,0.7666666666666666
The new policy is quite good for the economy.,quite,meta-llama/Llama-3.1-8B-Instruct,"[0.85, 0.7, 0.67, 0.7, 0.75, 0.6]",6,0.7116666666666666
The report is not accurate to some extent.,to some extent,meta-llama/Llama-3.1-8B-Instruct,"[0.5, 0.68, 0.56, 0.75, 0.43, 0.5, 0.65, 0.75, 0.68, 0.6, 0.35, 0.3, 0.4, 0.55, 0.6, 0.58, 0.68, 0.6, 0.4, 0.66, 0.68, 0.43, 0.65, 0.75, 0.73, 0.41, 0.43, 0.76, 0.35, 0.35, 0.23, 0.46, 0.76, 0.47, 0.73, 0.35, 0.68, 0.3, 0.42, 0.58, 0.31, 0.28, 0.5, 0.68, 0.47, 0.63, 0.3, 0.42, 0.6, 0.4, 0.22, 0.45, 0.7, 0.73]",54,0.5264814814814814
"To some extent, the report is not accurate.",to some extent,meta-llama/Llama-3.1-8B-Instruct,"[0.5, 0.43, 0.3]",3,0.41
"The report is not accurate, to some extent.",to some extent,meta-llama/Llama-3.1-8B-Instruct,"[0.35, 0.4, 0.58]",3,0.44333333333333336
The report is not accurate to a certain degree.,to a certain degree,meta-llama/Llama-3.1-8B-Instruct,"[0.7, 0.6, 0.8, 0.68, 0.55, 0.5, 0.76, 0.58, 0.6, 0.3, 0.4, 0.55, 0.7, 0.66, 0.6, 0.6, 0.62, 0.73, 0.87, 0.58, 0.44, 0.65, 0.22, 0.75, 0.3, 0.86, 0.47, 0.3, 0.68, 0.58, 0.75, 0.68, 0.6, 0.5, 0.43, 0.58, 0.3, 0.6, 0.54, 0.8, 0.3, 0.67, 0.35, 0.27, 0.6, 0.68, 0.47, 0.4, 0.67, 0.6, 0.6, 0.55, 0.78, 0.75]",54,0.575925925925926
"The report is, to a certain degree, not accurate.",to a certain degree,meta-llama/Llama-3.1-8B-Instruct,"[0.4, 0.6, 0.68]",3,0.56
The report is to a certain degree not accurate.,to a certain degree,meta-llama/Llama-3.1-8B-Instruct,"[0.6, 0.4, 0.5]",3,0.5
"The neighbor is home, in a way.",in a way,meta-llama/Llama-3.1-8B-Instruct,"[0.55, 0.85, 0.68, 0.67, 0.5, 0.25, 0.35, 0.58, 0.85, 0.7, 0.3, 0.27, 0.45, 0.28, 0.65, 0.55, 0.77, 0.57, 0.25, 0.6, 0.36, 0.67, 0.52, 0.5, 0.5, 0.78, 0.53, 0.47, 0.55, 0.78, 0.3, 0.45, 0.3]",33,0.5266666666666666
"In a way, the neighbor is home.",in a way,meta-llama/Llama-3.1-8B-Instruct,"[0.75, 0.31, 0.87]",3,0.6433333333333333
The neighbor is home in a way.,in a way,meta-llama/Llama-3.1-8B-Instruct,"[0.48, 0.68, 0.78, 0.67, 0.85, 0.3, 0.78, 0.23, 0.55, 0.73, 0.5, 0.2, 0.41, 0.23, 0.4, 0.2, 0.73, 0.75, 0.67, 0.68, 0.5]",21,0.5390476190476191
"The neighbor is, in a way, home.",in a way,meta-llama/Llama-3.1-8B-Instruct,"[0.85, 0.45, 0.85]",3,0.7166666666666667
The book is informative in some ways.,in some ways,meta-llama/Llama-3.1-8B-Instruct,"[0.51, 0.6, 0.34, 0.76, 0.64, 0.6, 0.6, 0.28, 0.76, 0.6, 0.28, 0.56, 0.68, 0.55, 0.73, 0.42, 0.4, 0.6, 0.6, 0.52, 0.6, 0.47, 0.73, 0.67, 0.43, 0.49, 0.58, 0.6, 0.52, 0.4, 0.58, 0.6, 0.6, 0.68, 0.42, 0.58, 0.6, 0.67, 0.4, 0.6, 0.58, 0.25, 0.7, 0.68, 0.6, 0.4, 0.36, 0.35, 0.55, 0.8, 0.65]",51,0.5523529411764706
"In some ways, the book is informative.",in some ways,meta-llama/Llama-3.1-8B-Instruct,"[0.52, 0.66, 0.6, 0.4, 0.6, 0.35]",6,0.5216666666666666
"The book is informative, in some ways.",in some ways,meta-llama/Llama-3.1-8B-Instruct,"[0.53, 0.5, 0.27]",3,0.43333333333333335
The book is largely informative.,largely,meta-llama/Llama-3.1-8B-Instruct,"[0.85, 0.85, 0.85, 0.8, 0.85, 0.86, 0.88, 0.8, 0.8, 0.78, 0.85, 0.6, 0.6, 0.85, 0.85, 0.7, 0.8, 0.87, 0.8, 0.85, 0.8, 0.87, 0.8, 0.7, 0.74, 0.85, 0.78, 0.8, 0.88, 0.73, 0.83, 0.8, 0.7, 0.7, 0.5, 0.55, 0.8, 0.76, 0.7, 0.85, 0.8, 0.81, 0.7, 0.85, 0.88, 0.71, 0.8, 0.6, 0.6, 0.65, 0.7, 0.78, 0.8, 0.85, 0.82, 0.8, 0.78, 0.85, 0.85, 0.85]",60,0.7785
The book is mostly informative.,mostly,meta-llama/Llama-3.1-8B-Instruct,"[0.86, 0.6, 0.6, 0.6, 0.78, 0.85, 0.85, 0.8, 0.6, 0.8, 0.8, 0.6, 0.77, 0.63, 0.6, 0.5, 0.6, 0.78, 0.78, 0.75, 0.85, 0.72, 0.76, 0.8, 0.71, 0.85, 0.85, 0.6, 0.6, 0.66, 0.7, 0.72, 0.7, 0.6, 0.6, 0.6, 0.7, 0.6, 0.68, 0.75, 0.8, 0.85, 0.72, 0.7, 0.8, 0.6, 0.92, 0.78, 0.6, 0.75, 0.78, 0.81, 0.87, 0.85, 0.85, 0.5, 0.75]",57,0.7215789473684211
"Mostly, the book is informative.",mostly,meta-llama/Llama-3.1-8B-Instruct,"[0.6, 0.48, 0.68]",3,0.5866666666666667
The new policy mainly improves the economy.,mainly,meta-llama/Llama-3.1-8B-Instruct,"[0.6, 0.4, 0.6, 0.88, 0.6, 0.6, 0.85, 0.7, 0.8, 0.6, 0.78, 0.8, 0.6, 0.56, 0.81, 0.8, 0.7, 0.2, 0.69, 0.7, 0.95, 0.6, 0.75, 0.6, 0.6, 0.6, 0.44, 0.7, 0.68, 0.6, 0.82, 0.75, 0.7, 0.8, 0.8, 0.8, 0.75, 0.6, 0.75, 0.6, 0.8, 0.6, 0.75, 0.6, 0.7, 0.85, 0.6, 0.7, 0.6, 0.6, 0.6, 0.6, 0.66, 0.4, 0.6, 0.5, 0.56]",57,0.664561403508772
mainly the new policy improves the economy.,mainly,meta-llama/Llama-3.1-8B-Instruct,"[0.75, 0.51, 0.65]",3,0.6366666666666667
It chiefly rains tomorrow.,chiefly,meta-llama/Llama-3.1-8B-Instruct,"[0.4, 0.6, 0.8, 0.68, 0.6, 0.6, 0.8, 0.33, 0.8, 0.35, 0.6, 0.4, 0.3, 0.2, 0.85, 0.6, 0.6, 0.4, 0.5, 0.45, 0.7, 0.6, 0.2, 0.8, 0.6, 0.5, 0.25, 0.55, 0.5, 0.5, 0.5, 0.28, 0.29, 0.6, 0.6, 0.6, 0.55, 0.85, 0.28]",39,0.5284615384615384
Chiefly it rains tomorrow.,chiefly,meta-llama/Llama-3.1-8B-Instruct,"[0.6, 0.6, 0.8]",3,0.6666666666666666
It rains chiefly tomorrow.,chiefly,meta-llama/Llama-3.1-8B-Instruct,"[0.2, 0.78, 0.58, 0.6, 0.2, 0.8]",6,0.5266666666666667
It will chiefly rain tomorrow.,chiefly,meta-llama/Llama-3.1-8B-Instruct,"[0.8, 0.8, 0.5, 0.75, 0.8, 0.6]",6,0.7083333333333334
"Chiefly, it rains tomorrow.",chiefly,meta-llama/Llama-3.1-8B-Instruct,"[0.75, 0.7, 0.3]",3,0.5833333333333334
"chiefly, it will rain tomorrow.",chiefly,meta-llama/Llama-3.1-8B-Instruct,"[0.25, 0.48, 0.6]",3,0.44333333333333336
The experiment primarily shows a significant effect.,primarily,meta-llama/Llama-3.1-8B-Instruct,"[0.96, 0.88, 0.88, 0.71, 0.98, 0.96, 0.86, 0.95, 0.8, 0.85, 0.98, 0.85, 0.8, 0.95, 0.95, 0.98, 0.8, 0.83, 0.85, 0.95, 0.95, 0.87, 0.96, 0.9, 0.95, 0.8, 0.98, 0.8, 0.8, 0.9, 0.95, 0.95, 0.96, 0.98, 0.85, 0.9, 0.75, 0.9, 0.92, 0.7, 0.8, 0.98, 0.95, 0.95, 0.97]",45,0.8931111111111111
"Primarily, the experiment shows a significant effect.",primarily,meta-llama/Llama-3.1-8B-Instruct,"[0.8, 0.8, 0.85, 0.87, 0.85, 0.95]",6,0.8533333333333334
The experiment shows a primarily significant effect.,primarily,meta-llama/Llama-3.1-8B-Instruct,"[0.85, 0.8, 0.95]",3,0.8666666666666667
"Initially, it appears that the experiment shows a significant effect primarily.",primarily,meta-llama/Llama-3.1-8B-Instruct,"[0.85, 0.75, 0.76]",3,0.7866666666666666
The experiment shows a significant effect primarily.,primarily,meta-llama/Llama-3.1-8B-Instruct,"[0.85, 0.8, 0.89]",3,0.8466666666666667
The restaurant predominantly serves delicious food.,predominantly,meta-llama/Llama-3.1-8B-Instruct,"[0.95, 0.95, 0.66, 0.95, 0.6, 0.85, 0.87, 0.95, 0.95, 0.9, 0.96, 0.8, 0.85, 0.7, 0.9, 0.8, 0.85, 0.8, 0.7, 0.8, 0.98, 0.94, 0.9, 0.58, 0.92, 0.85, 0.95, 0.92, 0.88, 0.85]",30,0.852
The restaurant serves predominantly delicious food.,predominantly,meta-llama/Llama-3.1-8B-Instruct,"[0.85, 0.75, 0.8, 0.95, 0.85, 0.8, 0.7, 0.85, 0.95, 0.7, 0.8, 0.87, 0.87, 0.75, 0.85]",15,0.8226666666666667
The restaurant serves food that is predominantly delicious.,predominantly,meta-llama/Llama-3.1-8B-Instruct,"[0.8, 0.75, 0.88, 0.92, 0.73, 0.65, 0.8, 0.8, 0.85]",9,0.7977777777777777
"Predominantly, the restaurant serves delicious food.",predominantly,meta-llama/Llama-3.1-8B-Instruct,"[0.92, 0.8, 0.7, 0.98, 0.8, 0.75]",6,0.8250000000000001
The report is entirely inaccurate.,entirely,meta-llama/Llama-3.1-8B-Instruct,"[1.0, 1.0, 0.9, 1.0, 0.95, 1.0, 0.8, 0.8, 0.9, 0.95, 1.0, 1.0, 0.9, 1.0, 1.0, 1.0, 1.0, 0.95, 0.8, 0.8, 1.0, 1.0, 1.0, 0.8, 0.95, 1.0, 1.0, 1.0, 1.0, 0.95, 0.9, 1.0, 0.95, 1.0, 1.0, 1.0, 0.9, 1.0, 1.0]",39,0.9538461538461539
The report is not entirely accurate.,entirely,meta-llama/Llama-3.1-8B-Instruct,"[0.73, 0.73, 0.68, 0.76, 0.6, 0.49, 0.55, 0.72, 0.85, 0.83, 0.73, 0.85]",12,0.71
This report is not entirely accurate.,entirely,meta-llama/Llama-3.1-8B-Instruct,"[0.78, 0.67, 0.85]",3,0.7666666666666666
The report is entirely not accurate.,entirely,meta-llama/Llama-3.1-8B-Instruct,"[0.6, 0.1, 0.06, 0.3, 0.85]",5,0.382
The report is not completely accurate.,completely,meta-llama/Llama-3.1-8B-Instruct,"[0.5, 0.68, 0.85, 0.8, 0.58, 0.6, 0.75, 0.85, 0.22, 0.6, 0.85, 0.7, 0.78, 0.6, 0.42]",15,0.6519999999999999
The report is completely inaccurate.,completely,meta-llama/Llama-3.1-8B-Instruct,"[1.0, 1.0, 1.0, 0.9, 0.98, 0.95, 1.0, 0.99, 0.95, 0.9, 1.0, 1.0, 0.95, 0.9, 0.9, 0.9, 0.8, 1.0, 1.0, 0.9, 0.9, 1.0, 1.0, 1.0, 0.95, 0.95, 1.0, 0.99, 0.9, 1.0, 0.9, 1.0, 0.98]",33,0.9572727272727273
The report is completely accurate.,completely,meta-llama/Llama-3.1-8B-Instruct,"[0.8, 1.0, 1.0]",3,0.9333333333333332
The report is completely not accurate.,completely,meta-llama/Llama-3.1-8B-Instruct,"[0.2, 0.2, 0.08, 0.5, 0.2, 0.6, 0.5, 0.6, 0.8]",9,0.4088888888888889
The medication is wholly effective in treating the disease.,wholly,meta-llama/Llama-3.1-8B-Instruct,"[0.9, 0.8, 0.8, 0.9, 0.95, 0.09, 1.0, 0.95, 0.9, 0.95, 0.9, 0.8, 0.98, 0.5, 0.9, 0.98, 0.6, 0.9, 1.0, 0.95, 0.5, 1.0, 0.96, 0.9, 0.8, 0.9, 0.9, 0.9, 0.6, 1.0, 0.98, 1.0, 1.0, 0.6, 0.8, 0.9, 1.0, 0.7, 1.0, 0.98, 0.8, 1.0, 0.9, 0.9, 1.0, 0.98, 1.0, 0.6, 0.8, 0.95, 0.95, 0.8, 0.95, 0.9]",54,0.8648148148148148
It is wholly effective in treating the disease.,wholly,meta-llama/Llama-3.1-8B-Instruct,"[0.95, 0.7, 1.0]",3,0.8833333333333333
Wholly the medication is effective in treating the disease.,wholly,meta-llama/Llama-3.1-8B-Instruct,"[0.2, 0.5, 0.95]",3,0.5499999999999999
The movie is fully good.,fully,meta-llama/Llama-3.1-8B-Instruct,"[0.2, 0.2, 0.2, 0.6, 0.2, 0.2, 0.8, 0.2, 0.2, 0.2, 0.6, 0.2, 0.59, 0.06, 0.5, 0.5, 0.05, 0.6, 0.2, 0.6, 0.5, 0.6, 0.5, 0.2, 0.76, 0.2, 0.22, 0.6, 0.6, 0.12, 0.6, 0.2, 0.2, 0.2, 0.2, 0.2, 0.6, 0.5, 0.6, 0.6, 0.6, 0.6, 0.45, 0.2, 0.6, 0.6, 0.2, 0.2, 0.5, 0.06, 0.35, 0.2, 0.2, 0.4, 0.2, 0.2, 0.5, 0.2]",58,0.3682758620689655
There is partially a correlation between X and Y.,partially,meta-llama/Llama-3.1-8B-Instruct,"[0.52, 0.68, 0.5, 0.35, 0.52, 0.54, 0.5, 0.3, 0.7, 0.43, 0.6, 0.61, 0.25, 0.55, 0.5, 0.53, 0.58, 0.4, 0.6, 0.2, 0.57, 0.5, 0.35, 0.44, 0.6, 0.64, 0.58, 0.75, 0.85, 0.5]",30,0.5213333333333333
There is a partially correlation between X and Y.,partially,meta-llama/Llama-3.1-8B-Instruct,"[0.67, 0.5, 0.56, 0.3, 0.61, 0.75, 0.4, 0.73, 0.54, 0.6, 0.31, 0.47, 0.6, 0.3, 0.2]",15,0.5026666666666667
"There is a correlation between X and Y, partially.",partially,meta-llama/Llama-3.1-8B-Instruct,"[0.8, 0.3, 0.47, 0.55, 0.65, 0.45]",6,0.5366666666666667
The correlation between X and Y is partially.,partially,meta-llama/Llama-3.1-8B-Instruct,"[0.6, 0.25, 0.35]",3,0.39999999999999997
"Partially, there is a correlation between X and Y.",partially,meta-llama/Llama-3.1-8B-Instruct,"[0.73, 0.25, 0.78]",3,0.5866666666666667
There is a correlation between X and Y partially.,partially,meta-llama/Llama-3.1-8B-Instruct,"[0.3, 0.6, 0.5]",3,0.4666666666666666
The city is marginally the oldest in the country.,marginally,meta-llama/Llama-3.1-8B-Instruct,"[0.59, 0.58, 0.68, 0.46, 0.3, 0.5, 0.56, 0.6, 0.23, 0.58, 0.41, 0.41, 0.53, 0.28, 0.55, 0.23, 0.34, 0.34, 0.68, 0.82, 0.48, 0.31, 0.42, 0.58, 0.8, 0.67, 0.76, 0.55, 0.55, 0.46, 0.3, 0.68, 0.4, 0.68, 0.58, 0.68, 0.48, 0.7, 0.25, 0.3, 0.5, 0.68, 0.48, 0.57, 0.8, 0.35, 0.6, 0.6, 0.43, 0.27, 0.48, 0.6, 0.4, 0.6]",54,0.5122222222222222
"Marginally, the city is the oldest in the country.",marginally,meta-llama/Llama-3.1-8B-Instruct,"[0.25, 0.4, 0.34, 0.4, 0.66, 0.73]",6,0.4633333333333334
The neighbor is slightly home.,slightly,meta-llama/Llama-3.1-8B-Instruct,"[0.2, 0.4, 0.7, 0.35, 0.5, 0.65, 0.35, 0.4, 0.78, 0.4, 0.35, 0.7, 0.43, 0.73, 0.06, 0.12, 0.3, 0.65, 0.2, 0.6, 0.7, 0.3, 0.37, 0.78, 0.35, 0.4, 0.6, 0.2, 0.23, 0.28, 0.3, 0.57, 0.76, 0.41, 0.2, 0.4, 0.6, 0.2, 0.35, 0.6, 0.74, 0.3, 0.2, 0.28, 0.3, 0.5, 0.6, 0.56, 0.2, 0.6, 0.4, 0.5, 0.68, 0.7, 0.6, 0.75, 0.85]",57,0.46017543859649124
The neighbor is slightly at home.,slightly,meta-llama/Llama-3.1-8B-Instruct,"[0.8, 0.64, 0.2]",3,0.5466666666666667
It barely rains tomorrow.,barely,meta-llama/Llama-3.1-8B-Instruct,"[0.25, 0.58, 0.6, 0.65, 0.3, 0.21, 0.25, 0.48, 0.3, 0.35, 0.35, 0.6, 0.6, 0.3, 0.3, 0.52, 0.25, 0.3, 0.4, 0.63, 0.2, 0.73, 0.4, 0.6, 0.28, 0.6, 0.41, 0.58, 0.5, 0.28, 0.4, 0.8, 0.45, 0.4, 0.2, 0.6, 0.5, 0.3, 0.5, 0.55, 0.5, 0.2, 0.4, 0.4, 0.32, 0.23, 0.4, 0.4, 0.3, 0.25, 0.35, 0.4, 0.6, 0.4]",54,0.4194444444444444
It rains barely tomorrow.,barely,meta-llama/Llama-3.1-8B-Instruct,"[0.6, 0.4, 0.3]",3,0.43333333333333335
It rains tomorrow barely.,barely,meta-llama/Llama-3.1-8B-Instruct,"[0.75, 0.2, 0.2]",3,0.3833333333333333
The restaurant hardly serves delicious food.,hardly,meta-llama/Llama-3.1-8B-Instruct,"[0.2, 0.3, 0.4, 0.28, 0.84, 0.36, 0.35, 0.28, 0.6, 0.14, 0.7, 0.26, 0.6, 0.1, 0.35, 0.28, 0.3, 0.54, 0.41, 0.46, 0.73, 0.6, 0.68, 0.58, 0.78, 0.35, 0.22, 0.4, 0.4, 0.37, 0.22, 0.21, 0.67, 0.43, 0.14, 0.3, 0.3, 0.2, 0.53, 0.58, 0.2, 0.24]",42,0.4019047619047619
The restaurant serves hardly delicious food.,hardly,meta-llama/Llama-3.1-8B-Instruct,"[0.78, 0.45, 0.9, 0.05, 0.23, 0.25]",6,0.44333333333333336
The restaurant hardly serves any good food.,hardly,meta-llama/Llama-3.1-8B-Instruct,"[0.55, 0.58, 0.25]",3,0.45999999999999996
The restaurant hardly offers delicious food.,hardly,meta-llama/Llama-3.1-8B-Instruct,"[0.42, 0.76, 0.41]",3,0.5299999999999999
Hardly does the restaurant serve delicious food.,hardly,meta-llama/Llama-3.1-8B-Instruct,"[0.85, 0.2, 0.18]",3,0.41
Hardly any food at the restaurant fails to be delicious.,hardly,meta-llama/Llama-3.1-8B-Instruct,"[0.98, 0.58, 0.88]",3,0.8133333333333334
The new policy scarcely improves the economy.,scarcely,meta-llama/Llama-3.1-8B-Instruct,"[0.6, 0.45, 0.85, 0.76, 0.58, 0.6, 0.76, 0.71, 0.7, 0.27, 0.78, 0.78, 0.28, 0.68, 0.65, 0.45, 0.6, 0.58, 0.4, 0.68, 0.85, 0.44, 0.75, 0.6, 0.35, 0.3, 0.6, 0.68, 0.67, 0.58, 0.78, 0.76, 0.85, 0.58, 0.58, 0.8, 0.42, 0.6, 0.6, 0.85, 0.4, 0.8, 0.5, 0.65, 0.6, 0.5, 0.5, 0.4, 0.28, 0.58, 0.55, 0.4, 0.68, 0.6, 0.4, 0.75, 0.82]",57,0.6001754385964913
Scarcely improve the economy.,scarcely,meta-llama/Llama-3.1-8B-Instruct,"[0.25, 0.05, 0.3]",3,0.19999999999999998
It virtually rains tomorrow.,virtually,meta-llama/Llama-3.1-8B-Instruct,"[0.5, 0.6, 0.75, 0.7, 0.45, 0.7, 0.6, 0.6, 0.35, 0.28, 0.45, 0.55, 0.65, 0.35, 0.3, 0.3, 0.8, 0.85, 0.7, 0.61, 0.4, 0.76, 0.3, 0.6, 0.3, 0.67, 0.73, 0.6, 0.7, 0.78]",30,0.5643333333333334
It will virtually rain tomorrow.,virtually,meta-llama/Llama-3.1-8B-Instruct,"[0.3, 0.68, 0.7, 0.7, 0.7, 0.6, 0.8, 0.5, 0.7, 0.65, 0.4, 0.6, 0.6, 0.78, 0.7, 0.6, 0.6, 0.6]",18,0.6227777777777778
It is virtually raining tomorrow.,virtually,meta-llama/Llama-3.1-8B-Instruct,"[0.8, 0.85, 0.85, 0.92, 0.7, 0.6]",6,0.7866666666666666
Virtually it rains tomorrow.,virtually,meta-llama/Llama-3.1-8B-Instruct,"[0.3, 0.45, 0.41, 0.3, 0.68, 0.3]",6,0.4066666666666667
The experiment shows nearly a significant effect.,nearly,meta-llama/Llama-3.1-8B-Instruct,"[0.35, 0.6, 0.55, 0.82, 0.2, 0.42, 0.28, 0.64, 0.72, 0.85, 0.72, 0.41, 0.45, 0.5, 0.5, 0.6, 0.8, 0.48, 0.36, 0.3, 0.65, 0.75, 0.53, 0.6]",24,0.545
The experiment shows a nearly significant effect.,nearly,meta-llama/Llama-3.1-8B-Instruct,"[0.6, 0.5, 0.58, 0.58, 0.7, 0.8, 0.66, 0.36, 0.5, 0.45, 0.85, 0.68, 0.7, 0.73, 0.6, 0.58, 0.44, 0.25, 0.52, 0.76, 0.55]",21,0.5900000000000001
The experiment shows nearly significant effect.,nearly,meta-llama/Llama-3.1-8B-Instruct,"[0.3, 0.4, 0.6]",3,0.43333333333333335
The experiment nearly shows a significant effect.,nearly,meta-llama/Llama-3.1-8B-Instruct,"[0.6, 0.85, 0.3, 0.58, 0.5, 0.76]",6,0.5983333333333333
The experiment shows a significant effect nearly.,nearly,meta-llama/Llama-3.1-8B-Instruct,"[0.6, 0.71, 0.22, 0.25, 0.55, 0.3]",6,0.4383333333333333
"Fundamentally, the new policy improves the economy.",fundamentally,meta-llama/Llama-3.1-8B-Instruct,"[0.85, 0.8, 0.95, 0.85, 0.66, 0.87, 0.85, 0.95, 0.8, 0.95, 0.8, 0.85, 0.78, 0.8, 0.75, 0.9, 0.7, 0.8, 0.8, 0.7, 0.8, 0.85, 0.85, 0.85, 0.8, 0.8, 0.67, 0.8, 0.8, 0.8]",30,0.8143333333333334
The new policy fundamentally improves the economy.,fundamentally,meta-llama/Llama-3.1-8B-Instruct,"[0.8, 0.7, 0.85, 0.8, 0.95, 0.95, 0.8, 0.8, 0.7, 0.8, 0.8, 0.87, 0.8, 0.8, 0.8, 0.8, 0.8, 0.8, 0.6, 0.7, 0.8, 0.9, 0.95, 0.95, 0.8, 0.7, 0.76]",27,0.8066666666666668
Fundamentally the new policy improves the economy.,fundamentally,meta-llama/Llama-3.1-8B-Instruct,"[0.85, 0.8, 0.86]",3,0.8366666666666666
"Technically, the restaurant serves delicious food.",technically,meta-llama/Llama-3.1-8B-Instruct,"[0.78, 0.6, 0.8, 0.85, 0.5, 0.8, 0.5, 0.75, 0.77, 0.6, 0.87, 0.58, 0.85, 0.75, 0.6, 0.55, 0.73, 0.6, 0.85, 0.85, 0.82, 0.75, 0.6, 0.7, 0.84, 0.6, 0.68, 0.85, 0.68, 0.95, 0.78, 0.58, 0.85, 0.85, 0.38, 0.87, 0.35, 0.7, 0.6, 0.83, 0.85, 0.85, 0.82, 0.66, 0.83, 0.6, 0.76, 0.87, 0.78, 0.75, 0.8, 0.68, 0.6, 0.85]",54,0.7248148148148148
Technically the restaurant serves delicious food.,technically,meta-llama/Llama-3.1-8B-Instruct,"[0.2, 0.6, 0.92]",3,0.5733333333333334
"Technically, the movie was long.",technically,meta-llama/Llama-3.1-8B-Instruct,"[0.6, 0.8, 0.8]",3,0.7333333333333334
The report is not accurate in part.,in part,meta-llama/Llama-3.1-8B-Instruct,"[0.8, 0.6, 0.38, 0.6, 0.5, 0.7, 0.45, 0.58, 0.58, 0.6, 0.8, 0.55, 0.7, 0.7, 0.87, 0.3, 0.85, 0.8, 0.85, 0.67, 0.5, 0.78, 0.85, 0.78, 0.67, 0.5, 0.85, 0.76, 0.63, 0.83, 0.78, 0.8, 0.81, 0.85, 0.78, 0.6, 0.75, 0.7, 0.58, 0.77, 0.75, 0.8, 0.75, 0.8, 0.58]",45,0.6917777777777777
"In part, the report is not accurate.",in part,meta-llama/Llama-3.1-8B-Instruct,"[0.85, 0.86, 0.58]",3,0.7633333333333333
"The report is not accurate, in part.",in part,meta-llama/Llama-3.1-8B-Instruct,"[0.48, 0.87, 0.86, 0.6, 0.75, 0.87, 0.75, 0.85, 0.6]",9,0.7366666666666667
The report is inaccurate in part.,in part,meta-llama/Llama-3.1-8B-Instruct,"[0.6, 0.5, 0.7]",3,0.6
"The city is the oldest in the country, to a degree.",to a degree,meta-llama/Llama-3.1-8B-Instruct,"[0.68, 0.4, 0.35, 0.5, 0.4, 0.47, 0.58, 0.6, 0.67, 0.3, 0.4, 0.37, 0.5, 0.73, 0.58, 0.5, 0.73, 0.69]",18,0.5249999999999999
"To a degree, the city is the oldest in the country.",to a degree,meta-llama/Llama-3.1-8B-Instruct,"[0.68, 0.6, 0.5, 0.48, 0.75, 0.68]",6,0.615
The city is the oldest in the country to a degree.,to a degree,meta-llama/Llama-3.1-8B-Instruct,"[0.4, 0.65, 0.27, 0.58, 0.61, 0.25, 0.43, 0.55, 0.3, 0.35, 0.5, 0.6, 0.67, 0.68, 0.42, 0.3, 0.4, 0.64, 0.49, 0.54, 0.68, 0.67, 0.4, 0.6, 0.45, 0.6, 0.6, 0.35, 0.61, 0.58]",30,0.5056666666666667
The city is to a degree the oldest in the country.,to a degree,meta-llama/Llama-3.1-8B-Instruct,"[0.65, 0.37, 0.68]",3,0.5666666666666668
"The city is, to a degree, the oldest in the country.",to a degree,meta-llama/Llama-3.1-8B-Instruct,"[0.6, 0.44, 0.47]",3,0.5033333333333333
The report is not accurate for the most part.,for the most part,meta-llama/Llama-3.1-8B-Instruct,"[0.6, 0.85, 0.86, 0.77, 0.76, 0.6, 0.73, 0.6, 0.76, 0.78, 0.65, 0.85, 0.6, 0.55, 0.68, 0.85, 0.77, 0.58]",18,0.7133333333333334
for the most part the report is not accurate.,for the most part,meta-llama/Llama-3.1-8B-Instruct,"[0.68, 0.35, 0.4]",3,0.47666666666666674
"For the most part, the report is not accurate.",for the most part,meta-llama/Llama-3.1-8B-Instruct,"[0.8, 0.75, 0.72, 0.5, 0.85, 0.3, 0.67, 0.6, 0.68, 0.68, 0.78, 0.85, 0.78, 0.85, 0.55, 0.6, 0.75, 0.51, 0.85, 0.68, 0.78, 0.85, 0.75, 0.69, 0.52, 0.8, 0.58]",27,0.6933333333333332
"The report is not accurate, for the most part.",for the most part,meta-llama/Llama-3.1-8B-Instruct,"[0.75, 0.81, 0.75]",3,0.77
The report is for the most part accurate.,for the most part,meta-llama/Llama-3.1-8B-Instruct,"[0.67, 0.68, 0.75]",3,0.7000000000000001
The report is for the most part not accurate.,for the most part,meta-llama/Llama-3.1-8B-Instruct,"[0.76, 0.58, 0.7]",3,0.68
"The report is, for the most part, not accurate.",for the most part,meta-llama/Llama-3.1-8B-Instruct,"[0.6, 0.85, 0.5]",3,0.65
"By and large, the movie is good.",by and large,meta-llama/Llama-3.1-8B-Instruct,"[0.65, 0.78, 0.76, 0.74, 0.78, 0.7, 0.78, 0.7, 0.81, 0.78, 0.78, 0.75, 0.7, 0.87, 0.58, 0.75, 0.87, 0.75, 0.65, 0.75, 0.4, 0.77, 0.75, 0.6, 0.58, 0.75, 0.6, 0.6, 0.85, 0.78, 0.6, 0.75, 0.71, 0.7, 0.6, 0.53, 0.6, 0.62, 0.8, 0.88, 0.55, 0.67, 0.85, 0.6, 0.8, 0.63, 0.85, 0.8, 0.7, 0.58, 0.75, 0.76, 0.6, 0.6]",54,0.7062962962962963
By and large the movie is good.,by and large,meta-llama/Llama-3.1-8B-Instruct,"[0.85, 0.8, 0.72]",3,0.79
The movie is good by and large.,by and large,meta-llama/Llama-3.1-8B-Instruct,"[0.78, 0.45, 0.68]",3,0.6366666666666667
On the whole the new policy improves the economy.,on the whole,meta-llama/Llama-3.1-8B-Instruct,"[0.8, 0.85, 0.6, 0.6, 0.78, 0.8]",6,0.7383333333333333
"On the whole, the new policy improves the economy.",on the whole,meta-llama/Llama-3.1-8B-Instruct,"[0.75, 0.8, 0.85, 0.68, 0.8, 0.55, 0.42, 0.75, 0.95, 0.75, 0.75, 0.8, 0.85, 0.86, 0.55, 0.6, 0.6, 0.6, 0.8, 0.8, 0.78, 0.85, 0.8, 0.6, 0.8, 0.8, 0.85, 0.8, 0.8, 0.9, 0.85, 0.6, 0.85, 0.6, 0.6, 0.85, 0.6, 0.7, 0.88, 0.85, 0.6, 0.85, 0.8, 0.83, 0.8, 0.85, 0.75, 0.75, 0.6, 0.85, 0.6, 0.75, 0.48, 0.6]",54,0.7403703703703703
In general the new policy improves the economy.,in general,meta-llama/Llama-3.1-8B-Instruct,"[0.5, 0.7, 0.7]",3,0.6333333333333333
"In general, the new policy improves the economy.",in general,meta-llama/Llama-3.1-8B-Instruct,"[0.65, 0.4, 0.7, 0.63, 0.8, 0.7, 0.75, 0.8, 0.45, 0.87, 0.6, 0.87, 0.75, 0.67, 0.6, 0.6, 0.6, 0.68, 0.8, 0.7, 0.58, 0.78, 0.7, 0.83, 0.85, 0.6, 0.87, 0.88, 0.6, 0.67, 0.7, 0.72, 0.7, 0.95, 0.86, 0.75, 0.75, 0.6, 0.6, 0.75, 0.8, 0.6, 0.7, 0.42, 0.95, 0.75, 0.8, 0.83]",48,0.7127083333333334
The new policy improves the economy in general.,in general,meta-llama/Llama-3.1-8B-Instruct,"[0.21, 0.4, 0.6, 0.88, 0.75, 0.6]",6,0.5733333333333334
A new policy generally improves the economy.,in general,meta-llama/Llama-3.1-8B-Instruct,"[0.6, 0.6, 0.6]",3,0.6
"Broadly speaking, the book is informative.",broadly speaking,meta-llama/Llama-3.1-8B-Instruct,"[0.8, 0.6, 0.6, 0.6, 0.8, 0.65, 0.6, 0.6, 0.85, 0.8, 0.68, 0.78, 0.6, 0.58, 0.7, 0.6, 0.6, 0.87, 0.78, 0.3, 0.4, 0.78, 0.4, 0.8, 0.6, 0.6, 0.83, 0.7, 0.68, 0.75, 0.78, 0.5, 0.7, 0.5, 0.75, 0.68, 0.6, 0.78, 0.87, 0.85, 0.5, 0.68, 0.6, 0.8, 0.78, 0.7, 0.75, 0.55, 0.68, 0.65, 0.74, 0.5, 0.6, 0.63, 0.76, 0.85, 0.37, 0.8, 0.85, 0.87]",60,0.6766666666666666
"Generally speaking, the restaurant serves delicious food.",generally speaking,meta-llama/Llama-3.1-8B-Instruct,"[0.5, 0.85, 0.78, 0.8, 0.85, 0.48, 0.8, 0.8, 0.8, 0.7, 0.85, 0.8, 0.72, 0.8, 0.71, 0.6, 0.85, 0.76, 0.78, 0.8, 0.8, 0.6, 0.85, 0.81, 0.7, 0.6, 0.8, 0.85, 0.95, 0.65, 0.7, 0.6, 0.8, 0.8, 0.85, 0.8, 0.58, 0.7, 0.65, 0.78, 0.72, 0.6, 0.73, 0.86, 0.77, 0.81, 0.62, 0.73]",48,0.7445833333333334
"generally speaking, the restaurant serves delicious food.",generally speaking,meta-llama/Llama-3.1-8B-Instruct,"[0.68, 0.65, 0.66, 0.87, 0.6, 0.6]",6,0.6766666666666667
"Generally speaking, the city has excellent public transportation.",generally speaking,meta-llama/Llama-3.1-8B-Instruct,"[0.85, 0.85, 0.83]",3,0.8433333333333333
"generally speaking, the restaurant serves delicious food",generally speaking,meta-llama/Llama-3.1-8B-Instruct,"[0.7, 0.78, 0.75]",3,0.7433333333333333
"Loosely speaking, the restaurant serves delicious food.",loosely speaking,meta-llama/Llama-3.1-8B-Instruct,"[0.4, 0.61, 0.68, 0.6, 0.45, 0.85, 0.68, 0.35, 0.68, 0.6, 0.6, 0.3, 0.58, 0.6, 0.6, 0.73, 0.6, 0.58, 0.6, 0.5, 0.2, 0.4, 0.67, 0.75, 0.25, 0.5, 0.55, 0.73, 0.58, 0.43, 0.4, 0.6, 0.6, 0.65, 0.72, 0.3, 0.6, 0.6, 0.6, 0.4, 0.58, 0.73]",42,0.5578571428571428
"loosely speaking, the restaurant serves delicious food.",loosely speaking,meta-llama/Llama-3.1-8B-Instruct,"[0.67, 0.85, 0.6, 0.57, 0.6, 0.6, 0.43, 0.45, 0.68]",9,0.6055555555555556
"The restaurant serves delicious food, loosely speaking.",loosely speaking,meta-llama/Llama-3.1-8B-Instruct,"[0.4, 0.48, 0.5, 0.6, 0.5, 0.23]",6,0.45166666666666666
"loosely speaking, the restaurant serves delicious food",loosely speaking,meta-llama/Llama-3.1-8B-Instruct,"[0.4, 0.5, 0.35]",3,0.4166666666666667
"As a rule, the city is the oldest in the country.",as a rule,meta-llama/Llama-3.1-8B-Instruct,"[0.7, 0.28, 0.5, 0.5, 0.8, 0.95, 0.44, 0.85, 0.85, 0.6, 0.6, 0.57, 0.6, 0.6, 0.4, 0.92, 0.65, 0.4, 0.67, 0.7, 0.87, 0.4, 0.8, 0.55, 0.6, 0.75, 0.85, 0.4, 0.6, 0.6, 0.77, 0.83, 0.58, 0.63, 0.67, 0.6, 0.87, 0.85, 0.52, 0.8, 0.6, 0.2, 0.8, 0.46, 0.7, 0.74, 0.5, 0.85]",48,0.6452083333333333
As a rule the city is the oldest in the country.,as a rule,meta-llama/Llama-3.1-8B-Instruct,"[0.76, 0.25, 0.55, 0.3, 0.45, 0.56]",6,0.47833333333333333
"The city is, as a rule, the oldest in the country.",as a rule,meta-llama/Llama-3.1-8B-Instruct,"[0.76, 0.74, 0.42, 0.8, 0.35, 0.82]",6,0.6483333333333333
The report is typically not accurate.,typically,meta-llama/Llama-3.1-8B-Instruct,"[0.55, 0.6, 0.75, 0.58, 0.8, 0.4, 0.52, 0.48, 0.68, 0.83, 0.46, 0.86, 0.78, 0.3, 0.6, 0.85, 0.8, 0.71, 0.23, 0.23, 0.73, 0.78, 0.6, 0.6, 0.6, 0.85, 0.38, 0.55, 0.4, 0.55, 0.73, 0.81, 0.6, 0.65, 0.55, 0.85, 0.68, 0.7, 0.85]",39,0.6274358974358974
"Typically, the report is not accurate.",typically,meta-llama/Llama-3.1-8B-Instruct,"[0.85, 0.48, 0.73, 0.7, 0.58, 0.67, 0.58, 0.65, 0.8, 0.68, 0.85, 0.6, 0.7, 0.58, 0.6]",15,0.67
Typically the report is not accurate.,typically,meta-llama/Llama-3.1-8B-Instruct,"[0.75, 0.31, 0.38]",3,0.48
The report typically is not accurate.,typically,meta-llama/Llama-3.1-8B-Instruct,"[0.87, 0.86, 0.7]",3,0.8099999999999999
Usually the neighbor is home.,usually,meta-llama/Llama-3.1-8B-Instruct,"[0.6, 0.85, 0.7, 0.6, 0.85, 0.6]",6,0.7000000000000001
The neighbor is usually home.,usually,meta-llama/Llama-3.1-8B-Instruct,"[0.8, 0.95, 0.85, 0.8, 0.8, 0.85, 0.8, 0.7, 0.88, 0.8, 0.85, 0.75, 0.72, 0.8, 0.65, 0.8, 0.75, 0.8, 0.9, 0.8, 0.8, 0.75, 0.8, 0.85, 0.78, 0.8, 0.8, 0.95, 0.8, 0.8, 0.85, 0.6, 0.85, 0.6, 0.85, 0.85, 0.95, 0.9, 0.8, 0.8, 0.8, 0.95, 0.8, 0.95, 0.85, 0.85, 0.7, 0.8, 0.82, 0.8, 0.75, 0.85, 0.85, 0.6]",54,0.8074074074074075
The restaurant normally serves delicious food.,normally,meta-llama/Llama-3.1-8B-Instruct,"[0.8, 0.9, 0.75, 0.8, 0.8, 0.71, 0.52, 0.8, 0.85, 0.85, 0.85, 0.9, 0.85, 0.8, 0.8, 0.8, 0.78, 0.9, 0.8, 0.7, 0.8, 0.8, 0.85, 0.6, 0.6, 0.75, 0.85, 0.8, 0.7, 0.98, 0.86, 0.8, 0.83, 0.8, 0.55, 0.8, 0.8, 0.85, 0.85, 0.7, 0.85, 0.9]",42,0.7923809523809524
Normally the restaurant serves delicious food.,normally,meta-llama/Llama-3.1-8B-Instruct,"[0.85, 0.8, 0.6, 0.79, 0.78, 0.8]",6,0.77
"Normally, the restaurant serves delicious food.",normally,meta-llama/Llama-3.1-8B-Instruct,"[0.95, 0.8, 0.75, 0.85, 0.85, 0.6, 0.57, 0.7, 0.4]",9,0.7188888888888889
The restaurant serves food that is normally delicious.,normally,meta-llama/Llama-3.1-8B-Instruct,"[0.68, 0.75, 0.62]",3,0.6833333333333332
The restaurant ordinarily serves delicious food.,ordinarily,meta-llama/Llama-3.1-8B-Instruct,"[0.7, 0.7, 0.85, 0.8, 0.6, 0.8]",6,0.7416666666666667
"Ordinarily, the restaurant serves delicious food.",ordinarily,meta-llama/Llama-3.1-8B-Instruct,"[0.8, 0.65, 0.85, 0.68, 0.85, 0.76, 0.8, 0.6, 0.95, 0.9, 0.42, 0.8, 0.85, 0.65, 0.6, 0.65, 0.71, 0.8, 0.78, 0.87, 0.67, 0.85, 0.85, 0.85, 0.85, 0.7, 0.86, 0.65, 0.83, 0.78, 0.85, 0.81, 0.86, 0.88, 0.76, 0.85, 0.8, 0.72, 0.85, 0.81, 0.6, 0.85]",42,0.7738095238095238
Ordinarily the restaurant serves delicious food.,ordinarily,meta-llama/Llama-3.1-8B-Instruct,"[0.8, 0.95, 0.7, 0.7, 0.78, 0.75, 0.68, 0.7, 0.55, 0.72, 0.75, 0.85]",12,0.7441666666666666
"In most cases, the neighbor is home.",in most cases,meta-llama/Llama-3.1-8B-Instruct,"[0.7, 0.68, 0.78, 0.85, 0.8, 0.85, 0.7, 0.6, 0.65, 0.81, 0.8, 0.87, 0.87, 0.6, 0.62, 0.78, 0.68, 0.85, 0.85, 0.85, 0.71, 0.85, 0.8, 0.72, 0.58, 0.83, 0.85, 0.6, 0.8, 0.85, 0.87, 0.8, 0.85, 0.85, 0.85, 0.85, 0.85, 0.85, 0.78, 0.8, 0.85, 0.67, 0.85, 0.58, 0.78]",45,0.7746666666666666
In most cases the neighbor is home.,in most cases,meta-llama/Llama-3.1-8B-Instruct,"[0.82, 0.8, 0.7, 0.45, 0.68, 0.64]",6,0.6816666666666666
in most cases the neighbor is home.,in most cases,meta-llama/Llama-3.1-8B-Instruct,"[0.85, 0.8, 0.76]",3,0.8033333333333333
The neighbor is home in most cases.,in most cases,meta-llama/Llama-3.1-8B-Instruct,"[0.67, 0.86, 0.8, 0.6, 0.75, 0.85]",6,0.755
"More often than not, the book is informative.",more often than not,meta-llama/Llama-3.1-8B-Instruct,"[0.85, 0.75, 0.78, 0.76, 0.87, 0.67, 0.6, 0.85, 0.78, 0.75, 0.78, 0.67, 0.85, 0.78, 0.75, 0.75, 0.75, 0.82, 0.78, 0.62, 0.7, 0.75, 0.78, 0.85, 0.87, 0.85, 0.68]",27,0.7662962962962964
The book is often informative.,more often than not,meta-llama/Llama-3.1-8B-Instruct,"[0.6, 0.78, 0.7]",3,0.6933333333333334
The book is more often than not informative.,more often than not,meta-llama/Llama-3.1-8B-Instruct,"[0.85, 0.87, 0.87, 0.62, 0.67, 0.67, 0.7, 0.85, 0.85, 0.8, 0.75, 0.58, 0.78, 0.82, 0.8]",15,0.7653333333333333
"The book is, more often than not, informative.",more often than not,meta-llama/Llama-3.1-8B-Instruct,"[0.76, 0.85, 0.73]",3,0.7799999999999999
"The book is informative, more often than not.",more often than not,meta-llama/Llama-3.1-8B-Instruct,"[0.78, 0.6, 0.85, 0.5, 0.68, 0.72, 0.76, 0.58, 0.75]",9,0.6911111111111111
The book is informative more often than not.,more often than not,meta-llama/Llama-3.1-8B-Instruct,"[0.85, 0.73, 0.78]",3,0.7866666666666666
It is suggested that the new policy improves the economy.,it is suggested that,meta-llama/Llama-3.1-8B-Instruct,"[0.67, 0.6, 0.73, 0.6, 0.5, 0.7, 0.6, 0.6, 0.71, 0.64, 0.78, 0.65, 0.7, 0.5, 0.6, 0.85, 0.48, 0.47, 0.4, 0.6, 0.8, 0.6, 0.6, 0.6, 0.67, 0.7, 0.6, 0.6, 0.4, 0.8, 0.29, 0.58, 0.35, 0.62, 0.4, 0.7, 0.8, 0.73, 0.8, 0.72, 0.6, 0.2, 0.64, 0.4, 0.85, 0.6, 0.56, 0.45, 0.6, 0.6, 0.65, 0.6, 0.2, 0.82, 0.75, 0.67, 0.71, 0.4, 0.6, 0.65]",60,0.6048333333333333
It has been argued that the report is not accurate.,it has been argued that,meta-llama/Llama-3.1-8B-Instruct,"[0.29, 0.6, 0.76, 0.6, 0.85, 0.3, 0.86, 0.38, 0.77, 0.6, 0.61, 0.71, 0.35, 0.34, 0.6, 0.58, 0.6, 0.51, 0.7, 0.4, 0.4, 0.6, 0.45, 0.53, 0.6, 0.58, 0.5, 0.75, 0.35, 0.85, 0.38, 0.6, 0.5, 0.78, 0.4, 0.6, 0.5, 0.4, 0.6, 0.3, 0.34, 0.85, 0.3, 0.4, 0.6, 0.33, 0.4, 0.7, 0.6, 0.6, 0.56, 0.55, 0.5, 0.85, 0.67, 0.6, 0.63, 0.71, 0.34, 0.6]",60,0.5535
It could be argued that the report is not accurate.,it could be argued that,meta-llama/Llama-3.1-8B-Instruct,"[0.26, 0.78, 0.58, 0.6, 0.45, 0.54, 0.31, 0.66, 0.51, 0.58, 0.4, 0.67, 0.66, 0.5, 0.58, 0.2, 0.73, 0.57, 0.55, 0.4, 0.4, 0.5, 0.43, 0.73, 0.35, 0.4, 0.76, 0.48, 0.6, 0.22, 0.43, 0.43, 0.62, 0.58, 0.6, 0.5, 0.6, 0.4, 0.45, 0.62, 0.85, 0.55, 0.67, 0.57, 0.23, 0.76, 0.5, 0.67, 0.87, 0.65, 0.6, 0.5, 0.4, 0.4, 0.55, 0.53, 0.53]",57,0.5343859649122807
it could be argued that the report is not accurate.,it could be argued that,meta-llama/Llama-3.1-8B-Instruct,"[0.5, 0.57, 0.75]",3,0.6066666666666666
It is worth noting that the medication is effective in treating the disease.,it is worth noting that,meta-llama/Llama-3.1-8B-Instruct,"[0.85, 0.85, 0.85, 0.6, 0.85, 0.4, 0.5, 0.6, 0.75, 0.85, 0.6, 0.84, 0.6, 0.87, 0.65, 0.7, 0.8, 0.78, 0.85, 0.55, 0.87, 0.5, 0.7, 0.85, 0.6, 0.78, 0.8, 0.83, 0.85, 0.86, 0.63, 0.7, 0.85, 0.7, 0.6, 0.85, 0.76, 0.85, 0.8, 0.85, 0.85, 0.92, 0.85, 0.86, 0.6, 0.8, 0.8, 0.85, 0.47, 0.8, 0.45, 0.85, 0.8, 0.95, 0.68, 0.77, 0.6, 0.78, 0.63, 0.6]",60,0.7413333333333333
It should be noted that the city is the oldest in the country.,it should be noted that,meta-llama/Llama-3.1-8B-Instruct,"[0.47, 0.86, 0.87, 0.55, 0.5, 0.6, 0.75, 0.85, 0.4, 0.6, 0.76, 0.85, 0.75, 0.75, 0.65, 0.6, 0.85, 0.75, 0.85, 0.85, 0.85, 0.7, 0.85, 0.85, 0.6, 0.6, 0.52, 0.83, 0.62, 0.8, 0.7, 0.6, 0.78, 0.6, 0.7, 0.8, 0.78, 0.85, 0.76, 0.6, 0.8, 0.87, 0.7, 0.8, 0.7, 0.6, 0.75, 0.55, 0.85, 0.55, 0.45, 0.54, 0.85, 0.75, 0.76, 0.75, 0.75, 0.78, 0.75, 0.76]",60,0.7135
It is important to note that the experiment shows a significant effect.,it is important to note that,meta-llama/Llama-3.1-8B-Instruct,"[0.86, 0.95, 0.9, 0.95, 0.8, 0.95, 0.75, 0.88, 0.85, 0.92, 0.95, 0.85, 0.87, 0.8, 0.85, 0.9, 0.8, 0.96, 0.95, 0.85, 0.96, 0.9, 0.73, 0.98, 0.95, 0.64, 0.87, 0.96, 0.85, 0.8, 0.87, 0.85, 0.85, 0.87, 0.8, 0.8, 0.8, 1.0, 0.8, 0.87, 0.98, 0.85, 0.85, 0.58, 0.75, 0.8, 0.85, 0.8, 0.8, 0.8, 0.8, 0.85, 0.8, 0.85, 0.85, 0.9, 0.8, 0.8, 0.98, 0.95]",60,0.8563333333333334
It is reasonable to assume that the book is informative.,it is reasonable to assume that,meta-llama/Llama-3.1-8B-Instruct,"[0.58, 0.84, 0.58, 0.87, 0.67, 0.6, 0.78, 0.78, 0.6, 0.78, 0.6, 0.8, 0.76, 0.85, 0.55, 0.78, 0.6, 0.7, 0.78, 0.7, 0.6, 0.75, 0.67, 0.85, 0.71, 0.6, 0.5, 0.85, 0.58, 0.78, 0.76, 0.68, 0.7, 0.68, 0.68, 0.53, 0.75, 0.95, 0.6, 0.92, 0.84, 0.68, 0.75, 0.5, 0.68, 0.7, 0.58, 0.85, 0.78, 0.85, 0.75, 0.58, 0.75, 0.85, 0.45, 0.6, 0.65, 0.85, 0.78, 0.81]",60,0.7103333333333333
There is reason to believe that the new policy improves the economy.,there is reason to believe that,meta-llama/Llama-3.1-8B-Instruct,"[0.76, 0.68, 0.65, 0.6, 0.65, 0.48, 0.87, 0.86, 0.75, 0.58, 0.85, 0.85, 0.78, 0.78, 0.6, 0.58, 0.78, 0.78, 0.75, 0.78, 0.64, 0.74, 0.68, 0.78, 0.68, 0.83, 0.85, 0.85, 0.76, 0.68, 0.75, 0.67, 0.78, 0.68, 0.68, 0.78, 0.75, 0.87, 0.8, 0.56, 0.67, 0.67, 0.7, 0.6, 0.78, 0.85, 0.67, 0.78, 0.74, 0.58, 0.83, 0.6, 0.6, 0.75, 0.65, 0.7, 0.6, 0.75, 0.67, 0.58]",60,0.7165
Preliminary findings suggest the restaurant serves delicious food.,preliminary findings suggest,meta-llama/Llama-3.1-8B-Instruct,"[0.85, 0.6, 0.5, 0.68, 0.7, 0.95, 0.6, 0.7, 0.67, 0.68, 0.6, 0.6, 0.78, 0.6, 0.56, 0.5, 0.52, 0.5, 0.7, 0.68, 0.6, 0.58, 0.7, 0.65, 0.78, 0.82, 0.8, 0.78, 0.6, 0.68, 0.52, 0.7, 0.6, 0.6, 0.45, 0.68, 0.85, 0.6, 0.6, 0.7, 0.55, 0.76, 0.65, 0.7, 0.6, 0.65, 0.75, 0.6, 0.5, 0.73, 0.65]",51,0.6549019607843137
preliminary findings suggest the restaurant serves delicious food.,preliminary findings suggest,meta-llama/Llama-3.1-8B-Instruct,"[0.6, 0.58, 0.68]",3,0.62
Premature findings suggest that the restaurant serves delicious food.,preliminary findings suggest,meta-llama/Llama-3.1-8B-Instruct,"[0.78, 0.55, 0.6]",3,0.6433333333333334
Preliminary findings suggest that the restaurant serves delicious food.,preliminary findings suggest,meta-llama/Llama-3.1-8B-Instruct,"[0.63, 0.85, 0.8]",3,0.7600000000000001
Available evidence points to the neighbor being home.,available evidence points to,meta-llama/Llama-3.1-8B-Instruct,"[0.88, 0.78, 0.85, 0.68, 0.82, 0.85, 0.75, 0.78, 0.9, 0.8, 0.8, 0.75, 0.78, 0.78, 0.83, 0.74, 0.82, 0.81, 0.8, 0.85, 0.92, 0.85, 0.78, 0.7, 0.82, 0.85, 0.78, 0.75, 0.84, 0.8, 0.85, 0.85, 0.87, 0.85, 0.85, 0.65, 0.85, 0.75, 0.83, 0.78, 0.76, 0.8, 0.85, 0.61, 0.81, 0.6, 0.95, 0.8, 0.95, 0.7, 0.78]",51,0.8015686274509805
available evidence points to the neighbor being home.,available evidence points to,meta-llama/Llama-3.1-8B-Instruct,"[0.78, 0.58, 0.6, 0.68, 0.73, 0.75]",6,0.6866666666666666
Available evidence points to the neighbor being at home.,available evidence points to,meta-llama/Llama-3.1-8B-Instruct,"[0.87, 0.85, 0.88]",3,0.8666666666666667
It is widely believed that the movie is good.,it is widely believed that,meta-llama/Llama-3.1-8B-Instruct,"[0.73, 0.78, 0.58, 0.68, 0.58, 0.85, 0.78, 0.2, 0.3, 0.6, 0.23, 0.47, 0.2, 0.85, 0.8, 0.75, 0.6, 0.6, 0.6, 0.6, 0.3, 0.75, 0.35, 0.7, 0.48, 0.78, 0.58, 0.67, 0.6, 0.7, 0.6, 0.83, 0.6, 0.7, 0.7, 0.76, 0.78, 0.6, 0.56, 0.56, 0.58, 0.46, 0.75, 0.7, 0.56, 0.58, 0.6, 0.5, 0.58, 0.48, 0.85, 0.6, 0.58, 0.58, 0.67, 0.7, 0.27, 0.6, 0.85, 0.3]",60,0.6028333333333333
It is generally accepted that there is a correlation between X and Y.,it is generally accepted that,meta-llama/Llama-3.1-8B-Instruct,"[0.85, 0.75, 0.36, 0.8, 0.55, 0.67, 0.27, 0.58, 0.3, 0.58, 0.6, 0.52, 0.56, 0.7, 0.75, 0.6, 0.5, 0.36, 0.56, 0.73, 0.58, 0.73, 0.68, 0.95, 0.57, 0.61, 0.44, 0.86, 0.72, 0.67, 0.78, 0.78, 0.8, 0.6, 0.7, 0.78, 0.6, 0.5, 0.76, 0.78, 0.7, 0.68, 0.27, 0.46, 0.85, 0.35, 0.7, 0.58]",48,0.6264583333333333
it is generally accepted that there is a correlation between X and Y.,it is generally accepted that,meta-llama/Llama-3.1-8B-Instruct,"[0.49, 0.75, 0.85, 0.7, 0.5, 0.58, 0.6, 0.67, 0.6, 0.65, 0.78, 0.41]",12,0.6316666666666667
It remains unclear whether the new product is successful in the market.,it remains unclear whether,meta-llama/Llama-3.1-8B-Instruct,"[0.65, 0.58, 0.75, 0.67, 0.45, 0.36, 0.4, 0.14, 0.3, 0.71, 0.6, 0.6, 0.67, 0.43, 0.43, 0.27, 0.44, 0.75, 0.64, 0.41, 0.4, 0.76, 0.59, 0.52, 0.65, 0.27, 0.43, 0.85, 0.6, 0.23, 0.58, 0.36, 0.38, 0.75, 0.6, 0.68, 0.46, 0.73, 0.3, 0.5, 0.6, 0.4, 0.27, 0.35, 0.23, 0.25, 0.3, 0.35, 0.5, 0.62, 0.2, 0.3, 0.58, 0.6, 0.36, 0.4, 0.43, 0.5, 0.68, 0.5]",60,0.4885
Further research is needed to determine whether it rains tomorrow.,further research is needed,meta-llama/Llama-3.1-8B-Instruct,"[0.16, 0.6, 0.7, 0.6, 0.6, 0.72, 0.06, 0.3, 0.34, 0.85, 0.6, 0.6]",12,0.5108333333333334
"It rains tomorrow, further research is needed.",further research is needed,meta-llama/Llama-3.1-8B-Instruct,"[0.3, 0.6, 0.4, 0.43, 0.36, 0.75, 0.7, 0.25, 0.35, 0.43, 0.45, 0.43, 0.13, 0.6, 0.2, 0.55, 0.7, 0.5]",18,0.4516666666666666
Further research is needed to determine if it rains tomorrow.,further research is needed,meta-llama/Llama-3.1-8B-Instruct,"[0.55, 0.45, 0.56, 0.47, 0.85, 0.48, 0.55, 0.6, 0.4, 0.6, 0.43, 0.8]",12,0.5616666666666666
Further research is needed to confirm whether it rains tomorrow.,further research is needed,meta-llama/Llama-3.1-8B-Instruct,"[0.8, 0.6, 0.82]",3,0.7399999999999999
"It may rain tomorrow, further research is needed.",further research is needed,meta-llama/Llama-3.1-8B-Instruct,"[0.61, 0.6, 0.6]",3,0.6033333333333334
"Further research is needed, it rains tomorrow.",further research is needed,meta-llama/Llama-3.1-8B-Instruct,"[0.2, 0.3, 0.2]",3,0.2333333333333333
Further research is needed; it rains tomorrow.,further research is needed,meta-llama/Llama-3.1-8B-Instruct,"[0.2, 0.45, 0.5, 0.36, 0.6, 0.8]",6,0.48500000000000004
Further research is needed to confirm it rains tomorrow.,further research is needed,meta-llama/Llama-3.1-8B-Instruct,"[0.5, 0.81, 0.65]",3,0.6533333333333333
"Under certain conditions, the restaurant serves delicious food.",under certain conditions,meta-llama/Llama-3.1-8B-Instruct,"[0.68, 0.85, 0.78, 0.47, 0.72, 0.58, 0.58, 0.56, 0.6, 0.65, 0.73, 0.85, 0.85, 0.45, 0.48, 0.7, 0.68, 0.81, 0.78, 0.44, 0.65, 0.5, 0.75, 0.6, 0.6, 0.6, 0.8, 0.75, 0.85, 0.6, 0.8, 0.58, 0.85, 0.5, 0.78, 0.6]",36,0.6680555555555556
"under certain conditions, the restaurant serves delicious food.",under certain conditions,meta-llama/Llama-3.1-8B-Instruct,"[0.67, 0.73, 0.71]",3,0.7033333333333333
The restaurant serves delicious food under certain conditions.,under certain conditions,meta-llama/Llama-3.1-8B-Instruct,"[0.68, 0.78, 0.67, 0.83, 0.78, 0.58, 0.53, 0.75, 0.75, 0.85, 0.85, 0.78, 0.74, 0.68, 0.85, 0.65, 0.58, 0.6]",18,0.7183333333333333
Under certain conditions the restaurant serves delicious food.,under certain conditions,meta-llama/Llama-3.1-8B-Instruct,"[0.85, 0.62, 0.48]",3,0.65
The movie is good depending on personal taste.,depending on,meta-llama/Llama-3.1-8B-Instruct,"[0.6, 0.49, 0.5]",3,0.5299999999999999
The movie is good depending on.,depending on,meta-llama/Llama-3.1-8B-Instruct,"[0.05, 0.2, 0.34, 0.4, 0.48, 0.59, 0.18, 0.4, 0.59]",9,0.35888888888888887
The movie is good depending on which aspects you prioritize.,depending on,meta-llama/Llama-3.1-8B-Instruct,"[0.57, 0.87, 0.77]",3,0.7366666666666667
"Depending on personal preference, the movie is good.",depending on,meta-llama/Llama-3.1-8B-Instruct,"[0.35, 0.5, 0.35]",3,0.39999999999999997
The movie is good depending on your personal taste.,depending on,meta-llama/Llama-3.1-8B-Instruct,"[0.55, 0.4, 0.21]",3,0.3866666666666667
The movie is good depending on one's perspective.,depending on,meta-llama/Llama-3.1-8B-Instruct,"[0.43, 0.29, 0.7]",3,0.47333333333333333
"Depending on the movie, it is good.",depending on,meta-llama/Llama-3.1-8B-Instruct,"[0.5, 0.5, 0.3]",3,0.43333333333333335
"Depending on the viewer, the movie is good.",depending on,meta-llama/Llama-3.1-8B-Instruct,"[0.22, 0.67, 0.68, 0.55, 0.4, 0.25]",6,0.46166666666666667
The movie is good depending on how you experience it.,depending on,meta-llama/Llama-3.1-8B-Instruct,"[0.35, 0.6, 0.25]",3,0.39999999999999997
"The movie is good, depending on your taste.",depending on,meta-llama/Llama-3.1-8B-Instruct,"[0.5, 0.5, 0.6]",3,0.5333333333333333
The movie is good depending on the viewer.,depending on,meta-llama/Llama-3.1-8B-Instruct,"[0.6, 0.75, 0.25, 0.25, 0.43, 0.4]",6,0.4466666666666667
"Depending on the audience, the movie is good.",depending on,meta-llama/Llama-3.1-8B-Instruct,"[0.7, 0.6, 0.5]",3,0.6
The movie is good depending on preferences.,depending on,meta-llama/Llama-3.1-8B-Instruct,"[0.42, 0.5, 0.35]",3,0.42333333333333334
"The movie is good, depending on what you like.",depending on,meta-llama/Llama-3.1-8B-Instruct,"[0.67, 0.47, 0.31]",3,0.48333333333333334
"The movie is good, depending on.",depending on,meta-llama/Llama-3.1-8B-Instruct,"[0.56, 0.4, 0.2]",3,0.3866666666666667
The movie is good depending on the viewer's taste.,depending on,meta-llama/Llama-3.1-8B-Instruct,"[0.45, 0.38, 0.6]",3,0.4766666666666666
The movie is subject to being good.,subject to,meta-llama/Llama-3.1-8B-Instruct,"[0.47, 0.38, 0.05, 0.2, 0.75, 0.25, 0.15, 0.22, 0.55, 0.16, 0.22, 0.6, 0.42, 0.2, 0.2]",15,0.32133333333333336
The movie is good subject to your particular taste.,subject to,meta-llama/Llama-3.1-8B-Instruct,"[0.85, 0.78, 0.76]",3,0.7966666666666667
The movie is subject to good.,subject to,meta-llama/Llama-3.1-8B-Instruct,"[0.08, 0.14, 0.75]",3,0.3233333333333333
"The movie is good, subject to.",subject to,meta-llama/Llama-3.1-8B-Instruct,"[0.2, 0.4, 0.4]",3,0.3333333333333333
"The movie is good, subject to taste.",subject to,meta-llama/Llama-3.1-8B-Instruct,"[0.6, 0.55, 0.78]",3,0.6433333333333334
The movie is subject to going well.,subject to,meta-llama/Llama-3.1-8B-Instruct,"[0.35, 0.11, 0.4]",3,0.2866666666666667
The movie is good subject to.,subject to,meta-llama/Llama-3.1-8B-Instruct,"[0.2, 0.2, 0.6]",3,0.3333333333333333
The movie is good subject to its genre.,subject to,meta-llama/Llama-3.1-8B-Instruct,"[0.85, 0.72, 0.75]",3,0.7733333333333333
The movie is good subject to personal preference.,subject to,meta-llama/Llama-3.1-8B-Instruct,"[0.57, 0.7, 0.32, 0.41, 0.35, 0.78, 0.47, 0.6, 0.5]",9,0.5222222222222223
"The movie is good, subject to its cinematic style.",subject to,meta-llama/Llama-3.1-8B-Instruct,"[0.59, 0.6, 0.7]",3,0.63
The movie is good subject to individual preferences.,subject to,meta-llama/Llama-3.1-8B-Instruct,"[0.85, 0.55, 0.85]",3,0.75
"Subject to opinions, the movie is good.",subject to,meta-llama/Llama-3.1-8B-Instruct,"[0.2, 0.6, 0.55]",3,0.45
"The movie is good, subject to viewer preference.",subject to,meta-llama/Llama-3.1-8B-Instruct,"[0.55, 0.55, 0.74]",3,0.6133333333333334
"The movie is good, subject to individual preferences.",subject to,meta-llama/Llama-3.1-8B-Instruct,"[0.6, 0.78, 0.6]",3,0.66
The medication is effective contingent upon the patient's specific health profile.,contingent upon,meta-llama/Llama-3.1-8B-Instruct,"[0.85, 0.6, 0.62]",3,0.69
The medication's effectiveness in treating the disease is contingent upon individual patient factors.,contingent upon,meta-llama/Llama-3.1-8B-Instruct,"[0.73, 0.76, 0.3]",3,0.5966666666666667
"The medication is effective in treating the disease, contingent upon patient adherence.",contingent upon,meta-llama/Llama-3.1-8B-Instruct,"[0.85, 0.87, 0.85, 0.78, 0.62, 0.78, 0.85, 0.8, 0.87, 0.68, 0.78, 0.85]",12,0.7983333333333333
The medication’s effectiveness in treating the disease is contingent upon patient-specific factors.,contingent upon,meta-llama/Llama-3.1-8B-Instruct,"[0.62, 0.72, 0.6]",3,0.6466666666666666
The medication is effective in treating the disease contingent upon proper administration.,contingent upon,meta-llama/Llama-3.1-8B-Instruct,"[0.75, 0.45, 0.65]",3,0.6166666666666667
"The medication is effective in treating the disease, contingent upon patient compliance.",contingent upon,meta-llama/Llama-3.1-8B-Instruct,"[0.6, 0.8, 0.8]",3,0.7333333333333334
The medication is effective in treating the disease contingent upon.,contingent upon,meta-llama/Llama-3.1-8B-Instruct,"[0.52, 0.48, 0.68]",3,0.56
The medication is effective in treating the disease contingent upon individual patient response.,contingent upon,meta-llama/Llama-3.1-8B-Instruct,"[0.5, 0.72, 0.8, 0.72, 0.43, 0.74]",6,0.6516666666666667
The medication's effectiveness is contingent upon treating the disease.,contingent upon,meta-llama/Llama-3.1-8B-Instruct,"[0.8, 0.7, 0.5]",3,0.6666666666666666
The medication's effectiveness in treating the disease is contingent upon...,contingent upon,meta-llama/Llama-3.1-8B-Instruct,"[0.43, 0.61, 0.67]",3,0.57
The medication is effective in treating the disease contingent upon the patient following the prescribed dosage.,contingent upon,meta-llama/Llama-3.1-8B-Instruct,"[0.73, 0.65, 0.78]",3,0.7200000000000001
The effectiveness of the medication in treating the disease is contingent upon patient compliance.,contingent upon,meta-llama/Llama-3.1-8B-Instruct,"[0.87, 0.73, 0.78]",3,0.7933333333333333
The medication’s effectiveness in treating the disease is contingent upon specific patient factors.,contingent upon,meta-llama/Llama-3.1-8B-Instruct,"[0.7, 0.95, 0.85]",3,0.8333333333333334
The medication is effective in treating the disease contingent upon proper dosage.,contingent upon,meta-llama/Llama-3.1-8B-Instruct,"[0.78, 0.85, 0.53, 0.58, 0.85, 0.58]",6,0.695
The medication is effective in treating the disease contingent upon individual response.,contingent upon,meta-llama/Llama-3.1-8B-Instruct,"[0.5, 0.47, 0.7]",3,0.5566666666666666
Assuming that it rains tomorrow.,assuming that,meta-llama/Llama-3.1-8B-Instruct,"[0.5, 0.3, 0.2, 0.25, 0.2, 0.8, 0.25, 0.2, 0.6, 0.6, 0.2, 0.2, 0.8, 0.6, 0.6, 0.7, 0.45, 0.2, 0.2, 0.9, 0.4, 0.4, 0.3, 0.6, 0.2, 0.5, 0.2, 0.2, 0.3, 0.2, 0.25, 0.55, 0.2, 0.6, 0.3, 0.2, 0.6, 0.2, 0.52, 0.3, 0.41, 0.3, 0.16, 0.3, 0.5, 0.75, 0.3, 0.2, 0.25, 0.6, 0.2]",51,0.38705882352941173
"It rains tomorrow, assuming that the forecast is accurate.",assuming that,meta-llama/Llama-3.1-8B-Instruct,"[0.78, 0.5, 0.68]",3,0.6533333333333333
"Assuming that he studied diligently, he will pass the exam.",assuming that,meta-llama/Llama-3.1-8B-Instruct,"[0.8, 0.7, 0.63]",3,0.71
"Assuming that it rains tomorrow, the event will be postponed.",assuming that,meta-llama/Llama-3.1-8B-Instruct,"[0.5, 0.58, 0.6]",3,0.5599999999999999
It is worth considering that there is a correlation between X and Y.,it is worth considering that,meta-llama/Llama-3.1-8B-Instruct,"[0.6, 0.67, 0.42, 0.8, 0.85, 0.6, 0.75, 0.6, 0.2, 0.6, 0.43, 0.35, 0.6, 0.58, 0.4, 0.68, 0.44, 0.68, 0.56, 0.74, 0.85, 0.75, 0.6, 0.6, 0.47, 0.25, 0.65, 0.75, 0.67, 0.78, 0.8, 0.43, 0.67, 0.58, 0.63, 0.5, 0.66, 0.6, 0.6, 0.7, 0.7, 0.72, 0.5, 0.25, 0.5, 0.83, 0.58, 0.65, 0.78, 0.6, 0.67]",51,0.6052941176470589
It is worth considering that there is a correlation between X and Y.,it is worth considering that,meta-llama/Llama-3.1-8B-Instruct,"[0.6, 0.25, 0.68]",3,0.51
it is worth considering that there is a correlation between X and Y.,it is worth considering that,meta-llama/Llama-3.1-8B-Instruct,"[0.45, 0.48, 0.62]",3,0.5166666666666667
It is worth considering that X and Y are correlated.,it is worth considering that,meta-llama/Llama-3.1-8B-Instruct,"[0.95, 0.3, 0.6]",3,0.6166666666666666
It has been observed that the medication is effective in treating the disease.,it has been observed that,meta-llama/Llama-3.1-8B-Instruct,"[0.73, 0.8, 0.8, 0.6, 0.8, 0.95, 0.88, 0.85, 0.81, 0.7, 0.85, 0.8, 0.6, 0.8, 0.8, 0.8, 0.95, 0.84, 0.85, 0.96, 0.95, 0.68, 0.68, 0.6, 0.8, 0.9, 0.65, 0.95, 0.95, 0.85, 0.8, 0.83, 0.67, 0.85, 0.7, 0.85, 0.8, 0.85, 0.87, 0.78, 0.96, 0.87, 0.65, 0.75, 0.85, 0.6, 0.65, 0.78, 0.87, 0.68, 0.71, 0.85, 0.85, 0.75, 0.8, 0.7, 0.85, 0.8, 0.7, 0.8]",60,0.7941666666666667
it is commonly held that the city is the oldest in the country.,it is commonly held that,meta-llama/Llama-3.1-8B-Instruct,"[0.4, 0.58, 0.57]",3,0.5166666666666666
It is commonly held that the city is the oldest in the country.,it is commonly held that,meta-llama/Llama-3.1-8B-Instruct,"[0.55, 0.5, 0.63, 0.8, 0.85, 0.58, 0.83, 0.78, 0.8, 0.76, 0.68, 0.76, 0.6, 0.86, 0.61, 0.7, 0.74, 0.85, 0.68, 0.85, 0.86, 0.8, 0.85, 0.76, 0.81, 0.85, 0.52, 0.67, 0.75, 0.8, 0.67, 0.75, 0.83, 0.85, 0.85, 0.63, 0.85, 0.71, 0.73, 0.78, 0.5, 0.7, 0.6, 0.7, 0.7, 0.85, 0.8, 0.5, 0.67, 0.58, 0.73, 0.62, 0.85, 0.75, 0.63, 0.85, 0.74]",57,0.7280701754385965
It is often assumed that the city is the oldest in the country.,it is often assumed that,meta-llama/Llama-3.1-8B-Instruct,"[0.47, 0.78, 0.5, 0.42, 0.25, 0.6, 0.8, 0.3, 0.7, 0.75, 0.76, 0.76, 0.75, 0.85, 0.77, 0.68, 0.76, 0.47, 0.56, 0.85, 0.6, 0.69, 0.77, 0.58, 0.75, 0.6, 0.42, 0.6, 0.76, 0.63, 0.52, 0.4, 0.56, 0.68, 0.5, 0.78, 0.31, 0.68, 0.73, 0.49, 0.74, 0.73, 0.67, 0.64, 0.76, 0.6, 0.6, 0.56, 0.6, 0.6, 0.7, 0.85, 0.56, 0.78, 0.71, 0.81, 0.34, 0.5, 0.25, 0.5]",60,0.6221666666666666
Evidence is consistent with the medication being effective in treating the disease.,evidence is consistent with,meta-llama/Llama-3.1-8B-Instruct,"[0.85, 0.85, 0.85, 0.95, 0.85, 0.5, 0.8, 0.98, 0.7, 0.87, 0.85, 0.95, 0.83, 0.82, 0.85, 0.95, 0.8, 0.75, 0.85, 0.95, 0.95, 0.8, 0.94, 0.8, 0.84, 0.85, 0.78, 0.85, 0.95, 0.87, 0.6, 0.8, 0.85, 0.87, 0.78, 0.9, 0.83, 0.85, 0.87, 0.7, 0.8, 0.87, 0.83, 0.8, 0.96, 0.85, 0.85, 0.78, 0.78, 0.85, 0.9, 0.85, 0.96, 0.8, 0.8, 0.85, 0.6]",57,0.8352631578947368
Evidence is consistent with the medication’s effectiveness in treating the disease.,evidence is consistent with,meta-llama/Llama-3.1-8B-Instruct,"[0.78, 0.8, 0.95]",3,0.8433333333333334
The data are consistent with a significant effect.,data are consistent with,meta-llama/Llama-3.1-8B-Instruct,"[0.82, 0.87, 0.85, 0.85, 0.85, 0.85, 0.8, 0.85, 0.95]",9,0.8544444444444443
Data are consistent with a significant effect.,data are consistent with,meta-llama/Llama-3.1-8B-Instruct,"[0.6, 0.85, 0.9, 0.85, 0.92, 0.95, 0.87, 0.86, 0.87, 0.8, 0.95, 0.95, 0.95, 0.96, 0.85, 0.92, 0.85, 0.85, 0.86, 0.96, 0.8, 0.95, 0.92, 0.85, 0.95, 0.66, 0.8]",27,0.8703703703703703
Data are consistent with a significant effect from the experiment.,data are consistent with,meta-llama/Llama-3.1-8B-Instruct,"[0.95, 0.85, 0.8, 0.8, 0.8, 0.88, 0.98, 0.95, 0.95]",9,0.8844444444444445
data are consistent with a significant effect.,data are consistent with,meta-llama/Llama-3.1-8B-Instruct,"[0.7, 0.87, 0.6, 0.85, 0.95, 0.7]",6,0.7783333333333333
Data are consistent with the significant effect demonstrated by the experiment.,data are consistent with,meta-llama/Llama-3.1-8B-Instruct,"[0.98, 0.92, 0.79]",3,0.8966666666666666
Data are consistent with a significant effect in the experiment.,data are consistent with,meta-llama/Llama-3.1-8B-Instruct,"[0.95, 0.87, 0.9]",3,0.9066666666666666
Data are consistent with the experiment showing a significant effect.,data are consistent with,meta-llama/Llama-3.1-8B-Instruct,"[0.85, 0.8, 0.85]",3,0.8333333333333334
It cannot be ruled out that the city is the oldest in the country.,it cannot be ruled out that,meta-llama/Llama-3.1-8B-Instruct,"[0.85, 0.32, 0.63, 0.58, 0.6, 0.56, 0.3, 0.6, 0.45, 0.6, 0.73, 0.96, 0.25, 0.68, 0.76, 0.35, 0.65, 0.86, 0.66, 0.58, 0.68, 0.7, 0.73, 0.53, 0.6, 0.56, 0.67, 0.23, 0.6, 0.65, 0.75, 0.25, 0.6, 0.55, 0.75, 0.52, 0.75, 0.45, 0.58, 0.38, 0.72, 0.3, 0.55, 0.67, 0.74, 0.48, 0.6, 0.6, 0.75, 0.78, 0.74, 0.78, 0.87, 0.28, 0.7, 0.61, 0.73]",57,0.6035087719298246
The city is the oldest in the country – it cannot be ruled out that this is true.,it cannot be ruled out that,meta-llama/Llama-3.1-8B-Instruct,"[0.6, 0.22, 0.08]",3,0.3
It would be premature to conclude that the city is the oldest in the country.,it would be premature to conclude,meta-llama/Llama-3.1-8B-Instruct,"[0.52, 0.6, 0.59, 0.65, 0.8, 0.84, 0.86, 0.7, 0.7, 0.92, 0.92, 0.67, 0.78, 0.85, 0.85, 0.85, 0.83, 0.6, 0.85, 0.87, 0.87, 0.83, 0.95, 0.78, 0.8, 0.85, 0.85, 0.88, 0.85, 0.78, 0.56, 0.85, 0.85, 0.86, 0.76, 0.85, 0.6, 0.58, 0.85, 0.85, 0.68, 0.87, 0.78, 0.52, 0.52, 0.76, 0.85, 0.75, 0.8, 0.43, 0.85, 0.85, 0.78, 0.6, 0.86, 0.76, 0.88, 0.95, 0.85, 0.87]",60,0.7751666666666667
Cautious interpretation suggests the city is the oldest in the country.,cautious interpretation suggests,meta-llama/Llama-3.1-8B-Instruct,"[0.4, 0.65, 0.86, 0.59, 0.7, 0.78, 0.6, 0.68, 0.69, 0.48, 0.42, 0.74, 0.76, 0.6, 0.5, 0.4, 0.73, 0.55, 0.8, 0.72, 0.83, 0.6, 0.85, 0.85, 0.74, 0.86, 0.43, 0.67, 0.36, 0.56, 0.56, 0.3, 0.83, 0.85, 0.58, 0.36]",36,0.6355555555555555
cautious interpretation suggests the city is the oldest in the country.,cautious interpretation suggests,meta-llama/Llama-3.1-8B-Instruct,"[0.6, 0.43, 0.69, 0.6, 0.78, 0.57, 0.55, 0.56, 0.68, 0.7, 0.56, 0.73, 0.5, 0.67, 0.73, 0.68, 0.86, 0.58, 0.67, 0.68, 0.76]",21,0.6466666666666667
cautious interpretation suggests that the city is the oldest in the country.,cautious interpretation suggests,meta-llama/Llama-3.1-8B-Instruct,"[0.36, 0.31, 0.6]",3,0.42333333333333334
Tentative evidence points to the book being informative.,tentative evidence points to,meta-llama/Llama-3.1-8B-Instruct,"[0.55, 0.58, 0.6, 0.48, 0.36, 0.6, 0.67, 0.6, 0.55, 0.57, 0.47, 0.58, 0.67, 0.68, 0.69, 0.68, 0.52, 0.68, 0.65, 0.6, 0.7, 0.47, 0.58, 0.57, 0.42, 0.55, 0.61, 0.58, 0.5, 0.6, 0.55, 0.42, 0.68, 0.75, 0.61, 0.7, 0.75, 0.6, 0.6, 0.6, 0.57, 0.76, 0.41, 0.76, 0.55, 0.78, 0.46, 0.6, 0.4, 0.6, 0.7, 0.68, 0.58, 0.47, 0.68, 0.58, 0.35, 0.55, 0.75, 0.48]",60,0.5888333333333333
"On current evidence, the movie is good.",on current evidence,meta-llama/Llama-3.1-8B-Instruct,"[0.85, 0.7, 0.85, 0.85, 0.85, 0.85, 0.6, 0.8, 0.8, 0.8, 0.8, 0.8, 0.85, 0.7, 0.78, 0.85, 0.85, 0.8, 0.88, 0.85, 0.67, 0.7, 0.75, 0.75, 0.65, 0.6, 0.55, 0.85, 0.8, 0.78, 0.8, 0.7, 0.85, 0.9, 0.6, 0.85, 0.78, 0.85, 0.8, 0.85, 0.85, 0.8, 0.75, 0.8, 0.64, 0.96, 0.68, 0.6, 0.85, 0.8, 0.78]",51,0.7784313725490196
The movie is good on current evidence.,on current evidence,meta-llama/Llama-3.1-8B-Instruct,"[0.85, 0.76, 0.6, 0.71, 0.7, 0.85]",6,0.745
On current evidence the movie is good.,on current evidence,meta-llama/Llama-3.1-8B-Instruct,"[0.85, 0.8, 0.85]",3,0.8333333333333334
It rains tomorrow as currently understood.,as currently understood,meta-llama/Llama-3.1-8B-Instruct,"[0.55, 0.59, 0.34, 0.26, 0.71, 0.45, 0.2, 0.5, 0.95, 0.8, 0.85, 0.6, 0.6, 0.85, 0.69, 0.22, 0.5, 0.78, 0.8, 0.56, 0.88, 0.7, 0.36, 0.85, 0.68, 0.6, 0.55, 0.4, 0.6, 0.6, 0.5, 0.5, 0.6, 0.12, 0.4, 0.5, 0.6, 0.28, 0.75, 0.86, 0.65, 0.5]",42,0.5780952380952381
"It rains tomorrow, as currently understood.",as currently understood,meta-llama/Llama-3.1-8B-Instruct,"[0.6, 0.22, 0.58, 0.6, 0.35, 0.85, 0.48, 0.85, 0.3, 0.75, 0.44, 0.2, 0.5, 0.66, 0.45]",15,0.522
"It is expected that rain will occur tomorrow, as currently understood.",as currently understood,meta-llama/Llama-3.1-8B-Instruct,"[0.61, 0.4, 0.3]",3,0.4366666666666667
"It rains tomorrow, pending further investigation.",pending further investigation,meta-llama/Llama-3.1-8B-Instruct,"[0.28, 0.2, 0.24, 0.1, 0.2, 0.2, 0.2, 0.2, 0.3, 0.36, 0.57, 0.18, 0.22, 0.08, 0.2, 0.5, 0.2, 0.6, 0.45, 0.22, 0.2, 0.25, 0.08, 0.69, 0.67, 0.4, 0.2, 0.3, 0.35, 0.2]",30,0.2946666666666667
"Pending further investigation, it rains tomorrow.",pending further investigation,meta-llama/Llama-3.1-8B-Instruct,"[0.47, 0.27, 0.4, 0.45, 0.35, 0.25, 0.2, 0.8, 0.16]",9,0.37222222222222223
It rains tomorrow pending further investigation.,pending further investigation,meta-llama/Llama-3.1-8B-Instruct,"[0.6, 0.6, 0.3, 0.38, 0.72, 0.4, 0.2, 0.6, 0.48, 0.45, 0.43, 0.35, 0.3, 0.6, 0.67]",15,0.47200000000000003
"It might rain tomorrow, pending further investigation.",pending further investigation,meta-llama/Llama-3.1-8B-Instruct,"[0.28, 0.34, 0.28]",3,0.30000000000000004
"Pending further investigation, it may rain tomorrow.",pending further investigation,meta-llama/Llama-3.1-8B-Instruct,"[0.68, 0.57, 0.3]",3,0.5166666666666667
"There is a correlation between X and Y, with the caveat that it does not prove causation.",with the caveat that,meta-llama/Llama-3.1-8B-Instruct,"[0.8, 0.58, 0.86]",3,0.7466666666666667
"There is a correlation between X and Y, with the caveat that this relationship is not causal.",with the caveat that,meta-llama/Llama-3.1-8B-Instruct,"[0.85, 0.71, 0.85]",3,0.8033333333333333
"There is a correlation between X and Y, with the caveat that other factors may also play a role.",with the caveat that,meta-llama/Llama-3.1-8B-Instruct,"[0.72, 0.42, 0.65]",3,0.5966666666666667
"There is a correlation between X and Y, with the caveat that.",with the caveat that,meta-llama/Llama-3.1-8B-Instruct,"[0.7, 0.25, 0.23, 0.66, 0.49, 0.25, 0.45, 0.45, 0.72, 0.46, 0.25, 0.1, 0.55, 0.2, 0.21, 0.3, 0.2, 0.68, 0.27, 0.14, 0.68, 0.5, 0.5, 0.09]",24,0.38875
"There is a correlation between X and Y, with the caveat that this is not causation.",with the caveat that,meta-llama/Llama-3.1-8B-Instruct,"[0.6, 0.86, 0.6]",3,0.6866666666666666
"There is a correlation between X and Y, with the caveat that the relationship may be influenced by other variables.",with the caveat that,meta-llama/Llama-3.1-8B-Instruct,"[0.78, 0.63, 0.6]",3,0.6699999999999999
There is a correlation between X and Y with the caveat that.,with the caveat that,meta-llama/Llama-3.1-8B-Instruct,"[0.2, 0.6, 0.35, 0.31, 0.6, 0.49]",6,0.425
With the caveat that there is a correlation between X and Y.,with the caveat that,meta-llama/Llama-3.1-8B-Instruct,"[0.44, 0.6, 0.3]",3,0.4466666666666666
"There is a correlation between X and Y, with the caveat that this does not imply causation.",with the caveat that,meta-llama/Llama-3.1-8B-Instruct,"[0.58, 0.6, 0.85]",3,0.6766666666666666
"There is a correlation between X and Y, with the caveat that it does not imply causation.",with the caveat that,meta-llama/Llama-3.1-8B-Instruct,"[0.78, 0.7, 0.6]",3,0.6933333333333334
"There is a correlation between X and Y, with the caveat that it does not necessarily imply causation.",with the caveat that,meta-llama/Llama-3.1-8B-Instruct,"[0.67, 0.58, 0.75]",3,0.6666666666666666
"There is a correlation between X and Y, with the caveat that it may not necessarily indicate causation.",with the caveat that,meta-llama/Llama-3.1-8B-Instruct,"[0.85, 0.78, 0.58]",3,0.7366666666666667
"The report is not accurate, with the qualification that it may contain some errors.",with the qualification that,meta-llama/Llama-3.1-8B-Instruct,"[0.35, 0.12, 0.85, 0.85, 0.71, 0.59]",6,0.5783333333333333
The report is not accurate with the qualification that it may contain some correct elements.,with the qualification that,meta-llama/Llama-3.1-8B-Instruct,"[0.3, 0.4, 0.22]",3,0.3066666666666667
"The report is not accurate, with the qualification that it does not reflect recent data.",with the qualification that,meta-llama/Llama-3.1-8B-Instruct,"[0.76, 0.82, 0.2]",3,0.5933333333333334
The report is not accurate with the qualification that its figures are outdated.,with the qualification that,meta-llama/Llama-3.1-8B-Instruct,"[0.77, 0.6, 0.76]",3,0.71
"The report is not accurate, with the qualification that it fails to reflect recent data.",with the qualification that,meta-llama/Llama-3.1-8B-Instruct,"[0.78, 0.7, 0.76]",3,0.7466666666666667
The report is not accurate with the qualification that it is based on preliminary findings.,with the qualification that,meta-llama/Llama-3.1-8B-Instruct,"[0.85, 0.6, 0.68]",3,0.71
The report is not accurate with the qualification that it was drawn from incomplete data.,with the qualification that,meta-llama/Llama-3.1-8B-Instruct,"[0.78, 0.96, 0.62]",3,0.7866666666666666
"The report is not accurate, with the qualification that.",with the qualification that,meta-llama/Llama-3.1-8B-Instruct,"[0.5, 0.45, 0.54, 0.67, 0.68, 0.19]",6,0.505
"The report is not accurate, with the qualification that its data set is incomplete.",with the qualification that,meta-llama/Llama-3.1-8B-Instruct,"[0.5, 0.6, 0.76]",3,0.62
The report is not accurate with the qualification that it may not fully reflect the latest data.,with the qualification that,meta-llama/Llama-3.1-8B-Instruct,"[0.26, 0.35, 0.56]",3,0.38999999999999996
"The report is not accurate, with the qualification that it may contain errors.",with the qualification that,meta-llama/Llama-3.1-8B-Instruct,"[0.58, 0.76, 0.85, 0.6, 0.86, 0.24]",6,0.6483333333333333
With the qualification that the report is not accurate.,with the qualification that,meta-llama/Llama-3.1-8B-Instruct,"[0.45, 0.41, 0.86]",3,0.5733333333333334
The report is not accurate with the qualification that it is based on incomplete data.,with the qualification that,meta-llama/Llama-3.1-8B-Instruct,"[0.6, 0.5, 0.7]",3,0.6
"The report is not accurate, with the qualification that it contains multiple sources of error.",with the qualification that,meta-llama/Llama-3.1-8B-Instruct,"[0.45, 0.55, 0.74]",3,0.58
The report is not accurate with the qualification that it was based on incomplete data.,with the qualification that,meta-llama/Llama-3.1-8B-Instruct,"[0.85, 0.75, 0.85]",3,0.8166666666666668
"The report is not accurate, with the qualification that it is incomplete.",with the qualification that,meta-llama/Llama-3.1-8B-Instruct,"[0.76, 0.65, 0.46]",3,0.6233333333333334
The report is not accurate with the qualification that it may contain errors.,with the qualification that,meta-llama/Llama-3.1-8B-Instruct,"[0.47, 0.5, 0.58]",3,0.5166666666666666
"Notwithstanding the forecast, it rains tomorrow.",notwithstanding,meta-llama/Llama-3.1-8B-Instruct,"[0.6, 0.85, 0.92, 0.7, 0.75, 0.88]",6,0.7833333333333333
"It rains tomorrow, notwithstanding.",notwithstanding,meta-llama/Llama-3.1-8B-Instruct,"[0.6, 0.4, 0.6]",3,0.5333333333333333
"Notwithstanding, it rains tomorrow.",notwithstanding,meta-llama/Llama-3.1-8B-Instruct,"[0.7, 0.45, 0.5, 0.2, 0.8, 0.3, 0.89, 0.3, 0.3, 0.7, 0.3, 0.75, 0.2, 0.65, 0.18, 0.7, 0.8, 0.68, 0.6, 0.6, 0.6, 0.5, 0.5, 0.4, 0.85, 0.6, 0.28, 0.95, 0.2, 0.8, 0.58, 0.5, 0.35, 0.2, 0.2, 0.4, 0.5, 0.28, 0.96, 0.6, 0.3, 0.7]",42,0.5202380952380953
"Notwithstanding, it will rain tomorrow.",notwithstanding,meta-llama/Llama-3.1-8B-Instruct,"[0.8, 0.7, 0.8, 0.6, 0.6, 0.3]",6,0.6333333333333333
Notwithstanding it rains tomorrow.,notwithstanding,meta-llama/Llama-3.1-8B-Instruct,"[0.6, 0.7, 0.44]",3,0.58
"The city is the oldest in the country, subject to revision.",subject to revision,meta-llama/Llama-3.1-8B-Instruct,"[0.2, 0.67, 0.56, 0.76, 0.66, 0.2, 0.2, 0.6, 0.4, 0.7, 0.67, 0.34, 0.67, 0.6, 0.7, 0.6, 0.2, 0.48, 0.2, 0.7, 0.24, 0.5, 0.75, 0.54, 0.43, 0.7, 0.4, 0.3, 0.73, 0.23, 0.3, 0.35, 0.27, 0.85, 0.35, 0.73, 0.22, 0.2, 0.49, 0.46, 0.6, 0.3, 0.48, 0.4, 0.26, 0.78, 0.2, 0.55, 0.85, 0.67, 0.72, 0.38, 0.3, 0.58, 0.75, 0.6, 0.78]",57,0.4973684210526316
The city is subject to revision being the oldest in the country.,subject to revision,meta-llama/Llama-3.1-8B-Instruct,"[0.36, 0.58, 0.71]",3,0.5499999999999999
"In theory, the restaurant serves delicious food.",in theory,meta-llama/Llama-3.1-8B-Instruct,"[0.44, 0.58, 0.76, 0.3, 0.3, 0.6, 0.71, 0.6, 0.3, 0.73, 0.5, 0.4, 0.4, 0.4, 0.3, 0.4, 0.78, 0.42, 0.28, 0.5, 0.6, 0.7, 0.58, 0.5, 0.3, 0.85, 0.6, 0.65, 0.4, 0.4, 0.56, 0.35, 0.4, 0.65, 0.6, 0.38, 0.35, 0.4, 0.58, 0.6, 0.45, 0.6, 0.6, 0.3, 0.3]",45,0.49777777777777776
In theory the restaurant serves delicious food.,in theory,meta-llama/Llama-3.1-8B-Instruct,"[0.75, 0.6, 0.35, 0.73, 0.6, 0.56, 0.25, 0.35, 0.6]",9,0.5322222222222223
"The restaurant serves delicious food, in theory.",in theory,meta-llama/Llama-3.1-8B-Instruct,"[0.73, 0.47, 0.2]",3,0.4666666666666666
"In theory, the new software will increase productivity.",in theory,meta-llama/Llama-3.1-8B-Instruct,"[0.43, 0.6, 0.25]",3,0.4266666666666667
"Theoretically, the new product is successful in the market.",theoretically,meta-llama/Llama-3.1-8B-Instruct,"[0.08, 0.41, 0.23, 0.25, 0.6, 0.23, 0.4, 0.38, 0.28, 0.76, 0.5, 0.7, 0.55, 0.6, 0.51, 0.31, 0.35, 0.4, 0.6, 0.55, 0.68, 0.37, 0.3, 0.6, 0.67, 0.87, 0.4, 0.4, 0.48, 0.3, 0.6, 0.7, 0.5, 0.76, 0.73, 0.56, 0.3, 0.7, 0.23, 0.4, 0.3, 0.68]",42,0.48142857142857143
Theoretically the new product is successful in the market.,theoretically,meta-llama/Llama-3.1-8B-Instruct,"[0.6, 0.6, 0.55]",3,0.5833333333333334
The new product is theoretically successful in the market.,theoretically,meta-llama/Llama-3.1-8B-Instruct,"[0.43, 0.71, 0.45, 0.25, 0.28, 0.46, 0.42, 0.27, 0.4, 0.43, 0.45, 0.4, 0.42, 0.48, 0.42]",15,0.418
"Hypothetically, the restaurant serves delicious food.",hypothetically,meta-llama/Llama-3.1-8B-Instruct,"[0.4, 0.3, 0.25, 0.58, 0.2, 0.35, 0.55, 0.22, 0.4, 0.5, 0.4, 0.2, 0.32, 0.2, 0.3, 0.4, 0.6, 0.56, 0.6, 0.5, 0.6, 0.55, 0.22, 0.76, 0.6, 0.2, 0.36, 0.6, 0.5, 0.3, 0.22, 0.3, 0.6, 0.3, 0.4, 0.6, 0.7, 0.4, 0.23, 0.43, 0.6, 0.38, 0.4, 0.75, 0.3, 0.45, 0.4, 0.6, 0.76, 0.53, 0.3, 0.2, 0.2, 0.58, 0.35, 0.3, 0.43]",57,0.4250877192982456
Hypothetically the restaurant serves delicious food.,hypothetically,meta-llama/Llama-3.1-8B-Instruct,"[0.14, 0.3, 0.22]",3,0.22
"In principle, the neighbor is home.",in principle,meta-llama/Llama-3.1-8B-Instruct,"[0.57, 0.6, 0.6, 0.58, 0.6, 0.6, 0.85, 0.73, 0.6, 0.84, 0.76, 0.6, 0.65, 0.57, 0.82, 0.75, 0.7, 0.68, 0.68, 0.72, 0.5, 0.6, 0.7, 0.4, 0.63, 0.45, 0.78, 0.64, 0.5, 0.6, 0.95, 0.6, 0.85, 0.78, 0.75, 0.8, 0.6, 0.6, 0.7, 0.85, 0.85, 0.85, 0.8, 0.65, 0.8, 0.72, 0.6, 0.75, 0.5, 0.5, 0.56]",51,0.6737254901960784
The neighbor is home in principle.,in principle,meta-llama/Llama-3.1-8B-Instruct,"[0.75, 0.48, 0.4, 0.6, 0.62, 0.6]",6,0.5750000000000001
In principle the neighbor is home.,in principle,meta-llama/Llama-3.1-8B-Instruct,"[0.5, 0.68, 0.6]",3,0.5933333333333334
"On paper, the movie is good.",on paper,meta-llama/Llama-3.1-8B-Instruct,"[0.35, 0.4, 0.73, 0.6, 0.7, 0.5, 0.4, 0.5, 0.85, 0.55, 0.68, 0.78, 0.85, 0.72, 0.78, 0.2, 0.55, 0.4, 0.6, 0.6, 0.6, 0.67, 0.6, 0.48, 0.3, 0.8, 0.4, 0.75, 0.78, 0.58]",30,0.59
The movie is good on paper.,on paper,meta-llama/Llama-3.1-8B-Instruct,"[0.58, 0.35, 0.6, 0.58, 0.75, 0.3, 0.55, 0.6, 0.55, 0.6, 0.6, 0.4, 0.6, 0.2, 0.6, 0.35, 0.3, 0.5]",18,0.5005555555555555
The movie looks good on paper.,on paper,meta-llama/Llama-3.1-8B-Instruct,"[0.3, 0.6, 0.6]",3,0.5
"On paper, the movie looks good.",on paper,meta-llama/Llama-3.1-8B-Instruct,"[0.25, 0.23, 0.4]",3,0.29333333333333333
"The movie is good, on paper.",on paper,meta-llama/Llama-3.1-8B-Instruct,"[0.7, 0.6, 0.2, 0.4, 0.6, 0.6]",6,0.5166666666666667
Ideally the medication is effective in treating the disease.,ideally,meta-llama/Llama-3.1-8B-Instruct,"[0.67, 0.6, 0.4, 0.4, 0.85, 0.31]",6,0.5383333333333333
"Ideally, the medication is effective in treating the disease.",ideally,meta-llama/Llama-3.1-8B-Instruct,"[0.85, 0.69, 0.48, 0.6, 0.68, 0.75, 0.59, 0.6, 0.73, 0.5, 0.4, 0.32, 0.6, 0.73, 0.71, 0.8, 0.68, 0.4, 0.36, 0.78, 0.78, 0.74, 0.56, 0.6, 0.55, 0.61, 0.7, 0.58, 0.7, 0.58, 0.58, 0.56, 0.6, 0.55, 0.73, 0.49, 0.2, 0.6, 0.6, 0.75, 0.6, 0.43, 0.35, 0.68, 0.4, 0.6, 0.55, 0.08, 0.6, 0.78, 0.68, 0.35, 0.6, 0.61]",54,0.5855555555555556
In an ideal world the restaurant serves delicious food.,in an ideal world,meta-llama/Llama-3.1-8B-Instruct,"[0.65, 0.6, 0.4, 0.6, 0.2, 0.5, 0.4, 0.6, 0.47, 0.65, 0.2, 0.4, 0.28, 0.3, 0.42, 0.8, 0.65, 0.3, 0.75, 0.65, 0.23]",21,0.4785714285714286
"In an ideal world, the restaurant serves delicious food.",in an ideal world,meta-llama/Llama-3.1-8B-Instruct,"[0.5, 0.4, 0.2, 0.6, 0.3, 0.6, 0.4, 0.2, 0.42, 0.3, 0.6, 0.2, 0.4, 0.3, 0.6, 0.55, 0.23, 0.2, 0.3, 0.4, 0.41, 0.68, 0.14, 0.6, 0.2, 0.76, 0.36, 0.3, 0.45, 0.3, 0.45, 0.35, 0.2, 0.22, 0.2, 0.4, 0.2, 0.2, 0.2]",39,0.3671794871794872
"Under normal circumstances, the restaurant serves delicious food.",under normal circumstances,meta-llama/Llama-3.1-8B-Instruct,"[0.78, 0.6, 0.8, 0.85, 0.68, 0.85, 0.85, 0.6, 0.8, 0.81, 0.85, 0.75, 0.82, 0.85, 0.85, 0.85, 0.63, 0.88, 0.85, 0.75, 0.78, 0.85, 0.65, 0.88, 0.73, 0.68, 0.85, 0.87, 0.85, 0.6, 0.85, 0.6, 0.85, 0.8, 0.85, 0.85, 0.55, 0.95, 0.85, 0.86, 0.7, 0.8, 0.84, 0.75, 0.85, 0.8, 0.85, 0.7]",48,0.78625
The restaurant serves delicious food under normal circumstances.,under normal circumstances,meta-llama/Llama-3.1-8B-Instruct,"[0.6, 0.73, 0.85, 0.62, 0.78, 0.65, 0.57, 0.85, 0.85]",9,0.7222222222222222
Under normal circumstances the restaurant serves delicious food.,under normal circumstances,meta-llama/Llama-3.1-8B-Instruct,"[0.85, 0.85, 0.8]",3,0.8333333333333334
"All things being equal, the report is not accurate.",all things being equal,meta-llama/Llama-3.1-8B-Instruct,"[0.78, 0.65, 0.4, 0.75, 0.95, 0.85, 0.85, 0.68, 0.75, 0.7, 0.67, 0.4, 0.75, 0.9, 0.7, 0.85, 0.85, 0.7, 0.75, 0.85, 0.6, 0.76, 0.75, 0.75, 0.65, 0.85, 0.85, 0.78, 0.83, 0.6, 0.7, 0.91, 0.58, 0.85, 0.42, 0.78, 0.85, 0.78, 0.72, 0.8, 0.68, 0.67, 0.86, 0.8, 0.89, 0.78, 0.85, 0.92, 0.6, 0.96, 0.85, 0.8, 0.75, 0.85, 0.85, 0.6, 0.8, 0.76, 0.7, 0.6]",60,0.7526666666666666
"The book is informative, all else being equal.",all else being equal,meta-llama/Llama-3.1-8B-Instruct,"[0.76, 0.78, 0.78, 0.78, 0.6, 0.72, 0.68, 0.8, 0.75, 0.87, 0.7, 0.85]",12,0.7558333333333334
"All else being equal, the book is informative.",all else being equal,meta-llama/Llama-3.1-8B-Instruct,"[0.6, 0.75, 0.56, 0.85, 0.78, 0.8, 0.85, 0.7, 0.7, 0.78, 0.6, 0.6, 0.85, 0.73, 0.78, 0.83, 0.83, 0.78, 0.85, 0.85, 0.81, 0.78, 0.86, 0.7, 0.78, 0.82, 0.85, 0.87, 0.87, 0.62, 0.68, 0.6, 0.87, 0.7, 0.68, 0.85, 0.78, 0.78, 0.6, 0.78, 0.8, 0.7, 0.68, 0.85, 0.72, 0.8, 0.95, 0.7]",48,0.7614583333333332
"Under certain assumptions, the city is the oldest in the country.",under certain assumptions,meta-llama/Llama-3.1-8B-Instruct,"[0.75, 0.4, 0.65, 0.68, 0.55, 0.76, 0.75, 0.76, 0.6, 0.73, 0.6, 0.76, 0.6, 0.5, 0.55, 0.78, 0.7, 0.75, 0.85, 0.73, 0.45, 0.75, 0.4, 0.8, 0.6, 0.68, 0.75, 0.76, 0.82, 0.49, 0.69, 0.78, 0.85, 0.77, 0.64, 0.61, 0.78, 0.78, 0.5, 0.52, 0.7, 0.68, 0.73, 0.74, 0.63, 0.83, 0.6, 0.28, 0.78, 0.75, 0.7, 0.85, 0.44, 0.76, 0.66, 0.68, 0.86]",57,0.6761403508771929
The city is the oldest in the country under certain assumptions.,under certain assumptions,meta-llama/Llama-3.1-8B-Instruct,"[0.7, 0.2, 0.6]",3,0.5
"Given certain conditions, the movie is good.",given certain conditions,meta-llama/Llama-3.1-8B-Instruct,"[0.7, 0.85, 0.63, 0.55, 0.85, 0.6, 0.6, 0.5, 0.75, 0.6, 0.55, 0.8, 0.85, 0.68, 0.6, 0.85, 0.82, 0.5, 0.6, 0.8, 0.75, 0.48, 0.6, 0.73, 0.6, 0.6, 0.8, 0.6, 0.78, 0.75, 0.75, 0.75, 0.85]",33,0.6884848484848485
"The movie is good, given certain conditions.",given certain conditions,meta-llama/Llama-3.1-8B-Instruct,"[0.6, 0.75, 0.6, 0.55, 0.8, 0.6]",6,0.65
The movie is good given certain conditions.,given certain conditions,meta-llama/Llama-3.1-8B-Instruct,"[0.7, 0.6, 0.6, 0.6, 0.76, 0.5, 0.68, 0.6, 0.8, 0.6, 0.75, 0.6, 0.6, 0.6, 0.85, 0.75, 0.52, 0.67, 0.58, 0.58, 0.75]",21,0.6519047619047619
"In certain circumstances, the experiment shows a significant effect.",in certain circumstances,meta-llama/Llama-3.1-8B-Instruct,"[0.8, 0.71, 0.7, 0.6, 0.85, 0.88, 0.85, 0.85, 0.8, 0.83, 0.85, 0.78, 0.85, 0.8, 0.67, 0.85, 0.67, 0.75, 0.65, 0.86, 0.85, 0.85, 0.85, 0.8, 0.8, 0.78, 0.85, 0.6, 0.78, 0.85, 0.8, 0.85, 0.65, 0.61, 0.76, 0.85]",36,0.7813888888888889
In certain circumstances the experiment shows a significant effect.,in certain circumstances,meta-llama/Llama-3.1-8B-Instruct,"[0.85, 0.81, 0.78, 0.6, 0.7, 0.72, 0.8, 0.86, 0.75, 0.78, 0.86, 0.85, 0.63, 0.85, 0.75, 0.85, 0.85, 0.8, 0.85, 0.58, 0.78]",21,0.7761904761904762
The experiment shows a significant effect in certain circumstances.,in certain circumstances,meta-llama/Llama-3.1-8B-Instruct,"[0.85, 0.73, 0.78]",3,0.7866666666666666
"If conditions hold, the report is not accurate.",if conditions hold,meta-llama/Llama-3.1-8B-Instruct,"[0.78, 0.4, 0.6, 0.65, 0.5, 0.85, 0.76, 0.85, 0.58, 0.78, 0.65, 0.8, 0.75, 0.7, 0.65, 0.85, 0.85, 0.81, 0.85, 0.61, 0.55, 0.55, 0.98, 0.88, 0.75, 0.75, 0.92, 0.7, 0.85, 0.85, 0.68, 0.41, 0.45]",33,0.7148484848484848
The report is not accurate if conditions hold.,if conditions hold,meta-llama/Llama-3.1-8B-Instruct,"[0.35, 0.95, 0.6, 0.78, 0.95, 0.75, 0.95, 0.67, 0.6, 0.6, 0.85, 0.75, 0.87, 0.95, 0.95, 0.8, 0.75, 0.85, 0.75, 0.6, 0.85, 0.85, 0.95, 0.7]",24,0.7779166666666666
The report is accurate if conditions hold.,if conditions hold,meta-llama/Llama-3.1-8B-Instruct,"[0.53, 0.78, 0.78]",3,0.6966666666666667
"The neighbor is home, ceteris paribus.",ceteris paribus,meta-llama/Llama-3.1-8B-Instruct,"[0.95, 0.98, 0.8, 0.6, 0.41, 0.75, 0.94, 0.87, 0.85, 0.58, 0.6, 0.95, 0.75, 0.87, 0.8, 0.95, 0.85, 0.8, 0.98, 0.8, 0.48, 0.4, 0.6, 0.83, 0.98, 0.6, 0.55, 0.87, 0.92, 0.6]",30,0.7636666666666667
"Ceteris paribus, the neighbor is home.",ceteris paribus,meta-llama/Llama-3.1-8B-Instruct,"[0.8, 0.7, 0.95, 0.7, 0.85, 0.7, 0.56, 0.8, 0.85, 0.6, 0.71, 0.98, 0.7, 0.25, 0.7, 0.8, 0.95, 0.6, 0.85, 0.8, 0.95, 0.8, 0.6, 0.8, 0.6, 0.97, 0.85, 0.8, 0.6, 0.6]",30,0.7473333333333333
"In a best-case scenario, the book is informative.",in a best-case scenario,meta-llama/Llama-3.1-8B-Instruct,"[0.81, 0.6, 0.65, 0.58, 0.67, 0.65, 0.5, 0.58, 0.3, 0.73, 0.45, 0.48, 0.5, 0.6, 0.3, 0.47, 0.27, 0.58, 0.6, 0.65, 0.76, 0.6, 0.6, 0.6, 0.73, 0.68, 0.6, 0.5, 0.58, 0.6, 0.55, 0.6, 0.5, 0.76, 0.3, 0.6, 0.3, 0.56, 0.6, 0.55, 0.5, 0.6]",42,0.5628571428571428
"In a best‑case scenario, the book is informative.",in a best-case scenario,meta-llama/Llama-3.1-8B-Instruct,"[0.6, 0.81, 0.63, 0.6, 0.47, 0.3, 0.6, 0.35, 0.71, 0.64, 0.5, 0.28, 0.4, 0.6, 0.68, 0.2, 0.58, 0.35]",18,0.5166666666666667
"In a worst‑case scenario, the movie is good.",in a worst-case scenario,meta-llama/Llama-3.1-8B-Instruct,"[0.45, 0.7, 0.6, 0.6, 0.3, 0.6, 0.25, 0.78, 0.2, 0.4, 0.47, 0.78]",12,0.5108333333333334
"In a worst-case scenario, the movie is good.",in a worst-case scenario,meta-llama/Llama-3.1-8B-Instruct,"[0.4, 0.36, 0.28, 0.3, 0.7, 0.4, 0.45, 0.43, 0.34, 0.6, 0.2, 0.42, 0.5, 0.6, 0.2, 0.41, 0.6, 0.47, 0.45, 0.65, 0.6, 0.7, 0.85, 0.58, 0.4, 0.6, 0.75, 0.78, 0.2, 0.44, 0.6, 0.5, 0.32, 0.6, 0.22, 0.75, 0.5, 0.6, 0.4, 0.25, 0.4, 0.4]",42,0.4809523809523809
"In a worst case scenario, the movie is good.",in a worst-case scenario,meta-llama/Llama-3.1-8B-Instruct,"[0.42, 0.3, 0.2]",3,0.30666666666666664
"The movie is good, in a worst-case scenario.",in a worst-case scenario,meta-llama/Llama-3.1-8B-Instruct,"[0.35, 0.5, 0.6]",3,0.48333333333333334
"Under optimal conditions, there is a correlation between X and Y.",under optimal conditions,meta-llama/Llama-3.1-8B-Instruct,"[0.26, 0.45, 0.45, 0.6, 0.78, 0.67, 0.83, 0.75, 0.76, 0.6, 0.4, 0.6, 0.6, 0.7, 0.58, 0.5, 0.55, 0.6, 0.81, 0.25, 0.74, 0.85, 0.8, 0.65, 0.6, 0.6, 0.59, 0.73, 0.85, 0.52, 0.65, 0.7, 0.84, 0.85, 0.6, 0.87, 0.76, 0.85, 0.5, 0.76, 0.6, 0.4, 0.85, 0.78, 0.8, 0.6, 0.6, 0.85, 0.5, 0.76, 0.78]",51,0.658235294117647
Under optimal conditions there is a correlation between X and Y.,under optimal conditions,meta-llama/Llama-3.1-8B-Instruct,"[0.8, 0.86, 0.6, 0.6, 0.78, 0.55]",6,0.6983333333333334
There is a correlation between X and Y under optimal conditions.,under optimal conditions,meta-llama/Llama-3.1-8B-Instruct,"[0.68, 0.68, 0.75]",3,0.7033333333333335
"The city is the oldest in the country, holding everything else constant.",holding everything else constant,meta-llama/Llama-3.1-8B-Instruct,"[0.98, 0.7, 0.87, 0.85, 0.8, 0.5, 0.78, 0.78, 0.8, 0.95, 0.95, 0.9, 0.7, 0.8, 0.88]",15,0.8160000000000001
"Holding everything else constant, the city is the oldest in the country.",holding everything else constant,meta-llama/Llama-3.1-8B-Instruct,"[0.85, 0.83, 0.75, 0.78, 0.6, 0.76, 0.52, 0.92, 0.85, 0.95, 0.86, 0.95, 0.8, 0.6, 0.8, 0.95, 0.55, 0.95, 0.6, 0.85, 0.5, 0.1, 0.9, 0.8, 0.85, 0.72, 0.94, 0.6, 0.25, 0.95, 0.88, 0.64, 0.82, 0.76, 0.78, 0.78, 0.7, 0.7, 0.78, 0.6, 0.7, 0.7, 0.86, 0.78, 0.74]",45,0.7455555555555555
The new product is certainly successful in the market.,certainly,qwen/Qwen3-8B,"[0.95, 0.95, 0.9, 0.95, 0.95, 0.9, 0.9, 0.95, 0.95, 0.95, 0.95, 0.95, 0.9, 0.95, 0.9, 0.9, 0.95, 0.95, 0.85, 0.85, 0.95, 0.9, 0.9, 0.95, 0.85, 0.95, 0.95, 0.95, 0.9, 0.95, 0.9, 0.95, 0.9, 0.85, 0.95, 0.95, 0.95, 0.85, 0.95, 0.95, 0.95, 0.95, 0.9, 0.95, 0.95, 0.9, 0.95, 0.9, 0.95, 0.95, 0.95, 0.85, 0.9, 0.9]",54,0.924074074074074
Certainly the new product is successful in the market.,certainly,qwen/Qwen3-8B,"[0.9, 0.85, 0.85]",3,0.8666666666666667
It is certainly successful in the market.,certainly,qwen/Qwen3-8B,"[0.95, 0.95, 0.9]",3,0.9333333333333332
The restaurant definitely serves delicious food.,definitely,qwen/Qwen3-8B,"[0.95, 0.95, 0.95, 0.95, 0.95, 0.9, 0.95, 0.9, 0.95, 0.95, 0.95, 0.95, 0.95, 0.95, 0.95, 0.95, 0.95, 0.95, 0.95, 0.95, 0.95, 0.95, 0.95, 0.95, 0.95, 0.95, 0.95, 0.95, 0.95, 0.95, 0.95, 0.95, 0.9, 0.95, 0.95, 0.95, 0.95, 0.95, 0.95, 0.95, 0.95, 0.95, 0.95, 0.95, 0.95, 0.95, 0.95, 0.95, 0.95, 0.95, 0.95, 0.95, 0.95, 0.95, 0.95, 0.95, 0.95, 0.95, 0.95, 0.95]",60,0.9474999999999999
The report is absolutely not accurate.,absolutely,qwen/Qwen3-8B,"[0.9, 0.95, 1.0, 0.95, 0.9, 0.95, 0.95, 0.95, 0.95, 1.0, 0.95, 0.95, 0.95, 0.85, 0.9, 0.95, 1.0, 0.95, 0.85, 0.95, 0.95, 0.95, 0.95, 0.95, 0.85, 0.85, 0.9, 0.85, 0.95, 0.95, 0.9, 0.95, 0.95, 1.0, 0.95, 0.85, 0.95, 0.9, 0.95, 0.95, 0.95, 0.95, 0.95, 0.95, 0.9, 0.95, 0.95, 0.9, 0.95, 0.85, 0.95]",51,0.9323529411764705
Absolutely not accurate.,absolutely,qwen/Qwen3-8B,"[1.0, 0.95, 0.95]",3,0.9666666666666667
"Absolutely, the report is not accurate.",absolutely,qwen/Qwen3-8B,"[0.95, 0.95, 0.9]",3,0.9333333333333332
It is absolutely accurate.,absolutely,qwen/Qwen3-8B,"[1.0, 1.0, 1.0]",3,1.0
undoubtedly the record is not accurate.,undoubtedly,qwen/Qwen3-8B,"[0.9, 0.95, 0.9]",3,0.9166666666666666
"Undoubtedly, the report is not accurate.",undoubtedly,qwen/Qwen3-8B,"[0.95, 0.9, 0.9, 0.9, 0.9, 0.9, 0.95, 0.9, 0.9, 0.9, 0.95, 0.95, 0.95, 0.95, 0.9, 0.9, 0.95, 0.9, 0.95, 0.95, 0.95, 0.95, 0.9, 0.85]",24,0.9208333333333334
The report is undoubtedly not accurate.,undoubtedly,qwen/Qwen3-8B,"[0.95, 0.95, 0.95, 0.95, 0.85, 0.9, 0.9, 0.85, 0.95, 0.95, 0.95, 0.9, 0.95, 0.85, 0.95, 0.9, 0.9, 0.95, 0.95, 0.95, 0.95, 0.95, 0.95, 0.9]",24,0.9249999999999999
Undoubtedly the report is not accurate.,undoubtedly,qwen/Qwen3-8B,"[0.9, 0.95, 0.9, 0.85, 0.95, 0.95, 0.95, 0.9, 0.85]",9,0.911111111111111
There is unquestionably a correlation between X and Y.,unquestionably,qwen/Qwen3-8B,"[0.95, 0.95, 0.95, 0.95, 0.95, 0.95, 0.95, 0.95, 0.95, 0.95, 0.95, 0.95, 0.95, 0.95, 0.95, 0.95, 0.95, 0.95, 0.95, 0.95, 0.95, 0.95, 0.95, 0.95, 0.95, 0.95, 0.95, 0.95, 0.95, 0.95, 0.95, 0.95, 0.95]",33,0.95
The correlation between X and Y is unquestionably evident.,unquestionably,qwen/Qwen3-8B,"[0.95, 0.95, 0.95]",3,0.9499999999999998
Unquestionably there is a correlation between X and Y.,unquestionably,qwen/Qwen3-8B,"[0.95, 0.95, 0.95, 0.95, 0.95, 0.95]",6,0.9499999999999998
There is undeniably a correlation between X and Y.,unquestionably,qwen/Qwen3-8B,"[0.95, 0.95, 0.95]",3,0.9499999999999998
unquestionably there is a correlation between X and Y.,unquestionably,qwen/Qwen3-8B,"[0.95, 0.95, 0.95]",3,0.9499999999999998
It is unquestionably correlated that X and Y.,unquestionably,qwen/Qwen3-8B,"[0.9, 0.95, 0.95]",3,0.9333333333333332
"Unquestionably, there is a correlation between X and Y.",unquestionably,qwen/Qwen3-8B,"[0.95, 0.95, 0.95, 0.95, 0.95, 0.95, 0.95, 0.95, 0.9]",9,0.9444444444444444
"It rains tomorrow, without a doubt.",without a doubt,qwen/Qwen3-8B,"[0.95, 0.95, 0.95, 0.95, 0.95, 0.95, 0.95, 0.95, 0.95, 0.95, 0.95, 1.0, 0.95, 0.95, 0.95]",15,0.9533333333333333
It will rain tomorrow without a doubt.,without a doubt,qwen/Qwen3-8B,"[0.95, 0.95, 1.0, 0.95, 0.95, 0.95]",6,0.9583333333333334
It rains tomorrow without a doubt.,without a doubt,qwen/Qwen3-8B,"[1.0, 0.95, 0.95, 1.0, 0.95, 0.95, 0.95, 0.95, 0.95, 0.95, 1.0, 0.95, 0.95, 0.95, 1.0, 0.95, 0.95, 0.95, 0.95, 0.95, 0.95, 0.95, 1.0, 0.95]",24,0.9604166666666667
"Without a doubt, it rains tomorrow.",without a doubt,qwen/Qwen3-8B,"[1.0, 1.0, 1.0, 1.0, 1.0, 1.0, 0.95, 1.0, 1.0]",9,0.9944444444444444
"It will rain tomorrow, without a doubt.",without a doubt,qwen/Qwen3-8B,"[0.95, 0.95, 0.95]",3,0.9499999999999998
"Without a doubt, the capital of France is Paris.",without a doubt,qwen/Qwen3-8B,"[1.0, 1.0, 0.95]",3,0.9833333333333334
The city is the oldest in the country for certain.,for certain,qwen/Qwen3-8B,"[0.95, 0.9, 0.95, 0.95, 0.95, 0.9, 0.95, 0.95, 0.9, 0.95, 0.9, 0.95, 0.95, 0.9, 0.95, 0.85, 0.95, 0.95, 0.95, 0.85, 0.95]",21,0.9285714285714286
The city is for certain the oldest in the country.,for certain,qwen/Qwen3-8B,"[0.95, 0.95, 0.95, 0.95, 0.9, 0.85, 0.9, 0.85, 0.85, 0.95, 0.9, 0.85]",12,0.9041666666666667
"The city is, for certain, the oldest in the country.",for certain,qwen/Qwen3-8B,"[0.95, 0.9, 0.9, 0.95, 0.95, 0.95]",6,0.9333333333333332
"The city is the oldest in the country, for certain.",for certain,qwen/Qwen3-8B,"[0.85, 0.9, 0.95, 0.9, 0.95, 0.75, 0.9, 0.9, 0.85, 0.9, 0.9, 0.85, 0.9, 0.95, 0.9]",15,0.89
For certain the city is the oldest in the country.,for certain,qwen/Qwen3-8B,"[0.9, 0.9, 0.95]",3,0.9166666666666666
It is for certain that the city is the oldest in the country.,for certain,qwen/Qwen3-8B,"[0.95, 1.0, 0.95]",3,0.9666666666666667
The report is not accurate without question.,without question,qwen/Qwen3-8B,"[0.85, 0.85, 0.85, 0.9, 0.85, 0.85, 0.85, 0.85, 0.85, 0.85, 0.85, 0.85, 0.85, 0.85, 0.85, 0.9, 0.9, 0.75, 0.85, 0.85, 0.9, 0.9, 0.85, 0.95, 0.9, 0.85, 0.9, 0.85, 0.85, 0.85, 0.75, 0.9, 0.85, 0.85, 0.75, 0.85, 0.95, 0.85, 0.85, 0.85, 0.85, 0.85]",42,0.8571428571428571
"Without question, the report is not accurate.",without question,qwen/Qwen3-8B,"[0.95, 0.9, 0.9, 0.9, 0.9, 0.95]",6,0.9166666666666666
"The report is not accurate, without question.",without question,qwen/Qwen3-8B,"[0.95, 0.85, 0.95, 0.85, 0.95, 0.95, 0.95, 0.95, 0.95, 0.95, 0.95, 0.95]",12,0.9333333333333332
The city is clearly the oldest in the country.,clearly,qwen/Qwen3-8B,"[0.95, 0.85, 0.95, 0.9, 0.95, 0.95, 0.9, 0.9, 0.95, 0.95, 0.95, 0.85, 0.9, 0.95, 0.85, 0.85, 0.85, 0.95, 0.9, 0.75, 0.95, 0.9, 0.9, 0.9, 0.95, 0.95, 0.9, 0.95, 0.95, 0.95, 0.9, 0.85, 0.85, 0.95, 0.95, 0.95, 0.95, 0.85, 0.85, 0.85, 0.9, 0.95]",42,0.9083333333333333
Clearly the city is the oldest in the country.,clearly,qwen/Qwen3-8B,"[0.95, 0.95, 0.9, 0.95, 0.95, 0.95, 0.9, 0.95, 0.95, 0.95, 0.95, 0.85]",12,0.9333333333333332
"Clearly, the city is the oldest in the country.",clearly,qwen/Qwen3-8B,"[0.95, 0.95, 0.95, 0.95, 0.95, 0.95]",6,0.9499999999999998
"Obviously, the movie is good.",obviously,qwen/Qwen3-8B,"[0.9, 0.85, 0.9, 0.85, 0.85, 0.9, 0.85, 0.9, 0.9, 0.9, 0.9, 0.95, 0.85, 0.9, 0.85, 0.85, 0.85, 0.85]",18,0.8777777777777778
The movie is obviously good.,obviously,qwen/Qwen3-8B,"[0.95, 0.95, 0.85, 0.9, 0.95, 0.95, 0.85, 0.9, 0.9, 0.85, 0.95, 0.9, 0.9, 0.85, 0.95, 0.85, 0.95, 0.9, 0.9, 0.9, 0.9, 0.95, 0.85, 0.9, 0.95, 0.95, 0.9, 0.95, 0.85, 0.95, 0.9, 0.95, 0.9, 0.9, 0.85, 0.9]",36,0.9069444444444444
Obviously the movie is good.,obviously,qwen/Qwen3-8B,"[0.9, 0.9, 0.85, 0.85, 0.95, 0.95]",6,0.9
The experiment evidently shows a significant effect.,evidently,qwen/Qwen3-8B,"[0.95, 0.85, 0.9, 0.95, 0.9, 0.9, 0.9, 0.85, 0.95, 0.9, 0.85, 0.95, 0.95, 0.9, 0.9, 0.95, 0.95, 0.95, 0.9, 0.95, 0.9, 0.95, 0.95, 0.95, 0.9, 0.85, 0.95, 0.85, 0.85, 0.95, 0.95, 0.9, 0.95]",33,0.9151515151515152
"Evidently, the experiment shows a significant effect.",evidently,qwen/Qwen3-8B,"[0.85, 0.9, 0.85, 0.85, 0.85, 0.9, 0.9, 0.85, 0.85, 0.85, 0.9, 0.95, 0.85, 0.85, 0.9]",15,0.8733333333333333
"The experiment shows a significant effect, evidently.",evidently,qwen/Qwen3-8B,"[0.95, 0.85, 0.85]",3,0.8833333333333333
Evidently the experiment shows a significant effect.,evidently,qwen/Qwen3-8B,"[0.85, 0.95, 0.85, 0.85, 0.85, 0.85, 0.85, 0.85, 0.85]",9,0.8611111111111112
The neighbor is plainly home.,plainly,qwen/Qwen3-8B,"[0.85, 0.85, 0.95, 0.9, 0.95, 0.95, 0.85, 0.95, 0.95, 0.95, 0.95, 0.95, 0.95, 0.85, 0.95, 0.95, 0.95, 0.95, 0.95, 0.95, 0.95, 0.95, 0.95, 0.95, 0.95, 0.95, 0.95, 0.95, 0.95, 0.85, 0.9, 0.95, 0.95, 0.95, 0.95, 0.95, 0.95, 0.85, 0.95, 0.95, 0.85, 0.95, 0.95, 0.95, 0.95]",45,0.9322222222222222
Plainly the neighbor is home.,plainly,qwen/Qwen3-8B,"[0.85, 0.85, 0.95, 0.9, 0.95, 0.95]",6,0.9083333333333333
"Plainly, the neighbor is home.",plainly,qwen/Qwen3-8B,"[0.9, 0.9, 0.95, 0.95, 0.95, 0.95]",6,0.9333333333333332
The neighbor is plainly at home.,plainly,qwen/Qwen3-8B,"[0.9, 0.95, 0.95]",3,0.9333333333333332
The new policy surely improves the economy.,surely,qwen/Qwen3-8B,"[0.85, 0.85, 0.85, 0.75, 0.85, 0.85, 0.85, 0.75, 0.85, 0.85, 0.85, 0.75, 0.9, 0.85, 0.9, 0.85, 0.85, 0.85, 0.85, 0.75, 0.75, 0.85, 0.85, 0.85, 0.85, 0.85, 0.85, 0.85, 0.85, 0.85, 0.85, 0.9, 0.85, 0.75, 0.9, 0.9]",36,0.8402777777777778
Surely the new policy improves the economy.,surely,qwen/Qwen3-8B,"[0.85, 0.85, 0.9, 0.85, 0.85, 0.75, 0.75, 0.85, 0.75, 0.75, 0.85, 0.75, 0.85, 0.85, 0.85, 0.75, 0.85, 0.85, 0.85, 0.75, 0.85]",21,0.819047619047619
"Surely, the new policy improves the economy.",surely,qwen/Qwen3-8B,"[0.85, 0.85, 0.85]",3,0.85
The movie is assuredly good.,assuredly,qwen/Qwen3-8B,"[0.95, 0.95, 0.9, 0.85, 0.9, 0.95, 0.9, 0.95, 0.95, 0.95, 0.95, 0.95, 0.95, 0.95, 0.95, 0.9, 0.9, 0.95, 0.95, 0.9, 0.95, 0.95, 0.95, 0.95, 0.9, 0.95, 0.9, 0.95, 0.9, 0.9, 0.85, 0.95, 0.95, 0.95, 0.9, 0.95, 0.95, 0.9, 0.95]",39,0.9294871794871795
"The movie is good, assuredly.",assuredly,qwen/Qwen3-8B,"[0.95, 0.9, 0.95, 0.95, 0.95, 0.95, 0.9, 0.85, 0.85, 0.95, 0.9, 0.95, 0.95, 0.95, 0.9]",15,0.9233333333333333
"Assuredly, the movie is good.",assuredly,qwen/Qwen3-8B,"[0.95, 0.95, 0.95]",3,0.9499999999999998
The movie is good assuredly.,assuredly,qwen/Qwen3-8B,"[0.95, 0.85, 0.95]",3,0.9166666666666666
There is positively a correlation between X and Y.,positively,qwen/Qwen3-8B,"[0.85, 0.85, 0.9, 0.85, 0.95, 0.95, 0.9, 0.85, 0.85]",9,0.8833333333333333
"There is a correlation between X and Y, positively.",positively,qwen/Qwen3-8B,"[0.75, 0.7, 0.85, 0.7, 0.85, 0.75]",6,0.7666666666666666
There is a correlation between X and Y positively.,positively,qwen/Qwen3-8B,"[0.75, 0.75, 0.7, 0.75, 0.75, 0.85, 0.75, 0.85, 0.75]",9,0.7666666666666667
The correlation between X and Y is positively observed.,positively,qwen/Qwen3-8B,"[0.75, 0.75, 0.85, 0.85, 0.85, 0.85]",6,0.8166666666666668
There is a positively correlation between X and Y.,positively,qwen/Qwen3-8B,"[0.75, 0.75, 0.75, 0.75, 0.7, 0.85, 0.85, 0.75, 0.75]",9,0.7666666666666667
It positively correlates X and Y.,positively,qwen/Qwen3-8B,"[0.85, 0.85, 0.9]",3,0.8666666666666667
X is positively correlated with Y.,positively,qwen/Qwen3-8B,"[0.85, 0.9, 0.85]",3,0.8666666666666667
"Positively, there is a correlation between X and Y.",positively,qwen/Qwen3-8B,"[0.75, 0.75, 0.75]",3,0.75
There is a positive correlation between X and Y.,positively,qwen/Qwen3-8B,"[0.75, 0.85, 0.85]",3,0.8166666666666668
There is a positively correlated relationship between X and Y.,positively,qwen/Qwen3-8B,"[0.75, 0.85, 0.85]",3,0.8166666666666668
X and Y are positively correlated.,positively,qwen/Qwen3-8B,"[0.85, 0.85, 0.85, 0.85, 0.85, 0.85]",6,0.85
The report is categorically not accurate.,categorically,qwen/Qwen3-8B,"[0.9, 0.9, 0.95, 0.95, 0.95, 0.95, 0.95, 0.9, 0.95, 0.85, 0.95, 0.95, 0.95, 0.9, 0.95, 0.95, 0.95, 0.95, 0.95, 0.95, 0.9, 0.9, 0.95, 0.9, 0.95, 0.95, 0.95, 0.95, 0.95, 0.9, 0.95, 0.95, 0.85, 0.85, 0.95, 0.95, 0.95, 0.85, 0.95]",39,0.9294871794871795
The report is categorically inaccurate.,categorically,qwen/Qwen3-8B,"[0.95, 0.95, 0.95, 0.95, 0.95, 0.85, 0.95, 0.95, 0.95]",9,0.9388888888888888
"Categorically, the report is not accurate.",categorically,qwen/Qwen3-8B,"[0.9, 0.95, 0.9, 0.85, 0.9, 0.95, 0.95, 0.9, 0.95]",9,0.9166666666666666
The report categorically is not accurate.,categorically,qwen/Qwen3-8B,"[0.95, 0.85, 0.95]",3,0.9166666666666666
The restaurant serves delicious food unconditionally.,unconditionally,qwen/Qwen3-8B,"[0.95, 0.85, 0.85, 0.95, 0.95, 0.9, 0.9, 1.0, 0.85, 0.95, 0.95, 0.95, 0.95, 0.95, 0.95, 0.9, 0.85, 0.95, 0.95, 0.9, 0.9, 0.95, 0.9, 0.95, 0.85, 0.95, 1.0, 0.85, 0.95, 0.95, 0.75, 0.95, 0.95, 0.95, 0.95, 0.85, 0.85, 0.95, 0.95, 0.95, 0.95, 0.95, 0.95, 1.0, 0.95]",45,0.9244444444444445
The restaurant serves unconditionally delicious food.,unconditionally,qwen/Qwen3-8B,"[0.95, 0.75, 0.9]",3,0.8666666666666667
The restaurant unconditionally serves delicious food.,unconditionally,qwen/Qwen3-8B,"[0.95, 0.95, 0.9]",3,0.9333333333333332
I unconditionally think the restaurant serves delicious food.,unconditionally,qwen/Qwen3-8B,"[0.95, 0.95, 0.95]",3,0.9499999999999998
The restaurant serves food that is unconditionally delicious.,unconditionally,qwen/Qwen3-8B,"[0.95, 0.9, 0.95]",3,0.9333333333333332
Unconditionally the restaurant serves delicious food.,unconditionally,qwen/Qwen3-8B,"[0.85, 0.95, 1.0]",3,0.9333333333333332
The new product is indisputably successful in the market.,indisputably,qwen/Qwen3-8B,"[0.95, 0.95, 0.95, 0.95, 0.95, 0.95, 0.95, 0.95, 0.95, 0.95, 0.95, 0.95, 0.95, 0.95, 0.95, 0.95, 0.95, 0.95, 0.95, 0.95, 0.95, 0.95, 0.95, 0.95, 0.95, 0.95, 0.95, 0.95, 0.95, 0.95, 0.95, 0.95, 0.95, 0.95, 0.95, 0.95, 0.95, 0.95, 0.95, 0.95, 0.95, 0.95, 0.95, 0.95, 0.95]",45,0.95
"Indisputably, the new product is successful in the market.",indisputably,qwen/Qwen3-8B,"[0.95, 0.95, 0.95, 0.95, 0.95, 0.95, 0.95, 0.95, 0.95]",9,0.9499999999999998
Indisputably the new product is successful in the market.,indisputably,qwen/Qwen3-8B,"[0.95, 0.95, 0.85, 0.95, 0.95, 0.95]",6,0.9333333333333332
The book is indubitably informative.,indubitably,qwen/Qwen3-8B,"[0.95, 0.95, 0.95, 0.95, 0.95, 0.95, 0.95, 0.95, 0.95, 0.95, 0.95, 0.95, 0.95, 0.95, 0.95, 0.95, 0.95, 0.95, 0.95, 0.95, 0.95, 0.95, 0.95, 0.95, 1.0, 0.95, 0.95, 0.95, 0.95, 0.95, 0.95, 0.95, 0.95, 0.95, 0.95, 0.95, 0.95, 0.95, 0.95, 0.95, 0.95, 0.95, 0.95, 0.95, 0.95, 0.95, 0.95, 0.95, 0.95, 0.95, 0.95, 0.95, 0.95, 0.95]",54,0.9509259259259258
"Indubitably, the book is informative.",indubitably,qwen/Qwen3-8B,"[0.95, 0.95, 1.0, 0.95, 0.95, 0.95]",6,0.9583333333333334
"Unequivocally, there is a correlation between X and Y.",unequivocally,qwen/Qwen3-8B,"[0.95, 0.95, 0.95, 0.95, 0.95, 0.95, 0.95, 0.95, 1.0, 0.95, 0.95, 0.95, 0.95, 0.95, 0.95]",15,0.9533333333333333
There is unequivocally a correlation between X and Y.,unequivocally,qwen/Qwen3-8B,"[1.0, 1.0, 1.0, 1.0, 1.0, 1.0, 1.0, 1.0, 1.0, 1.0, 1.0, 1.0, 1.0, 1.0, 1.0, 1.0, 1.0, 1.0, 1.0, 0.95, 0.95]",21,0.9952380952380951
The correlation between X and Y is unequivocally established.,unequivocally,qwen/Qwen3-8B,"[1.0, 1.0, 1.0]",3,1.0
There is a correlation between X and Y unequivocally.,unequivocally,qwen/Qwen3-8B,"[0.95, 0.95, 0.95]",3,0.9499999999999998
X and Y are unequivocally correlated.,unequivocally,qwen/Qwen3-8B,"[1.0, 0.95, 0.95]",3,0.9666666666666667
There is a unequivocally correlation between X and Y.,unequivocally,qwen/Qwen3-8B,"[0.95, 0.95, 0.95]",3,0.9499999999999998
It is unequivocally true that there is a correlation between X and Y.,unequivocally,qwen/Qwen3-8B,"[1.0, 1.0, 1.0]",3,1.0
"There is a correlation between X and Y, unequivocally.",unequivocally,qwen/Qwen3-8B,"[1.0, 1.0, 0.95]",3,0.9833333333333334
The correlation between X and Y is unequivocally evident.,unequivocally,qwen/Qwen3-8B,"[1.0, 1.0, 1.0]",3,1.0
Unequivocally there is a correlation between X and Y.,unequivocally,qwen/Qwen3-8B,"[0.95, 0.95, 0.95]",3,0.9499999999999998
Of course the movie is good.,of course,qwen/Qwen3-8B,"[0.95, 1.0, 0.85, 0.9, 0.9, 0.85, 0.9, 0.95, 0.95, 0.95, 0.9, 0.9, 0.9, 0.9, 0.85, 0.9, 0.9, 0.9, 0.95, 0.9, 0.95]",21,0.9119047619047619
"Of course, the movie is good.",of course,qwen/Qwen3-8B,"[0.95, 0.85, 0.85, 0.9, 0.9, 0.9, 0.85, 0.75, 0.95, 0.9, 0.75, 0.95]",12,0.875
"The movie is good, of course.",of course,qwen/Qwen3-8B,"[0.75, 0.75, 0.75, 0.6, 0.6, 0.65, 0.3, 0.5, 0.4, 0.85, 0.7, 0.7, 0.6, 0.7, 0.6, 0.6, 0.85, 0.7, 0.7, 0.75, 0.75]",21,0.6571428571428571
"It is, of course, good.",of course,qwen/Qwen3-8B,"[0.7, 0.7, 0.5]",3,0.6333333333333333
It is of course a good movie.,of course,qwen/Qwen3-8B,"[0.85, 0.7, 0.7]",3,0.75
The neighbor is naturally home.,naturally,qwen/Qwen3-8B,"[0.85, 0.85, 0.5, 0.95, 0.75, 0.85, 0.9, 0.85, 0.85, 0.95, 0.85, 0.95, 0.85, 0.85, 0.85, 0.75, 0.8, 0.85, 0.85, 0.95, 0.85, 0.9, 0.85, 0.85, 0.85, 0.9, 0.75, 0.9, 0.75, 0.85]",30,0.8433333333333334
The neighbor is home naturally.,naturally,qwen/Qwen3-8B,"[0.75, 0.75, 0.85]",3,0.7833333333333333
"Naturally, the neighbor is home.",naturally,qwen/Qwen3-8B,"[0.95, 0.9, 0.5, 0.85, 0.9, 0.9, 0.9, 0.85, 0.95, 0.85, 0.9, 0.9, 0.95, 0.9, 0.85, 0.95, 0.95, 0.9, 0.9, 0.85, 0.95]",21,0.8833333333333334
The neighbor is naturally at home.,naturally,qwen/Qwen3-8B,"[0.85, 0.85, 0.85]",3,0.85
Naturally the neighbor is home.,naturally,qwen/Qwen3-8B,"[0.95, 0.85, 0.95]",3,0.9166666666666666
"Needless to say, the movie is good.",needless to say,qwen/Qwen3-8B,"[0.75, 0.75, 0.85, 0.85, 0.85, 0.85, 0.85, 0.85, 0.5, 0.75, 0.85, 0.75, 0.85, 0.9, 0.75, 0.75, 0.85, 0.5, 0.85, 0.75, 0.85, 0.75, 0.85, 0.7, 0.85, 0.85, 0.85, 0.9, 0.9, 0.75, 0.85, 0.7, 0.85, 0.85, 0.75, 0.85, 0.85, 0.75, 0.85, 0.85, 0.75, 0.85, 0.75, 0.85, 0.85, 0.85, 0.85, 0.85, 0.85, 0.9, 0.75, 0.75, 0.75, 0.85, 0.75, 0.85, 0.85]",57,0.806140350877193
Needless to say the movie is good.,needless to say,qwen/Qwen3-8B,"[0.85, 0.85, 0.6]",3,0.7666666666666666
It goes without saying that the experiment shows a significant effect.,it goes without saying,qwen/Qwen3-8B,"[0.95, 0.95, 0.95, 0.95, 0.95, 0.95, 0.95, 0.95, 0.95, 0.95, 0.95, 0.95, 0.95, 0.95, 0.95, 0.95, 0.95, 0.95, 0.95, 0.95, 0.95, 0.95, 0.95, 0.95, 0.95, 0.95, 0.95, 0.95, 0.9, 0.95, 0.95, 0.95, 0.95, 0.95, 0.95, 0.95, 0.95, 0.95, 0.95, 0.95, 0.95, 0.95, 0.95, 0.95, 0.95, 0.95, 0.9, 0.95, 0.95, 0.95, 0.85, 0.95, 0.95, 0.95, 0.95, 0.95, 0.85]",57,0.9447368421052631
It goes without saying the experiment shows a significant effect.,it goes without saying,qwen/Qwen3-8B,"[0.95, 0.95, 0.95]",3,0.9499999999999998
There is no doubt that it rains tomorrow.,there is no doubt that,qwen/Qwen3-8B,"[1.0, 1.0, 1.0, 1.0, 1.0, 1.0, 1.0, 1.0, 1.0, 1.0, 1.0, 1.0, 1.0, 1.0, 1.0, 1.0, 1.0, 1.0, 1.0, 1.0, 1.0, 1.0, 1.0, 1.0, 1.0, 1.0, 1.0, 1.0, 1.0, 1.0, 1.0, 1.0, 1.0, 1.0, 1.0, 1.0, 1.0, 1.0, 1.0, 1.0, 1.0, 1.0, 1.0, 1.0, 1.0, 1.0, 1.0, 1.0, 1.0, 1.0, 1.0]",51,1.0
There is no doubt that it will rain tomorrow.,there is no doubt that,qwen/Qwen3-8B,"[1.0, 1.0, 1.0, 1.0, 1.0, 1.0, 1.0, 1.0, 1.0]",9,1.0
It is clear that the movie is good.,it is clear that,qwen/Qwen3-8B,"[0.85, 0.85, 0.85, 0.9, 0.95, 0.85, 0.85, 0.95, 0.85, 0.85, 0.85, 0.9, 0.85, 0.85, 0.9, 0.85, 0.85, 0.95, 0.85, 0.85, 0.85, 0.75, 0.9, 0.95, 0.95, 0.95, 0.9, 0.75, 0.9, 0.85, 0.85, 0.9, 0.9, 0.85, 0.85, 0.9, 0.85, 0.85, 0.85, 0.9, 0.85, 0.85, 0.9, 0.85, 0.85, 0.85, 0.85, 0.85, 0.85, 0.9, 0.85, 0.85, 0.85, 0.85, 0.85, 0.85, 0.85, 0.9, 0.85, 0.9]",60,0.8683333333333334
It is obvious that the report is not accurate.,it is obvious that,qwen/Qwen3-8B,"[0.85, 0.9, 0.85, 0.85, 0.9, 0.85, 0.9, 0.9, 0.95, 0.9, 0.9, 0.85, 0.85, 0.85, 0.85, 0.9, 0.85, 0.9, 0.85, 0.95, 0.9, 0.9, 0.9, 0.85, 0.95, 0.9, 0.95, 0.85, 0.85, 0.75, 0.85, 0.95, 0.95, 0.85, 0.85, 0.9, 0.95, 0.85, 0.85, 0.85, 0.85, 0.85, 0.9, 0.85, 0.95, 0.85, 0.85, 0.9, 0.9, 0.9, 0.85, 0.9, 0.85, 0.95, 0.85, 0.9, 0.95, 0.85, 0.95, 0.85]",60,0.8825000000000001
It is beyond question that the neighbor is home.,beyond question,qwen/Qwen3-8B,"[0.95, 0.95, 0.95, 0.95, 0.95, 0.95, 0.95, 0.95, 0.95, 0.95, 0.95, 0.95, 0.95, 0.95, 0.95, 0.95, 0.95, 0.95]",18,0.9499999999999998
The neighbor is home beyond question.,beyond question,qwen/Qwen3-8B,"[0.85, 0.95, 0.95, 0.95, 0.95, 0.95, 0.9, 0.85, 0.95, 0.95, 0.95, 0.85, 0.95, 0.95, 0.95]",15,0.9266666666666665
The neighbor being home is beyond question.,beyond question,qwen/Qwen3-8B,"[0.95, 0.95, 0.95, 0.95, 0.95, 0.95, 0.95, 0.95, 0.95]",9,0.9499999999999998
"The neighbor is home, beyond question.",beyond question,qwen/Qwen3-8B,"[0.95, 0.95, 0.85, 0.95, 0.95, 0.95]",6,0.9333333333333332
"Beyond question, the neighbor is home.",beyond question,qwen/Qwen3-8B,"[0.95, 0.95, 0.95, 0.95, 0.95, 0.95, 0.95, 0.95, 0.95]",9,0.9499999999999998
"beyond question, the neighbor is home.",beyond question,qwen/Qwen3-8B,"[0.95, 0.95, 0.95]",3,0.9499999999999998
The movie is good beyond doubt.,beyond doubt,qwen/Qwen3-8B,"[0.95, 0.95, 0.95, 0.95, 0.95, 0.95, 0.95, 0.95, 0.95, 0.95, 0.95, 0.9, 0.95, 0.95, 0.95, 0.95, 0.95, 0.95, 0.95, 0.95, 0.95, 0.95, 0.95, 0.95, 0.95, 0.95, 0.85, 0.95, 0.95, 1.0, 0.95, 0.95, 0.95, 0.95, 0.95, 0.95, 0.85, 0.95, 0.95, 0.85, 0.95, 0.95, 0.95, 0.95, 0.95]",45,0.9433333333333332
The movie is beyond doubt good.,beyond doubt,qwen/Qwen3-8B,"[0.95, 0.95, 0.95]",3,0.9499999999999998
The movie is beyond doubt a good film.,beyond doubt,qwen/Qwen3-8B,"[0.85, 0.95, 0.95]",3,0.9166666666666666
"Beyond doubt, the movie is good.",beyond doubt,qwen/Qwen3-8B,"[0.95, 0.95, 0.85]",3,0.9166666666666666
It is beyond doubt that the movie is good.,beyond doubt,qwen/Qwen3-8B,"[1.0, 1.0, 0.95]",3,0.9833333333333334
The movie is beyond doubt a good one.,beyond doubt,qwen/Qwen3-8B,"[0.95, 0.85, 0.95]",3,0.9166666666666666
The experiment shows a significant effect beyond a shadow of a doubt.,beyond a shadow of a doubt,qwen/Qwen3-8B,"[0.95, 0.95, 0.95, 0.95, 0.95, 0.95, 0.95, 0.95, 0.95, 0.95, 0.95, 0.95, 0.95, 0.95, 0.95, 0.95, 0.95, 0.95, 0.95, 0.95, 0.95, 0.95, 0.95, 0.95, 0.95, 0.95, 0.95, 0.95, 0.95, 0.95, 0.95, 0.95, 0.95, 0.95, 0.95, 0.95, 0.95, 0.95, 0.95, 0.95, 1.0, 0.95, 0.95, 0.95, 0.95]",45,0.951111111111111
"Beyond a shadow of a doubt, the experiment shows a significant effect.",beyond a shadow of a doubt,qwen/Qwen3-8B,"[0.95, 0.95, 0.95, 0.95, 0.95, 0.95, 0.95, 0.95, 0.95, 0.95, 0.95, 0.95]",12,0.9499999999999998
Beyond a shadow of a doubt the experiment shows a significant effect.,beyond a shadow of a doubt,qwen/Qwen3-8B,"[0.95, 0.95, 0.95]",3,0.9499999999999998
The experiment manifestly shows a significant effect.,manifestly,qwen/Qwen3-8B,"[0.9, 0.95, 0.95, 0.95, 0.95, 0.95, 0.95, 0.95, 0.95, 0.9, 0.95, 0.95, 0.95, 0.9, 0.95, 0.95, 0.95, 0.95, 0.95, 0.95, 0.95, 0.95, 0.95, 0.95, 0.95, 0.95, 0.85, 0.95, 0.95, 0.95, 0.95, 0.95, 0.95, 0.95, 0.95, 0.95, 0.95, 0.95, 0.95, 0.95, 0.95, 0.95, 0.95, 0.95, 0.95, 0.95, 0.95, 0.95]",48,0.9447916666666667
Manifestly the experiment shows a significant effect.,manifestly,qwen/Qwen3-8B,"[0.95, 0.95, 0.95, 0.95, 0.95, 0.95, 0.95, 0.95, 0.95]",9,0.9499999999999998
"Manifestly, the experiment shows a significant effect.",manifestly,qwen/Qwen3-8B,"[0.95, 0.95, 0.95]",3,0.9499999999999998
The new product is patently successful in the market.,patently,qwen/Qwen3-8B,"[0.95, 0.95, 0.95, 0.85, 0.95, 0.85, 0.95, 0.85, 0.95, 0.95, 0.95, 0.9, 0.95, 0.95, 0.95, 0.85, 0.9, 0.95, 0.9, 0.85, 0.95, 0.95, 0.85, 0.95, 0.95, 0.95, 0.95, 0.95, 0.95, 0.85, 0.95, 0.95, 0.95, 0.95, 0.95, 0.95, 0.95, 0.95, 0.95, 0.95, 0.95, 0.9, 0.95, 0.95, 0.85]",45,0.9277777777777778
"Patently, the new product is successful in the market.",patently,qwen/Qwen3-8B,"[0.95, 0.95, 0.95, 0.95, 0.95, 0.95]",6,0.9499999999999998
Patently the new product is successful in the market.,patently,qwen/Qwen3-8B,"[0.95, 0.95, 0.95, 0.95, 0.9, 0.9, 0.85, 0.9, 0.85]",9,0.911111111111111
The new product is demonstrably successful in the market.,demonstrably,qwen/Qwen3-8B,"[0.9, 0.95, 0.95, 0.95, 0.95, 0.95, 0.85, 0.85, 0.95, 0.95, 0.95, 0.95, 0.95, 0.95, 0.95, 0.95, 0.85, 0.85, 0.95, 0.95, 0.95, 0.95, 0.95, 0.95, 0.95, 0.95, 0.85, 0.95, 0.9, 0.95, 0.95, 0.95, 0.95, 0.95, 0.95, 0.9, 0.95, 0.95, 0.95, 0.95, 0.95, 0.95, 0.95, 0.9, 0.85, 0.95, 0.85, 0.95, 0.95, 0.85, 0.95, 0.95, 0.95, 0.95, 0.95, 0.95, 0.85]",57,0.9307017543859648
"Demonstrably, the new product is successful in the market.",demonstrably,qwen/Qwen3-8B,"[0.95, 0.95, 0.95]",3,0.9499999999999998
The new policy incontrovertibly improves the economy.,incontrovertibly,qwen/Qwen3-8B,"[0.9, 0.85, 0.95, 0.85, 0.85, 0.85, 0.85, 0.85, 0.9, 0.85, 0.7, 0.95, 0.85, 0.85, 0.85, 0.85, 0.85, 0.85, 0.85, 0.95, 0.75, 0.95, 0.85, 0.85, 0.85, 0.95, 0.95, 0.85, 0.85, 0.85, 0.85, 0.9, 0.85, 0.95, 0.95, 0.9, 0.9, 0.85, 0.95, 0.9, 0.85, 0.9, 0.9, 0.95, 0.75]",45,0.8733333333333333
The new policy improves the economy incontrovertibly.,incontrovertibly,qwen/Qwen3-8B,"[0.95, 0.95, 0.95, 0.95, 0.95, 0.95, 0.95, 0.95, 0.95]",9,0.9499999999999998
"Incontrovertibly, the new policy improves the economy.",incontrovertibly,qwen/Qwen3-8B,"[0.95, 0.95, 0.95, 0.95, 0.95, 0.9]",6,0.9416666666666665
The medication is incontestably effective in treating the disease.,incontestably,qwen/Qwen3-8B,"[0.95, 0.95, 0.95, 0.95, 0.95, 0.95, 0.95, 0.95, 0.95, 0.95, 0.95, 0.95, 0.95, 0.95, 0.95, 0.95, 0.95, 0.95, 0.95, 0.95, 0.95, 0.95, 0.95, 0.95, 0.95, 0.95, 0.95, 0.95, 0.95, 0.95, 0.95, 0.95, 0.95, 0.95, 0.95, 0.95, 0.95, 0.95, 0.95, 0.95, 0.95, 0.95, 0.95, 0.95, 0.95, 0.95, 0.95, 0.95, 0.95, 0.95, 0.95]",51,0.95
Incontestably the medication is effective in treating the disease.,incontestably,qwen/Qwen3-8B,"[0.95, 0.95, 0.95]",3,0.9499999999999998
"Incontestably, the medication is effective in treating the disease.",incontestably,qwen/Qwen3-8B,"[0.95, 0.95, 0.95]",3,0.9499999999999998
The medication is effective incontestably in treating the disease.,incontestably,qwen/Qwen3-8B,"[0.9, 1.0, 0.95]",3,0.9500000000000001
The report is almost certainly not accurate.,almost certainly,qwen/Qwen3-8B,"[0.85, 0.85, 0.85, 0.85, 0.85, 0.85, 0.85, 0.85, 0.85, 0.85, 0.85, 0.85, 0.9, 0.85, 0.85, 0.95, 0.85, 0.85, 0.85, 0.85, 0.85, 0.85, 0.85, 0.85, 0.9, 0.85, 0.85, 0.9, 0.7, 0.75, 0.85, 0.85, 0.85, 0.85, 0.85, 0.85, 0.85, 0.9, 0.9, 0.85, 0.85, 0.85, 0.85, 0.85, 0.85, 0.9, 0.85, 0.9, 0.85, 0.85, 0.85, 0.7, 0.9, 0.75, 0.85, 0.85, 0.85]",57,0.85
The report is almost certainly inaccurate.,almost certainly,qwen/Qwen3-8B,"[0.95, 0.85, 0.9]",3,0.9
The restaurant serves very likely delicious food.,very likely,qwen/Qwen3-8B,"[0.35, 0.75, 0.75, 0.6, 0.5, 0.6]",6,0.5916666666666667
It is very likely that the restaurant serves delicious food.,very likely,qwen/Qwen3-8B,"[0.85, 0.75, 0.85, 0.85, 0.75, 0.85, 0.85, 0.75, 0.85, 0.85, 0.75, 0.85]",12,0.8166666666666668
The restaurant very likely serves delicious food.,very likely,qwen/Qwen3-8B,"[0.6, 0.75, 0.7, 0.6, 0.75, 0.7, 0.7, 0.65, 0.7, 0.7, 0.75, 0.7, 0.7, 0.6, 0.6, 0.75, 0.7, 0.85, 0.6, 0.7, 0.65, 0.75, 0.7, 0.6, 0.75, 0.6, 0.5, 0.7, 0.6, 0.6, 0.75, 0.7, 0.75]",33,0.6803030303030303
"The restaurant serves delicious food, very likely.",very likely,qwen/Qwen3-8B,"[0.75, 0.6, 0.6, 0.7, 0.85, 0.7]",6,0.7000000000000001
Very likely the restaurant serves delicious food.,very likely,qwen/Qwen3-8B,"[0.85, 0.85, 0.85]",3,0.85
The restaurant is highly likely to serve delicious food.,highly likely,qwen/Qwen3-8B,"[0.85, 0.85, 0.85, 0.85, 0.75, 0.85, 0.9, 0.85, 0.75, 0.75, 0.85, 0.85, 0.75, 0.65, 0.75, 0.75, 0.85, 0.85]",18,0.8083333333333333
It is highly likely that the restaurant serves delicious food.,highly likely,qwen/Qwen3-8B,"[0.85, 0.85, 0.85, 0.85, 0.85, 0.85, 0.9, 0.85, 0.85, 0.85, 0.85, 0.85, 0.85, 0.85, 0.85, 0.85, 0.85, 0.95, 0.85, 0.75, 0.85, 0.75, 0.85, 0.85, 0.75, 0.85, 0.85]",27,0.8444444444444444
The restaurant serves highly likely delicious food.,highly likely,qwen/Qwen3-8B,"[0.6, 0.75, 0.75, 0.6, 0.6, 0.6, 0.6, 0.75, 0.75]",9,0.6666666666666666
The restaurant highly likely serves delicious food.,highly likely,qwen/Qwen3-8B,"[0.85, 0.85, 0.85]",3,0.85
"The restaurant serves delicious food, highly likely.",highly likely,qwen/Qwen3-8B,"[0.75, 0.85, 0.85]",3,0.8166666666666668
"In all likelihood, the restaurant serves delicious food.",in all likelihood,qwen/Qwen3-8B,"[0.75, 0.75, 0.85, 0.6, 0.85, 0.85, 0.75, 0.75, 0.85, 0.6, 0.75, 0.7, 0.75, 0.75, 0.6, 0.75, 0.75, 0.75, 0.6, 0.85, 0.85, 0.75, 0.75, 0.75, 0.85, 0.75, 0.6, 0.75, 0.75, 0.65, 0.75, 0.75, 0.85, 0.85, 0.75, 0.7, 0.75, 0.75, 0.6, 0.75, 0.85, 0.75, 0.6, 0.75, 0.85, 0.75, 0.85, 0.85, 0.75, 0.75, 0.7, 0.85, 0.7, 0.75]",54,0.7509259259259259
In all likelihood the restaurant serves delicious food.,in all likelihood,qwen/Qwen3-8B,"[0.75, 0.6, 0.6, 0.6, 0.6, 0.6]",6,0.625
"In all probability, the restaurant serves delicious food.",in all probability,qwen/Qwen3-8B,"[0.75, 0.85, 0.85, 0.6, 0.85, 0.7, 0.75, 0.75, 0.75, 0.85, 0.85, 0.75, 0.85, 0.75, 0.85, 0.85, 0.85, 0.85, 0.75, 0.85, 0.6, 0.85, 0.85, 0.85, 0.75, 0.75, 0.75, 0.85, 0.75, 0.75, 0.75, 0.6, 0.85, 0.85, 0.75, 0.75]",36,0.7833333333333333
in all probability the restaurant serves delicious food.,in all probability,qwen/Qwen3-8B,"[0.85, 0.85, 0.85]",3,0.85
"The restaurant serves delicious food, in all probability.",in all probability,qwen/Qwen3-8B,"[0.7, 0.6, 0.7]",3,0.6666666666666666
In all probability the restaurant serves delicious food.,in all probability,qwen/Qwen3-8B,"[0.75, 0.7, 0.85, 0.75, 0.75, 0.6, 0.85, 0.6, 0.65, 0.7, 0.85, 0.85, 0.85, 0.85, 0.75, 0.85, 0.65, 0.85]",18,0.7611111111111111
The restaurant almost definitely serves delicious food.,almost definitely,qwen/Qwen3-8B,"[0.85, 0.85, 0.85, 0.85, 0.75, 0.85, 0.85, 0.85, 0.9, 0.95, 0.95, 0.9, 0.9, 0.9, 0.95, 0.9, 0.85, 0.95, 0.95, 0.95, 0.9, 0.95, 0.85, 0.95, 0.95, 0.95, 0.95, 0.85, 0.95, 0.95]",30,0.9
"The restaurant serves delicious food, almost definitely.",almost definitely,qwen/Qwen3-8B,"[0.95, 0.95, 0.95, 0.95, 0.95, 0.95, 0.95, 0.95, 0.95, 0.95, 0.95, 0.85, 0.95, 0.95, 0.85]",15,0.9366666666666666
The restaurant serves delicious food almost definitely.,almost definitely,qwen/Qwen3-8B,"[0.85, 0.95, 0.95, 0.85, 0.85, 0.9]",6,0.8916666666666666
The restaurant serves almost definitely delicious food.,almost definitely,qwen/Qwen3-8B,"[0.85, 0.85, 0.95, 0.95, 0.75, 0.85]",6,0.8666666666666667
The restaurant serves food that is almost definitely delicious.,almost definitely,qwen/Qwen3-8B,"[0.9, 0.9, 0.9]",3,0.9
"Without reservation, the report is not accurate.",without reservation,qwen/Qwen3-8B,"[0.85, 0.9, 0.9, 0.95, 0.9, 0.95]",6,0.9083333333333333
The report is not accurate without reservation.,without reservation,qwen/Qwen3-8B,"[0.85, 0.5, 0.85, 0.85, 0.85, 0.75, 0.85, 0.85, 0.85, 0.75, 0.75, 0.85, 0.7, 0.65, 0.75, 0.75, 0.85, 0.75, 0.75, 0.85, 0.85, 0.75, 0.75, 0.85, 0.75, 0.85, 0.6, 0.75, 0.75, 0.75, 0.75, 0.75, 0.85, 0.6, 0.85, 0.75, 0.75, 0.75, 0.85, 0.85, 0.85, 0.85]",42,0.7785714285714287
The report is without reservation.,without reservation,qwen/Qwen3-8B,"[1.0, 1.0, 1.0]",3,1.0
"The report is, without reservation, not accurate.",without reservation,qwen/Qwen3-8B,"[0.9, 0.95, 0.9]",3,0.9166666666666666
I am certain without reservation that the report is not accurate.,without reservation,qwen/Qwen3-8B,"[0.95, 0.95, 0.95]",3,0.9499999999999998
The report is accurate without reservation.,without reservation,qwen/Qwen3-8B,"[0.95, 1.0, 1.0]",3,0.9833333333333334
"All but certain, the neighbor is home.",all but certain,qwen/Qwen3-8B,"[0.75, 0.75, 0.75, 0.95, 0.9, 0.85, 0.85, 0.75, 0.9, 0.75, 0.85, 0.85, 0.85, 0.85, 0.85]",15,0.83
All but certain the neighbor is home.,all but certain,qwen/Qwen3-8B,"[0.6, 0.6, 0.85, 0.75, 0.85, 0.95, 0.75, 0.85, 0.9, 0.65, 0.75, 0.85]",12,0.7791666666666667
"The neighbor is home, all but certain.",all but certain,qwen/Qwen3-8B,"[0.85, 0.85, 0.95, 0.9, 0.85, 0.85, 0.85, 0.85, 0.85, 0.85, 0.85, 0.85, 0.85, 0.85, 0.85, 0.9, 0.85, 0.85, 0.85, 0.85, 0.5]",21,0.8428571428571429
The neighbor is all but certain to be home.,all but certain,qwen/Qwen3-8B,"[0.95, 0.95, 0.85, 0.95, 0.95, 0.95]",6,0.9333333333333332
All but certain that the neighbor is home.,all but certain,qwen/Qwen3-8B,"[0.95, 0.85, 0.85]",3,0.8833333333333333
The neighbor is all but certain home.,all but certain,qwen/Qwen3-8B,"[0.85, 0.9, 0.95]",3,0.9
It is virtually certain that the restaurant serves delicious food.,virtually certain,qwen/Qwen3-8B,"[0.95, 0.95, 0.95, 0.95, 0.95, 0.95, 0.95, 0.95, 0.95, 0.95, 0.95, 0.95, 0.95, 0.95, 0.95, 0.95, 0.95, 0.95, 0.95, 0.95, 0.95, 0.95, 0.95, 0.95, 0.85, 0.95, 0.95, 0.95, 0.95, 0.95, 0.95, 0.95, 0.95]",33,0.946969696969697
The restaurant serves food that is virtually certain to be delicious.,virtually certain,qwen/Qwen3-8B,"[0.95, 0.95, 0.85, 0.95, 0.95, 0.85, 0.95, 0.95, 0.95]",9,0.9277777777777777
"The restaurant serves delicious food, virtually certain.",virtually certain,qwen/Qwen3-8B,"[0.95, 0.95, 0.95, 0.95, 0.95, 0.95, 0.95, 0.95, 0.95]",9,0.9499999999999998
I am virtually certain that the restaurant serves delicious food.,virtually certain,qwen/Qwen3-8B,"[0.95, 0.95, 0.95, 0.95, 0.95, 0.95]",6,0.9499999999999998
I am virtually certain the restaurant serves delicious food.,virtually certain,qwen/Qwen3-8B,"[0.95, 0.95, 0.95]",3,0.9499999999999998
"The neighbor is home, as good as certain.",as good as certain,qwen/Qwen3-8B,"[0.95, 0.95, 0.85, 0.85, 0.95, 0.85, 0.95, 0.95, 0.9, 0.95, 0.95, 0.9, 0.85, 0.85, 0.85, 0.95, 0.9, 0.85, 0.95, 0.95, 0.95, 0.85, 0.95, 0.95, 0.85, 0.75, 0.95, 0.95, 0.85, 0.95, 0.95, 0.95, 0.95, 0.85, 0.85, 0.85, 0.95, 0.95, 0.85, 0.85, 0.85, 0.85, 0.95, 0.95, 0.9, 0.85, 0.95, 0.95]",48,0.9041666666666667
The neighbor is home as good as certain.,as good as certain,qwen/Qwen3-8B,"[0.75, 0.85, 0.75, 0.85, 0.65, 0.85, 0.75, 0.95, 0.9, 0.9, 0.75, 0.85]",12,0.8166666666666668
The new policy is overwhelmingly likely to improve the economy.,overwhelmingly likely,qwen/Qwen3-8B,"[0.85, 0.85, 0.85, 0.85, 0.85, 0.85, 0.85, 0.85, 0.75, 0.85, 0.85, 0.75, 0.75, 0.75, 0.85, 0.85, 0.85, 0.85, 0.85, 0.85, 0.85, 0.75, 0.85, 0.85, 0.85, 0.85, 0.95, 0.85, 0.75, 0.9, 0.85, 0.75, 0.85, 0.85, 0.85, 0.75, 0.75, 0.75, 0.85, 0.75, 0.85, 0.85]",42,0.8273809523809523
"Overwhelmingly likely, the new policy improves the economy.",overwhelmingly likely,qwen/Qwen3-8B,"[0.85, 0.85, 0.85, 0.9, 0.95, 0.9]",6,0.8833333333333333
It is overwhelmingly likely that the new policy improves the economy.,overwhelmingly likely,qwen/Qwen3-8B,"[0.85, 0.75, 0.85, 0.95, 0.95, 0.85]",6,0.8666666666666667
The new policy overwhelmingly likely improves the economy.,overwhelmingly likely,qwen/Qwen3-8B,"[0.75, 0.75, 0.65]",3,0.7166666666666667
Overwhelmingly likely the new policy improves the economy.,overwhelmingly likely,qwen/Qwen3-8B,"[0.85, 0.85, 0.95]",3,0.8833333333333333
The movie is strongly supported as good.,strongly supported,qwen/Qwen3-8B,"[0.85, 0.85, 0.85, 0.85, 0.85, 0.85, 0.85, 0.9, 0.85, 0.95, 0.85, 0.85]",12,0.8624999999999999
"The movie is good, strongly supported.",strongly supported,qwen/Qwen3-8B,"[0.85, 0.85, 0.95, 0.9, 0.95, 0.9, 0.85, 0.85, 0.9, 0.95, 0.9, 0.85, 0.85, 0.95, 0.95, 0.95, 0.95, 0.85, 0.85, 0.85, 0.85, 0.95, 0.95, 0.95, 0.9, 0.85, 0.95, 0.95, 0.95, 0.9, 0.95, 0.95, 0.95]",33,0.9075757575757576
The movie is strongly supported.,strongly supported,qwen/Qwen3-8B,"[0.85, 0.9, 0.85, 0.95, 0.95, 0.85]",6,0.8916666666666666
"The movie is good, which is strongly supported.",strongly supported,qwen/Qwen3-8B,"[0.85, 0.85, 0.85]",3,0.85
It is strongly supported that the movie is good.,strongly supported,qwen/Qwen3-8B,"[0.9, 0.95, 0.95]",3,0.9333333333333332
The claim that the movie is good is strongly supported.,strongly supported,qwen/Qwen3-8B,"[0.95, 0.85, 0.85]",3,0.8833333333333333
The report is not well-established accurate.,well-established,qwen/Qwen3-8B,"[0.4, 0.4, 0.7, 0.75, 0.7, 0.6, 0.6, 0.75, 0.3, 0.3, 0.3, 0.7]",12,0.5416666666666666
The report is not well-established.,well-established,qwen/Qwen3-8B,"[0.85, 0.7, 0.7, 0.85, 0.7, 0.85, 0.6, 0.5, 0.75, 0.85, 0.6, 0.7, 0.75, 0.6, 0.5, 0.85, 0.6, 0.85, 0.85, 0.85, 0.6]",21,0.719047619047619
The report is not a well-established accurate.,well-established,qwen/Qwen3-8B,"[0.1, 0.5, 0.75]",3,0.45
The report is well-established.,well-established,qwen/Qwen3-8B,"[0.9, 0.95, 0.9, 0.85, 0.95, 0.9]",6,0.9083333333333333
"The report is not accurate, well-established.",well-established,qwen/Qwen3-8B,"[0.85, 0.85, 0.85]",3,0.85
The report is well-established as not accurate.,well-established,qwen/Qwen3-8B,"[0.85, 0.9, 0.85]",3,0.8666666666666667
The report is well-established to be inaccurate.,well-established,qwen/Qwen3-8B,"[0.95, 0.85, 0.95]",3,0.9166666666666666
The report is well-established as inaccurate.,well-established,qwen/Qwen3-8B,"[0.6, 0.7, 0.85]",3,0.7166666666666667
It is well-established that the report is not accurate.,well-established,qwen/Qwen3-8B,"[0.95, 0.95, 0.9]",3,0.9333333333333332
The report is not well-established as accurate.,well-established,qwen/Qwen3-8B,"[0.7, 0.7, 0.3]",3,0.5666666666666667
The city is widely confirmed to be the oldest in the country.,widely confirmed,qwen/Qwen3-8B,"[0.9, 0.85, 0.85, 0.95, 0.95, 0.9, 0.95, 0.85, 0.9, 0.9, 0.9, 0.85, 0.9, 0.9, 0.85, 0.95, 0.85, 0.85, 0.85, 0.85, 0.95, 0.95, 0.9, 0.85, 0.95, 0.85, 0.85]",27,0.8907407407407407
The city is widely confirmed as the oldest in the country.,widely confirmed,qwen/Qwen3-8B,"[0.9, 0.9, 0.9, 0.95, 0.95, 0.9, 0.95, 0.95, 0.85, 0.75, 0.95, 0.95, 0.85, 0.95, 0.85]",15,0.9033333333333332
"The city is the oldest in the country, widely confirmed.",widely confirmed,qwen/Qwen3-8B,"[0.85, 0.9, 0.95, 0.85, 0.9, 0.85, 0.85, 0.85, 0.85, 0.9, 0.85, 0.9, 0.85, 0.85, 0.95]",15,0.8766666666666667
It has been widely confirmed that the city is the oldest in the country.,widely confirmed,qwen/Qwen3-8B,"[0.95, 0.85, 0.95]",3,0.9166666666666666
"It rains tomorrow, conclusively shown.",conclusively shown,qwen/Qwen3-8B,"[0.95, 1.0, 0.95]",3,0.9666666666666667
It conclusively shown it will rain tomorrow.,conclusively shown,qwen/Qwen3-8B,"[0.85, 0.85, 0.85]",3,0.85
It has conclusively shown that it will rain tomorrow.,conclusively shown,qwen/Qwen3-8B,"[0.95, 0.95, 0.95, 0.95, 0.95, 0.95, 0.95, 0.95, 0.95, 0.95, 0.95, 0.95, 0.95, 0.95, 1.0]",15,0.9533333333333333
It is conclusively shown that it rains tomorrow.,conclusively shown,qwen/Qwen3-8B,"[1.0, 1.0, 0.95, 1.0, 1.0, 1.0]",6,0.9916666666666667
It has conclusively shown that it rains tomorrow.,conclusively shown,qwen/Qwen3-8B,"[0.95, 0.95, 0.95]",3,0.9499999999999998
It is conclusively shown that it will rain tomorrow.,conclusively shown,qwen/Qwen3-8B,"[1.0, 1.0, 1.0, 1.0, 1.0, 1.0, 1.0, 0.95, 1.0]",9,0.9944444444444444
The results conclusively shown that the new drug effectively reduces symptoms.,conclusively shown,qwen/Qwen3-8B,"[0.45, 0.85, 0.85]",3,0.7166666666666667
It conclusively shown that it rains tomorrow,conclusively shown,qwen/Qwen3-8B,"[0.5, 0.75]",2,0.625
It has been conclusively shown that it will rain tomorrow.,conclusively shown,qwen/Qwen3-8B,"[0.95, 1.0, 0.95]",3,0.9666666666666667
It was conclusively shown that it rains tomorrow.,conclusively shown,qwen/Qwen3-8B,"[0.95, 0.9]",2,0.925
It conclusively shown that it will rain tomorrow.,conclusively shown,qwen/Qwen3-8B,"[0.95, 0.95, 0.95]",3,0.9499999999999998
It has been conclusively shown that it rains tomorrow.,conclusively shown,qwen/Qwen3-8B,"[1.0, 1.0, 1.0, 1.0, 0.2, 0.9]",6,0.85
There is probably a correlation between X and Y.,probably,qwen/Qwen3-8B,"[0.6, 0.6, 0.6, 0.5, 0.6, 0.6, 0.6, 0.6, 0.4, 0.6, 0.7, 0.6, 0.6, 0.85, 0.6, 0.6, 0.6, 0.3, 0.6, 0.6, 0.6, 0.6, 0.6, 0.6, 0.6, 0.6, 0.6, 0.4, 0.2, 0.6, 0.6, 0.6, 0.6, 0.6, 0.6, 0.6]",36,0.5763888888888888
Probably there is a correlation between X and Y.,probably,qwen/Qwen3-8B,"[0.3, 0.3, 0.6, 0.4, 0.3, 0.2, 0.2, 0.6, 0.3, 0.6, 0.3, 0.6, 0.2, 0.4, 0.6, 0.3, 0.3, 0.2, 0.2, 0.3, 0.3]",21,0.35714285714285715
"Probably, there is a correlation between X and Y.",probably,qwen/Qwen3-8B,"[0.3, 0.3, 0.2]",3,0.26666666666666666
It is likely to rain tomorrow.,likely,qwen/Qwen3-8B,"[0.6, 0.6, 0.6, 0.6, 0.6, 0.6, 0.6, 0.7, 0.6, 0.6, 0.6, 0.6, 0.6, 0.6, 0.6, 0.6, 0.6, 0.6, 0.6, 0.6, 0.6, 0.6, 0.6, 0.6]",24,0.6041666666666666
It likely rains tomorrow.,likely,qwen/Qwen3-8B,"[0.6, 0.6, 0.7, 0.6, 0.6, 0.6, 0.7, 0.6, 0.6, 0.6, 0.6, 0.6, 0.6, 0.6, 0.6]",15,0.6133333333333333
It is likely it rains tomorrow.,likely,qwen/Qwen3-8B,"[0.6, 0.6, 0.3]",3,0.5
It is likely that it will rain tomorrow.,likely,qwen/Qwen3-8B,"[0.6, 0.6, 0.6]",3,0.6
It is likely that it rains tomorrow.,likely,qwen/Qwen3-8B,"[0.6, 0.6, 0.5, 0.6, 0.6, 0.6, 0.6, 0.6, 0.6]",9,0.5888888888888889
Likely it will rain tomorrow.,likely,qwen/Qwen3-8B,"[0.7, 0.6, 0.6]",3,0.6333333333333333
"Likely, it rains tomorrow.",likely,qwen/Qwen3-8B,"[0.6, 0.6, 0.6]",3,0.6
"Presumably, the city is the oldest in the country.",presumably,qwen/Qwen3-8B,"[0.7, 0.2, 0.3, 0.3, 0.6, 0.3, 0.6, 0.25, 0.6, 0.7, 0.6, 0.6, 0.3, 0.6, 0.4, 0.3, 0.7, 0.7, 0.6, 0.4, 0.4, 0.6, 0.7, 0.5]",24,0.4979166666666666
Presumably the city is the oldest in the country.,presumably,qwen/Qwen3-8B,"[0.7, 0.3, 0.3, 0.7, 0.3, 0.3, 0.2, 0.7, 0.6, 0.7, 0.2, 0.6, 0.7, 0.4, 0.5, 0.6, 0.3, 0.75, 0.7, 0.3, 0.4]",21,0.4880952380952381
The city is presumably the oldest in the country.,presumably,qwen/Qwen3-8B,"[0.6, 0.6, 0.3, 0.6, 0.4, 0.4, 0.6, 0.3, 0.5, 0.3, 0.5, 0.6, 0.7, 0.3, 0.6]",15,0.48666666666666664
"Apparently, the medication is effective in treating the disease.",apparently,qwen/Qwen3-8B,"[0.85, 0.85, 0.85, 0.75, 0.75, 0.7, 0.75, 0.75, 0.75, 0.85, 0.85, 0.85, 0.85, 0.85, 0.85, 0.85, 0.75, 0.85, 0.85, 0.75, 0.75, 0.75, 0.85, 0.9, 0.75, 0.85, 0.85]",27,0.8092592592592593
Apparently the medication is effective in treating the disease.,apparently,qwen/Qwen3-8B,"[0.75, 0.75, 0.75, 0.85, 0.85, 0.75, 0.85, 0.75, 0.75, 0.85, 0.75, 0.7, 0.85, 0.75, 0.75]",15,0.7799999999999999
The medication is apparently effective in treating the disease.,apparently,qwen/Qwen3-8B,"[0.75, 0.65, 0.7, 0.85, 0.75, 0.6, 0.45, 0.6, 0.65, 0.85, 0.75, 0.7, 0.75, 0.75, 0.85, 0.75, 0.75, 0.65]",18,0.7111111111111111
The experiment seemingly shows a significant effect.,seemingly,qwen/Qwen3-8B,"[0.75, 0.7, 0.7, 0.3, 0.7, 0.75, 0.75, 0.6, 0.7, 0.7, 0.55, 0.7, 0.75, 0.7, 0.75, 0.65, 0.65, 0.6, 0.85, 0.15, 0.35, 0.85, 0.75, 0.7, 0.6, 0.6, 0.7, 0.7, 0.4, 0.4, 0.7, 0.6, 0.6, 0.75, 0.75, 0.3, 0.7, 0.85, 0.7]",39,0.6410256410256411
The experiment seems to show a significant effect.,seemingly,qwen/Qwen3-8B,"[0.65, 0.7, 0.6, 0.7, 0.75, 0.75, 0.75, 0.65, 0.6, 0.85, 0.85, 0.75]",12,0.7166666666666667
The experiment shows a seemingly significant effect.,seemingly,qwen/Qwen3-8B,"[0.7, 0.3, 0.6, 0.7, 0.3, 0.6]",6,0.5333333333333333
The experiment shows a significant effect seemingly.,seemingly,qwen/Qwen3-8B,"[0.75, 0.65, 0.5]",3,0.6333333333333333
It seems the city is the oldest in the country.,it seems,qwen/Qwen3-8B,"[0.75, 0.7, 0.75, 0.75, 0.75, 0.6, 0.7, 0.65, 0.7, 0.7, 0.7, 0.6, 0.7, 0.6, 0.7, 0.6, 0.3, 0.6, 0.6, 0.85, 0.6, 0.6, 0.7, 0.6, 0.7, 0.7, 0.7, 0.6, 0.75, 0.6, 0.65, 0.75, 0.75, 0.7, 0.6, 0.4, 0.65, 0.7, 0.7, 0.6, 0.7, 0.6, 0.6, 0.75, 0.75, 0.7, 0.7, 0.75, 0.75, 0.6, 0.6]",51,0.6637254901960784
It seems that the city is the oldest in the country.,it seems,qwen/Qwen3-8B,"[0.6, 0.75, 0.75, 0.6, 0.6, 0.75, 0.6, 0.7, 0.7]",9,0.6722222222222222
It appears that the city is the oldest in the country.,it appears,qwen/Qwen3-8B,"[0.7, 0.85, 0.85, 0.75, 0.85, 0.85, 0.75, 0.75, 0.9, 0.9, 0.75, 0.85, 0.85, 0.85, 0.75, 0.85, 0.75, 0.75]",18,0.8083333333333333
It appears the city is the oldest in the country.,it appears,qwen/Qwen3-8B,"[0.85, 0.6, 0.75, 0.85, 0.7, 0.75, 0.85, 0.7, 0.85, 0.85, 0.65, 0.75, 0.75, 0.6, 0.85, 0.85, 0.7, 0.75, 0.75, 0.85, 0.85, 0.75, 0.75, 0.85, 0.85, 0.85, 0.75, 0.85, 0.85, 0.85, 0.75, 0.75, 0.85, 0.85, 0.75, 0.85, 0.85, 0.85, 0.85, 0.7, 0.85, 0.85]",42,0.7904761904761906
It looks like the new policy improves the economy.,it looks like,qwen/Qwen3-8B,"[0.6, 0.75, 0.75, 0.6, 0.5, 0.75, 0.7, 0.75, 0.7, 0.65, 0.6, 0.65, 0.6, 0.7, 0.6, 0.7, 0.7, 0.75, 0.6, 0.45, 0.75, 0.65, 0.6, 0.35, 0.65, 0.75, 0.65, 0.75, 0.75, 0.7, 0.7, 0.75, 0.7, 0.7, 0.5, 0.6, 0.3, 0.5, 0.6, 0.6, 0.75, 0.6, 0.6, 0.65, 0.65, 0.75, 0.7, 0.75, 0.75, 0.65, 0.75, 0.6, 0.7, 0.75, 0.75, 0.65, 0.85, 0.65, 0.85, 0.5]",60,0.6591666666666666
It would seem the book is informative.,it would seem,qwen/Qwen3-8B,"[0.85, 0.6, 0.75, 0.7, 0.75, 0.75, 0.75, 0.7, 0.75, 0.85, 0.3, 0.7, 0.6, 0.75, 0.3, 0.7, 0.7, 0.7, 0.6, 0.7, 0.6, 0.75, 0.75, 0.6, 0.7, 0.6, 0.75, 0.7, 0.7, 0.85, 0.75, 0.7, 0.65, 0.6, 0.3, 0.4, 0.85, 0.3, 0.85, 0.85, 0.65, 0.6, 0.85, 0.7, 0.7, 0.7, 0.6, 0.75, 0.6, 0.6, 0.75]",51,0.6715686274509803
It would seem that the book is informative.,it would seem,qwen/Qwen3-8B,"[0.6, 0.6, 0.4, 0.3, 0.65, 0.7]",6,0.5416666666666666
it would seem the book is informative,it would seem,qwen/Qwen3-8B,"[0.85, 0.85, 0.75]",3,0.8166666666666668
It seems that the experiment shows a significant effect.,it seems that,qwen/Qwen3-8B,"[0.7, 0.6, 0.75, 0.6, 0.7, 0.7, 0.75, 0.75, 0.75, 0.7, 0.75, 0.75, 0.75, 0.85, 0.7, 0.7, 0.75, 0.75, 0.85, 0.6, 0.75, 0.65, 0.75, 0.75, 0.65, 0.7, 0.75, 0.7, 0.6, 0.65, 0.75, 0.7, 0.75, 0.6, 0.75, 0.75, 0.6, 0.75, 0.7, 0.65, 0.75, 0.65, 0.75, 0.75, 0.7, 0.75, 0.6, 0.6, 0.7, 0.6, 0.7, 0.75, 0.75, 0.75, 0.7, 0.65, 0.75]",57,0.7070175438596491
it seems that the experiment shows a significant effect.,it seems that,qwen/Qwen3-8B,"[0.65, 0.7, 0.7]",3,0.6833333333333332
It appears that the new product is successful in the market.,it appears that,qwen/Qwen3-8B,"[0.7, 0.65, 0.75, 0.75, 0.6, 0.6, 0.85, 0.75, 0.65, 0.75, 0.65, 0.75, 0.85, 0.65, 0.85, 0.75, 0.75, 0.75, 0.75, 0.85, 0.75, 0.75, 0.75, 0.75, 0.75, 0.75, 0.7, 0.55, 0.65, 0.75, 0.65, 0.7, 0.85, 0.75, 0.85, 0.7, 0.65, 0.75, 0.75, 0.45, 0.75, 0.75, 0.85, 0.75, 0.65, 0.85, 0.7, 0.75, 0.75, 0.65, 0.75, 0.75, 0.7, 0.75, 0.85, 0.65, 0.75]",57,0.7289473684210526
it appears that the new product is successful in the market.,it appears that,qwen/Qwen3-8B,"[0.85, 0.65, 0.65]",3,0.7166666666666667
The new policy reportedly improves the economy.,reportedly,qwen/Qwen3-8B,"[0.85, 0.6, 0.6, 0.7, 0.7, 0.75, 0.3, 0.65, 0.6, 0.75, 0.7, 0.75, 0.75, 0.7, 0.7, 0.7, 0.7, 0.7, 0.6, 0.6, 0.7, 0.7, 0.4, 0.6, 0.5, 0.4, 0.7, 0.7, 0.7, 0.3, 0.6, 0.6, 0.7, 0.35, 0.7, 0.7, 0.7, 0.7, 0.75, 0.85, 0.7, 0.7, 0.7, 0.6, 0.7, 0.7, 0.6, 0.6]",48,0.646875
reportedly the new policy improves the economy.,reportedly,qwen/Qwen3-8B,"[0.5, 0.7, 0.4]",3,0.5333333333333333
"Reportedly, the new policy improves the economy.",reportedly,qwen/Qwen3-8B,"[0.7, 0.2, 0.6, 0.75, 0.85, 0.3]",6,0.5666666666666667
The new policy is reportedly improving the economy.,reportedly,qwen/Qwen3-8B,"[0.6, 0.6, 0.3]",3,0.5
There is ostensibly a correlation between X and Y.,ostensibly,qwen/Qwen3-8B,"[0.6, 0.3, 0.3, 0.6, 0.6, 0.6, 0.75, 0.75, 0.3, 0.7, 0.75, 0.3, 0.7, 0.7, 0.3, 0.7, 0.6, 0.7, 0.7, 0.4, 0.45, 0.7, 0.6, 0.4]",24,0.5625
Ostensibly there is a correlation between X and Y.,ostensibly,qwen/Qwen3-8B,"[0.75, 0.4, 0.75, 0.7, 0.7, 0.75, 0.85, 0.85, 0.3, 0.6, 0.75, 0.6, 0.3, 0.85, 0.4]",15,0.6366666666666667
"Ostensibly, there is a correlation between X and Y.",ostensibly,qwen/Qwen3-8B,"[0.6, 0.6, 0.75, 0.7, 0.6, 0.75, 0.2, 0.3, 0.3]",9,0.5333333333333333
"There is a correlation between X and Y, ostensibly.",ostensibly,qwen/Qwen3-8B,"[0.8, 0.6, 0.7, 0.6, 0.85, 0.6]",6,0.6916666666666668
There is an ostensibly correlation between X and Y.,ostensibly,qwen/Qwen3-8B,"[0.7, 0.7, 0.85]",3,0.75
There is ostensibly a correlation between X and Y.,ostensibly,qwen/Qwen3-8B,"[0.75, 0.3, 0.5]",3,0.5166666666666667
"On the face of it, the movie is good.",on the face of it,qwen/Qwen3-8B,"[0.75, 0.6, 0.6, 0.7, 0.6, 0.75, 0.75, 0.65, 0.75, 0.6, 0.75, 0.75, 0.3, 0.85, 0.7, 0.7, 0.45, 0.7, 0.85, 0.65, 0.6, 0.85, 0.75, 0.75, 0.75, 0.75, 0.65, 0.75, 0.85, 0.6, 0.75, 0.75, 0.85, 0.75, 0.75, 0.75, 0.6, 0.65, 0.7, 0.3, 0.6, 0.75, 0.4, 0.75, 0.65, 0.75, 0.75, 0.75, 0.6, 0.6, 0.7, 0.6, 0.5, 0.7, 0.6, 0.4, 0.75]",57,0.674561403508772
The movie is good on the face of it.,on the face of it,qwen/Qwen3-8B,"[0.4, 0.3, 0.7]",3,0.4666666666666666
"To all appearances, the report is not accurate.",to all appearances,qwen/Qwen3-8B,"[0.75, 0.75, 0.75, 0.75, 0.7, 0.85, 0.75, 0.65, 0.75, 0.6, 0.85, 0.75, 0.75, 0.7, 0.25, 0.85, 0.85, 0.75, 0.75, 0.6, 0.75, 0.7, 0.7, 0.85, 0.75, 0.75, 0.75, 0.85, 0.85, 0.7, 0.75, 0.85, 0.7, 0.85, 0.75, 0.85, 0.7, 0.85, 0.6, 0.75, 0.85, 0.85, 0.75, 0.7, 0.6, 0.75, 0.6, 0.75, 0.65, 0.75, 0.75]",51,0.7392156862745098
To all appearances the report is not accurate.,to all appearances,qwen/Qwen3-8B,"[0.75, 0.75, 0.7]",3,0.7333333333333334
"The report is not accurate, to all appearances.",to all appearances,qwen/Qwen3-8B,"[0.7, 0.4, 0.7]",3,0.6
to all appearances the report is not accurate.,to all appearances,qwen/Qwen3-8B,"[0.75, 0.75, 0.85]",3,0.7833333333333333
"By all accounts, the city is the oldest in the country.",by all accounts,qwen/Qwen3-8B,"[0.85, 0.85, 0.95, 0.9, 0.9, 0.85, 0.9, 0.9, 0.9, 0.85, 0.9, 0.85, 0.9, 0.9, 0.75, 0.85, 0.9, 0.85, 0.85, 0.85, 0.85, 0.85, 0.85, 0.85, 0.9, 0.85, 0.9, 0.9, 0.85, 0.85, 0.85, 0.9, 0.75, 0.9, 0.9, 0.85, 0.85, 0.85, 0.85]",39,0.8666666666666666
By all accounts the city is the oldest in the country.,by all accounts,qwen/Qwen3-8B,"[0.95, 0.85, 0.85, 0.9, 0.85, 0.85, 0.9, 0.9, 0.95, 0.85, 0.9, 0.85]",12,0.8833333333333333
"The city is, by all accounts, the oldest in the country.",by all accounts,qwen/Qwen3-8B,"[0.85, 0.95, 0.85, 0.95, 0.95, 0.95]",6,0.9166666666666666
"The city is the oldest in the country, by all accounts.",by all accounts,qwen/Qwen3-8B,"[0.85, 0.85, 0.85]",3,0.85
"On the evidence, the medication is effective in treating the disease.",on the evidence,qwen/Qwen3-8B,"[0.75, 0.85, 0.85, 0.75, 0.85, 0.85, 0.85, 0.85, 0.85, 0.85, 0.85, 0.9, 0.85, 0.85, 0.85, 0.85, 0.75, 0.85, 0.85, 0.85, 0.85, 0.75, 0.85, 0.85, 0.85, 0.85, 0.85, 0.85, 0.9, 0.85, 0.85, 0.85, 0.85, 0.85, 0.85, 0.85, 0.85, 0.85, 0.85, 0.85, 0.85, 0.85, 0.85, 0.9, 0.85, 0.85, 0.85, 0.85, 0.85, 0.85, 0.85, 0.85, 0.85, 0.65, 0.85, 0.85, 0.85]",57,0.8421052631578947
"The medication is effective in treating the disease, on the evidence.",on the evidence,qwen/Qwen3-8B,"[0.85, 0.3, 0.85]",3,0.6666666666666666
"On balance, it rains tomorrow.",on balance,qwen/Qwen3-8B,"[0.3, 0.7, 0.65, 0.45, 0.75, 0.7, 0.85, 0.65, 0.7, 0.4, 0.9, 0.3, 0.6, 0.7, 0.3, 0.5, 0.3, 0.7, 0.45, 0.75, 0.6, 0.65, 0.75, 0.85, 0.85, 0.75, 0.7, 0.5, 0.7, 0.85, 0.75, 0.5, 0.35, 0.7, 0.6, 0.75, 0.5, 0.75, 0.75, 0.85, 0.75, 0.85, 0.5, 0.75, 0.7, 0.3, 0.75, 0.7, 0.7, 0.7, 0.7]",51,0.6421568627450981
"On balance, it may rain tomorrow.",on balance,qwen/Qwen3-8B,"[0.6, 0.6, 0.3]",3,0.5
"It rains tomorrow, on balance.",on balance,qwen/Qwen3-8B,"[0.3, 0.6, 0.3]",3,0.39999999999999997
On balance it rains tomorrow.,on balance,qwen/Qwen3-8B,"[0.85, 0.3, 0.4]",3,0.5166666666666667
"Possibly, the report is not accurate.",possibly,qwen/Qwen3-8B,"[0.25, 0.3, 0.2, 0.2, 0.2, 0.3]",6,0.24166666666666667
The report is possibly not accurate.,possibly,qwen/Qwen3-8B,"[0.2, 0.3, 0.3, 0.3, 0.2, 0.3, 0.2, 0.2, 0.3, 0.3, 0.6, 0.3, 0.3, 0.5, 0.3, 0.3, 0.4, 0.3, 0.3, 0.3, 0.2, 0.3, 0.2, 0.3, 0.2, 0.6, 0.2, 0.2, 0.3, 0.2, 0.4, 0.3, 0.6, 0.6, 0.6, 0.6]",36,0.3333333333333333
Possibly the report is not accurate.,possibly,qwen/Qwen3-8B,"[0.2, 0.2, 0.3, 0.7, 0.2, 0.3, 0.2, 0.3, 0.6, 0.2, 0.6, 0.3, 0.2, 0.2, 0.3]",15,0.32
The report is possibly inaccurate.,possibly,qwen/Qwen3-8B,"[0.3, 0.3, 0.3]",3,0.3
Perhaps the movie is good.,perhaps,qwen/Qwen3-8B,"[0.2, 0.3, 0.3, 0.2, 0.2, 0.2, 0.2, 0.2, 0.2, 0.2, 0.2, 0.2, 0.4, 0.3, 0.2, 0.2, 0.2, 0.2, 0.2, 0.3, 0.3, 0.2, 0.2, 0.2, 0.2, 0.2, 0.2, 0.2, 0.3, 0.2, 0.2, 0.2, 0.2, 0.2, 0.2, 0.6, 0.2, 0.2, 0.2, 0.2, 0.2, 0.2, 0.3, 0.2, 0.2, 0.2, 0.2, 0.2, 0.3, 0.2, 0.2]",51,0.22745098039215686
The movie is perhaps good.,perhaps,qwen/Qwen3-8B,"[0.4, 0.3, 0.3, 0.3, 0.3, 0.3, 0.3, 0.3, 0.2]",9,0.30000000000000004
The city might be the oldest in the country.,maybe,qwen/Qwen3-8B,"[0.6, 0.6, 0.4, 0.5, 0.6, 0.7]",6,0.5666666666666667
Maybe the city is the oldest in the country.,maybe,qwen/Qwen3-8B,"[0.4, 0.3, 0.3, 0.3, 0.3, 0.3, 0.2, 0.3, 0.2, 0.3, 0.3, 0.3, 0.3, 0.3, 0.3, 0.3, 0.3, 0.3, 0.3, 0.3, 0.3, 0.4, 0.3, 0.3, 0.3, 0.6, 0.3, 0.2, 0.3, 0.3]",30,0.30666666666666664
The city maybe is the oldest in the country.,maybe,qwen/Qwen3-8B,"[0.3, 0.3, 0.3, 0.3, 0.3, 0.3, 0.4, 0.3, 0.2]",9,0.30000000000000004
The city is maybe the oldest in the country.,maybe,qwen/Qwen3-8B,"[0.4, 0.3, 0.4, 0.3, 0.6, 0.3, 0.4, 0.3, 0.4, 0.4, 0.4, 0.4]",12,0.3833333333333333
The city may be the oldest in the country.,maybe,qwen/Qwen3-8B,"[0.3, 0.6, 0.3]",3,0.39999999999999997
The medication is conceivably effective in treating the disease.,conceivably,qwen/Qwen3-8B,"[0.3, 0.3, 0.3, 0.3, 0.3, 0.5, 0.3, 0.6, 0.3, 0.3, 0.4, 0.3, 0.2, 0.3, 0.3, 0.6, 0.4, 0.3, 0.3, 0.3, 0.6, 0.2, 0.2, 0.6, 0.3, 0.3, 0.2, 0.3, 0.3, 0.4, 0.6, 0.3, 0.3, 0.3, 0.3, 0.3, 0.3, 0.3, 0.3, 0.3, 0.3, 0.3, 0.3, 0.6, 0.3]",45,0.3422222222222222
Conceivably the medication is effective in treating the disease.,conceivably,qwen/Qwen3-8B,"[0.3, 0.2, 0.3, 0.2, 0.3, 0.2]",6,0.25
The medication conceivably is effective in treating the disease.,conceivably,qwen/Qwen3-8B,"[0.2, 0.6, 0.3, 0.3, 0.2, 0.3]",6,0.31666666666666665
The medication can conceivably be effective in treating the disease.,conceivably,qwen/Qwen3-8B,"[0.4, 0.7, 0.3]",3,0.4666666666666666
The experiment potentially shows a significant effect.,potentially,qwen/Qwen3-8B,"[0.3, 0.6, 0.6, 0.6, 0.3, 0.3, 0.4, 0.7, 0.6, 0.3, 0.6, 0.3, 0.6, 0.3, 0.3, 0.3, 0.4, 0.3, 0.3, 0.7, 0.6, 0.3, 0.3, 0.4, 0.6, 0.6, 0.3, 0.3, 0.3, 0.3, 0.7, 0.3, 0.3, 0.6, 0.6, 0.3, 0.7, 0.3, 0.4, 0.3, 0.3, 0.3, 0.3, 0.3, 0.3]",45,0.4177777777777778
The experiment shows a potentially significant effect.,potentially,qwen/Qwen3-8B,"[0.6, 0.6, 0.7, 0.65, 0.7, 0.6, 0.7, 0.6, 0.6, 0.7, 0.4, 0.5, 0.6, 0.7, 0.7]",15,0.6233333333333333
It is possible that the new product is successful in the market.,it is possible that,qwen/Qwen3-8B,"[0.3, 0.2, 0.2, 0.3, 0.2, 0.3, 0.3, 0.3, 0.3, 0.2, 0.2, 0.3, 0.2, 0.2, 0.3, 0.3, 0.7, 0.6, 0.3, 0.2, 0.3, 0.2, 0.6, 0.2, 0.2, 0.6, 0.3, 0.2, 0.3, 0.2, 0.4, 0.2, 0.3, 0.2, 0.3, 0.2, 0.2, 0.2, 0.4, 0.2, 0.2, 0.3, 0.3, 0.3, 0.2, 0.2, 0.4, 0.3, 0.3, 0.6, 0.3, 0.2, 0.3, 0.2, 0.2, 0.2, 0.3]",57,0.287719298245614
It is possible that the problem has not been solved yet.,it is possible that,qwen/Qwen3-8B,"[0.3, 0.3, 0.3]",3,0.3
There is a chance that the book is informative.,there is a chance that,qwen/Qwen3-8B,"[0.6, 0.3, 0.4, 0.3, 0.4, 0.4, 0.3, 0.3, 0.3, 0.3, 0.4, 0.3, 0.3, 0.3, 0.4, 0.3, 0.4, 0.3, 0.5, 0.3, 0.4, 0.4, 0.3, 0.3, 0.3, 0.2, 0.3, 0.3, 0.3, 0.25, 0.3, 0.3, 0.5, 0.6, 0.3, 0.4, 0.3, 0.2, 0.3, 0.6, 0.3, 0.3, 0.3, 0.3, 0.3, 0.3, 0.3, 0.7, 0.3, 0.3, 0.3, 0.3, 0.3, 0.3]",54,0.34351851851851856
there is a chance that the book is informative.,there is a chance that,qwen/Qwen3-8B,"[0.3, 0.3, 0.4, 0.3, 0.3, 0.3]",6,0.31666666666666665
It may be that the restaurant serves delicious food.,it may be that,qwen/Qwen3-8B,"[0.2, 0.3, 0.3, 0.3, 0.2, 0.2, 0.6, 0.2, 0.3, 0.3, 0.3, 0.3, 0.6, 0.2, 0.2, 0.3, 0.3, 0.3, 0.2, 0.2, 0.2, 0.3, 0.1, 0.4, 0.3, 0.3, 0.3, 0.2, 0.3, 0.3, 0.4, 0.3, 0.5, 0.2, 0.2, 0.3, 0.2, 0.3, 0.1, 0.3, 0.3, 0.2, 0.1, 0.2, 0.2, 0.4, 0.3, 0.4, 0.5, 0.2, 0.2, 0.3, 0.3, 0.3, 0.2, 0.3, 0.3, 0.3, 0.2, 0.3]",60,0.28
It might be that the report is not accurate.,it might be that,qwen/Qwen3-8B,"[0.3, 0.2, 0.3, 0.3, 0.3, 0.4, 0.3, 0.4, 0.2, 0.7, 0.3, 0.3, 0.3, 0.2, 0.6, 0.3, 0.2, 0.2, 0.3, 0.2, 0.3, 0.3, 0.2, 0.4, 0.2, 0.2, 0.2, 0.3, 0.25, 0.3, 0.2, 0.3, 0.3, 0.6, 0.2, 0.5, 0.6, 0.3, 0.3, 0.3, 0.3, 0.3, 0.2, 0.4, 0.2, 0.3, 0.3, 0.2, 0.2, 0.3, 0.2, 0.3, 0.3, 0.2, 0.2, 0.2, 0.6, 0.3, 0.3, 0.3]",60,0.3025
It could be that the new policy improves the economy.,it could be that,qwen/Qwen3-8B,"[0.2, 0.3, 0.2, 0.3, 0.2, 0.2, 0.2, 0.2, 0.3, 0.2, 0.2, 0.3, 0.2, 0.2, 0.3, 0.2, 0.2, 0.3, 0.2, 0.2, 0.3, 0.2, 0.2, 0.3, 0.3, 0.2, 0.3, 0.2, 0.3, 0.4, 0.2, 0.2, 0.2, 0.2, 0.2, 0.3, 0.2, 0.3, 0.2, 0.2, 0.2, 0.3, 0.2, 0.2, 0.3, 0.2, 0.3, 0.3, 0.2, 0.3, 0.2, 0.3, 0.3, 0.2, 0.3, 0.2, 0.3, 0.2, 0.2, 0.3]",60,0.24166666666666667
There is a possibility that the new product is successful in the market.,there is a possibility that,qwen/Qwen3-8B,"[0.1, 0.3, 0.2, 0.3, 0.1, 0.3, 0.3, 0.3, 0.4, 0.2, 0.3, 0.2, 0.3, 0.7, 0.2, 0.6, 0.3, 0.3, 0.3, 0.6, 0.3, 0.3, 0.2, 0.3, 0.2, 0.3, 0.3, 0.7, 0.25, 0.3, 0.5, 0.4, 0.2, 0.3, 0.3, 0.3, 0.25, 0.2, 0.3, 0.3, 0.2, 0.3, 0.3, 0.3, 0.3, 0.3, 0.3, 0.5, 0.2, 0.4, 0.3, 0.3, 0.3, 0.4, 0.4, 0.6, 0.3]",57,0.3192982456140351
there is a possibility that the new product is successful in the market.,there is a possibility that,qwen/Qwen3-8B,"[0.2, 0.3, 0.6]",3,0.3666666666666667
It is not impossible that the experiment shows a significant effect.,not impossible,qwen/Qwen3-8B,"[0.85, 0.65, 0.3, 0.3, 0.5, 0.7, 0.3, 0.6, 0.6, 0.3, 0.7, 0.4, 0.4, 0.3, 0.3, 0.3, 0.4, 0.6, 0.3, 0.4, 0.2, 0.6, 0.2, 0.35, 0.4, 0.6, 0.6, 0.3, 0.5, 0.7, 0.3, 0.6, 0.6]",33,0.4590909090909091
"The experiment shows a significant effect, not impossible.",not impossible,qwen/Qwen3-8B,"[0.7, 0.75, 0.35, 0.85, 0.6, 0.4, 0.85, 0.85, 0.4, 0.6, 0.75, 0.5, 0.75, 0.4, 0.65]",15,0.6266666666666667
"The experiment shows a significant effect, which is not impossible.",not impossible,qwen/Qwen3-8B,"[0.6, 0.6, 0.4, 0.7, 0.3, 0.6]",6,0.5333333333333333
Not impossible that the experiment shows a significant effect.,not impossible,qwen/Qwen3-8B,"[0.6, 0.3, 0.3]",3,0.39999999999999997
The experiment shows that a significant effect is not impossible.,not impossible,qwen/Qwen3-8B,"[0.3, 0.4, 0.3]",3,0.3333333333333333
"The medication is effectively treating the disease, not out of the question.",not out of the question,qwen/Qwen3-8B,"[0.6, 0.85, 0.6]",3,0.6833333333333332
The medication being effective in treating the disease is not out of the question.,not out of the question,qwen/Qwen3-8B,"[0.3, 0.7, 0.6, 0.4, 0.2, 0.3]",6,0.4166666666666667
"Not out of the question, the medication is effective in treating the disease.",not out of the question,qwen/Qwen3-8B,"[0.75, 0.85, 0.75]",3,0.7833333333333333
It is not out of the question that the medication is effective in treating the disease.,not out of the question,qwen/Qwen3-8B,"[0.3, 0.3, 0.3, 0.6, 0.3, 0.7, 0.6, 0.6, 0.3, 0.7, 0.85, 0.4, 0.6, 0.7, 0.6]",15,0.5233333333333333
"The medication is effective in treating the disease, not out of the question.",not out of the question,qwen/Qwen3-8B,"[0.75, 0.85, 0.65, 0.5, 0.85, 0.75]",6,0.725
The medication is not out of the question for treating the disease.,not out of the question,qwen/Qwen3-8B,"[0.5, 0.6, 0.75, 0.6, 0.5, 0.7, 0.4, 0.75, 0.6, 0.7, 0.4, 0.75, 0.6, 0.65, 0.65, 0.4, 0.6, 0.75, 0.5, 0.6, 0.4]",21,0.5904761904761905
Not out of the question that the medication is effective in treating the disease.,not out of the question,qwen/Qwen3-8B,"[0.85, 0.85, 0.75]",3,0.8166666666666668
The medication is not out of the question for effectively treating the disease.,not out of the question,qwen/Qwen3-8B,"[0.75, 0.85, 0.75]",3,0.7833333333333333
It feasibly rains tomorrow.,feasibly,qwen/Qwen3-8B,"[0.45, 0.75, 0.6, 0.3, 0.3, 0.75, 0.4, 0.2, 0.4, 0.4, 0.6, 0.7, 0.4, 0.2, 0.4, 0.3, 0.3, 0.3, 0.6, 0.85, 0.75, 0.75, 0.3, 0.3, 0.3, 0.2, 0.75, 0.7, 0.25, 0.45, 0.6, 0.3, 0.15, 0.3, 0.3, 0.4, 0.7, 0.75, 0.3, 0.3, 0.3, 0.1]",42,0.4392857142857143
Feasibly it rains tomorrow.,feasibly,qwen/Qwen3-8B,"[0.3, 0.2, 0.5, 0.2, 0.1, 0.3]",6,0.26666666666666666
"Feasibly, it rains tomorrow.",feasibly,qwen/Qwen3-8B,"[0.1, 0.5, 0.1]",3,0.2333333333333333
It feasibly will rain tomorrow.,feasibly,qwen/Qwen3-8B,"[0.3, 0.35, 0.6]",3,0.4166666666666667
It rains feasibly tomorrow.,feasibly,qwen/Qwen3-8B,"[0.6, 0.1, 0.3, 0.6, 0.2, 0.2]",6,0.3333333333333333
Under some circumstances the experiment shows a significant effect.,under some circumstances,qwen/Qwen3-8B,"[0.6, 0.3, 0.4, 0.3, 0.3, 0.4, 0.7, 0.4, 0.6, 0.3, 0.3, 0.6]",12,0.43333333333333335
"Under some circumstances, the experiment shows a significant effect.",under some circumstances,qwen/Qwen3-8B,"[0.6, 0.7, 0.4, 0.3, 0.6, 0.6, 0.5, 0.3, 0.4, 0.7, 0.4, 0.5, 0.4, 0.35, 0.6, 0.4, 0.7, 0.4, 0.6, 0.4, 0.7, 0.7, 0.3, 0.5, 0.6, 0.3, 0.3, 0.6, 0.5, 0.4, 0.4, 0.4, 0.5, 0.6, 0.6, 0.4, 0.6, 0.3, 0.4, 0.3, 0.6, 0.7, 0.3, 0.3, 0.7]",45,0.4855555555555555
The experiment shows a significant effect under some circumstances.,under some circumstances,qwen/Qwen3-8B,"[0.7, 0.6, 0.6]",3,0.6333333333333333
"In some cases, the experiment shows a significant effect.",in some cases,qwen/Qwen3-8B,"[0.4, 0.4, 0.4, 0.5, 0.4, 0.4, 0.5, 0.6, 0.4, 0.6, 0.3, 0.4, 0.4, 0.4, 0.4, 0.6, 0.4, 0.4, 0.4, 0.4, 0.6, 0.3, 0.7, 0.3, 0.5, 0.3, 0.3, 0.4, 0.4, 0.4, 0.5, 0.4, 0.4, 0.4, 0.5, 0.4, 0.3, 0.3, 0.4, 0.4, 0.4, 0.3, 0.6, 0.6, 0.6, 0.4, 0.4, 0.6]",48,0.43333333333333335
The experiment shows a significant effect in some cases.,in some cases,qwen/Qwen3-8B,"[0.6, 0.3, 0.4, 0.4, 0.6, 0.6, 0.6, 0.4, 0.4]",9,0.47777777777777775
"In some cases, the experiment indicates a significant effect.",in some cases,qwen/Qwen3-8B,"[0.7, 0.4, 0.5]",3,0.5333333333333333
In certain conditions the restaurant serves delicious food.,in certain conditions,qwen/Qwen3-8B,"[0.3, 0.6, 0.6]",3,0.5
"In certain conditions, the restaurant serves delicious food.",in certain conditions,qwen/Qwen3-8B,"[0.3, 0.4, 0.3, 0.3, 0.3, 0.3, 0.15, 0.3, 0.6, 0.3, 0.3, 0.3, 0.3, 0.4, 0.7, 0.3, 0.3, 0.3, 0.3, 0.3, 0.4, 0.3, 0.6, 0.7, 0.3, 0.7, 0.3, 0.3, 0.3, 0.7, 0.6, 0.3, 0.3, 0.3, 0.4, 0.6, 0.6, 0.3, 0.4, 0.3, 0.6, 0.3, 0.3, 0.3, 0.3, 0.3, 0.3, 0.4, 0.3, 0.6, 0.4]",51,0.38333333333333336
The restaurant serves delicious food in certain conditions.,in certain conditions,qwen/Qwen3-8B,"[0.6, 0.3, 0.3, 0.6, 0.5, 0.3]",6,0.43333333333333335
The new policy improves the economy with some likelihood.,with some likelihood,qwen/Qwen3-8B,"[0.6, 0.6, 0.6, 0.4, 0.5, 0.3, 0.5, 0.3, 0.6, 0.3, 0.4, 0.3, 0.4, 0.2, 0.6, 0.3, 0.6, 0.6, 0.3, 0.55, 0.45, 0.45, 0.5, 0.45, 0.6, 0.3, 0.45, 0.65, 0.6, 0.5, 0.3, 0.4, 0.6, 0.65, 0.3, 0.6, 0.3, 0.6, 0.4, 0.3, 0.3, 0.5, 0.5, 0.3, 0.5, 0.3, 0.3, 0.4, 0.3, 0.3, 0.6, 0.6, 0.5, 0.6, 0.25, 0.4, 0.6]",57,0.44912280701754387
"With some likelihood, the new policy improves the economy.",with some likelihood,qwen/Qwen3-8B,"[0.7, 0.3, 0.6]",3,0.5333333333333333
The book is theoretically possible informative.,theoretically possible,qwen/Qwen3-8B,"[0.1, 0.15, 0.1, 0.5, 0.1, 0.1, 0.1, 0.1, 0.1]",9,0.15000000000000002
"Theoretically possible, the book is informative.",theoretically possible,qwen/Qwen3-8B,"[0.75, 0.7, 0.75, 0.75, 0.4, 0.3, 0.3, 0.6, 0.7, 0.6, 0.7, 0.3, 0.75, 0.4, 0.3, 0.4, 0.3, 0.3]",18,0.5166666666666667
It is theoretically possible that the book is informative.,theoretically possible,qwen/Qwen3-8B,"[0.3, 0.5, 0.3, 0.3, 0.5, 0.3, 0.3, 0.3, 0.3, 0.2, 0.6, 0.3, 0.3, 0.3, 0.2, 0.3, 0.3, 0.3]",18,0.3277777777777777
The results are theoretically possible.,theoretically possible,qwen/Qwen3-8B,"[0.4, 0.3, 0.3]",3,0.3333333333333333
The book is theoretically possible to be informative.,theoretically possible,qwen/Qwen3-8B,"[0.3, 0.3, 0.4, 0.3, 0.15, 0.3, 0.2, 0.3, 0.3]",9,0.2833333333333333
"The book is, theoretically possible, informative.",theoretically possible,qwen/Qwen3-8B,"[0.3, 0.3, 0.3]",3,0.3
It is unclear whether the medication is effective in treating the disease.,it is unclear,qwen/Qwen3-8B,"[0.6, 0.6, 0.6, 0.6, 0.6, 0.4, 0.3, 0.7, 0.7, 0.6, 0.7, 0.3, 0.6, 0.4, 0.3, 0.7, 0.6, 0.7, 0.7, 0.4, 0.7, 0.7, 0.25, 0.3, 0.85, 0.6, 0.3, 0.7, 0.7, 0.3, 0.7, 0.7, 0.4, 0.6, 0.6, 0.4, 0.6, 0.7, 0.7, 0.3, 0.6, 0.7, 0.3, 0.4, 0.4, 0.4, 0.7, 0.5, 0.3, 0.6, 0.3]",51,0.5372549019607843
It is unclear that the medication is effective in treating the disease.,it is unclear,qwen/Qwen3-8B,"[0.3, 0.7, 0.85, 0.7, 0.7, 0.7, 0.4, 0.4, 0.25]",9,0.5555555555555556
It is uncertain whether the restaurant serves delicious food.,it is uncertain,qwen/Qwen3-8B,"[0.3, 0.3, 0.4, 0.3, 0.5, 0.4, 0.3, 0.4, 0.35, 0.6, 0.6, 0.6, 0.25, 0.3, 0.3, 0.5, 0.4, 0.25, 0.3, 0.3, 0.3, 0.6, 0.7, 0.3, 0.5, 0.25, 0.4, 0.3, 0.3, 0.4, 0.4, 0.6, 0.7]",33,0.40606060606060607
It is uncertain that the restaurant serves delicious food.,it is uncertain,qwen/Qwen3-8B,"[0.6, 0.3, 0.7, 0.7, 0.2, 0.3, 0.7, 0.5, 0.3, 0.3, 0.4, 0.3, 0.6, 0.25, 0.3, 0.3, 0.3, 0.6, 0.4, 0.25, 0.4]",21,0.41428571428571426
It is uncertain the restaurant serves delicious food.,it is uncertain,qwen/Qwen3-8B,"[0.7, 0.6, 0.7]",3,0.6666666666666666
It is uncertain if the restaurant serves delicious food.,it is uncertain,qwen/Qwen3-8B,"[0.3, 0.7, 0.3]",3,0.4333333333333333
It remains to be seen whether it rains tomorrow.,it remains to be seen,qwen/Qwen3-8B,"[0.5, 0.7, 0.3, 0.3, 0.7, 0.3, 0.3, 0.7, 0.85, 0.3, 0.3, 0.3, 0.4, 0.3, 0.3, 0.3, 0.3, 0.5, 0.3, 0.4, 0.3, 0.3, 0.7, 0.6, 0.3, 0.3, 0.3, 0.3, 0.6, 0.6, 0.3, 0.85, 0.5, 0.3, 0.3, 0.3, 0.7, 0.7, 0.7, 0.3, 0.3, 0.3, 0.3, 0.3, 0.3, 0.3, 0.7, 0.7]",48,0.43333333333333335
It remains to be seen if it rains tomorrow.,it remains to be seen,qwen/Qwen3-8B,"[0.7, 0.5, 0.3, 0.3, 0.5, 0.3, 0.6, 0.3, 0.3, 0.3, 0.4, 0.3]",12,0.39999999999999997
The book is informative that is debatable.,that is debatable,qwen/Qwen3-8B,"[0.5, 0.3, 0.3, 0.3, 0.6, 0.4, 0.3, 0.3, 0.85, 0.1, 0.4, 0.6, 0.3, 0.3, 0.3]",15,0.38999999999999996
"The book is informative, that is debatable.",that is debatable,qwen/Qwen3-8B,"[0.3, 0.6, 0.6, 0.5, 0.4, 0.3, 0.4, 0.6, 0.4, 0.3, 0.6, 0.6, 0.3, 0.3, 0.4, 0.3, 0.3, 0.5, 0.3, 0.3, 0.4, 0.5, 0.7, 0.6, 0.6, 0.4, 0.3, 0.6, 0.3, 0.5, 0.3, 0.3, 0.3, 0.3, 0.3, 0.4, 0.7, 0.75, 0.3, 0.3, 0.3, 0.25, 0.3, 0.3, 0.5]",45,0.4177777777777778
it is questionable whether it rains tomorrow.,it is questionable whether,qwen/Qwen3-8B,"[0.3, 0.3, 0.3, 0.3, 0.3, 0.5]",6,0.3333333333333333
It is questionable whether it rains tomorrow.,it is questionable whether,qwen/Qwen3-8B,"[0.2, 0.3, 0.2, 0.3, 0.3, 0.3, 0.2, 0.7, 0.3, 0.2, 0.6, 0.2, 0.3, 0.2, 0.3, 0.6, 0.2, 0.3, 0.2, 0.6, 0.3, 0.3, 0.3, 0.3, 0.2, 0.3, 0.6, 0.3, 0.3, 0.2, 0.3, 0.3, 0.6, 0.3, 0.2, 0.3, 0.3, 0.3, 0.2, 0.2, 0.3, 0.2]",42,0.3119047619047619
It is questionable whether the stock will rise.,it is questionable whether,qwen/Qwen3-8B,"[0.3, 0.3, 0.6]",3,0.39999999999999997
It is questionable whether it will rain tomorrow.,it is questionable whether,qwen/Qwen3-8B,"[0.2, 0.3, 0.6]",3,0.3666666666666667
it is questionable whether the planet will launch a new mission next year.,it is questionable whether,qwen/Qwen3-8B,"[0.3, 0.4, 0.3]",3,0.3333333333333333
It is questionable whether it rains tomorrow,it is questionable whether,qwen/Qwen3-8B,"[0.6, 0.3, 0.6]",3,0.5
It is hard to say the experiment shows a significant effect.,it is hard to say,qwen/Qwen3-8B,"[0.7, 0.6, 0.6, 0.7, 0.6, 0.5, 0.3, 0.2, 0.6, 0.7, 0.7, 0.2, 0.5, 0.6, 0.6, 0.3, 0.7, 0.6]",18,0.5388888888888889
It is hard to say that the experiment shows a significant effect.,it is hard to say,qwen/Qwen3-8B,"[0.5, 0.7, 0.4, 0.4, 0.2, 0.3, 0.4, 0.6, 0.7, 0.4, 0.3, 0.3, 0.6, 0.7, 0.6, 0.7, 0.4, 0.6, 0.4, 0.6, 0.25]",21,0.4785714285714286
It is hard to say whether the experiment shows a significant effect.,it is hard to say,qwen/Qwen3-8B,"[0.3, 0.4, 0.6, 0.3, 0.6, 0.3, 0.6, 0.6, 0.25, 0.6, 0.6, 0.3, 0.6, 0.3, 0.3, 0.3, 0.6, 0.6]",18,0.4527777777777778
The experiment shows a significant effect; it is hard to say.,it is hard to say,qwen/Qwen3-8B,"[0.3, 0.3, 0.5]",3,0.3666666666666667
"The city is the oldest in the country, open to debate.",open to debate,qwen/Qwen3-8B,"[0.6, 0.7, 0.5, 0.7, 0.5, 0.6, 0.5, 0.6, 0.6, 0.7, 0.7, 0.6, 0.6, 0.6, 0.7, 0.4, 0.6, 0.5, 0.7, 0.6, 0.6, 0.6, 0.5, 0.6, 0.6, 0.6, 0.6, 0.85, 0.7, 0.6, 0.6, 0.6, 0.6, 0.5, 0.6, 0.6, 0.6, 0.7, 0.6, 0.6, 0.6, 0.6, 0.6, 0.6, 0.6, 0.6, 0.6, 0.6, 0.7, 0.6, 0.7, 0.6, 0.6, 0.5, 0.6, 0.6, 0.4]",57,0.6026315789473684
The claim that the city is the oldest in the country is open to debate.,open to debate,qwen/Qwen3-8B,"[0.4, 0.7, 0.7]",3,0.6
The movie is good open to question,open to question,qwen/Qwen3-8B,"[0.7, 0.5, 0.3]",3,0.5
"The movie is good, open to question.",open to question,qwen/Qwen3-8B,"[0.3, 0.75, 0.5, 0.6, 0.3, 0.5, 0.75, 0.7, 0.5, 0.6, 0.7, 0.5, 0.75, 0.75, 0.6, 0.6, 0.6, 0.6, 0.65, 0.5, 0.5, 0.65, 0.6, 0.7, 0.7, 0.3, 0.5, 0.5, 0.6, 0.6, 0.5, 0.6, 0.5, 0.6, 0.5, 0.5, 0.5, 0.5, 0.5, 0.6, 0.85, 0.5, 0.5, 0.6, 0.85]",45,0.5777777777777777
The movie is open to question.,open to question,qwen/Qwen3-8B,"[0.3, 0.3, 0.3, 0.3, 0.6, 0.5, 0.6, 0.3, 0.7]",9,0.43333333333333335
The movie is good open to question.,open to question,qwen/Qwen3-8B,"[0.3, 0.35, 0.6]",3,0.4166666666666667
It is yet to be determined whether the medication is effective in treating the disease.,yet to be determined,qwen/Qwen3-8B,"[0.85, 0.85, 0.5]",3,0.7333333333333334
The effectiveness of the medication in treating the disease is yet to be determined.,yet to be determined,qwen/Qwen3-8B,"[0.6, 0.7, 0.7, 0.25, 0.4, 0.6, 0.6, 0.7, 0.6, 0.6, 0.6, 0.7, 0.6, 0.6, 0.75]",15,0.6
The medication's effectiveness in treating the disease is yet to be determined.,yet to be determined,qwen/Qwen3-8B,"[0.4, 0.4, 0.7, 0.7, 0.7, 0.6, 0.4, 0.7, 0.6]",9,0.5777777777777778
The medication is effective in treating the disease yet to be determined.,yet to be determined,qwen/Qwen3-8B,"[0.3, 0.7, 0.2, 0.2, 0.1, 0.4, 0.7, 0.6, 0.6, 0.6, 0.4, 0.6, 0.3, 0.3, 0.4]",15,0.42666666666666664
"The medication is effective in treating the disease, yet to be determined.",yet to be determined,qwen/Qwen3-8B,"[0.3, 0.4, 0.7, 0.6, 0.7, 0.4, 0.7, 0.85, 0.6, 0.6, 0.3, 0.3]",12,0.5375
The medication is yet to be determined to be effective in treating the disease.,yet to be determined,qwen/Qwen3-8B,"[0.4, 0.6, 0.6]",3,0.5333333333333333
The medication’s effectiveness in treating the disease is yet to be determined.,yet to be determined,qwen/Qwen3-8B,"[0.4, 0.7, 0.3]",3,0.4666666666666666
It remains unclear whether the medication is effective in treating the disease.,remains unclear,qwen/Qwen3-8B,"[0.6, 0.7, 0.3, 0.6, 0.7, 0.7, 0.3, 0.7, 0.7, 0.6, 0.7, 0.3, 0.6, 0.6, 0.6]",15,0.58
The effectiveness of the medication in treating the disease remains unclear.,remains unclear,qwen/Qwen3-8B,"[0.7, 0.7, 0.6, 0.85, 0.6, 0.6, 0.6, 0.6, 0.6, 0.5, 0.4, 0.4, 0.7, 0.3, 0.4]",15,0.57
The medication remains unclear in treating the disease.,remains unclear,qwen/Qwen3-8B,"[0.6, 0.6, 0.4, 0.6, 0.6, 0.4, 0.6, 0.6, 0.4]",9,0.5333333333333333
The medication’s effectiveness in treating the disease remains unclear.,remains unclear,qwen/Qwen3-8B,"[0.4, 0.6, 0.3, 0.6, 0.6, 0.6]",6,0.5166666666666667
The medication's effectiveness in treating the disease remains unclear.,remains unclear,qwen/Qwen3-8B,"[0.7, 0.5, 0.7, 0.6, 0.5, 0.4]",6,0.5666666666666667
The effectiveness of the medication remains unclear in treating the disease.,remains unclear,qwen/Qwen3-8B,"[0.6, 0.6, 0.5]",3,0.5666666666666667
Whether the medication is effective in treating the disease remains unclear.,remains unclear,qwen/Qwen3-8B,"[0.7, 0.7, 0.6]",3,0.6666666666666666
The effectiveness of the medication remains unclear.,remains unclear,qwen/Qwen3-8B,"[0.6, 0.6, 0.6]",3,0.6
Whether it rains tomorrow remains uncertain.,remains uncertain,qwen/Qwen3-8B,"[0.7, 0.7, 0.5, 0.4, 0.5, 0.5]",6,0.5499999999999999
It rains tomorrow remains uncertain.,remains uncertain,qwen/Qwen3-8B,"[0.8, 0.7, 0.7, 0.7, 0.7, 0.7, 0.7, 0.7, 0.5, 0.6, 0.5, 0.75, 0.7, 0.7, 0.5, 0.5, 0.6, 0.7, 0.75, 0.6, 0.6, 0.5, 0.6, 0.6, 0.6, 0.7, 0.5, 0.5, 0.4, 0.75, 0.7, 0.7, 0.6, 0.6, 0.7, 0.5]",36,0.6291666666666667
It remains uncertain whether it rains tomorrow.,remains uncertain,qwen/Qwen3-8B,"[0.33, 0.33, 0.33, 0.3, 0.6, 0.7, 0.6, 0.3, 0.6, 0.6, 0.6, 0.3, 0.7, 0.6, 0.4]",15,0.486
The forecast that it will rain tomorrow remains uncertain.,remains uncertain,qwen/Qwen3-8B,"[0.6, 0.5, 0.6]",3,0.5666666666666667
The book is unresolved.,unresolved,qwen/Qwen3-8B,"[0.6, 0.85, 0.85, 0.7, 0.7, 0.7, 0.85, 0.6, 0.5, 0.7, 0.6, 0.85, 0.7, 0.75, 0.85]",15,0.72
The book is unresolved informative.,unresolved,qwen/Qwen3-8B,"[0.75, 0.3, 0.15, 0.15, 0.5, 0.1, 0.3, 0.7, 0.3]",9,0.3611111111111111
"The book is informative, unresolved.",unresolved,qwen/Qwen3-8B,"[0.85, 0.6, 0.85, 0.65, 0.75, 0.6, 0.35, 0.25, 0.75, 0.6, 0.4, 0.6, 0.5, 0.65, 0.65]",15,0.6033333333333334
The book’s informativeness remains unresolved.,unresolved,qwen/Qwen3-8B,"[0.3, 0.6, 0.7, 0.7, 0.7, 0.6]",6,0.6
The book's informativity is unresolved.,unresolved,qwen/Qwen3-8B,"[0.6, 0.7, 0.3]",3,0.5333333333333333
The book's completeness remains unresolved.,unresolved,qwen/Qwen3-8B,"[0.4, 0.4, 0.75]",3,0.5166666666666667
The book’s usefulness remains unresolved.,unresolved,qwen/Qwen3-8B,"[0.7, 0.7, 0.6]",3,0.6666666666666666
The book has unresolved informative aspects.,unresolved,qwen/Qwen3-8B,"[0.85, 0.6, 0.75]",3,0.7333333333333334
The book's informativeness remains unresolved.,unresolved,qwen/Qwen3-8B,"[0.3, 0.4, 0.3]",3,0.3333333333333333
The movie is contested.,contested,qwen/Qwen3-8B,"[0.1, 0.7, 0.7, 0.3, 0.3, 0.3, 0.4, 0.3, 0.3, 0.25, 0.3, 0.3, 0.7, 0.4, 0.75, 0.7, 0.3, 0.3, 0.3, 0.3, 0.3, 0.7, 0.3, 0.3, 0.3, 0.75, 0.3, 0.3, 0.7, 0.2, 0.3, 0.3, 0.3, 0.5, 0.6, 0.7, 0.7, 0.75, 0.7, 0.7, 0.3, 0.3, 0.3, 0.3, 0.3, 0.5, 0.3, 0.7, 0.7, 0.3, 0.7, 0.7, 0.3, 0.3]",54,0.4388888888888889
The movie is contested good.,contested,qwen/Qwen3-8B,"[0.4, 0.1, 0.2]",3,0.23333333333333336
The movie's quality is contested.,contested,qwen/Qwen3-8B,"[0.25, 0.3]",2,0.275
The new policy's improvement of the economy is disputed.,disputed,qwen/Qwen3-8B,"[0.7, 0.75, 0.3, 0.45, 0.75, 0.6, 0.7, 0.3, 0.6]",9,0.5722222222222222
The new policy improves the economy is disputed.,disputed,qwen/Qwen3-8B,"[0.75, 0.7, 0.3]",3,0.5833333333333334
The new policy is disputed to improve the economy.,disputed,qwen/Qwen3-8B,"[0.75, 0.75, 0.75, 0.75, 0.5, 0.35, 0.2, 0.35, 0.35]",9,0.5277777777777778
"The new policy improves the economy, disputed.",disputed,qwen/Qwen3-8B,"[0.3, 0.5, 0.6, 0.5, 0.6, 0.75, 0.7, 0.85, 0.65, 0.4, 0.1, 0.75]",12,0.5583333333333333
The new policy's effect on the economy is disputed.,disputed,qwen/Qwen3-8B,"[0.5, 0.3, 0.4]",3,0.39999999999999997
The new policy's impact on the economy is disputed.,disputed,qwen/Qwen3-8B,"[0.4, 0.3, 0.7]",3,0.4666666666666666
The new policy is disputed as improving the economy.,disputed,qwen/Qwen3-8B,"[0.45, 0.5, 0.75, 0.6, 0.75, 0.5, 0.65, 0.6, 0.5]",9,0.5888888888888889
The new policy’s effect on the economy is disputed.,disputed,qwen/Qwen3-8B,"[0.3, 0.45, 0.75]",3,0.5
The new policy has been disputed as improving the economy.,disputed,qwen/Qwen3-8B,"[0.75, 0.4, 0.7]",3,0.6166666666666667
It is disputed that the new policy improves the economy.,disputed,qwen/Qwen3-8B,"[0.7, 0.75, 0.7]",3,0.7166666666666667
The new policy is disputed for improving the economy.,disputed,qwen/Qwen3-8B,"[0.6, 0.7, 0.75]",3,0.6833333333333332
"The book is informative, not yet established.",not yet established,qwen/Qwen3-8B,"[0.75, 0.75, 0.4, 0.75, 0.5, 0.7, 0.4, 0.5, 0.75, 0.85, 0.6, 0.6, 0.75, 0.6, 0.4, 0.6, 0.4, 0.7, 0.75, 0.7, 0.75, 0.45, 0.75, 0.6, 0.6, 0.5, 0.75, 0.75, 0.7, 0.6, 0.75, 0.6, 0.6, 0.7, 0.45, 0.75, 0.7, 0.5, 0.75, 0.7, 0.75, 0.75]",42,0.6404761904761904
The efficacy of X is not yet established.,not yet established,qwen/Qwen3-8B,"[0.6, 0.75, 0.85]",3,0.7333333333333334
The book's informativeness is not yet established.,not yet established,qwen/Qwen3-8B,"[0.7, 0.6, 0.4, 0.6, 0.7, 0.7, 0.4, 0.3, 0.4, 0.75, 0.7, 0.25]",12,0.5416666666666666
It is not yet established that the book is informative.,not yet established,qwen/Qwen3-8B,"[0.6, 0.75, 0.7]",3,0.6833333333333332
"The experiment shows a significant effect, which is inconclusive.",inconclusive,qwen/Qwen3-8B,"[0.3, 0.3, 0.3]",3,0.3
The experiment shows an inconclusive effect.,inconclusive,qwen/Qwen3-8B,"[0.65, 0.6, 0.75, 0.7, 0.85, 0.7, 0.7, 0.7, 0.6, 0.7, 0.6, 0.6, 0.75, 0.6, 0.7, 0.7, 0.7, 0.85, 0.7, 0.7, 0.85, 0.7, 0.7, 0.7]",24,0.7000000000000001
The experiment is inconclusive.,inconclusive,qwen/Qwen3-8B,"[0.6, 0.7, 0.7]",3,0.6666666666666666
The experiment's results are inconclusive regarding a significant effect.,inconclusive,qwen/Qwen3-8B,"[0.6, 0.6, 0.6]",3,0.6
The experiment shows a significant effect inconclusive.,inconclusive,qwen/Qwen3-8B,"[0.45, 0.3, 0.3]",3,0.35000000000000003
The experiment is inconclusive about the significance of the effect.,inconclusive,qwen/Qwen3-8B,"[0.7, 0.7, 0.5]",3,0.6333333333333333
The experiment shows an inconclusive significant effect.,inconclusive,qwen/Qwen3-8B,"[0.6, 0.75, 0.7, 0.7, 0.7, 0.7]",6,0.6916666666666665
The experiment inconclusive indicates a significant effect.,inconclusive,qwen/Qwen3-8B,"[0.35, 0.2, 0.3, 0.5, 0.35, 0.85]",6,0.425
The experiment results remain inconclusive.,inconclusive,qwen/Qwen3-8B,"[0.5, 0.7, 0.7]",3,0.6333333333333333
"The experiment shows a significant effect, although it remains inconclusive.",inconclusive,qwen/Qwen3-8B,"[0.6, 0.6, 0.6]",3,0.6
"The experiment shows a significant effect, but the results are inconclusive.",inconclusive,qwen/Qwen3-8B,"[0.6, 0.7, 0.6]",3,0.6333333333333333
The movie is ambiguous.,ambiguous,qwen/Qwen3-8B,"[0.7, 0.75, 0.7, 0.75, 0.75, 0.85, 0.75, 0.6, 0.7, 0.7, 0.5, 0.85, 0.75, 0.6, 0.5, 0.7, 0.75, 0.85, 0.7, 0.75, 0.7, 0.7, 0.6, 0.7, 0.6, 0.6, 0.4, 0.85, 0.85, 0.75, 0.7, 0.85, 0.3, 0.85, 0.7, 0.6, 0.7, 0.7, 0.7]",39,0.6935897435897436
The movie is ambiguous good.,ambiguous,qwen/Qwen3-8B,"[0.75, 0.3, 0.7]",3,0.5833333333333334
The movie is ambiguously good.,ambiguous,qwen/Qwen3-8B,"[0.7, 0.7, 0.85, 0.7, 0.85, 0.75]",6,0.7583333333333333
"The movie is good, ambiguous.",ambiguous,qwen/Qwen3-8B,"[0.7, 0.5, 0.4]",3,0.5333333333333333
It is ambiguous whether the movie is good.,ambiguous,qwen/Qwen3-8B,"[0.4, 0.7, 0.3]",3,0.4666666666666666
The movie is ambiguous in its good quality.,ambiguous,qwen/Qwen3-8B,"[0.45, 0.3, 0.3]",3,0.35000000000000003
The movie is ambiguous regarding its quality.,ambiguous,qwen/Qwen3-8B,"[0.6, 0.75, 0.7]",3,0.6833333333333332
It is equivocal that it rains tomorrow.,equivocal,qwen/Qwen3-8B,"[0.7, 0.6, 0.3, 0.7, 0.4, 0.7, 0.5, 0.3, 0.7, 0.6, 0.7, 0.3, 0.6, 0.3, 0.7]",15,0.5399999999999999
It rains tomorrow equivocal.,equivocal,qwen/Qwen3-8B,"[0.1, 0.3, 0.1, 0.3, 0.1, 0.2]",6,0.18333333333333335
The weather forecast is equivocal regarding rainfall tomorrow.,equivocal,qwen/Qwen3-8B,"[0.7, 0.6, 0.3]",3,0.5333333333333333
It rains tomorrow—equivocal.,equivocal,qwen/Qwen3-8B,"[0.75, 0.75, 0.75]",3,0.75
It rains equivocal tomorrow.,equivocal,qwen/Qwen3-8B,"[0.55, 0.2, 0.45, 0.3, 0.75, 0.2, 0.6, 0.75, 0.2]",9,0.4444444444444444
It equivocal rains tomorrow.,equivocal,qwen/Qwen3-8B,"[0.3, 0.3, 0.45, 0.5, 0.1, 0.3]",6,0.325
It is equivocal whether it rains tomorrow.,equivocal,qwen/Qwen3-8B,"[0.7, 0.7, 0.5, 0.3, 0.7, 0.7, 0.4, 0.6, 0.3]",9,0.5444444444444444
The rain tomorrow is equivocal.,equivocal,qwen/Qwen3-8B,"[0.4, 0.7, 0.6]",3,0.5666666666666667
It is equivocal whether it will rain tomorrow.,equivocal,qwen/Qwen3-8B,"[0.6, 0.3, 0.3]",3,0.39999999999999997
It is equivocal that it will rain tomorrow.,equivocal,qwen/Qwen3-8B,"[0.3, 0.3, 0.6]",3,0.39999999999999997
The new product's success is indeterminate in the market.,indeterminate,qwen/Qwen3-8B,"[0.6, 0.3, 0.6, 0.45, 0.75, 0.7]",6,0.5666666666666667
The new product's success in the market is indeterminate.,indeterminate,qwen/Qwen3-8B,"[0.4, 0.4, 0.4, 0.7, 0.6, 0.6, 0.7, 0.4, 0.6, 0.5, 0.4, 0.6, 0.6, 0.3, 0.6, 0.6, 0.5, 0.2, 0.6, 0.4, 0.6, 0.7, 0.7, 0.3, 0.6, 0.7, 0.6, 0.4, 0.7, 0.4]",30,0.5266666666666666
The new product is indeterminate in the market.,indeterminate,qwen/Qwen3-8B,"[0.7, 0.75, 0.65, 0.4, 0.75, 0.7, 0.6, 0.4, 0.6, 0.45, 0.6, 0.75]",12,0.6124999999999999
The success of the new product is indeterminate.,indeterminate,qwen/Qwen3-8B,"[0.6, 0.6, 0.7]",3,0.6333333333333333
The new product’s success in the market is indeterminate.,indeterminate,qwen/Qwen3-8B,"[0.6, 0.6, 0.7]",3,0.6333333333333333
The new product is indeterminate in its success in the market.,indeterminate,qwen/Qwen3-8B,"[0.3, 0.3, 0.6]",3,0.39999999999999997
The new product's success in the market remains indeterminate.,indeterminate,qwen/Qwen3-8B,"[0.6, 0.4, 0.5]",3,0.5
The report is speculative.,speculative,qwen/Qwen3-8B,"[0.75, 0.7, 0.7, 0.7, 0.7, 0.75, 0.85, 0.7, 0.85, 0.85, 0.85, 0.5, 0.7, 0.7, 0.7, 0.85, 0.5, 0.6, 0.6, 0.7, 0.85, 0.7, 0.5, 0.85, 0.7, 0.6, 0.7, 0.6, 0.7, 0.6]",30,0.7016666666666667
The report is speculatively inaccurate.,speculative,qwen/Qwen3-8B,"[0.1, 0.3, 0.3]",3,0.2333333333333333
"Speculative, the report is not accurate.",speculative,qwen/Qwen3-8B,"[0.7, 0.25, 0.75]",3,0.5666666666666667
The report is speculative that it is not accurate.,speculative,qwen/Qwen3-8B,"[0.2, 0.3, 0.4]",3,0.3
The report is speculative in its accuracy.,speculative,qwen/Qwen3-8B,"[0.7, 0.7, 0.7]",3,0.6999999999999998
The report is speculative regarding accuracy.,speculative,qwen/Qwen3-8B,"[0.85, 0.6, 0.4]",3,0.6166666666666667
The report may be speculative.,speculative,qwen/Qwen3-8B,"[0.7, 0.6, 0.4]",3,0.5666666666666667
The report is speculative about its lack of accuracy.,speculative,qwen/Qwen3-8B,"[0.4, 0.7, 0.5]",3,0.5333333333333333
The report is speculative in its inaccuracy.,speculative,qwen/Qwen3-8B,"[0.6, 0.85, 0.3]",3,0.5833333333333334
"Speculative, the report might not be accurate.",speculative,qwen/Qwen3-8B,"[0.3, 0.6, 0.5]",3,0.4666666666666666
The report is speculative about its accuracy.,speculative,qwen/Qwen3-8B,"[0.3, 0.6, 0.2]",3,0.3666666666666667
The neighbor is conjectural home.,conjectural,qwen/Qwen3-8B,"[0.7, 0.1, 0.1, 0.3, 0.3, 0.1, 0.1, 0.6, 0.1]",9,0.26666666666666666
conjecturally the neighbor is home.,conjectural,qwen/Qwen3-8B,"[0.1, 0.6, 0.1]",3,0.26666666666666666
The neighbor is conjecturally home.,conjectural,qwen/Qwen3-8B,"[0.2, 0.3, 0.3, 0.3, 0.3, 0.3, 0.75, 0.2, 0.3, 0.2, 0.7, 0.2, 0.2, 0.7, 0.3, 0.3, 0.2, 0.3, 0.7, 0.3, 0.6, 0.5, 0.3, 0.2, 0.3, 0.3, 0.2, 0.3, 0.5, 0.3]",30,0.3516666666666666
It is conjectural that the neighbor is home.,conjectural,qwen/Qwen3-8B,"[0.3, 0.3, 0.6, 0.3, 0.6, 0.3, 0.3, 0.5, 0.6]",9,0.4222222222222222
Conjectural evidence indicates the neighbor is home.,conjectural,qwen/Qwen3-8B,"[0.2, 0.4, 0.4]",3,0.3333333333333333
The neighbor is conjectured to be home.,conjectural,qwen/Qwen3-8B,"[0.3, 0.3, 0.3]",3,0.3
Conjectural the neighbor is home.,conjectural,qwen/Qwen3-8B,"[0.4, 0.2, 0.6]",3,0.39999999999999997
The book is tentative.,tentative,qwen/Qwen3-8B,"[0.7, 0.7, 0.7]",3,0.6999999999999998
Tentatively the book is informative.,tentative,qwen/Qwen3-8B,"[0.2, 0.4, 0.5]",3,0.3666666666666667
The book is tentatively informative.,tentative,qwen/Qwen3-8B,"[0.6, 0.7, 0.45, 0.6, 0.5, 0.6, 0.3, 0.3, 0.6, 0.3, 0.7, 0.3, 0.3, 0.3, 0.6, 0.4, 0.6, 0.7, 0.5, 0.6, 0.5, 0.6, 0.5, 0.7, 0.15, 0.3, 0.3, 0.6, 0.7, 0.65, 0.3, 0.5, 0.6, 0.45, 0.7, 0.6, 0.3, 0.6, 0.7, 0.65, 0.6, 0.6, 0.6, 0.4, 0.4, 0.2, 0.6, 0.7, 0.4, 0.6, 0.6]",51,0.5107843137254902
The book is tentative informative.,tentative,qwen/Qwen3-8B,"[0.3, 0.2, 0.15]",3,0.21666666666666667
The effectiveness of the medication is at issue in treating the disease.,at issue,qwen/Qwen3-8B,"[0.85, 0.75, 0.75]",3,0.7833333333333333
The effectiveness of the medication in treating the disease is at issue.,at issue,qwen/Qwen3-8B,"[0.3, 0.75, 0.75, 0.75, 0.7, 0.75, 0.75, 0.3, 0.7, 0.7, 0.6, 0.6, 0.3, 0.75, 0.85]",15,0.6366666666666666
The medication's effectiveness in treating the disease is at issue.,at issue,qwen/Qwen3-8B,"[0.6, 0.4, 0.75, 0.6, 0.3, 0.6]",6,0.5416666666666666
It is at issue whether the medication is effective in treating the disease.,at issue,qwen/Qwen3-8B,"[0.3, 0.75, 0.3]",3,0.45
The medication is at issue in treating the disease.,at issue,qwen/Qwen3-8B,"[0.75, 0.75, 0.75]",3,0.75
The medication is effective in treating the disease at issue.,at issue,qwen/Qwen3-8B,"[0.85, 0.9, 0.9, 0.85, 0.9, 0.95, 0.85, 0.9, 0.85]",9,0.8833333333333333
The medication is at issue for its effectiveness in treating the disease.,at issue,qwen/Qwen3-8B,"[0.85, 0.85, 0.75]",3,0.8166666666666668
The medication is effective at issue in treating the disease.,at issue,qwen/Qwen3-8B,"[0.75, 0.2, 0.3, 0.7, 0.6, 0.75]",6,0.5499999999999999
The effectiveness of the medication is at issue.,at issue,qwen/Qwen3-8B,"[0.65, 0.75, 0.7, 0.6, 0.7, 0.6, 0.75, 0.75, 0.75]",9,0.6944444444444444
The medication’s effectiveness at issue for treating the disease.,at issue,qwen/Qwen3-8B,"[0.3, 0.3, 0.3]",3,0.3
The movie is good under debate.,under debate,qwen/Qwen3-8B,"[0.65, 0.75, 0.7, 0.3, 0.3, 0.3, 0.7, 0.75, 0.45, 0.3, 0.3, 0.3, 0.3, 0.8, 0.6, 0.7, 0.2, 0.6, 0.2, 0.3, 0.15, 0.45, 0.45, 0.45, 0.3, 0.3, 0.3, 0.45, 0.3, 0.7, 0.4, 0.7, 0.3, 0.65, 0.85, 0.65, 0.75, 0.6, 0.15, 0.3, 0.4, 0.2, 0.3, 0.3, 0.2, 0.3, 0.25, 0.4]",48,0.43854166666666666
"The movie is good, under debate.",under debate,qwen/Qwen3-8B,"[0.75, 0.4, 0.7, 0.4, 0.4, 0.5]",6,0.525
The movie is under debate.,under debate,qwen/Qwen3-8B,"[0.7, 0.7, 0.3]",3,0.5666666666666667
The movie's quality is under debate.,under debate,qwen/Qwen3-8B,"[0.3, 0.3, 0.3]",3,0.3
The new policy improves the economy in question.,in question,qwen/Qwen3-8B,"[0.85, 0.85, 0.85, 0.85, 0.85, 0.85, 0.85, 0.85, 0.85, 0.85, 0.85, 0.85, 0.85, 0.85, 0.85, 0.75, 0.85, 0.85, 0.85, 0.85, 0.85, 0.85, 0.75, 0.75, 0.85, 0.85, 0.85]",27,0.8388888888888888
The new policy improving the economy is in question.,in question,qwen/Qwen3-8B,"[0.6, 0.3, 0.45]",3,0.45
The new policy is in question.,in question,qwen/Qwen3-8B,"[0.3, 0.3, 0.3, 0.3, 0.2, 0.6]",6,0.3333333333333333
The new policy in question improves the economy.,in question,qwen/Qwen3-8B,"[0.85, 0.85, 0.85, 0.85, 0.85, 0.85, 0.85, 0.85, 0.85]",9,0.85
The new policy is in question as improving the economy.,in question,qwen/Qwen3-8B,"[0.35, 0.3, 0.45]",3,0.3666666666666667
"The new policy improves the economy, in question.",in question,qwen/Qwen3-8B,"[0.35, 0.25, 0.15]",3,0.25
The new policy is in question regarding its impact on the economy.,in question,qwen/Qwen3-8B,"[0.45, 0.75, 0.6]",3,0.6
The new policy is in question about its impact on the economy.,in question,qwen/Qwen3-8B,"[0.4, 0.3, 0.3]",3,0.3333333333333333
The new policy (in question) improves the economy.,in question,qwen/Qwen3-8B,"[0.85, 0.75, 0.75]",3,0.7833333333333333
The new policy is far from settled in terms of its impact on the economy.,far from settled,qwen/Qwen3-8B,"[0.6, 0.45, 0.6]",3,0.5499999999999999
"Far from settled, the new policy improves the economy.",far from settled,qwen/Qwen3-8B,"[0.65, 0.7, 0.65, 0.6, 0.75, 0.6, 0.6, 0.6, 0.75, 0.45, 0.65, 0.65]",12,0.6375000000000001
"The new policy improves the economy, a claim that is far from settled.",far from settled,qwen/Qwen3-8B,"[0.6, 0.6, 0.7]",3,0.6333333333333333
"The new policy improves the economy, far from settled.",far from settled,qwen/Qwen3-8B,"[0.75, 0.6, 0.65, 0.6, 0.7, 0.6, 0.75, 0.6, 0.6]",9,0.6499999999999999
The new policy far from settled improves the economy.,far from settled,qwen/Qwen3-8B,"[0.45, 0.85, 0.2]",3,0.5
The new policy improves the economy far from settled.,far from settled,qwen/Qwen3-8B,"[0.3, 0.75, 0.75, 0.85, 0.3, 0.6, 0.65, 0.65, 0.45, 0.4, 0.85, 0.45]",12,0.5833333333333334
The new policy is far from settled.,far from settled,qwen/Qwen3-8B,"[0.2, 0.3, 0.7]",3,0.39999999999999997
The new policy is far from settled that it improves the economy.,far from settled,qwen/Qwen3-8B,"[0.7, 0.45, 0.6]",3,0.5833333333333334
The new policy is far from settled in how it improves the economy.,far from settled,qwen/Qwen3-8B,"[0.3, 0.45, 0.6]",3,0.45
The new policy is far from settled in improving the economy.,far from settled,qwen/Qwen3-8B,"[0.3, 0.7, 0.75]",3,0.5833333333333334
The new policy is far from settled on its impact on the economy.,far from settled,qwen/Qwen3-8B,"[0.6, 0.6, 0.4]",3,0.5333333333333333
The new policy’s impact on the economy is far from settled.,far from settled,qwen/Qwen3-8B,"[0.7, 0.65, 0.6]",3,0.65
The movie is good by no means certain.,by no means certain,qwen/Qwen3-8B,"[0.5, 0.5, 0.3, 0.25, 0.2, 0.85, 0.6, 0.5, 0.3]",9,0.4444444444444444
"The movie is good, by no means certain.",by no means certain,qwen/Qwen3-8B,"[0.5, 0.6, 0.4, 0.6, 0.4, 0.6, 0.3, 0.5, 0.4, 0.3, 0.6, 0.3, 0.85, 0.3, 0.5, 0.1, 0.3, 0.6, 0.5, 0.3, 0.4, 0.1, 0.25, 0.85, 0.15, 0.4, 0.4, 0.5, 0.3, 0.1, 0.4, 0.3, 0.3]",33,0.40606060606060607
"By no means certain, the movie is good.",by no means certain,qwen/Qwen3-8B,"[0.25, 0.9, 0.5, 0.1, 0.85, 0.4, 0.2, 0.75, 0.5, 0.3, 0.1, 0.85, 0.2, 0.4, 0.7, 0.3, 0.85, 0.4]",18,0.47500000000000003
The neighbor is roughly home.,roughly,qwen/Qwen3-8B,"[0.75, 0.75, 0.75, 0.5, 0.85, 0.6, 0.75, 0.6, 0.65, 0.6, 0.85, 0.85, 0.7, 0.75, 0.6, 0.3, 0.7, 0.3, 0.85, 0.75, 0.6, 0.7, 0.85, 0.5, 0.3, 0.7, 0.7, 0.75, 0.6, 0.7, 0.5, 0.7, 0.5, 0.75, 0.6, 0.6, 0.75, 0.6, 0.85]",39,0.658974358974359
The neighbor is roughly at home.,roughly,qwen/Qwen3-8B,"[0.4, 0.75, 0.7, 0.7, 0.5, 0.7, 0.6, 0.85, 0.6, 0.7, 0.7, 0.65, 0.7, 0.75, 0.25]",15,0.6366666666666666
The neighbor is home roughly.,roughly,qwen/Qwen3-8B,"[0.6, 0.85, 0.3]",3,0.5833333333333334
"Roughly, the neighbor is home.",roughly,qwen/Qwen3-8B,"[0.85, 0.3, 0.6]",3,0.5833333333333334
The restaurant serves approximately delicious food.,approximately,qwen/Qwen3-8B,"[0.7, 0.6, 0.3, 0.65, 0.5, 0.35, 0.3, 0.3, 0.2, 0.75, 0.3, 0.3, 0.6, 0.3, 0.5, 0.3, 0.3, 0.3, 0.3, 0.7, 0.3, 0.2, 0.3, 0.7, 0.7, 0.4, 0.6, 0.7, 0.7, 0.7, 0.3, 0.65, 0.3, 0.6, 0.3, 0.3, 0.3, 0.7, 0.15]",39,0.4474358974358974
The restaurant serves food that is approximately delicious.,approximately,qwen/Qwen3-8B,"[0.3, 0.3, 0.1, 0.7, 0.1, 0.85, 0.15, 0.5, 0.1, 0.5, 0.1, 0.3]",12,0.3333333333333333
The restaurant's food is approximately delicious.,approximately,qwen/Qwen3-8B,"[0.3, 0.3, 0.4]",3,0.3333333333333333
The restaurant serves food approximately described as delicious.,approximately,qwen/Qwen3-8B,"[0.3, 0.3, 0.3]",3,0.3
Approximately the restaurant serves delicious food.,approximately,qwen/Qwen3-8B,"[0.3, 0.85, 0.2]",3,0.45
The city is about the oldest in the country.,about,qwen/Qwen3-8B,"[0.85, 0.85, 0.85, 0.85, 0.75, 0.85, 0.75, 0.75, 0.6, 0.85, 0.6, 0.85, 0.75, 0.75, 0.85, 0.85, 0.85, 0.85, 0.5, 0.7, 0.75, 0.75, 0.85, 0.85, 0.85, 0.75, 0.85, 0.75, 0.65, 0.85, 0.7, 0.85, 0.85, 0.85, 0.85, 0.75, 0.85, 0.85, 0.85, 0.6, 0.85, 0.8, 0.85, 0.75, 0.75, 0.85, 0.35, 0.85, 0.85, 0.85, 0.5, 0.85, 0.75, 0.85, 0.7, 0.85, 0.85, 0.85, 0.85, 0.75]",60,0.7825
The city is around the oldest in the country.,around,qwen/Qwen3-8B,"[0.85, 0.7, 0.85, 0.75, 0.65, 0.85, 0.85, 0.75, 0.75, 0.85, 0.85, 0.7, 0.6, 0.7, 0.6, 0.75, 0.7, 0.75, 0.75, 0.85, 0.7, 0.85, 0.85, 0.85, 0.85, 0.85, 0.75, 0.85, 0.85, 0.5, 0.9, 0.75, 0.7, 0.75, 0.85, 0.65, 0.6, 0.85, 0.75, 0.85, 0.75, 0.85, 0.85, 0.85, 0.85, 0.75, 0.65, 0.85, 0.75, 0.75, 0.75, 0.85, 0.75, 0.85, 0.75, 0.4, 0.75, 0.75, 0.7, 0.7]",60,0.7633333333333333
The neighbor is more or less at home.,more or less,qwen/Qwen3-8B,"[0.5, 0.6, 0.6]",3,0.5666666666666667
The neighbor is more or less home.,more or less,qwen/Qwen3-8B,"[0.7, 0.6, 0.6, 0.6, 0.65, 0.6, 0.4, 0.7, 0.3, 0.3, 0.6, 0.6, 0.7, 0.5, 0.6, 0.6, 0.7, 0.6, 0.5, 0.4, 0.6, 0.4, 0.3, 0.5, 0.5, 0.4, 0.7, 0.6, 0.6, 0.4, 0.6, 0.4, 0.6, 0.7, 0.4, 0.6, 0.3, 0.6, 0.6, 0.5, 0.6, 0.7, 0.5, 0.5, 0.6, 0.4, 0.6, 0.4]",48,0.5385416666666666
"The neighbor is home, more or less.",more or less,qwen/Qwen3-8B,"[0.6, 0.4, 0.6, 0.6, 0.6, 0.6]",6,0.5666666666666667
more or less the neighbor is home.,more or less,qwen/Qwen3-8B,"[0.6, 0.6, 0.4]",3,0.5333333333333333
"It rains tomorrow, give or take.",give or take,qwen/Qwen3-8B,"[0.5, 0.6, 0.6, 0.4, 0.6, 0.6, 0.7, 0.85, 0.6, 0.7, 0.7, 0.7, 0.6, 0.4, 0.3, 0.6, 0.7, 0.6, 0.6, 0.6, 0.5, 0.6, 0.6, 0.7, 0.6, 0.4, 0.4, 0.6, 0.6, 0.6, 0.6, 0.4, 0.6, 0.85, 0.85, 0.6, 0.6, 0.6, 0.7, 0.6, 0.7, 0.6, 0.4, 0.6, 0.3, 0.5, 0.5, 0.6]",48,0.5864583333333333
It rains give or take tomorrow.,give or take,qwen/Qwen3-8B,"[0.7, 0.7, 0.6]",3,0.6666666666666666
It rains tomorrow give or take.,give or take,qwen/Qwen3-8B,"[0.7, 0.6, 0.6]",3,0.6333333333333333
"It may rain tomorrow, give or take.",give or take,qwen/Qwen3-8B,"[0.6, 0.5, 0.5]",3,0.5333333333333333
"It will rain tomorrow, give or take.",give or take,qwen/Qwen3-8B,"[0.5, 0.6, 0.7]",3,0.6
The neighbor is in the ballpark of home.,in the ballpark of,qwen/Qwen3-8B,"[0.5, 0.3, 0.3, 0.6, 0.7, 0.85, 0.65, 0.3, 0.75]",9,0.55
The neighbor is home in the ballpark of.,in the ballpark of,qwen/Qwen3-8B,"[0.75, 0.7, 0.7, 0.7, 0.7, 0.3, 0.6, 0.6, 0.85, 0.7, 0.3, 0.3]",12,0.6
"The neighbor is home, in the ballpark of.",in the ballpark of,qwen/Qwen3-8B,"[0.5, 0.5, 0.3, 0.3, 0.5, 0.6, 0.5, 0.5, 0.6, 0.6, 0.5, 0.7, 0.6, 0.6, 0.5, 0.6, 0.4, 0.6, 0.3, 0.6, 0.4, 0.5, 0.3, 0.3, 0.75, 0.6, 0.7, 0.3, 0.7, 0.6]",30,0.515
The neighbor is home in the ballpark of a few minutes.,in the ballpark of,qwen/Qwen3-8B,"[0.75, 0.75, 0.65]",3,0.7166666666666667
"The neighbor is home, in the ballpark of certainty.",in the ballpark of,qwen/Qwen3-8B,"[0.75, 0.75, 0.7]",3,0.7333333333333334
The neighbor is in the ballpark of being home.,in the ballpark of,qwen/Qwen3-8B,"[0.3, 0.6, 0.75]",3,0.5499999999999999
The neighbor is somewhere around home.,somewhere around,qwen/Qwen3-8B,"[0.6, 0.35, 0.3, 0.6, 0.2, 0.3, 0.75, 0.3, 0.3, 0.2, 0.3, 0.3, 0.3, 0.3, 0.6, 0.3, 0.3, 0.3, 0.5, 0.3, 0.3, 0.5, 0.3, 0.7, 0.85, 0.3, 0.3, 0.6, 0.3, 0.7, 0.3, 0.6, 0.3, 0.6, 0.3, 0.7, 0.3, 0.6, 0.3, 0.3, 0.3, 0.3, 0.65, 0.2, 0.5, 0.7, 0.5, 0.3, 0.3, 0.3, 0.7, 0.4, 0.3, 0.5, 0.3, 0.3, 0.3]",57,0.4105263157894737
The neighbor is home somewhere around.,somewhere around,qwen/Qwen3-8B,"[0.5, 0.3, 0.3]",3,0.3666666666666667
"The restaurant serves delicious food, or so.",or so,qwen/Qwen3-8B,"[0.1, 0.6, 0.6, 0.3, 0.6, 0.6, 0.6, 0.6, 0.6, 0.7, 0.6, 0.4, 0.7, 0.5, 0.6, 0.3, 0.6, 0.6]",18,0.5333333333333333
The restaurant serves delicious food or so.,or so,qwen/Qwen3-8B,"[0.3, 0.1, 0.3, 0.2, 0.3, 0.3, 0.3, 0.3, 0.3, 0.3, 0.3, 0.4, 0.3, 0.3, 0.6, 0.3, 0.6, 0.3, 0.3, 0.3, 0.3, 0.6, 0.3, 0.6, 0.3, 0.35, 0.3, 0.3, 0.6, 0.3, 0.6, 0.3, 0.6, 0.3, 0.3, 0.2, 0.3, 0.4, 0.3, 0.7, 0.3, 0.4]",42,0.3583333333333333
In the region of rain tomorrow.,in the region of,qwen/Qwen3-8B,"[0.1, 0.1]",2,0.1
It rains in the region of tomorrow.,in the region of,qwen/Qwen3-8B,"[0.75, 0.7, 0.85, 0.85, 0.75, 0.7, 0.7, 0.85, 0.85, 0.8, 0.75, 0.75, 0.85, 0.85, 0.7, 0.85, 0.75, 0.85, 0.7, 0.75, 0.75, 0.75, 0.75, 0.75]",24,0.775
It rains in the region of 70%.,in the region of,qwen/Qwen3-8B,"[0.7, 0.4, 0.75]",3,0.6166666666666667
It will rain in the region of tomorrow.,in the region of,qwen/Qwen3-8B,"[0.85, 0.85, 0.75]",3,0.8166666666666668
In the region of rains tomorrow.,in the region of,qwen/Qwen3-8B,"[0.1, 0.1, 0.1]",3,0.10000000000000002
"In the region of tomorrow, it rains.",in the region of,qwen/Qwen3-8B,"[0.5, 0.3, 0.3, 0.1, 0.2, 0.3]",6,0.2833333333333333
In the region of rain is expected tomorrow.,in the region of,qwen/Qwen3-8B,"[0.3, 0.7, 0.3]",3,0.4333333333333333
It rains in the region of the next day.,in the region of,qwen/Qwen3-8B,"[0.75, 0.75, 0.85]",3,0.7833333333333333
The rainfall will be in the region of 5 mm.,in the region of,qwen/Qwen3-8B,"[0.7, 0.6, 0.6]",3,0.6333333333333333
In the region of rain it rains tomorrow.,in the region of,qwen/Qwen3-8B,"[0.7, 0.85, 0.75]",3,0.7666666666666666
In the region of tomorrow it rains.,in the region of,qwen/Qwen3-8B,"[0.3, 0.2, 0.3]",3,0.26666666666666666
The restaurant serves food of the order of deliciousness.,of the order of,qwen/Qwen3-8B,"[0.3, 0.3, 0.4, 0.3, 0.3, 0.3, 0.3, 0.3, 0.3, 0.3, 0.7, 0.3, 0.3, 0.35, 0.6, 0.4, 0.3, 0.3, 0.3, 0.3, 0.3, 0.2, 0.3, 0.3, 0.3, 0.3, 0.3, 0.3, 0.3, 0.3, 0.3, 0.3, 0.35]",33,0.3272727272727272
"The restaurant serves food that is delicious, of the order of.",of the order of,qwen/Qwen3-8B,"[0.7, 0.4, 0.5]",3,0.5333333333333333
The restaurant serves food of the order of delicious.,of the order of,qwen/Qwen3-8B,"[0.3, 0.2, 0.75, 0.85, 0.2, 0.3, 0.15, 0.3, 0.7, 0.3, 0.5, 0.3, 0.3, 0.45, 0.1]",15,0.38
The restaurant's food quality is of the order of delicious.,of the order of,qwen/Qwen3-8B,"[0.75, 0.75, 0.65]",3,0.7166666666666667
The restaurant's average wait time is of the order of fifteen minutes.,of the order of,qwen/Qwen3-8B,"[0.65, 0.85, 0.85]",3,0.7833333333333333
The restaurant offers food of the order of deliciousness.,of the order of,qwen/Qwen3-8B,"[0.3, 0.3, 0.3]",3,0.3
"In the vicinity of the market, the new product is successful.",in the vicinity of,qwen/Qwen3-8B,"[0.75, 0.75, 0.75]",3,0.75
The new product is successful in the vicinity of the market.,in the vicinity of,qwen/Qwen3-8B,"[0.75, 0.75, 0.65, 0.75, 0.75, 0.65, 0.5, 0.75, 0.75, 0.75, 0.65, 0.75, 0.7, 0.6, 0.6, 0.75, 0.75, 0.75, 0.75, 0.6, 0.75, 0.65, 0.65, 0.75, 0.7, 0.7, 0.75, 0.65, 0.75, 0.65, 0.7, 0.75, 0.85, 0.75, 0.65, 0.75, 0.75, 0.6, 0.65, 0.75, 0.45, 0.65, 0.75, 0.65, 0.6, 0.7, 0.65, 0.65, 0.6, 0.75, 0.75, 0.75, 0.7, 0.75, 0.75, 0.6, 0.45]",57,0.6903508771929825
"The new policy improves the economy, upwards of 5%.",upwards of,qwen/Qwen3-8B,"[0.75, 0.85, 0.7]",3,0.7666666666666666
The new policy improves the economy upwards of ten percent.,upwards of,qwen/Qwen3-8B,"[0.7, 0.3, 0.35]",3,0.44999999999999996
The new policy improves the economy upwards of 5%.,upwards of,qwen/Qwen3-8B,"[0.7, 0.4, 0.85, 0.75, 0.2, 0.75, 0.75, 0.65, 0.75, 0.85, 0.75, 0.75, 0.85, 0.75, 0.2]",15,0.6633333333333333
The new policy improves the economy upwards of.,upwards of,qwen/Qwen3-8B,"[0.6, 0.1, 0.7, 0.1, 0.1, 0.3, 0.1, 0.5, 0.6]",9,0.34444444444444444
"The new policy improves the economy, upwards of 3%.",upwards of,qwen/Qwen3-8B,"[0.03, 0.75, 0.75]",3,0.51
The new policy improves the economy upwards of 5 percent.,upwards of,qwen/Qwen3-8B,"[0.65, 0.5, 0.2]",3,0.45
The new policy improves the economy upwards of 10%.,upwards of,qwen/Qwen3-8B,"[0.75, 0.7, 0.75]",3,0.7333333333333334
The new policy improves the economy upwards of 2%.,upwards of,qwen/Qwen3-8B,"[0.75, 0.75, 0.75]",3,0.75
The new policy improves the economy upwards of five percent.,upwards of,qwen/Qwen3-8B,"[0.6, 0.5, 0.6]",3,0.5666666666666667
The new policy improves the economy upwards of a modest amount.,upwards of,qwen/Qwen3-8B,"[0.4, 0.7, 0.65]",3,0.5833333333333334
The new policy improves the economy by upwards of 10%.,upwards of,qwen/Qwen3-8B,"[0.85, 0.75, 0.85, 0.75, 0.85, 0.85]",6,0.8166666666666668
Upwards of the new policy improves the economy.,upwards of,qwen/Qwen3-8B,"[0.1, 0.7, 0.1]",3,0.3
The new policy improves the economy upwards of thirty percent.,upwards of,qwen/Qwen3-8B,"[0.6, 0.75, 0.7]",3,0.6833333333333332
The experiment shows a significant effect close to significance.,close to,qwen/Qwen3-8B,"[0.6, 0.75, 0.75, 0.4, 0.6, 0.6]",6,0.6166666666666667
The experiment shows an effect close to significant.,close to,qwen/Qwen3-8B,"[0.7, 0.7, 0.75, 0.6, 0.6, 0.7, 0.7, 0.75, 0.7, 0.6, 0.75, 0.65, 0.6, 0.6, 0.6, 0.75, 0.75, 0.6, 0.6, 0.5, 0.6]",21,0.6571428571428571
The experiment shows a significant effect close to what was anticipated.,close to,qwen/Qwen3-8B,"[0.85, 0.85, 0.75]",3,0.8166666666666668
The experiment shows a significant effect close to the expected level.,close to,qwen/Qwen3-8B,"[0.85, 0.75, 0.75]",3,0.7833333333333333
The experiment shows a significant effect close to what we predicted.,close to,qwen/Qwen3-8B,"[0.85, 0.75, 0.85]",3,0.8166666666666668
The experiment shows a significant effect close to the expected magnitude.,close to,qwen/Qwen3-8B,"[0.85, 0.75, 0.75, 0.85, 0.85, 0.75]",6,0.7999999999999999
The experiment shows a significant effect close to the 0.05 threshold.,close to,qwen/Qwen3-8B,"[0.85, 0.75, 0.75]",3,0.7833333333333333
The experiment shows a close to significant effect.,close to,qwen/Qwen3-8B,"[0.6, 0.75, 0.75]",3,0.7000000000000001
The experiment shows a significant effect close to 0.05.,close to,qwen/Qwen3-8B,"[0.85, 0.85, 0.85]",3,0.85
The experiment shows a significant effect close to a large effect.,close to,qwen/Qwen3-8B,"[0.75, 0.65, 0.75]",3,0.7166666666666667
The experiment shows an effect that is close to significant.,close to,qwen/Qwen3-8B,"[0.6, 0.6, 0.6]",3,0.6
The experiment shows the effect is close to significant.,close to,qwen/Qwen3-8B,"[0.4, 0.75, 0.75]",3,0.6333333333333333
The report is nearly not accurate.,nearly,qwen/Qwen3-8B,"[0.45, 0.7, 0.7, 0.4, 0.2, 0.2]",6,0.44166666666666665
The report is nearly accurate.,nearly,qwen/Qwen3-8B,"[0.7, 0.75, 0.6, 0.7, 0.85, 0.85]",6,0.7416666666666667
Nearly the report is not accurate.,nearly,qwen/Qwen3-8B,"[0.2, 0.3, 0.6, 0.65, 0.65, 0.7]",6,0.5166666666666667
The report is nearly inaccurate.,nearly,qwen/Qwen3-8B,"[0.85, 0.85, 0.7, 0.75, 0.6, 0.2, 0.7, 0.2, 0.75, 0.7, 0.85, 0.3, 0.75, 0.75, 0.75, 0.3, 0.85, 0.85, 0.75, 0.6, 0.4, 0.75, 0.5, 0.7, 0.7, 0.2, 0.75, 0.9, 0.75, 0.5, 0.65, 0.65, 0.75, 0.7, 0.7, 0.6]",36,0.6458333333333334
The report is not nearly accurate.,nearly,qwen/Qwen3-8B,"[0.85, 0.6, 0.85, 0.85, 0.85, 0.85]",6,0.8083333333333332
The neighbor is almost home.,almost,qwen/Qwen3-8B,"[0.85, 0.85, 0.9, 0.75, 0.85, 0.85, 0.85, 0.75, 0.7, 0.6, 0.75, 0.75, 0.6, 0.85, 0.75, 0.85, 0.75, 0.75, 0.75, 0.85, 0.7, 0.65, 0.85, 0.85, 0.85, 0.75, 0.85, 0.85, 0.85, 0.85, 0.65, 0.75, 0.75, 0.75, 0.85, 0.75, 0.75, 0.65, 0.85, 0.75, 0.75, 0.75, 0.75, 0.85, 0.85, 0.75, 0.75, 0.85, 0.85, 0.65, 0.85, 0.85, 0.85, 0.75, 0.85, 0.85, 0.85, 0.85, 0.85, 0.75]",60,0.7875
The new policy practically improves the economy.,practically,qwen/Qwen3-8B,"[0.65, 0.75, 0.75, 0.85, 0.85, 0.75, 0.85, 0.75, 0.85, 0.75, 0.85, 0.85, 0.75, 0.75, 0.75, 0.75, 0.85, 0.85, 0.85, 0.85, 0.75, 0.85, 0.85, 0.9, 0.85, 0.85, 0.75, 0.75, 0.85, 0.75, 0.7, 0.85, 0.65, 0.65, 0.85, 0.85, 0.75, 0.9, 0.75, 0.75, 0.75, 0.75, 0.7, 0.85, 0.75, 0.75, 0.75, 0.75, 0.85, 0.85, 0.85, 0.75, 0.75, 0.85, 0.85, 0.75, 0.75, 0.85, 0.85, 0.85]",60,0.7933333333333333
The experiment effectively shows a significant effect.,effectively,qwen/Qwen3-8B,"[0.85, 0.85, 0.85, 0.85, 0.85, 0.85, 0.85, 0.85, 0.85, 0.9, 0.85, 0.85, 0.85, 0.85, 0.85, 0.85, 0.9, 0.85, 0.85, 0.85, 0.85, 0.85, 0.9, 0.85, 0.85, 0.85, 0.9, 0.85, 0.85, 0.85, 0.85, 0.85, 0.85, 0.9, 0.85, 0.85, 0.85, 0.85, 0.85, 0.85, 0.85, 0.85]",42,0.855952380952381
The experiment effectively demonstrates a significant effect.,effectively,qwen/Qwen3-8B,"[0.95, 0.85, 0.9, 0.85, 0.95, 0.9]",6,0.9
The experiment shows a significant effect effectively.,effectively,qwen/Qwen3-8B,"[0.85, 0.85, 0.85, 0.85, 0.85, 0.85]",6,0.85
"Effectively, the experiment shows a significant effect.",effectively,qwen/Qwen3-8B,"[0.85, 0.85, 0.85]",3,0.85
The experiment shows effectively a significant effect.,effectively,qwen/Qwen3-8B,"[0.85, 0.85, 0.85]",3,0.85
Essentially the medication is effective in treating the disease.,essentially,qwen/Qwen3-8B,"[0.85, 0.85, 0.85, 0.85, 0.85, 0.85, 0.85, 0.85, 0.85]",9,0.85
The medication is essentially effective in treating the disease.,essentially,qwen/Qwen3-8B,"[0.75, 0.6, 0.85, 0.85, 0.7, 0.85, 0.75, 0.85, 0.85, 0.85, 0.85, 0.85, 0.85, 0.85, 0.75, 0.75, 0.85, 0.75, 0.85, 0.75, 0.85, 0.85, 0.85, 0.65, 0.85, 0.75, 0.75, 0.85, 0.85, 0.85, 0.85, 0.85, 0.85, 0.85, 0.85, 0.85]",36,0.8111111111111111
"Essentially, the medication is effective in treating the disease.",essentially,qwen/Qwen3-8B,"[0.85, 0.85, 0.75, 0.85, 0.85, 0.85, 0.85, 0.85, 0.85, 0.85, 0.85, 0.85, 0.95, 0.85, 0.85]",15,0.85
Broadly the report is not accurate.,broadly,qwen/Qwen3-8B,"[0.85, 0.85, 0.85]",3,0.85
"Broadly, the report is not accurate.",broadly,qwen/Qwen3-8B,"[0.75, 0.85, 0.85, 0.85, 0.85, 0.9, 0.85, 0.85, 0.75, 0.65, 0.85, 0.75, 0.85, 0.85, 0.85, 0.75, 0.85, 0.85, 0.75, 0.85, 0.85, 0.85, 0.85, 0.85, 0.85, 0.7, 0.85, 0.85, 0.85, 0.85, 0.85, 0.85, 0.85, 0.85, 0.85, 0.85]",36,0.8277777777777778
The report is not broadly accurate.,broadly,qwen/Qwen3-8B,"[0.85, 0.85, 0.7]",3,0.7999999999999999
The report is broadly not accurate.,broadly,qwen/Qwen3-8B,"[0.85, 0.7, 0.85, 0.85, 0.85, 0.85, 0.85, 0.85, 0.85]",9,0.8333333333333334
"Broadly, the test results are inconclusive.",broadly,qwen/Qwen3-8B,"[0.4, 0.6, 0.7]",3,0.5666666666666667
The report is broadly inaccurate.,broadly,qwen/Qwen3-8B,"[0.85, 0.85, 0.85, 0.9, 0.85, 0.85]",6,0.8583333333333334
The experiment shows a loosely significant effect.,loosely,qwen/Qwen3-8B,"[0.5, 0.7, 0.25, 0.7, 0.6, 0.6, 0.6, 0.7, 0.7, 0.3, 0.6, 0.4, 0.7, 0.3, 0.2]",15,0.5233333333333333
The experiment shows the effect loosely.,loosely,qwen/Qwen3-8B,"[0.3, 0.3, 0.1]",3,0.2333333333333333
"Loosely, the experiment shows a significant effect.",loosely,qwen/Qwen3-8B,"[0.5, 0.5, 0.4, 0.6, 0.4, 0.3, 0.5, 0.7, 0.7]",9,0.5111111111111111
"The experiment shows a significant effect, loosely.",loosely,qwen/Qwen3-8B,"[0.6, 0.6, 0.45]",3,0.5499999999999999
The experiment loosely shows a significant effect.,loosely,qwen/Qwen3-8B,"[0.4, 0.4, 0.4, 0.3, 0.4, 0.3, 0.6, 0.6, 0.6, 0.3, 0.6, 0.2, 0.3, 0.4, 0.6, 0.6, 0.3, 0.6, 0.85, 0.3, 0.4, 0.6, 0.3, 0.6]",24,0.45625
The experiment shows a significant effect loosely.,loosely,qwen/Qwen3-8B,"[0.4, 0.85, 0.65, 0.3, 0.65, 0.6]",6,0.5750000000000001
The experiment shows a sort of significant effect.,sort of,qwen/Qwen3-8B,"[0.3, 0.6, 0.4, 0.4, 0.6, 0.6, 0.25, 0.5, 0.4, 0.6, 0.3, 0.3, 0.4, 0.15, 0.3]",15,0.4066666666666666
The experiment shows a significant effect sort of.,sort of,qwen/Qwen3-8B,"[0.6, 0.2, 0.6, 0.4, 0.65, 0.6, 0.15, 0.65, 0.6, 0.6, 0.6, 0.6]",12,0.5208333333333334
The experiment sort of shows a significant effect.,sort of,qwen/Qwen3-8B,"[0.6, 0.6, 0.3, 0.6, 0.6, 0.4, 0.3, 0.6, 0.6, 0.3, 0.3, 0.4, 0.3, 0.3, 0.3, 0.3, 0.6, 0.5, 0.6, 0.3, 0.4, 0.3, 0.3, 0.6, 0.5, 0.6, 0.6, 0.6, 0.6, 0.6]",30,0.4633333333333333
"The experiment shows a significant effect, sort of.",sort of,qwen/Qwen3-8B,"[0.6, 0.4, 0.3]",3,0.43333333333333335
The movie is kind of good.,kind of,qwen/Qwen3-8B,"[0.7, 0.5, 0.3, 0.3, 0.6, 0.55, 0.6, 0.5, 0.4, 0.7, 0.65, 0.15, 0.3, 0.3, 0.3, 0.3, 0.3, 0.6, 0.2, 0.6, 0.5, 0.3, 0.5, 0.3, 0.6, 0.3, 0.6, 0.3, 0.3, 0.35, 0.3, 0.65, 0.6, 0.6, 0.3, 0.3, 0.7, 0.4, 0.6, 0.6, 0.6, 0.6, 0.3, 0.75, 0.3, 0.6, 0.3, 0.6, 0.6, 0.3, 0.6, 0.5, 0.3, 0.4, 0.5, 0.7, 0.6, 0.6, 0.6, 0.3]",60,0.4666666666666667
The report is somewhat not accurate.,somewhat,qwen/Qwen3-8B,"[0.5, 0.3, 0.4, 0.6, 0.3, 0.3, 0.4, 0.4, 0.4]",9,0.4
The report is somewhat inaccurate.,somewhat,qwen/Qwen3-8B,"[0.75, 0.3, 0.7, 0.4, 0.3, 0.3, 0.3, 0.4, 0.6, 0.7, 0.3, 0.3, 0.6, 0.5, 0.4, 0.4, 0.4, 0.3, 0.4, 0.3, 0.7, 0.4, 0.3, 0.4, 0.6, 0.4, 0.4, 0.3, 0.3, 0.3, 0.4, 0.6, 0.4, 0.6, 0.5, 0.75, 0.7, 0.4, 0.6, 0.7, 0.3, 0.6, 0.4, 0.3, 0.6, 0.4, 0.3, 0.3, 0.4, 0.6, 0.3]",51,0.4490196078431372
The experiment shows a rather significant effect.,rather,qwen/Qwen3-8B,"[0.75, 0.7, 0.85, 0.75, 0.85, 0.85, 0.85, 0.65, 0.75, 0.65, 0.85, 0.85, 0.75, 0.85, 0.75, 0.75, 0.85, 0.85, 0.85, 0.85, 0.75]",21,0.7904761904761906
"The experiment shows a significant effect, rather.",rather,qwen/Qwen3-8B,"[0.85, 0.85, 0.75, 0.75, 0.85, 0.85, 0.75, 0.85, 0.85, 0.75, 0.85, 0.85, 0.75, 0.75, 0.65, 0.85, 0.85, 0.75]",18,0.8
The experiment shows rather significant effect.,rather,qwen/Qwen3-8B,"[0.85, 0.85, 0.85, 0.85, 0.85, 0.85]",6,0.85
The experiment shows a significant effect rather.,rather,qwen/Qwen3-8B,"[0.85, 0.85, 0.65, 0.75, 0.6, 0.7]",6,0.7333333333333334
The experiment shows rather a significant effect.,rather,qwen/Qwen3-8B,"[0.85, 0.85, 0.85, 0.85, 0.85, 0.85, 0.85, 0.85, 0.85]",9,0.85
The book is fairly informative.,fairly,qwen/Qwen3-8B,"[0.75, 0.75, 0.75, 0.6, 0.85, 0.7, 0.75, 0.75, 0.85, 0.75, 0.65, 0.75, 0.85, 0.75, 0.85, 0.75, 0.85, 0.75, 0.85, 0.85, 0.75, 0.85, 0.85, 0.75, 0.85, 0.85, 0.65, 0.5, 0.65, 0.85, 0.75, 0.7, 0.85, 0.85, 0.85, 0.85, 0.85, 0.75, 0.85, 0.85, 0.75, 0.65, 0.75, 0.75, 0.65, 0.85, 0.85, 0.85, 0.75, 0.85, 0.75, 0.85, 0.85, 0.75, 0.7, 0.75, 0.75]",57,0.7754385964912281
Fairly informative.,fairly,qwen/Qwen3-8B,"[0.5, 0.7, 0.4]",3,0.5333333333333333
The new policy quite improves the economy.,quite,qwen/Qwen3-8B,"[0.3, 0.7, 0.85, 0.65, 0.75, 0.65, 0.85, 0.65, 0.65, 0.65, 0.75, 0.75, 0.75, 0.75, 0.75, 0.85, 0.45, 0.75, 0.85, 0.5, 0.75, 0.85, 0.7, 0.85, 0.65, 0.85, 0.7, 0.7, 0.5, 0.75, 0.75, 0.75, 0.75, 0.65, 0.75, 0.85, 0.85, 0.65, 0.85, 0.65, 0.75, 0.7, 0.75, 0.85, 0.85, 0.6, 0.85, 0.85, 0.85, 0.65, 0.75]",51,0.7274509803921569
The new policy is quite improving the economy.,quite,qwen/Qwen3-8B,"[0.45, 0.4, 0.75]",3,0.5333333333333333
The new policy is quite good for the economy.,quite,qwen/Qwen3-8B,"[0.85, 0.75, 0.75, 0.75, 0.75, 0.75]",6,0.7666666666666666
The report is not accurate to some extent.,to some extent,qwen/Qwen3-8B,"[0.4, 0.3, 0.3, 0.4, 0.3, 0.5, 0.25, 0.5, 0.4, 0.2, 0.5, 0.3, 0.7, 0.3, 0.6, 0.4, 0.4, 0.6, 0.4, 0.3, 0.3, 0.5, 0.3, 0.5, 0.6, 0.25, 0.3, 0.5, 0.6, 0.3, 0.4, 0.4, 0.4, 0.3, 0.7, 0.6, 0.3, 0.4, 0.3, 0.3, 0.3, 0.3, 0.6, 0.6, 0.3, 0.6, 0.3, 0.4, 0.3, 0.3, 0.3, 0.3, 0.2, 0.3]",54,0.39629629629629626
"To some extent, the report is not accurate.",to some extent,qwen/Qwen3-8B,"[0.4, 0.6, 0.3]",3,0.43333333333333335
"The report is not accurate, to some extent.",to some extent,qwen/Qwen3-8B,"[0.6, 0.6, 0.6]",3,0.6
The report is not accurate to a certain degree.,to a certain degree,qwen/Qwen3-8B,"[0.4, 0.6, 0.4, 0.5, 0.4, 0.3, 0.4, 0.5, 0.4, 0.6, 0.4, 0.6, 0.2, 0.6, 0.25, 0.3, 0.6, 0.6, 0.4, 0.4, 0.6, 0.6, 0.3, 0.3, 0.4, 0.4, 0.6, 0.4, 0.3, 0.2, 0.6, 0.3, 0.2, 0.4, 0.4, 0.3, 0.6, 0.3, 0.4, 0.3, 0.6, 0.4, 0.25, 0.6, 0.4, 0.6, 0.5, 0.6, 0.6, 0.6, 0.6, 0.3, 0.4, 0.4]",54,0.43703703703703706
"The report is, to a certain degree, not accurate.",to a certain degree,qwen/Qwen3-8B,"[0.3, 0.3, 0.3]",3,0.3
The report is to a certain degree not accurate.,to a certain degree,qwen/Qwen3-8B,"[0.4, 0.6, 0.6]",3,0.5333333333333333
"The neighbor is home, in a way.",in a way,qwen/Qwen3-8B,"[0.3, 0.3, 0.3, 0.4, 0.3, 0.3, 0.3, 0.4, 0.2, 0.3, 0.4, 0.6, 0.3, 0.3, 0.2, 0.6, 0.4, 0.6, 0.4, 0.25, 0.3, 0.3, 0.3, 0.75, 0.6, 0.6, 0.3, 0.5, 0.4, 0.3, 0.3, 0.6, 0.45]",33,0.3893939393939394
"In a way, the neighbor is home.",in a way,qwen/Qwen3-8B,"[0.2, 0.7, 0.5]",3,0.4666666666666666
The neighbor is home in a way.,in a way,qwen/Qwen3-8B,"[0.25, 0.5, 0.3, 0.3, 0.3, 0.3, 0.5, 0.3, 0.35, 0.7, 0.3, 0.25, 0.7, 0.3, 0.6, 0.3, 0.3, 0.3, 0.3, 0.3, 0.3]",21,0.36904761904761907
"The neighbor is, in a way, home.",in a way,qwen/Qwen3-8B,"[0.3, 0.35, 0.3]",3,0.31666666666666665
The book is informative in some ways.,in some ways,qwen/Qwen3-8B,"[0.3, 0.3, 0.3, 0.3, 0.25, 0.3, 0.2, 0.3, 0.3, 0.3, 0.2, 0.5, 0.3, 0.3, 0.2, 0.3, 0.3, 0.7, 0.3, 0.6, 0.3, 0.3, 0.3, 0.3, 0.3, 0.3, 0.6, 0.3, 0.3, 0.3, 0.2, 0.4, 0.3, 0.3, 0.4, 0.3, 0.4, 0.3, 0.3, 0.65, 0.3, 0.3, 0.4, 0.45, 0.5, 0.3, 0.3, 0.2, 0.3, 0.3, 0.3]",51,0.3343137254901961
"In some ways, the book is informative.",in some ways,qwen/Qwen3-8B,"[0.3, 0.3, 0.3, 0.3, 0.3, 0.3]",6,0.3
"The book is informative, in some ways.",in some ways,qwen/Qwen3-8B,"[0.4, 0.3, 0.3]",3,0.3333333333333333
The book is largely informative.,largely,qwen/Qwen3-8B,"[0.85, 0.85, 0.85, 0.85, 0.85, 0.85, 0.85, 0.85, 0.85, 0.85, 0.85, 0.85, 0.85, 0.85, 0.75, 0.65, 0.85, 0.85, 0.85, 0.85, 0.85, 0.85, 0.85, 0.85, 0.85, 0.85, 0.85, 0.85, 0.85, 0.85, 0.85, 0.85, 0.85, 0.85, 0.85, 0.85, 0.9, 0.85, 0.85, 0.85, 0.85, 0.85, 0.85, 0.85, 0.85, 0.85, 0.85, 0.85, 0.75, 0.85, 0.85, 0.6, 0.85, 0.85, 0.85, 0.85, 0.85, 0.85, 0.85, 0.75]",60,0.8383333333333333
The book is mostly informative.,mostly,qwen/Qwen3-8B,"[0.75, 0.85, 0.85, 0.75, 0.75, 0.8, 0.85, 0.85, 0.85, 0.8, 0.85, 0.85, 0.85, 0.85, 0.75, 0.75, 0.85, 0.85, 0.75, 0.85, 0.85, 0.85, 0.85, 0.85, 0.85, 0.85, 0.75, 0.75, 0.85, 0.7, 0.85, 0.6, 0.7, 0.9, 0.75, 0.85, 0.75, 0.85, 0.75, 0.85, 0.85, 0.85, 0.85, 0.75, 0.7, 0.85, 0.75, 0.85, 0.85, 0.85, 0.85, 0.7, 0.85, 0.75, 0.85, 0.75, 0.75]",57,0.8061403508771929
"Mostly, the book is informative.",mostly,qwen/Qwen3-8B,"[0.6, 0.75, 0.6]",3,0.65
The new policy mainly improves the economy.,mainly,qwen/Qwen3-8B,"[0.75, 0.85, 0.85, 0.85, 0.75, 0.75, 0.85, 0.85, 0.85, 0.7, 0.75, 0.7, 0.65, 0.85, 0.75, 0.75, 0.75, 0.85, 0.75, 0.85, 0.75, 0.75, 0.85, 0.75, 0.75, 0.85, 0.85, 0.75, 0.7, 0.85, 0.7, 0.85, 0.75, 0.7, 0.85, 0.85, 0.75, 0.75, 0.85, 0.85, 0.75, 0.75, 0.85, 0.85, 0.75, 0.75, 0.75, 0.85, 0.75, 0.85, 0.75, 0.85, 0.65, 0.85, 0.85, 0.85, 0.85]",57,0.7894736842105263
mainly the new policy improves the economy.,mainly,qwen/Qwen3-8B,"[0.85, 0.85, 0.85]",3,0.85
It chiefly rains tomorrow.,chiefly,qwen/Qwen3-8B,"[0.85, 0.85, 0.75, 0.85, 0.85, 0.85, 0.85, 0.85, 0.85, 0.9, 0.85, 0.85, 0.85, 0.9, 0.85, 0.75, 0.75, 0.85, 0.85, 0.85, 0.85, 0.75, 0.85, 0.85, 0.85, 0.85, 0.9, 0.85, 0.75, 0.85, 0.85, 0.85, 0.75, 0.85, 0.85, 0.75, 0.85, 0.75, 0.85]",39,0.8333333333333334
Chiefly it rains tomorrow.,chiefly,qwen/Qwen3-8B,"[0.75, 0.75, 0.85]",3,0.7833333333333333
It rains chiefly tomorrow.,chiefly,qwen/Qwen3-8B,"[0.75, 0.75, 0.7, 0.85, 0.85, 0.85]",6,0.7916666666666666
It will chiefly rain tomorrow.,chiefly,qwen/Qwen3-8B,"[0.85, 0.85, 0.85, 0.85, 0.85, 0.6]",6,0.8083333333333332
"Chiefly, it rains tomorrow.",chiefly,qwen/Qwen3-8B,"[0.75, 0.75, 0.85]",3,0.7833333333333333
"chiefly, it will rain tomorrow.",chiefly,qwen/Qwen3-8B,"[0.85, 0.7, 0.85]",3,0.7999999999999999
The experiment primarily shows a significant effect.,primarily,qwen/Qwen3-8B,"[0.85, 0.85, 0.85, 0.85, 0.85, 0.85, 0.85, 0.85, 0.75, 0.85, 0.85, 0.85, 0.8, 0.85, 0.85, 0.85, 0.85, 0.85, 0.85, 0.85, 0.85, 0.85, 0.75, 0.85, 0.85, 0.75, 0.85, 0.85, 0.75, 0.85, 0.85, 0.85, 0.85, 0.85, 0.85, 0.85, 0.85, 0.85, 0.85, 0.85, 0.85, 0.85, 0.85, 0.75, 0.85]",45,0.8377777777777777
"Primarily, the experiment shows a significant effect.",primarily,qwen/Qwen3-8B,"[0.85, 0.85, 0.85, 0.85, 0.75, 0.85]",6,0.8333333333333334
The experiment shows a primarily significant effect.,primarily,qwen/Qwen3-8B,"[0.6, 0.85, 0.85]",3,0.7666666666666666
"Initially, it appears that the experiment shows a significant effect primarily.",primarily,qwen/Qwen3-8B,"[0.45, 0.7, 0.65]",3,0.6
The experiment shows a significant effect primarily.,primarily,qwen/Qwen3-8B,"[0.85, 0.85, 0.75]",3,0.8166666666666668
The restaurant predominantly serves delicious food.,predominantly,qwen/Qwen3-8B,"[0.85, 0.85, 0.85, 0.85, 0.85, 0.85, 0.85, 0.85, 0.85, 0.75, 0.85, 0.85, 0.85, 0.85, 0.85, 0.85, 0.75, 0.75, 0.85, 0.85, 0.85, 0.85, 0.85, 0.85, 0.85, 0.75, 0.85, 0.85, 0.85, 0.6]",30,0.8283333333333333
The restaurant serves predominantly delicious food.,predominantly,qwen/Qwen3-8B,"[0.8, 0.85, 0.75, 0.75, 0.85, 0.85, 0.75, 0.85, 0.85, 0.85, 0.75, 0.85, 0.75, 0.75, 0.7]",15,0.7966666666666666
The restaurant serves food that is predominantly delicious.,predominantly,qwen/Qwen3-8B,"[0.75, 0.65, 0.75, 0.7, 0.75, 0.75, 0.6, 0.65, 0.75]",9,0.7055555555555555
"Predominantly, the restaurant serves delicious food.",predominantly,qwen/Qwen3-8B,"[0.75, 0.75, 0.7, 0.85, 0.85, 0.75]",6,0.775
The report is entirely inaccurate.,entirely,qwen/Qwen3-8B,"[0.9, 0.85, 0.9, 0.95, 1.0, 0.95, 0.95, 0.95, 0.9, 0.95, 0.95, 0.95, 1.0, 1.0, 0.95, 0.85, 1.0, 0.9, 0.95, 0.95, 0.9, 0.95, 0.95, 0.95, 0.9, 1.0, 0.95, 0.95, 0.95, 0.95, 1.0, 0.95, 0.9, 0.85, 0.85, 0.95, 0.95, 0.95, 1.0]",39,0.9397435897435897
The report is not entirely accurate.,entirely,qwen/Qwen3-8B,"[0.4, 0.7, 0.7, 0.3, 0.6, 0.3, 0.7, 0.4, 0.75, 0.75, 0.75, 0.5]",12,0.5708333333333333
This report is not entirely accurate.,entirely,qwen/Qwen3-8B,"[0.3, 0.2, 0.4]",3,0.3
The report is entirely not accurate.,entirely,qwen/Qwen3-8B,"[0.9, 0.9, 0.5, 0.85, 0.85, 0.85]",6,0.8083333333333332
The report is not completely accurate.,completely,qwen/Qwen3-8B,"[0.6, 0.7, 0.6, 0.85, 0.3, 0.3, 0.6, 0.3, 0.6, 0.7, 0.3, 0.7, 0.7, 0.5, 0.4]",15,0.5433333333333333
The report is completely inaccurate.,completely,qwen/Qwen3-8B,"[0.9, 0.85, 0.95, 0.9, 0.95, 0.95, 0.95, 1.0, 0.9, 0.95, 0.95, 0.85, 0.95, 0.9, 0.95, 1.0, 0.85, 0.9, 0.95, 0.95, 0.9, 0.95, 0.9, 0.95, 0.95, 0.85, 0.95, 0.95, 0.95, 0.95, 0.85, 0.95, 0.9]",33,0.9257575757575758
The report is completely accurate.,completely,qwen/Qwen3-8B,"[1.0, 1.0, 0.95]",3,0.9833333333333334
The report is completely not accurate.,completely,qwen/Qwen3-8B,"[0.85, 0.85, 0.85, 0.85, 0.85, 0.85, 0.9, 0.85]",8,0.85625
The medication is wholly effective in treating the disease.,wholly,qwen/Qwen3-8B,"[0.95, 0.95, 0.95, 0.95, 0.95, 0.95, 0.95, 0.95, 0.95, 0.85, 0.95, 0.95, 0.9, 0.95, 0.95, 0.95, 0.95, 0.95, 0.95, 0.95, 0.95, 0.95, 0.85, 0.95, 0.95, 0.95, 0.85, 0.95, 0.95, 0.95, 0.95, 0.9, 0.9, 0.85, 0.95, 0.95, 0.95, 0.85, 0.95, 0.95, 0.95, 0.95, 0.95, 0.95, 0.9, 0.95, 0.95, 0.95, 0.9, 0.9, 0.95, 0.95, 0.85, 0.9]",54,0.9324074074074075
It is wholly effective in treating the disease.,wholly,qwen/Qwen3-8B,"[0.95, 0.95, 0.95]",3,0.9499999999999998
Wholly the medication is effective in treating the disease.,wholly,qwen/Qwen3-8B,"[0.9, 0.9, 0.1]",3,0.6333333333333334
The movie is fully good.,fully,qwen/Qwen3-8B,"[0.85, 0.85, 0.85, 0.85, 0.5, 0.9, 0.85, 0.85, 0.85, 0.85, 0.75, 0.7, 0.85, 0.85, 0.75, 0.85, 0.95, 0.85, 0.75, 0.85, 0.85, 0.85, 0.85, 0.7, 0.85, 0.85, 0.75, 0.85, 0.85, 0.85, 0.75, 0.85, 0.9, 0.85, 0.85, 0.85, 0.85, 0.85, 0.85, 0.9, 0.85, 0.85, 0.75, 0.85, 0.75, 0.6, 0.85, 0.85, 0.85, 0.95, 0.85, 0.85, 0.9, 0.85, 0.85, 0.85, 0.9, 0.75, 0.85, 0.85]",60,0.8291666666666667
There is partially a correlation between X and Y.,partially,qwen/Qwen3-8B,"[0.7, 0.6, 0.3, 0.3, 0.6, 0.6, 0.35, 0.5, 0.45, 0.45, 0.3, 0.4, 0.3, 0.6, 0.4, 0.35, 0.4, 0.6, 0.6, 0.3, 0.3, 0.3, 0.6, 0.6, 0.35, 0.3, 0.3, 0.3, 0.3, 0.35]",30,0.42666666666666664
There is a partially correlation between X and Y.,partially,qwen/Qwen3-8B,"[0.6, 0.6, 0.4, 0.7, 0.7, 0.65, 0.75, 0.2, 0.3, 0.6, 0.15, 0.6, 0.2, 0.7, 0.75]",15,0.5266666666666666
"There is a correlation between X and Y, partially.",partially,qwen/Qwen3-8B,"[0.6, 0.7, 0.6, 0.6, 0.6, 0.7]",6,0.6333333333333333
The correlation between X and Y is partially.,partially,qwen/Qwen3-8B,"[0.4, 0.3, 0.3]",3,0.3333333333333333
"Partially, there is a correlation between X and Y.",partially,qwen/Qwen3-8B,"[0.6, 0.3, 0.6]",3,0.5
There is a correlation between X and Y partially.,partially,qwen/Qwen3-8B,"[0.6, 0.7, 0.7]",3,0.6666666666666666
The city is marginally the oldest in the country.,marginally,qwen/Qwen3-8B,"[0.3, 0.75, 0.85, 0.75, 0.7, 0.7, 0.75, 0.7, 0.65, 0.6, 0.75, 0.75, 0.85, 0.65, 0.75, 0.5, 0.75, 0.75, 0.75, 0.75, 0.6, 0.75, 0.65, 0.75, 0.85, 0.75, 0.85, 0.85, 0.4, 0.65, 0.7, 0.85, 0.7, 0.75, 0.6, 0.6, 0.3, 0.6, 0.75, 0.7, 0.65, 0.75, 0.65, 0.85, 0.75, 0.75, 0.75, 0.75, 0.6, 0.75, 0.4, 0.75, 0.65, 0.7]",54,0.6925925925925925
"Marginally, the city is the oldest in the country.",marginally,qwen/Qwen3-8B,"[0.6, 0.7, 0.75, 0.7, 0.75, 0.85]",6,0.725
The neighbor is slightly home.,slightly,qwen/Qwen3-8B,"[0.2, 0.7, 0.6, 0.5, 0.75, 0.85, 0.75, 0.65, 0.4, 0.75, 0.7, 0.5, 0.5, 0.5, 0.85, 0.75, 0.85, 0.75, 0.75, 0.65, 0.3, 0.75, 0.75, 0.75, 0.75, 0.75, 0.5, 0.15, 0.65, 0.7, 0.85, 0.65, 0.75, 0.75, 0.6, 0.75, 0.75, 0.85, 0.85, 0.65, 0.2, 0.3, 0.45, 0.75, 0.5, 0.65, 0.2, 0.85, 0.85, 0.75, 0.6, 0.35, 0.75, 0.75, 0.7, 0.75, 0.8]",57,0.6429824561403509
The neighbor is slightly at home.,slightly,qwen/Qwen3-8B,"[0.35, 0.7, 0.55]",3,0.5333333333333333
It barely rains tomorrow.,barely,qwen/Qwen3-8B,"[0.85, 0.75, 0.85, 0.85, 0.85, 0.85, 0.85, 0.85, 0.75, 0.85, 0.75, 0.85, 0.85, 0.85, 0.85, 0.85, 0.6, 0.85, 0.85, 0.75, 0.85, 0.75, 0.85, 0.75, 0.75, 0.85, 0.75, 0.85, 0.85, 0.75, 0.85, 0.75, 0.75, 0.85, 0.85, 0.85, 0.9, 0.85, 0.7, 0.75, 0.85, 0.9, 0.85, 0.6, 0.85, 0.85, 0.85, 0.85, 0.75, 0.75, 0.85, 0.75, 0.85, 0.85]",54,0.8120370370370371
It rains barely tomorrow.,barely,qwen/Qwen3-8B,"[0.2, 0.7, 0.5]",3,0.4666666666666666
It rains tomorrow barely.,barely,qwen/Qwen3-8B,"[0.3, 0.75, 0.1]",3,0.3833333333333333
The restaurant hardly serves delicious food.,hardly,qwen/Qwen3-8B,"[0.85, 0.85, 0.85, 0.85, 0.85, 0.85, 0.9, 0.85, 0.85, 0.85, 0.85, 0.85, 0.7, 0.85, 0.85, 0.85, 0.85, 0.85, 0.85, 0.85, 0.85, 0.85, 0.65, 0.85, 0.85, 0.75, 0.85, 0.85, 0.85, 0.85, 0.85, 0.85, 0.85, 0.85, 0.85, 0.85, 0.85, 0.75, 0.75, 0.85, 0.85, 0.85]",42,0.8357142857142857
The restaurant serves hardly delicious food.,hardly,qwen/Qwen3-8B,"[0.75, 0.75, 0.75, 0.7, 0.75, 0.85]",6,0.7583333333333333
The restaurant hardly serves any good food.,hardly,qwen/Qwen3-8B,"[0.85, 0.85, 0.5]",3,0.7333333333333334
The restaurant hardly offers delicious food.,hardly,qwen/Qwen3-8B,"[0.85, 0.85, 0.85]",3,0.85
Hardly does the restaurant serve delicious food.,hardly,qwen/Qwen3-8B,"[0.75, 1.0, 0.85]",3,0.8666666666666667
Hardly any food at the restaurant fails to be delicious.,hardly,qwen/Qwen3-8B,"[0.75, 0.75, 0.75]",3,0.75
The new policy scarcely improves the economy.,scarcely,qwen/Qwen3-8B,"[0.85, 0.75, 0.75, 0.85, 0.85, 0.65, 0.75, 0.85, 0.85, 0.85, 0.85, 0.85, 0.85, 0.85, 0.85, 0.85, 0.75, 0.85, 0.75, 0.85, 0.7, 0.85, 0.85, 0.6, 0.85, 0.75, 0.75, 0.75, 0.85, 0.85, 0.75, 0.9, 0.75, 0.85, 0.75, 0.75, 0.75, 0.85, 0.85, 0.75, 0.85, 0.85, 0.75, 0.75, 0.85, 0.85, 0.65, 0.75, 0.85, 0.75, 0.85, 0.85, 0.85, 0.85, 0.85, 0.85, 0.65]",57,0.8017543859649123
Scarcely improve the economy.,scarcely,qwen/Qwen3-8B,"[0.85, 0.5, 0.85]",3,0.7333333333333334
It virtually rains tomorrow.,virtually,qwen/Qwen3-8B,"[0.85, 0.9, 0.9, 0.85, 0.9, 0.9, 0.95, 0.85, 0.95, 0.9, 0.9, 0.75, 0.9, 0.95, 0.75, 0.9, 0.85, 0.85, 0.85, 0.9, 0.9, 0.9, 0.6, 0.85, 0.9, 0.85, 0.5, 0.9, 0.9, 0.95]",30,0.86
It will virtually rain tomorrow.,virtually,qwen/Qwen3-8B,"[0.85, 0.6, 0.9, 0.75, 0.6, 0.75, 0.85, 0.75, 0.75, 0.85, 0.85, 0.7, 0.85, 0.85, 0.9, 0.85, 0.85, 0.85]",18,0.7972222222222222
It is virtually raining tomorrow.,virtually,qwen/Qwen3-8B,"[0.85, 0.85, 0.85, 0.9, 0.85, 0.85]",6,0.8583333333333334
Virtually it rains tomorrow.,virtually,qwen/Qwen3-8B,"[0.75, 0.7, 0.1, 0.7, 0.6, 0.2]",6,0.5083333333333333
The experiment shows nearly a significant effect.,nearly,qwen/Qwen3-8B,"[0.4, 0.45, 0.6, 0.7, 0.4, 0.75, 0.6, 0.7, 0.85, 0.4, 0.6, 0.85, 0.6, 0.6, 0.6, 0.6, 0.7, 0.6, 0.6, 0.6, 0.6, 0.6, 0.85, 0.7]",24,0.6229166666666667
The experiment shows a nearly significant effect.,nearly,qwen/Qwen3-8B,"[0.75, 0.65, 0.75, 0.75, 0.85, 0.6, 0.85, 0.7, 0.6, 0.75, 0.7, 0.7, 0.75, 0.85, 0.5, 0.6, 0.6, 0.7, 0.65, 0.85, 0.7]",21,0.7071428571428571
The experiment shows nearly significant effect.,nearly,qwen/Qwen3-8B,"[0.7, 0.85, 0.6]",3,0.7166666666666667
The experiment nearly shows a significant effect.,nearly,qwen/Qwen3-8B,"[0.55, 0.6, 0.65, 0.6, 0.6, 0.7]",6,0.6166666666666667
The experiment shows a significant effect nearly.,nearly,qwen/Qwen3-8B,"[0.75, 0.85, 0.5, 0.85, 0.85, 0.75]",6,0.7583333333333333
"Fundamentally, the new policy improves the economy.",fundamentally,qwen/Qwen3-8B,"[0.85, 0.65, 0.85, 0.85, 0.75, 0.7, 0.85, 0.85, 0.85, 0.85, 0.85, 0.85, 0.85, 0.85, 0.65, 0.65, 0.75, 0.75, 0.85, 0.75, 0.85, 0.85, 0.7, 0.75, 0.85, 0.85, 0.85, 0.85, 0.75, 0.85]",30,0.8
The new policy fundamentally improves the economy.,fundamentally,qwen/Qwen3-8B,"[0.85, 0.85, 0.85, 0.85, 0.85, 0.85, 0.85, 0.75, 0.75, 0.85, 0.85, 0.85, 0.9, 0.85, 0.85, 0.85, 0.85, 0.85, 0.85, 0.85, 0.85, 0.85, 0.85, 0.85, 0.85, 0.85, 0.85]",27,0.8444444444444444
Fundamentally the new policy improves the economy.,fundamentally,qwen/Qwen3-8B,"[0.75, 0.85, 0.85]",3,0.8166666666666668
"Technically, the restaurant serves delicious food.",technically,qwen/Qwen3-8B,"[0.6, 0.75, 0.4, 0.85, 0.5, 0.7, 0.8, 0.8, 0.7, 0.85, 0.6, 0.85, 0.75, 0.75, 0.85, 0.75, 0.75, 0.85, 0.85, 0.85, 0.75, 0.75, 0.75, 0.85, 0.7, 0.85, 0.7, 0.85, 0.75, 0.4, 0.7, 0.75, 0.7, 0.8, 0.6, 0.75, 0.85, 0.75, 0.75, 0.85, 0.6, 0.85, 0.75, 0.75, 0.7, 0.75, 0.75, 0.75, 0.7, 0.85, 0.7, 0.7, 0.9, 0.75]",54,0.7435185185185185
Technically the restaurant serves delicious food.,technically,qwen/Qwen3-8B,"[0.75, 0.75, 0.75]",3,0.75
"Technically, the movie was long.",technically,qwen/Qwen3-8B,"[0.85, 0.85, 0.7]",3,0.7999999999999999
The report is not accurate in part.,in part,qwen/Qwen3-8B,"[0.7, 0.75, 0.6, 0.6, 0.7, 0.6, 0.75, 0.85, 0.7, 0.6, 0.4, 0.85, 0.4, 0.4, 0.7, 0.7, 0.6, 0.5, 0.7, 0.75, 0.4, 0.7, 0.85, 0.7, 0.5, 0.7, 0.85, 0.4, 0.7, 0.7, 0.25, 0.7, 0.6, 0.7, 0.7, 0.85, 0.7, 0.3, 0.7, 0.7, 0.4, 0.3, 0.7, 0.75, 0.6]",45,0.6288888888888889
"In part, the report is not accurate.",in part,qwen/Qwen3-8B,"[0.75, 0.75, 0.85]",3,0.7833333333333333
"The report is not accurate, in part.",in part,qwen/Qwen3-8B,"[0.3, 0.3, 0.4, 0.65, 0.5, 0.3, 0.7, 0.7, 0.7]",9,0.5055555555555555
The report is inaccurate in part.,in part,qwen/Qwen3-8B,"[0.75, 0.7, 0.6]",3,0.6833333333333332
"The city is the oldest in the country, to a degree.",to a degree,qwen/Qwen3-8B,"[0.6, 0.4, 0.5, 0.3, 0.5, 0.6, 0.7, 0.3, 0.5, 0.7, 0.6, 0.6, 0.4, 0.6, 0.6, 0.85, 0.6, 0.6]",18,0.5527777777777777
"To a degree, the city is the oldest in the country.",to a degree,qwen/Qwen3-8B,"[0.6, 0.6, 0.7, 0.5, 0.6, 0.65]",6,0.6083333333333333
The city is the oldest in the country to a degree.,to a degree,qwen/Qwen3-8B,"[0.3, 0.3, 0.6, 0.6, 0.3, 0.3, 0.6, 0.3, 0.35, 0.45, 0.4, 0.3, 0.4, 0.45, 0.6, 0.3, 0.3, 0.5, 0.65, 0.4, 0.3, 0.7, 0.35, 0.3, 0.3, 0.75, 0.4, 0.3, 0.3, 0.4]",30,0.4166666666666667
The city is to a degree the oldest in the country.,to a degree,qwen/Qwen3-8B,"[0.5, 0.3, 0.6]",3,0.4666666666666666
"The city is, to a degree, the oldest in the country.",to a degree,qwen/Qwen3-8B,"[0.5, 0.6, 0.3]",3,0.4666666666666666
The report is not accurate for the most part.,for the most part,qwen/Qwen3-8B,"[0.7, 0.75, 0.3, 0.4, 0.2, 0.75, 0.5, 0.7, 0.7, 0.4, 0.4, 0.7, 0.3, 0.4, 0.7, 0.6, 0.3, 0.6]",18,0.5222222222222223
for the most part the report is not accurate.,for the most part,qwen/Qwen3-8B,"[0.75, 0.75, 0.85]",3,0.7833333333333333
"For the most part, the report is not accurate.",for the most part,qwen/Qwen3-8B,"[0.75, 0.75, 0.6, 0.7, 0.85, 0.7, 0.6, 0.75, 0.75, 0.75, 0.65, 0.75, 0.7, 0.85, 0.75, 0.85, 0.6, 0.75, 0.75, 0.75, 0.65, 0.85, 0.75, 0.75, 0.75, 0.75, 0.75]",27,0.7351851851851853
"The report is not accurate, for the most part.",for the most part,qwen/Qwen3-8B,"[0.4, 0.6, 0.6]",3,0.5333333333333333
The report is for the most part accurate.,for the most part,qwen/Qwen3-8B,"[0.85, 0.65, 0.75]",3,0.75
The report is for the most part not accurate.,for the most part,qwen/Qwen3-8B,"[0.85, 0.85, 0.8]",3,0.8333333333333334
"The report is, for the most part, not accurate.",for the most part,qwen/Qwen3-8B,"[0.85, 0.75, 0.75]",3,0.7833333333333333
"By and large, the movie is good.",by and large,qwen/Qwen3-8B,"[0.75, 0.65, 0.7, 0.65, 0.85, 0.7, 0.6, 0.75, 0.7, 0.7, 0.85, 0.75, 0.85, 0.8, 0.7, 0.75, 0.7, 0.6, 0.7, 0.75, 0.7, 0.75, 0.75, 0.75, 0.75, 0.75, 0.7, 0.65, 0.6, 0.7, 0.75, 0.75, 0.7, 0.7, 0.75, 0.75, 0.85, 0.6, 0.75, 0.7, 0.75, 0.75, 0.6, 0.75, 0.4, 0.65, 0.85, 0.75, 0.7, 0.75, 0.75, 0.75, 0.75, 0.75]",54,0.7194444444444444
By and large the movie is good.,by and large,qwen/Qwen3-8B,"[0.75, 0.7, 0.65]",3,0.7000000000000001
The movie is good by and large.,by and large,qwen/Qwen3-8B,"[0.7, 0.75, 0.6]",3,0.6833333333333332
On the whole the new policy improves the economy.,on the whole,qwen/Qwen3-8B,"[0.85, 0.85, 0.65, 0.6, 0.65, 0.75]",6,0.725
"On the whole, the new policy improves the economy.",on the whole,qwen/Qwen3-8B,"[0.65, 0.7, 0.85, 0.75, 0.65, 0.7, 0.65, 0.65, 0.7, 0.85, 0.85, 0.75, 0.75, 0.75, 0.75, 0.85, 0.7, 0.75, 0.85, 0.75, 0.65, 0.75, 0.75, 0.75, 0.85, 0.75, 0.85, 0.75, 0.85, 0.75, 0.65, 0.75, 0.7, 0.75, 0.75, 0.75, 0.75, 0.75, 0.75, 0.55, 0.75, 0.6, 0.75, 0.75, 0.75, 0.65, 0.75, 0.75, 0.75, 0.75, 0.75, 0.85, 0.85, 0.75]",54,0.7444444444444445
In general the new policy improves the economy.,in general,qwen/Qwen3-8B,"[0.75, 0.85, 0.7]",3,0.7666666666666666
"In general, the new policy improves the economy.",in general,qwen/Qwen3-8B,"[0.65, 0.75, 0.85, 0.7, 0.75, 0.75, 0.7, 0.75, 0.75, 0.65, 0.65, 0.75, 0.75, 0.75, 0.85, 0.75, 0.75, 0.75, 0.7, 0.75, 0.75, 0.75, 0.7, 0.85, 0.75, 0.7, 0.85, 0.75, 0.75, 0.85, 0.85, 0.75, 0.75, 0.75, 0.75, 0.75, 0.65, 0.7, 0.75, 0.75, 0.75, 0.75, 0.75, 0.75, 0.75, 0.75, 0.6, 0.75]",48,0.7447916666666666
The new policy improves the economy in general.,in general,qwen/Qwen3-8B,"[0.85, 0.85, 0.75, 0.75, 0.85, 0.85]",6,0.8166666666666668
A new policy generally improves the economy.,in general,qwen/Qwen3-8B,"[0.7, 0.75, 0.7]",3,0.7166666666666667
"Broadly speaking, the book is informative.",broadly speaking,qwen/Qwen3-8B,"[0.6, 0.85, 0.3, 0.6, 0.65, 0.75, 0.65, 0.7, 0.7, 0.7, 0.6, 0.6, 0.7, 0.6, 0.6, 0.6, 0.7, 0.7, 0.7, 0.5, 0.85, 0.75, 0.6, 0.75, 0.7, 0.7, 0.85, 0.6, 0.7, 0.6, 0.7, 0.6, 0.6, 0.85, 0.75, 0.7, 0.7, 0.7, 0.7, 0.6, 0.6, 0.6, 0.75, 0.75, 0.6, 0.7, 0.85, 0.6, 0.7, 0.6, 0.7, 0.7, 0.6, 0.4, 0.6, 0.7, 0.7, 0.7, 0.6, 0.75]",60,0.6666666666666666
"Generally speaking, the restaurant serves delicious food.",generally speaking,qwen/Qwen3-8B,"[0.75, 0.75, 0.75, 0.75, 0.75, 0.75, 0.75, 0.85, 0.7, 0.75, 0.75, 0.85, 0.85, 0.75, 0.75, 0.75, 0.75, 0.75, 0.75, 0.75, 0.7, 0.75, 0.85, 0.75, 0.75, 0.7, 0.75, 0.75, 0.75, 0.75, 0.85, 0.75, 0.75, 0.7, 0.75, 0.85, 0.75, 0.75, 0.75, 0.6, 0.7, 0.75, 0.65, 0.75, 0.75, 0.65, 0.75, 0.85]",48,0.7520833333333333
"generally speaking, the restaurant serves delicious food.",generally speaking,qwen/Qwen3-8B,"[0.75, 0.7, 0.6, 0.6, 0.7, 0.75]",6,0.6833333333333332
"Generally speaking, the city has excellent public transportation.",generally speaking,qwen/Qwen3-8B,"[0.75, 0.85, 0.75]",3,0.7833333333333333
"generally speaking, the restaurant serves delicious food",generally speaking,qwen/Qwen3-8B,"[0.7, 0.75, 0.75]",3,0.7333333333333334
"Loosely speaking, the restaurant serves delicious food.",loosely speaking,qwen/Qwen3-8B,"[0.6, 0.6, 0.3, 0.85, 0.3, 0.7, 0.6, 0.6, 0.7, 0.75, 0.6, 0.7, 0.6, 0.5, 0.7, 0.4, 0.6, 0.4, 0.5, 0.4, 0.3, 0.3, 0.65, 0.4, 0.7, 0.3, 0.3, 0.7, 0.7, 0.7, 0.3, 0.3, 0.7, 0.6, 0.6, 0.75, 0.7, 0.6, 0.4, 0.6, 0.3, 0.3]",42,0.5380952380952381
"loosely speaking, the restaurant serves delicious food.",loosely speaking,qwen/Qwen3-8B,"[0.6, 0.55, 0.6, 0.1, 0.6, 0.7, 0.5, 0.15, 0.6]",9,0.48888888888888893
"The restaurant serves delicious food, loosely speaking.",loosely speaking,qwen/Qwen3-8B,"[0.2, 0.3, 0.3, 0.5, 0.7, 0.7]",6,0.44999999999999996
"loosely speaking, the restaurant serves delicious food",loosely speaking,qwen/Qwen3-8B,"[0.4, 0.4, 0.5]",3,0.43333333333333335
"As a rule, the city is the oldest in the country.",as a rule,qwen/Qwen3-8B,"[0.85, 0.85, 0.85, 0.9, 0.85, 0.85, 0.85, 0.75, 0.9, 0.85, 0.75, 0.85, 0.85, 0.85, 0.85, 0.85, 0.65, 0.85, 0.85, 0.85, 0.9, 0.85, 0.85, 0.85, 0.85, 0.75, 0.85, 0.85, 0.9, 0.85, 0.85, 0.85, 0.85, 0.85, 0.85, 0.9, 0.85, 0.85, 0.65, 0.85, 0.85, 0.85, 0.85, 0.85, 0.85, 0.85, 0.85, 0.9]",48,0.8416666666666667
As a rule the city is the oldest in the country.,as a rule,qwen/Qwen3-8B,"[0.85, 0.85, 0.75, 0.9, 0.75, 0.85]",6,0.8250000000000001
"The city is, as a rule, the oldest in the country.",as a rule,qwen/Qwen3-8B,"[0.9, 0.85, 0.85, 0.85, 0.85, 0.85]",6,0.8583333333333334
The report is typically not accurate.,typically,qwen/Qwen3-8B,"[0.85, 0.85, 0.75, 0.7, 0.75, 0.85, 0.4, 0.85, 0.9, 0.85, 0.85, 0.85, 0.85, 0.85, 0.75, 0.85, 0.75, 0.85, 0.85, 0.85, 0.7, 0.85, 0.7, 0.75, 0.65, 0.85, 0.7, 0.7, 0.6, 0.85, 0.8, 0.85, 0.7, 0.75, 0.85, 0.85, 0.85, 0.85, 0.75]",39,0.7858974358974359
"Typically, the report is not accurate.",typically,qwen/Qwen3-8B,"[0.85, 0.6, 0.75, 0.4, 0.85, 0.85, 0.6, 0.85, 0.75, 0.7, 0.7, 0.85, 0.85, 0.75, 0.65]",15,0.7333333333333333
Typically the report is not accurate.,typically,qwen/Qwen3-8B,"[0.85, 0.85, 0.85]",3,0.85
The report typically is not accurate.,typically,qwen/Qwen3-8B,"[0.85, 0.7, 0.85]",3,0.7999999999999999
Usually the neighbor is home.,usually,qwen/Qwen3-8B,"[0.85, 0.85, 0.85, 0.85, 0.85, 0.7]",6,0.8250000000000001
The neighbor is usually home.,usually,qwen/Qwen3-8B,"[0.85, 0.85, 0.85, 0.85, 0.9, 0.85, 0.85, 0.85, 0.85, 0.85, 0.85, 0.85, 0.9, 0.85, 0.85, 0.85, 0.85, 0.85, 0.9, 0.85, 0.85, 0.9, 0.9, 0.85, 0.85, 0.85, 0.85, 0.9, 0.85, 0.85, 0.85, 0.85, 0.85, 0.85, 0.9, 0.6, 0.85, 0.9, 0.85, 0.85, 0.85, 0.85, 0.85, 0.85, 0.85, 0.85, 0.85, 0.85, 0.85, 0.85, 0.85, 0.85, 0.85, 0.85]",54,0.8527777777777777
The restaurant normally serves delicious food.,normally,qwen/Qwen3-8B,"[0.85, 0.85, 0.85, 0.85, 0.85, 0.85, 0.85, 0.85, 0.85, 0.85, 0.85, 0.85, 0.9, 0.85, 0.85, 0.85, 0.85, 0.85, 0.85, 0.85, 0.75, 0.85, 0.85, 0.75, 0.85, 0.85, 0.85, 0.85, 0.85, 0.85, 0.85, 0.85, 0.85, 0.85, 0.75, 0.75, 0.85, 0.85, 0.85, 0.85, 0.85, 0.85]",42,0.8416666666666667
Normally the restaurant serves delicious food.,normally,qwen/Qwen3-8B,"[0.8, 0.75, 0.75, 0.7, 0.85, 0.75]",6,0.7666666666666666
"Normally, the restaurant serves delicious food.",normally,qwen/Qwen3-8B,"[0.9, 0.85, 0.9, 0.7, 0.85, 0.85, 0.85, 0.85, 0.85]",9,0.8444444444444444
The restaurant serves food that is normally delicious.,normally,qwen/Qwen3-8B,"[0.7, 0.75, 0.5]",3,0.65
The restaurant ordinarily serves delicious food.,ordinarily,qwen/Qwen3-8B,"[0.85, 0.85, 0.85, 0.9, 0.85, 0.85]",6,0.8583333333333334
"Ordinarily, the restaurant serves delicious food.",ordinarily,qwen/Qwen3-8B,"[0.85, 0.85, 0.7, 0.5, 0.85, 0.85, 0.7, 0.85, 0.75, 0.75, 0.75, 0.75, 0.75, 0.75, 0.75, 0.85, 0.75, 0.75, 0.85, 0.75, 0.85, 0.85, 0.7, 0.85, 0.75, 0.85, 0.75, 0.75, 0.85, 0.75, 0.75, 0.75, 0.75, 0.85, 0.85, 0.7, 0.75, 0.75, 0.75, 0.85, 0.85, 0.85]",42,0.7797619047619048
Ordinarily the restaurant serves delicious food.,ordinarily,qwen/Qwen3-8B,"[0.75, 0.75, 0.75, 0.7, 0.85, 0.85, 0.75, 0.85, 0.6, 0.75, 0.75, 0.65]",12,0.75
"In most cases, the neighbor is home.",in most cases,qwen/Qwen3-8B,"[0.85, 0.75, 0.85, 0.65, 0.75, 0.85, 0.85, 0.85, 0.7, 0.65, 0.65, 0.7, 0.85, 0.85, 0.85, 0.85, 0.75, 0.85, 0.65, 0.85, 0.85, 0.75, 0.75, 0.75, 0.75, 0.85, 0.85, 0.85, 0.75, 0.85, 0.85, 0.7, 0.85, 0.85, 0.85, 0.6, 0.7, 0.85, 0.85, 0.75, 0.85, 0.85, 0.85, 0.7, 0.85]",45,0.7899999999999999
In most cases the neighbor is home.,in most cases,qwen/Qwen3-8B,"[0.85, 0.7, 0.7, 0.75, 0.85, 0.75]",6,0.7666666666666666
in most cases the neighbor is home.,in most cases,qwen/Qwen3-8B,"[0.85, 0.85, 0.75]",3,0.8166666666666668
The neighbor is home in most cases.,in most cases,qwen/Qwen3-8B,"[0.75, 0.6, 0.75, 0.7, 0.7, 0.7]",6,0.7000000000000001
"More often than not, the book is informative.",more often than not,qwen/Qwen3-8B,"[0.7, 0.85, 0.85, 0.6, 0.7, 0.6, 0.75, 0.65, 0.75, 0.75, 0.85, 0.75, 0.7, 0.7, 0.75, 0.6, 0.75, 0.75, 0.75, 0.6, 0.65, 0.75, 0.75, 0.75, 0.85, 0.7, 0.6]",27,0.7203703703703703
The book is often informative.,more often than not,qwen/Qwen3-8B,"[0.7, 0.7, 0.6]",3,0.6666666666666666
The book is more often than not informative.,more often than not,qwen/Qwen3-8B,"[0.6, 0.7, 0.6, 0.7, 0.6, 0.7, 0.6, 0.75, 0.85, 0.75, 0.7, 0.7, 0.5, 0.7, 0.75]",15,0.6799999999999999
"The book is, more often than not, informative.",more often than not,qwen/Qwen3-8B,"[0.7, 0.85, 0.7]",3,0.75
"The book is informative, more often than not.",more often than not,qwen/Qwen3-8B,"[0.75, 0.7, 0.65, 0.65, 0.65, 0.7, 0.65, 0.45, 0.6]",9,0.6444444444444444
The book is informative more often than not.,more often than not,qwen/Qwen3-8B,"[0.6, 0.65, 0.6]",3,0.6166666666666667
It is suggested that the new policy improves the economy.,it is suggested that,qwen/Qwen3-8B,"[0.7, 0.3, 0.3, 0.7, 0.3, 0.3, 0.3, 0.7, 0.3, 0.3, 0.7, 0.3, 0.3, 0.3, 0.3, 0.3, 0.3, 0.4, 0.7, 0.7, 0.3, 0.6, 0.3, 0.3, 0.3, 0.75, 0.5, 0.3, 0.7, 0.7, 0.3, 0.7, 0.3, 0.3, 0.2, 0.3, 0.3, 0.3, 0.6, 0.3, 0.3, 0.7, 0.6, 0.3, 0.3, 0.75, 0.2, 0.3, 0.3, 0.3, 0.6, 0.15, 0.3, 0.3, 0.3, 0.7, 0.7, 0.75, 0.3, 0.3]",60,0.4216666666666667
It has been argued that the report is not accurate.,it has been argued that,qwen/Qwen3-8B,"[0.3, 0.3, 0.7, 0.7, 0.3, 0.3, 0.7, 0.75, 0.3, 0.3, 0.3, 0.3, 0.3, 0.3, 0.3, 0.7, 0.3, 0.3, 0.6, 0.3, 0.3, 0.7, 0.3, 0.4, 0.7, 0.75, 0.3, 0.7, 0.7, 0.75, 0.6, 0.7, 0.2, 0.7, 0.3, 0.3, 0.2, 0.3, 0.3, 0.7, 0.3, 0.3, 0.7, 0.7, 0.4, 0.3, 0.3, 0.3, 0.75, 0.7, 0.6, 0.7, 0.9, 0.3, 0.3, 0.1, 0.6, 0.3, 0.7, 0.3]",60,0.4633333333333333
It could be argued that the report is not accurate.,it could be argued that,qwen/Qwen3-8B,"[0.3, 0.3, 0.3, 0.3, 0.3, 0.3, 0.2, 0.3, 0.3, 0.7, 0.3, 0.3, 0.3, 0.3, 0.3, 0.6, 0.4, 0.3, 0.3, 0.4, 0.2, 0.3, 0.3, 0.3, 0.6, 0.3, 0.3, 0.3, 0.3, 0.3, 0.2, 0.4, 0.3, 0.3, 0.3, 0.3, 0.3, 0.3, 0.3, 0.3, 0.3, 0.3, 0.3, 0.3, 0.3, 0.3, 0.3, 0.3, 0.3, 0.3, 0.3, 0.3, 0.3, 0.3, 0.3, 0.3, 0.3]",57,0.3175438596491228
it could be argued that the report is not accurate.,it could be argued that,qwen/Qwen3-8B,"[0.3, 0.7, 0.3]",3,0.4333333333333333
It is worth noting that the medication is effective in treating the disease.,it is worth noting that,qwen/Qwen3-8B,"[0.85, 0.75, 0.7, 0.75, 0.85, 0.85, 0.85, 0.85, 0.75, 0.75, 0.85, 0.75, 0.75, 0.85, 0.85, 0.75, 0.85, 0.75, 0.75, 0.75, 0.75, 0.85, 0.7, 0.7, 0.85, 0.75, 0.85, 0.85, 0.75, 0.85, 0.75, 0.85, 0.85, 0.85, 0.75, 0.75, 0.75, 0.85, 0.85, 0.75, 0.85, 0.75, 0.75, 0.65, 0.85, 0.75, 0.85, 0.85, 0.7, 0.75, 0.85, 0.85, 0.85, 0.55, 0.75, 0.85, 0.75, 0.85, 0.75, 0.75]",60,0.7883333333333333
It should be noted that the city is the oldest in the country.,it should be noted that,qwen/Qwen3-8B,"[0.85, 0.75, 0.85, 0.85, 0.85, 0.85, 0.75, 0.85, 0.7, 0.85, 0.85, 0.75, 0.9, 0.6, 0.85, 0.75, 0.9, 0.85, 0.85, 0.85, 0.85, 0.9, 0.85, 0.75, 0.85, 0.9, 0.85, 0.85, 0.85, 0.9, 0.85, 0.85, 0.85, 0.85, 0.85, 0.85, 0.85, 0.85, 0.75, 0.85, 0.75, 0.85, 0.85, 0.75, 0.85, 0.85, 0.9, 0.85, 0.7, 0.85, 0.75, 0.85, 0.85, 0.85, 1.0, 0.85, 0.85, 0.85, 0.85, 0.9]",60,0.8341666666666666
It is important to note that the experiment shows a significant effect.,it is important to note that,qwen/Qwen3-8B,"[0.85, 0.85, 0.75, 0.85, 0.85, 0.85, 0.85, 0.75, 0.85, 0.85, 0.85, 0.85, 0.85, 0.85, 0.85, 0.85, 0.85, 0.85, 0.85, 0.85, 0.85, 0.75, 0.85, 0.85, 0.85, 0.85, 0.85, 0.85, 0.85, 0.85, 0.85, 0.85, 0.85, 0.85, 0.85, 0.85, 0.85, 0.85, 0.85, 0.85, 0.75, 0.85, 0.85, 0.85, 0.85, 0.85, 0.85, 0.85, 0.85, 0.85, 0.85, 0.85, 0.85, 0.75, 0.85, 0.85, 0.85, 0.75, 0.85, 0.85]",60,0.84
It is reasonable to assume that the book is informative.,it is reasonable to assume that,qwen/Qwen3-8B,"[0.75, 0.85, 0.65, 0.75, 0.75, 0.75, 0.75, 0.75, 0.65, 0.75, 0.7, 0.75, 0.75, 0.6, 0.75, 0.7, 0.75, 0.7, 0.75, 0.75, 0.85, 0.75, 0.75, 0.6, 0.65, 0.6, 0.7, 0.75, 0.75, 0.75, 0.75, 0.5, 0.6, 0.85, 0.65, 0.7, 0.75, 0.6, 0.75, 0.6, 0.75, 0.75, 0.75, 0.75, 0.75, 0.75, 0.75, 0.75, 0.75, 0.75, 0.75, 0.6, 0.65, 0.75, 0.65, 0.6, 0.75, 0.7, 0.75, 0.7]",60,0.715
There is reason to believe that the new policy improves the economy.,there is reason to believe that,qwen/Qwen3-8B,"[0.65, 0.5, 0.7, 0.6, 0.5, 0.5, 0.6, 0.45, 0.6, 0.5, 0.6, 0.3, 0.6, 0.6, 0.25, 0.6, 0.45, 0.35, 0.35, 0.3, 0.65, 0.6, 0.4, 0.45, 0.35, 0.7, 0.6, 0.6, 0.6, 0.6, 0.3, 0.65, 0.25, 0.75, 0.55, 0.5, 0.35, 0.6, 0.55, 0.6, 0.6, 0.35, 0.25, 0.6, 0.3, 0.45, 0.6, 0.65, 0.35, 0.45, 0.6, 0.35, 0.4, 0.45, 0.6, 0.35, 0.7, 0.35, 0.65, 0.6]",60,0.505
Preliminary findings suggest the restaurant serves delicious food.,preliminary findings suggest,qwen/Qwen3-8B,"[0.3, 0.7, 0.6, 0.4, 0.3, 0.6, 0.6, 0.3, 0.35, 0.65, 0.6, 0.7, 0.6, 0.6, 0.6, 0.65, 0.75, 0.75, 0.6, 0.65, 0.4, 0.7, 0.5, 0.7, 0.7, 0.7, 0.5, 0.3, 0.6, 0.6, 0.7, 0.3, 0.6, 0.6, 0.6, 0.4, 0.6, 0.6, 0.55, 0.6, 0.7, 0.6, 0.75, 0.6, 0.7, 0.6, 0.7, 0.6, 0.75, 0.75, 0.6]",51,0.5862745098039216
preliminary findings suggest the restaurant serves delicious food.,preliminary findings suggest,qwen/Qwen3-8B,"[0.7, 0.6, 0.65]",3,0.65
Premature findings suggest that the restaurant serves delicious food.,preliminary findings suggest,qwen/Qwen3-8B,"[0.3, 0.3, 0.6]",3,0.39999999999999997
Preliminary findings suggest that the restaurant serves delicious food.,preliminary findings suggest,qwen/Qwen3-8B,"[0.7, 0.7, 0.75]",3,0.7166666666666667
Available evidence points to the neighbor being home.,available evidence points to,qwen/Qwen3-8B,"[0.85, 0.85, 0.75, 0.85, 0.85, 0.85, 0.85, 0.7, 0.7, 0.85, 0.85, 0.85, 0.85, 0.85, 0.85, 0.75, 0.75, 0.75, 0.85, 0.85, 0.85, 0.85, 0.85, 0.85, 0.85, 0.85, 0.75, 0.85, 0.75, 0.85, 0.85, 0.85, 0.85, 0.85, 0.75, 0.85, 0.85, 0.75, 0.85, 0.75, 0.75, 0.85, 0.85, 0.85, 0.85, 0.85, 0.85, 0.85, 0.75, 0.75, 0.75]",51,0.8186274509803921
available evidence points to the neighbor being home.,available evidence points to,qwen/Qwen3-8B,"[0.85, 0.85, 0.85, 0.85, 0.85, 0.85]",6,0.85
Available evidence points to the neighbor being at home.,available evidence points to,qwen/Qwen3-8B,"[0.85, 0.85, 0.85]",3,0.85
It is widely believed that the movie is good.,it is widely believed that,qwen/Qwen3-8B,"[0.75, 0.7, 0.75, 0.3, 0.6, 0.5, 0.7, 0.7, 0.75, 0.7, 0.6, 0.3, 0.7, 0.7, 0.7, 0.7, 0.6, 0.75, 0.75, 0.7, 0.75, 0.5, 0.7, 0.7, 0.75, 0.7, 0.7, 0.7, 0.7, 0.75, 0.85, 0.7, 0.7, 0.7, 0.7, 0.75, 0.35, 0.75, 0.7, 0.6, 0.5, 0.7, 0.75, 0.7, 0.75, 0.75, 0.75, 0.7, 0.6, 0.6, 0.6, 0.7, 0.7, 0.6, 0.7, 0.75, 0.7, 0.7, 0.7, 0.7]",60,0.6725
It is generally accepted that there is a correlation between X and Y.,it is generally accepted that,qwen/Qwen3-8B,"[0.85, 0.75, 0.75, 0.75, 0.7, 0.75, 0.85, 0.75, 0.75, 0.75, 0.85, 0.85, 0.85, 0.75, 0.75, 0.85, 0.85, 0.75, 0.75, 0.75, 0.85, 0.85, 0.85, 0.85, 0.85, 0.85, 0.75, 0.75, 0.85, 0.85, 0.75, 0.85, 0.85, 0.75, 0.85, 0.6, 0.85, 0.75, 0.75, 0.75, 0.85, 0.85, 0.75, 0.85, 0.75, 0.85, 0.75, 0.85]",48,0.7958333333333334
it is generally accepted that there is a correlation between X and Y.,it is generally accepted that,qwen/Qwen3-8B,"[0.75, 0.85, 0.75, 0.75, 0.7, 0.85, 0.85, 0.7, 0.75, 0.85, 0.85, 0.85]",12,0.7916666666666666
It remains unclear whether the new product is successful in the market.,it remains unclear whether,qwen/Qwen3-8B,"[0.6, 0.6, 0.85, 0.7, 0.7, 0.7, 0.85, 0.6, 0.6, 0.7, 0.7, 0.85, 0.6, 0.6, 0.7, 0.6, 0.3, 0.25, 0.7, 0.6, 0.6, 0.3, 0.7, 0.6, 0.3, 0.6, 0.6, 0.3, 0.6, 0.6, 0.7, 0.6, 0.85, 0.4, 0.6, 0.6, 0.3, 0.3, 0.6, 0.6, 0.3, 0.3, 0.75, 0.6, 0.85, 0.4, 0.7, 0.7, 0.6, 0.3, 0.3, 0.6, 0.7, 0.6, 0.3, 0.6, 0.6, 0.7, 0.6, 0.3]",60,0.5725
Further research is needed to determine whether it rains tomorrow.,further research is needed,qwen/Qwen3-8B,"[0.7, 0.85, 0.7, 0.7, 0.7, 0.85, 0.85, 0.6, 0.85, 0.9, 0.85, 0.7]",12,0.7708333333333334
"It rains tomorrow, further research is needed.",further research is needed,qwen/Qwen3-8B,"[0.6, 0.4, 0.4, 0.25, 0.6, 0.7, 0.3, 0.4, 0.3, 0.4, 0.3, 0.6, 0.6, 0.6, 0.7, 0.3, 0.5, 0.4]",18,0.46388888888888885
Further research is needed to determine if it rains tomorrow.,further research is needed,qwen/Qwen3-8B,"[0.85, 0.85, 0.6, 0.4, 0.7, 0.85, 0.85, 0.85, 0.85, 0.7, 0.85, 0.6]",12,0.7458333333333332
Further research is needed to confirm whether it rains tomorrow.,further research is needed,qwen/Qwen3-8B,"[0.6, 0.85, 0.85]",3,0.7666666666666666
"It may rain tomorrow, further research is needed.",further research is needed,qwen/Qwen3-8B,"[0.6, 0.4, 0.4]",3,0.4666666666666666
"Further research is needed, it rains tomorrow.",further research is needed,qwen/Qwen3-8B,"[0.6, 0.25, 0.1]",3,0.31666666666666665
Further research is needed; it rains tomorrow.,further research is needed,qwen/Qwen3-8B,"[0.4, 0.4, 0.4, 0.3, 0.6, 0.6]",6,0.45
Further research is needed to confirm it rains tomorrow.,further research is needed,qwen/Qwen3-8B,"[0.85, 0.6, 0.7]",3,0.7166666666666667
"Under certain conditions, the restaurant serves delicious food.",under certain conditions,qwen/Qwen3-8B,"[0.7, 0.7, 0.6, 0.3, 0.6, 0.3, 0.4, 0.7, 0.3, 0.6, 0.6, 0.4, 0.3, 0.3, 0.65, 0.4, 0.3, 0.35, 0.3, 0.2, 0.3, 0.7, 0.5, 0.4, 0.7, 0.3, 0.6, 0.2, 0.5, 0.3, 0.6, 0.7, 0.6, 0.3, 0.6, 0.2]",36,0.4583333333333333
"under certain conditions, the restaurant serves delicious food.",under certain conditions,qwen/Qwen3-8B,"[0.85, 0.6, 0.6]",3,0.6833333333333332
The restaurant serves delicious food under certain conditions.,under certain conditions,qwen/Qwen3-8B,"[0.6, 0.6, 0.6, 0.6, 0.75, 0.7, 0.4, 0.5, 0.6, 0.6, 0.5, 0.6, 0.7, 0.4, 0.6, 0.6, 0.75, 0.5]",18,0.5888888888888889
Under certain conditions the restaurant serves delicious food.,under certain conditions,qwen/Qwen3-8B,"[0.3, 0.7, 0.7]",3,0.5666666666666667
The movie is good depending on personal taste.,depending on,qwen/Qwen3-8B,"[0.7, 0.5, 0.3]",3,0.5
The movie is good depending on.,depending on,qwen/Qwen3-8B,"[0.5, 0.8, 0.6, 0.7, 0.5, 0.3, 0.1, 0.5, 0.7]",9,0.5222222222222223
The movie is good depending on which aspects you prioritize.,depending on,qwen/Qwen3-8B,"[0.6, 0.6, 0.3]",3,0.5
"Depending on personal preference, the movie is good.",depending on,qwen/Qwen3-8B,"[0.7, 0.7, 0.6]",3,0.6666666666666666
The movie is good depending on your personal taste.,depending on,qwen/Qwen3-8B,"[0.5, 0.3, 0.4]",3,0.39999999999999997
The movie is good depending on one's perspective.,depending on,qwen/Qwen3-8B,"[0.3, 0.3, 0.7]",3,0.4333333333333333
"Depending on the movie, it is good.",depending on,qwen/Qwen3-8B,"[0.3, 0.3, 0.2]",3,0.26666666666666666
"Depending on the viewer, the movie is good.",depending on,qwen/Qwen3-8B,"[0.6, 0.5, 0.4, 0.4, 0.6, 0.4]",6,0.48333333333333334
The movie is good depending on how you experience it.,depending on,qwen/Qwen3-8B,"[0.3, 0.6, 0.3]",3,0.39999999999999997
"The movie is good, depending on your taste.",depending on,qwen/Qwen3-8B,"[0.6, 0.7, 0.6]",3,0.6333333333333333
The movie is good depending on the viewer.,depending on,qwen/Qwen3-8B,"[0.7, 0.7, 0.3, 0.5, 0.7, 0.3]",6,0.5333333333333333
"Depending on the audience, the movie is good.",depending on,qwen/Qwen3-8B,"[0.4, 0.6, 0.6]",3,0.5333333333333333
The movie is good depending on preferences.,depending on,qwen/Qwen3-8B,"[0.7, 0.7, 0.85]",3,0.75
"The movie is good, depending on what you like.",depending on,qwen/Qwen3-8B,"[0.4, 0.7, 0.6]",3,0.5666666666666667
"The movie is good, depending on.",depending on,qwen/Qwen3-8B,"[0.5, 0.4, 0.6]",3,0.5
The movie is good depending on the viewer's taste.,depending on,qwen/Qwen3-8B,"[0.6, 0.3, 0.6]",3,0.5
The movie is subject to being good.,subject to,qwen/Qwen3-8B,"[0.2, 0.3, 0.3, 0.3, 0.4, 0.3, 0.3, 0.3, 0.3, 0.3, 0.3, 0.6, 0.5, 0.3, 0.3]",15,0.3333333333333333
The movie is good subject to your particular taste.,subject to,qwen/Qwen3-8B,"[0.6, 0.3, 0.85]",3,0.5833333333333334
The movie is subject to good.,subject to,qwen/Qwen3-8B,"[0.5, 0.5, 0.5]",3,0.5
"The movie is good, subject to.",subject to,qwen/Qwen3-8B,"[0.85, 0.3, 0.7]",3,0.6166666666666666
"The movie is good, subject to taste.",subject to,qwen/Qwen3-8B,"[0.7, 0.5, 0.5]",3,0.5666666666666667
The movie is subject to going well.,subject to,qwen/Qwen3-8B,"[0.2, 0.3, 0.3]",3,0.26666666666666666
The movie is good subject to.,subject to,qwen/Qwen3-8B,"[0.8, 0.9]",2,0.8500000000000001
The movie is good subject to its genre.,subject to,qwen/Qwen3-8B,"[0.75, 0.75, 0.7]",3,0.7333333333333334
The movie is good subject to personal preference.,subject to,qwen/Qwen3-8B,"[0.7, 0.7, 0.7, 0.7, 0.3, 0.75, 0.6, 0.6, 0.3]",9,0.5944444444444444
"The movie is good, subject to its cinematic style.",subject to,qwen/Qwen3-8B,"[0.7, 0.3, 0.75]",3,0.5833333333333334
The movie is good subject to individual preferences.,subject to,qwen/Qwen3-8B,"[0.7, 0.7, 0.3]",3,0.5666666666666667
"Subject to opinions, the movie is good.",subject to,qwen/Qwen3-8B,"[0.3, 0.75, 0.6]",3,0.5499999999999999
"The movie is good, subject to viewer preference.",subject to,qwen/Qwen3-8B,"[0.4, 0.3, 0.6]",3,0.43333333333333335
"The movie is good, subject to individual preferences.",subject to,qwen/Qwen3-8B,"[0.7, 0.7, 0.7]",3,0.6999999999999998
The medication is effective contingent upon the patient's specific health profile.,contingent upon,qwen/Qwen3-8B,"[0.7, 0.7, 0.75]",3,0.7166666666666667
The medication's effectiveness in treating the disease is contingent upon individual patient factors.,contingent upon,qwen/Qwen3-8B,"[0.65, 0.75, 0.6]",3,0.6666666666666666
"The medication is effective in treating the disease, contingent upon patient adherence.",contingent upon,qwen/Qwen3-8B,"[0.7, 0.7, 0.7, 0.7, 0.85, 0.75, 0.7, 0.6, 0.7, 0.85, 0.6, 0.75]",12,0.7166666666666667
The medication’s effectiveness in treating the disease is contingent upon patient-specific factors.,contingent upon,qwen/Qwen3-8B,"[0.75, 0.7, 0.75]",3,0.7333333333333334
The medication is effective in treating the disease contingent upon proper administration.,contingent upon,qwen/Qwen3-8B,"[0.85, 0.6, 0.75]",3,0.7333333333333334
"The medication is effective in treating the disease, contingent upon patient compliance.",contingent upon,qwen/Qwen3-8B,"[0.7, 0.6, 0.6]",3,0.6333333333333333
The medication is effective in treating the disease contingent upon.,contingent upon,qwen/Qwen3-8B,"[0.1, 0.6, 0.7]",3,0.4666666666666666
The medication is effective in treating the disease contingent upon individual patient response.,contingent upon,qwen/Qwen3-8B,"[0.7, 0.6, 0.7, 0.6, 0.6, 0.7]",6,0.65
The medication's effectiveness is contingent upon treating the disease.,contingent upon,qwen/Qwen3-8B,"[0.75, 0.75, 0.6]",3,0.7000000000000001
The medication's effectiveness in treating the disease is contingent upon...,contingent upon,qwen/Qwen3-8B,"[0.6, 0.3, 0.4]",3,0.43333333333333335
The medication is effective in treating the disease contingent upon the patient following the prescribed dosage.,contingent upon,qwen/Qwen3-8B,"[0.75, 0.75, 0.85]",3,0.7833333333333333
The effectiveness of the medication in treating the disease is contingent upon patient compliance.,contingent upon,qwen/Qwen3-8B,"[0.85, 0.7, 0.75]",3,0.7666666666666666
The medication’s effectiveness in treating the disease is contingent upon specific patient factors.,contingent upon,qwen/Qwen3-8B,"[0.85, 0.65, 0.7]",3,0.7333333333333334
The medication is effective in treating the disease contingent upon proper dosage.,contingent upon,qwen/Qwen3-8B,"[0.75, 0.85, 0.85, 0.75, 0.75, 0.75]",6,0.7833333333333333
The medication is effective in treating the disease contingent upon individual response.,contingent upon,qwen/Qwen3-8B,"[0.6, 0.6, 0.7]",3,0.6333333333333333
Assuming that it rains tomorrow.,assuming that,qwen/Qwen3-8B,"[0.6, 0.3, 0.7, 0.5, 0.7, 0.3, 0.5, 0.3, 0.3, 0.5, 0.3, 0.7, 0.6, 0.7, 0.5, 0.25, 0.3, 0.3, 0.75, 0.3, 0.7, 0.7, 0.7, 0.3, 0.3, 0.8, 0.5, 0.3, 0.3, 0.3, 0.2, 0.7, 0.5, 0.5, 0.5, 0.3, 0.3, 0.4, 0.3, 0.5, 0.3, 0.3, 0.7, 0.2, 0.2, 0.7, 0.7, 0.2, 0.7]",49,0.45918367346938777
"It rains tomorrow, assuming that the forecast is accurate.",assuming that,qwen/Qwen3-8B,"[0.7, 0.7, 0.3]",3,0.5666666666666667
"Assuming that he studied diligently, he will pass the exam.",assuming that,qwen/Qwen3-8B,"[0.7, 0.3, 0.7]",3,0.5666666666666667
"Assuming that it rains tomorrow, the event will be postponed.",assuming that,qwen/Qwen3-8B,"[0.7, 0.7, 0.7]",3,0.6999999999999998
It is worth considering that there is a correlation between X and Y.,it is worth considering that,qwen/Qwen3-8B,"[0.35, 0.3, 0.3, 0.7, 0.3, 0.3, 0.3, 0.3, 0.3, 0.3, 0.3, 0.3, 0.3, 0.3, 0.35, 0.5, 0.3, 0.3, 0.5, 0.3, 0.3, 0.3, 0.3, 0.35, 0.6, 0.4, 0.5, 0.6, 0.3, 0.3, 0.7, 0.65, 0.7, 0.6, 0.3, 0.6, 0.3, 0.6, 0.4, 0.6, 0.3, 0.3, 0.3, 0.3, 0.3, 0.3, 0.5, 0.3, 0.45, 0.6, 0.3]",51,0.39705882352941174
It is worth considering that there is a correlation between X and Y.,it is worth considering that,qwen/Qwen3-8B,"[0.6, 0.7, 0.6]",3,0.6333333333333333
it is worth considering that there is a correlation between X and Y.,it is worth considering that,qwen/Qwen3-8B,"[0.75, 0.3, 0.3]",3,0.45
It is worth considering that X and Y are correlated.,it is worth considering that,qwen/Qwen3-8B,"[0.3, 0.3, 0.6]",3,0.39999999999999997
It has been observed that the medication is effective in treating the disease.,it has been observed that,qwen/Qwen3-8B,"[0.85, 0.85, 0.85, 0.85, 0.85, 0.75, 0.85, 0.85, 0.85, 0.85, 0.85, 0.85, 0.85, 0.85, 0.75, 0.85, 0.85, 0.85, 0.75, 0.85, 0.85, 0.85, 0.85, 0.85, 0.85, 0.85, 0.85, 0.65, 0.85, 0.75, 0.75, 0.75, 0.85, 0.85, 0.85, 0.75, 0.85, 0.85, 0.85, 0.85, 0.85, 0.85, 0.75, 0.85, 0.85, 0.85, 0.85, 0.85, 0.85, 0.85, 0.85, 0.85, 0.85, 0.85, 0.85, 0.85, 0.85, 0.85, 0.85, 0.7]",60,0.8308333333333333
it is commonly held that the city is the oldest in the country.,it is commonly held that,qwen/Qwen3-8B,"[0.75, 0.75, 0.75]",3,0.75
It is commonly held that the city is the oldest in the country.,it is commonly held that,qwen/Qwen3-8B,"[0.75, 0.75, 0.75, 0.75, 0.75, 0.7, 0.85, 0.7, 0.7, 0.7, 0.75, 0.75, 0.85, 0.85, 0.75, 0.75, 0.7, 0.7, 0.7, 0.7, 0.75, 0.6, 0.7, 0.75, 0.75, 0.75, 0.7, 0.85, 0.7, 0.7, 0.7, 0.75, 0.75, 0.75, 0.85, 0.75, 0.75, 0.75, 0.85, 0.7, 0.85, 0.85, 0.85, 0.75, 0.7, 0.75, 0.85, 0.75, 0.75, 0.7, 0.7, 0.7, 0.7, 0.75, 0.7, 0.75, 0.7]",57,0.7464912280701754
It is often assumed that the city is the oldest in the country.,it is often assumed that,qwen/Qwen3-8B,"[0.7, 0.6, 0.7, 0.75, 0.4, 0.7, 0.7, 0.5, 0.7, 0.7, 0.7, 0.7, 0.7, 0.7, 0.7, 0.7, 0.7, 0.7, 0.75, 0.6, 0.75, 0.85, 0.7, 0.7, 0.7, 0.7, 0.7, 0.6, 0.7, 0.7, 0.7, 0.75, 0.7, 0.7, 0.4, 0.75, 0.7, 0.7, 0.7, 0.7, 0.6, 0.7, 0.7, 0.7, 0.8, 0.7, 0.7, 0.7, 0.2, 0.7, 0.7, 0.6, 0.6, 0.85, 0.7, 0.7, 0.7, 0.7, 0.7, 0.5]",60,0.6758333333333333
Evidence is consistent with the medication being effective in treating the disease.,evidence is consistent with,qwen/Qwen3-8B,"[0.6, 0.75, 0.75, 0.75, 0.75, 0.85, 0.75, 0.75, 0.85, 0.75, 0.85, 0.85, 0.85, 0.75, 0.75, 0.85, 0.85, 0.75, 0.45, 0.75, 0.75, 0.6, 0.45, 0.65, 0.7, 0.75, 0.75, 0.75, 0.85, 0.75, 0.75, 0.75, 0.6, 0.7, 0.85, 0.4, 0.75, 0.65, 0.85, 0.85, 0.75, 0.75, 0.6, 0.75, 0.75, 0.85, 0.75, 0.85, 0.75, 0.85, 0.7, 0.75, 0.75, 0.6, 0.75, 0.75, 0.6]",57,0.7359649122807018
Evidence is consistent with the medication’s effectiveness in treating the disease.,evidence is consistent with,qwen/Qwen3-8B,"[0.7, 0.75, 0.75]",3,0.7333333333333334
The data are consistent with a significant effect.,data are consistent with,qwen/Qwen3-8B,"[0.75, 0.75, 0.85, 0.85, 0.85, 0.75, 0.75, 0.75, 0.75]",9,0.7833333333333333
Data are consistent with a significant effect.,data are consistent with,qwen/Qwen3-8B,"[0.85, 0.75, 0.85, 0.85, 0.85, 0.85, 0.85, 0.85, 0.85, 0.75, 0.75, 0.75, 0.85, 0.85, 0.85, 0.85, 0.75, 0.75, 0.85, 0.85, 0.85, 0.85, 0.75, 0.85, 0.85, 0.75, 0.85]",27,0.8203703703703703
Data are consistent with a significant effect from the experiment.,data are consistent with,qwen/Qwen3-8B,"[0.85, 0.85, 0.75, 0.85, 0.85, 0.65, 0.75, 0.75, 0.75]",9,0.7833333333333333
data are consistent with a significant effect.,data are consistent with,qwen/Qwen3-8B,"[0.85, 0.65, 0.85, 0.85, 0.85, 0.75]",6,0.7999999999999999
Data are consistent with the significant effect demonstrated by the experiment.,data are consistent with,qwen/Qwen3-8B,"[0.75, 0.85, 0.85]",3,0.8166666666666668
Data are consistent with a significant effect in the experiment.,data are consistent with,qwen/Qwen3-8B,"[0.75, 0.75, 0.85]",3,0.7833333333333333
Data are consistent with the experiment showing a significant effect.,data are consistent with,qwen/Qwen3-8B,"[0.85, 0.85, 0.75]",3,0.8166666666666668
It cannot be ruled out that the city is the oldest in the country.,it cannot be ruled out that,qwen/Qwen3-8B,"[0.75, 0.6, 0.7, 0.4, 0.6, 0.45, 0.4, 0.6, 0.6, 0.7, 0.85, 0.6, 0.6, 0.3, 0.7, 0.45, 0.75, 0.4, 0.6, 0.7, 0.5, 0.5, 0.7, 0.7, 0.7, 0.6, 0.7, 0.4, 0.7, 0.4, 0.4, 0.75, 0.6, 0.7, 0.75, 0.3, 0.75, 0.7, 0.7, 0.7, 0.4, 0.6, 0.6, 0.6, 0.7, 0.75, 0.6, 0.6, 0.6, 0.7, 0.4, 0.75, 0.6, 0.7, 0.75, 0.7, 0.7]",57,0.6096491228070176
The city is the oldest in the country – it cannot be ruled out that this is true.,it cannot be ruled out that,qwen/Qwen3-8B,"[0.3, 0.3, 0.2]",3,0.26666666666666666
It would be premature to conclude that the city is the oldest in the country.,it would be premature to conclude,qwen/Qwen3-8B,"[0.85, 0.7, 0.7, 0.6, 0.7, 0.7, 0.85, 0.7, 0.85, 0.7, 0.7, 0.6, 0.7, 0.7, 0.7, 0.6, 0.7, 0.6, 0.7, 0.7, 0.85, 0.6, 0.85, 0.85, 0.6, 0.85, 0.7, 0.7, 0.85, 0.7, 0.7, 0.85, 0.85, 0.6, 0.6, 0.85, 0.85, 0.7, 0.85, 0.6, 0.85, 0.6, 0.85, 0.85, 0.6, 0.7, 0.6, 0.85, 0.7, 0.85, 0.85, 0.85, 0.85, 0.7, 0.7, 0.7, 0.85, 0.6, 0.85, 0.85]",60,0.7383333333333333
Cautious interpretation suggests the city is the oldest in the country.,cautious interpretation suggests,qwen/Qwen3-8B,"[0.7, 0.7, 0.7, 0.75, 0.7, 0.7, 0.7, 0.65, 0.65, 0.75, 0.6, 0.6, 0.7, 0.7, 0.75, 0.75, 0.3, 0.75, 0.75, 0.7, 0.75, 0.4, 0.75, 0.7, 0.6, 0.7, 0.7, 0.7, 0.6, 0.75, 0.75, 0.65, 0.6, 0.7, 0.65, 0.7]",36,0.675
cautious interpretation suggests the city is the oldest in the country.,cautious interpretation suggests,qwen/Qwen3-8B,"[0.75, 0.65, 0.75, 0.7, 0.65, 0.6, 0.65, 0.3, 0.7, 0.3, 0.85, 0.7, 0.75, 0.6, 0.7, 0.75, 0.75, 0.7, 0.85, 0.75, 0.75]",21,0.6761904761904761
cautious interpretation suggests that the city is the oldest in the country.,cautious interpretation suggests,qwen/Qwen3-8B,"[0.45, 0.85, 0.75]",3,0.6833333333333332
Tentative evidence points to the book being informative.,tentative evidence points to,qwen/Qwen3-8B,"[0.6, 0.4, 0.3, 0.3, 0.6, 0.4, 0.3, 0.4, 0.3, 0.75, 0.3, 0.6, 0.4, 0.4, 0.6, 0.4, 0.4, 0.4, 0.4, 0.3, 0.2, 0.3, 0.3, 0.3, 0.6, 0.6, 0.6, 0.3, 0.4, 0.4, 0.4, 0.6, 0.3, 0.3, 0.6, 0.3, 0.4, 0.3, 0.3, 0.6, 0.3, 0.6, 0.3, 0.3, 0.6, 0.4, 0.4, 0.3, 0.75, 0.3, 0.5, 0.6, 0.6, 0.4, 0.7, 0.35, 0.3, 0.3, 0.4, 0.5]",60,0.42583333333333334
"On current evidence, the movie is good.",on current evidence,qwen/Qwen3-8B,"[0.85, 0.85, 0.85, 0.85, 0.85, 0.85, 0.75, 0.65, 0.7, 0.75, 0.7, 0.75, 0.7, 0.75, 0.7, 0.85, 0.75, 0.75, 0.75, 0.85, 0.6, 0.7, 0.85, 0.7, 0.7, 0.85, 0.85, 0.85, 0.7, 0.85, 0.75, 0.85, 0.7, 0.85, 0.7, 0.85, 0.8, 0.85, 0.7, 0.85, 0.7, 0.75, 0.7, 0.7, 0.85, 0.7, 0.75, 0.65, 0.85, 0.85, 0.7]",51,0.7696078431372549
The movie is good on current evidence.,on current evidence,qwen/Qwen3-8B,"[0.6, 0.6, 0.6, 0.6, 0.6, 0.6]",6,0.6
On current evidence the movie is good.,on current evidence,qwen/Qwen3-8B,"[0.65, 0.75, 0.6]",3,0.6666666666666666
It rains tomorrow as currently understood.,as currently understood,qwen/Qwen3-8B,"[0.6, 0.7, 0.75, 0.85, 0.75, 0.7, 0.6, 0.3, 0.9, 0.8, 0.75, 0.6, 0.7, 0.7, 0.75, 0.75, 0.6, 0.7, 0.85, 0.6, 0.85, 0.3, 0.6, 0.2, 0.7, 0.75, 0.75, 0.7, 0.3, 0.2, 0.7, 0.6, 0.75, 0.6, 0.75, 0.3, 0.85, 0.7, 0.75, 0.7, 0.6, 0.5]",42,0.6452380952380952
"It rains tomorrow, as currently understood.",as currently understood,qwen/Qwen3-8B,"[0.75, 0.75, 0.6, 0.75, 0.75, 0.75, 0.7, 0.6, 0.75, 0.1, 0.7, 0.85, 0.7, 0.7, 0.6]",15,0.6699999999999999
"It is expected that rain will occur tomorrow, as currently understood.",as currently understood,qwen/Qwen3-8B,"[0.35, 0.65, 0.6]",3,0.5333333333333333
"It rains tomorrow, pending further investigation.",pending further investigation,qwen/Qwen3-8B,"[0.6, 0.2, 0.6, 0.6, 0.6, 0.3, 0.6, 0.6, 0.7, 0.3, 0.5, 0.2, 0.85, 0.6, 0.6, 0.7, 0.3, 0.7, 0.6, 0.4, 0.3, 0.6, 0.8, 0.4, 0.6, 0.6, 0.7, 0.6, 0.6, 0.3]",30,0.535
"Pending further investigation, it rains tomorrow.",pending further investigation,qwen/Qwen3-8B,"[0.3, 0.85, 0.75, 0.75, 0.5, 0.7, 0.85, 0.2, 0.6]",9,0.6111111111111112
It rains tomorrow pending further investigation.,pending further investigation,qwen/Qwen3-8B,"[0.6, 0.6, 0.7, 0.6, 0.7, 0.6, 0.6, 0.6, 0.6, 0.6, 0.6, 0.7, 0.7, 0.6, 0.4]",15,0.6133333333333333
"It might rain tomorrow, pending further investigation.",pending further investigation,qwen/Qwen3-8B,"[0.3, 0.6, 0.6]",3,0.5
"Pending further investigation, it may rain tomorrow.",pending further investigation,qwen/Qwen3-8B,"[0.6, 0.6, 0.6]",3,0.6
"There is a correlation between X and Y, with the caveat that it does not prove causation.",with the caveat that,qwen/Qwen3-8B,"[0.7, 0.7, 0.75]",3,0.7166666666666667
"There is a correlation between X and Y, with the caveat that this relationship is not causal.",with the caveat that,qwen/Qwen3-8B,"[0.85, 0.85, 0.7]",3,0.7999999999999999
"There is a correlation between X and Y, with the caveat that other factors may also play a role.",with the caveat that,qwen/Qwen3-8B,"[0.6, 0.6, 0.7]",3,0.6333333333333333
"There is a correlation between X and Y, with the caveat that.",with the caveat that,qwen/Qwen3-8B,"[0.7, 0.75, 0.85, 0.7, 0.85, 0.85, 0.3, 0.6, 0.3, 0.6, 0.6, 0.7, 0.7, 0.5, 0.6, 0.8, 0.85, 0.6, 0.85, 0.6, 0.7, 0.6, 0.7, 0.7]",24,0.6666666666666666
"There is a correlation between X and Y, with the caveat that this is not causation.",with the caveat that,qwen/Qwen3-8B,"[0.85, 0.85, 0.85]",3,0.85
"There is a correlation between X and Y, with the caveat that the relationship may be influenced by other variables.",with the caveat that,qwen/Qwen3-8B,"[0.6, 0.7, 0.6]",3,0.6333333333333333
There is a correlation between X and Y with the caveat that.,with the caveat that,qwen/Qwen3-8B,"[0.9, 0.75, 0.2, 0.7, 0.7, 0.7]",6,0.6583333333333333
With the caveat that there is a correlation between X and Y.,with the caveat that,qwen/Qwen3-8B,"[0.6, 0.85, 0.7]",3,0.7166666666666667
"There is a correlation between X and Y, with the caveat that this does not imply causation.",with the caveat that,qwen/Qwen3-8B,"[0.85, 0.7, 0.7]",3,0.75
"There is a correlation between X and Y, with the caveat that it does not imply causation.",with the caveat that,qwen/Qwen3-8B,"[0.85, 0.85, 0.7]",3,0.7999999999999999
"There is a correlation between X and Y, with the caveat that it does not necessarily imply causation.",with the caveat that,qwen/Qwen3-8B,"[0.85, 0.7, 0.7]",3,0.75
"There is a correlation between X and Y, with the caveat that it may not necessarily indicate causation.",with the caveat that,qwen/Qwen3-8B,"[0.7, 0.7, 0.7]",3,0.6999999999999998
"The report is not accurate, with the qualification that it may contain some errors.",with the qualification that,qwen/Qwen3-8B,"[0.25, 0.6, 0.7, 0.7, 0.4, 0.5]",6,0.525
The report is not accurate with the qualification that it may contain some correct elements.,with the qualification that,qwen/Qwen3-8B,"[0.4, 0.5, 0.4]",3,0.43333333333333335
"The report is not accurate, with the qualification that it does not reflect recent data.",with the qualification that,qwen/Qwen3-8B,"[0.85, 0.6, 0.75]",3,0.7333333333333334
The report is not accurate with the qualification that its figures are outdated.,with the qualification that,qwen/Qwen3-8B,"[0.7, 0.7, 0.7]",3,0.6999999999999998
"The report is not accurate, with the qualification that it fails to reflect recent data.",with the qualification that,qwen/Qwen3-8B,"[0.7, 0.7, 0.6]",3,0.6666666666666666
The report is not accurate with the qualification that it is based on preliminary findings.,with the qualification that,qwen/Qwen3-8B,"[0.6, 0.6, 0.6]",3,0.6
The report is not accurate with the qualification that it was drawn from incomplete data.,with the qualification that,qwen/Qwen3-8B,"[0.75, 0.6, 0.7]",3,0.6833333333333332
"The report is not accurate, with the qualification that.",with the qualification that,qwen/Qwen3-8B,"[0.7, 0.6, 0.4, 0.3, 0.85, 0.9]",6,0.625
"The report is not accurate, with the qualification that its data set is incomplete.",with the qualification that,qwen/Qwen3-8B,"[0.7, 0.6, 0.7]",3,0.6666666666666666
The report is not accurate with the qualification that it may not fully reflect the latest data.,with the qualification that,qwen/Qwen3-8B,"[0.6, 0.6, 0.7]",3,0.6333333333333333
"The report is not accurate, with the qualification that it may contain errors.",with the qualification that,qwen/Qwen3-8B,"[0.7, 0.5, 0.3, 0.7, 0.3, 0.6]",6,0.5166666666666666
With the qualification that the report is not accurate.,with the qualification that,qwen/Qwen3-8B,"[0.7, 0.85, 0.5]",3,0.6833333333333332
The report is not accurate with the qualification that it is based on incomplete data.,with the qualification that,qwen/Qwen3-8B,"[0.7, 0.7, 0.7]",3,0.6999999999999998
"The report is not accurate, with the qualification that it contains multiple sources of error.",with the qualification that,qwen/Qwen3-8B,"[0.7, 0.85, 0.6]",3,0.7166666666666667
The report is not accurate with the qualification that it was based on incomplete data.,with the qualification that,qwen/Qwen3-8B,"[0.7, 0.7, 0.6]",3,0.6666666666666666
"The report is not accurate, with the qualification that it is incomplete.",with the qualification that,qwen/Qwen3-8B,"[0.85, 0.6, 0.7]",3,0.7166666666666667
The report is not accurate with the qualification that it may contain errors.,with the qualification that,qwen/Qwen3-8B,"[0.5, 0.3, 0.4]",3,0.39999999999999997
"Notwithstanding the forecast, it rains tomorrow.",notwithstanding,qwen/Qwen3-8B,"[0.9, 0.85, 0.75, 0.7, 0.75, 0.85]",6,0.7999999999999999
"It rains tomorrow, notwithstanding.",notwithstanding,qwen/Qwen3-8B,"[0.5, 0.75, 0.7]",3,0.65
"Notwithstanding, it rains tomorrow.",notwithstanding,qwen/Qwen3-8B,"[0.85, 0.85, 0.7, 0.75, 0.75, 0.9, 0.5, 0.9, 0.85, 0.85, 0.85, 0.5, 0.75, 0.9, 0.75, 0.85, 0.75, 0.75, 0.85, 0.75, 0.75, 0.75, 0.7, 0.75, 0.85, 0.85, 0.75, 0.75, 0.7, 0.75, 0.75, 0.85, 0.75, 0.85, 0.85, 0.85, 0.75, 0.75, 0.85, 0.75, 0.75, 0.85]",42,0.7809523809523808
"Notwithstanding, it will rain tomorrow.",notwithstanding,qwen/Qwen3-8B,"[0.75, 0.6, 0.85, 0.85, 0.75, 0.9]",6,0.7833333333333333
Notwithstanding it rains tomorrow.,notwithstanding,qwen/Qwen3-8B,"[0.3, 0.5, 0.7]",3,0.5
"The city is the oldest in the country, subject to revision.",subject to revision,qwen/Qwen3-8B,"[0.7, 0.6, 0.6, 0.7, 0.7, 0.6, 0.6, 0.3, 0.7, 0.6, 0.85, 0.7, 0.6, 0.7, 0.6, 0.85, 0.7, 0.6, 0.6, 0.75, 0.6, 0.7, 0.6, 0.7, 0.7, 0.7, 0.7, 0.7, 0.85, 0.6, 0.6, 0.7, 0.5, 0.85, 0.6, 0.6, 0.6, 0.7, 0.7, 0.7, 0.6, 0.6, 0.7, 0.7, 0.7, 0.6, 0.85, 0.6, 0.6, 0.4, 0.7, 0.7, 0.7, 0.6, 0.85, 0.85, 0.6]",57,0.6631578947368421
The city is subject to revision being the oldest in the country.,subject to revision,qwen/Qwen3-8B,"[0.4, 0.4, 0.3]",3,0.3666666666666667
"In theory, the restaurant serves delicious food.",in theory,qwen/Qwen3-8B,"[0.2, 0.3, 0.3, 0.3, 0.3, 0.3, 0.6, 0.3, 0.1, 0.2, 0.3, 0.3, 0.2, 0.3, 0.3, 0.3, 0.3, 0.4, 0.3, 0.3, 0.2, 0.3, 0.3, 0.3, 0.1, 0.3, 0.3, 0.3, 0.3, 0.4, 0.3, 0.3, 0.3, 0.6, 0.3, 0.3, 0.3, 0.1, 0.3, 0.3, 0.2, 0.2, 0.3, 0.3, 0.3]",45,0.2911111111111111
In theory the restaurant serves delicious food.,in theory,qwen/Qwen3-8B,"[0.3, 0.3, 0.3, 0.1, 0.3, 0.6, 0.3, 0.3, 0.3]",9,0.3111111111111111
"The restaurant serves delicious food, in theory.",in theory,qwen/Qwen3-8B,"[0.3, 0.4, 0.2]",3,0.3
"In theory, the new software will increase productivity.",in theory,qwen/Qwen3-8B,"[0.7, 0.3, 0.3]",3,0.4333333333333333
"Theoretically, the new product is successful in the market.",theoretically,qwen/Qwen3-8B,"[0.15, 0.6, 0.3, 0.3, 0.3, 0.2, 0.3, 0.25, 0.1, 0.3, 0.65, 0.3, 0.5, 0.4, 0.6, 0.7, 0.3, 0.6, 0.7, 0.7, 0.6, 0.3, 0.7, 0.1, 0.6, 0.6, 0.45, 0.4, 0.3, 0.3, 0.2, 0.6, 0.2, 0.3, 0.3, 0.3, 0.3, 0.3, 0.3, 0.6, 0.3, 0.4]",42,0.3976190476190476
Theoretically the new product is successful in the market.,theoretically,qwen/Qwen3-8B,"[0.3, 0.3, 0.7]",3,0.4333333333333333
The new product is theoretically successful in the market.,theoretically,qwen/Qwen3-8B,"[0.3, 0.6, 0.7, 0.85, 0.45, 0.75, 0.3, 0.45, 0.45, 0.3, 0.4, 0.3, 0.4, 0.7, 0.3]",15,0.48333333333333334
"Hypothetically, the restaurant serves delicious food.",hypothetically,qwen/Qwen3-8B,"[0.3, 0.3, 0.3, 0.2, 0.3, 0.4, 0.3, 0.3, 0.3, 0.1, 0.3, 0.1, 0.1, 0.1, 0.2, 0.3, 0.1, 0.3, 0.6, 0.2, 0.2, 0.3, 0.2, 0.3, 0.3, 0.3, 0.4, 0.3, 0.3, 0.1, 0.3, 0.6, 0.4, 0.3, 0.1, 0.1, 0.1, 0.5, 0.5, 0.85, 0.3, 0.3, 0.6, 0.2, 0.3, 0.3, 0.2, 0.4, 0.3, 0.3, 0.3, 0.3, 0.3, 0.3, 0.2, 0.7, 0.3]",57,0.30087719298245613
Hypothetically the restaurant serves delicious food.,hypothetically,qwen/Qwen3-8B,"[0.7, 0.3, 0.3]",3,0.4333333333333333
"In principle, the neighbor is home.",in principle,qwen/Qwen3-8B,"[0.85, 0.85, 0.6, 0.85, 0.6, 0.75, 0.75, 0.7, 0.75, 0.75, 0.7, 0.75, 0.85, 0.75, 0.75, 0.85, 0.75, 0.75, 0.7, 0.85, 0.75, 0.7, 0.75, 0.75, 0.75, 0.7, 0.75, 0.7, 0.75, 0.7, 0.75, 0.7, 0.85, 0.85, 0.75, 0.75, 0.75, 0.85, 0.85, 0.9, 0.75, 0.7, 0.5, 0.75, 0.75, 0.5, 0.85, 0.6, 0.85, 0.7, 0.7]",51,0.7470588235294118
The neighbor is home in principle.,in principle,qwen/Qwen3-8B,"[0.3, 0.75, 0.6, 0.2, 0.75, 0.3]",6,0.48333333333333334
In principle the neighbor is home.,in principle,qwen/Qwen3-8B,"[0.7, 0.65, 0.7]",3,0.6833333333333332
"On paper, the movie is good.",on paper,qwen/Qwen3-8B,"[0.75, 0.3, 0.2, 0.7, 0.85, 0.6, 0.7, 0.3, 0.85, 0.6, 0.7, 0.2, 0.85, 0.7, 0.75, 0.3, 0.3, 0.7, 0.3, 0.6, 0.1, 0.65, 0.5, 0.3, 0.7, 0.2, 0.3, 0.3, 0.3, 0.7]",30,0.51
The movie is good on paper.,on paper,qwen/Qwen3-8B,"[0.7, 0.1, 0.3, 0.7, 0.85, 0.5, 0.6, 0.7, 0.65, 0.7, 0.7, 0.7, 0.7, 0.3, 0.7, 0.5, 0.7, 0.3]",18,0.5777777777777778
The movie looks good on paper.,on paper,qwen/Qwen3-8B,"[0.7, 0.5, 0.1]",3,0.43333333333333335
"On paper, the movie looks good.",on paper,qwen/Qwen3-8B,"[0.7, 0.6, 0.4]",3,0.5666666666666667
"The movie is good, on paper.",on paper,qwen/Qwen3-8B,"[0.3, 0.6, 0.3, 0.7, 0.7, 0.3]",6,0.48333333333333334
Ideally the medication is effective in treating the disease.,ideally,qwen/Qwen3-8B,"[0.75, 0.75, 0.75, 0.7, 0.7, 0.3]",6,0.6583333333333333
"Ideally, the medication is effective in treating the disease.",ideally,qwen/Qwen3-8B,"[0.5, 0.7, 0.7, 0.7, 0.6, 0.5, 0.75, 0.7, 0.6, 0.75, 0.7, 0.6, 0.7, 0.7, 0.75, 0.6, 0.6, 0.7, 0.3, 0.7, 0.6, 0.75, 0.7, 0.7, 0.75, 0.6, 0.75, 0.6, 0.7, 0.7, 0.5, 0.7, 0.5, 0.75, 0.7, 0.75, 0.6, 0.75, 0.7, 0.6, 0.6, 0.75, 0.75, 0.6, 0.7, 0.7, 0.7, 0.6, 0.5, 0.75, 0.7, 0.75, 0.7, 0.6]",54,0.6601851851851852
In an ideal world the restaurant serves delicious food.,in an ideal world,qwen/Qwen3-8B,"[0.1, 0.1, 0.3, 0.5, 0.3, 0.1, 0.4, 0.1, 0.1, 0.5, 0.3, 0.1, 0.3, 0.3, 0.1, 0.3, 0.3, 0.1, 0.3, 0.1, 0.1]",21,0.22857142857142856
"In an ideal world, the restaurant serves delicious food.",in an ideal world,qwen/Qwen3-8B,"[0.3, 0.1, 0.1, 0.3, 0.1, 0.3, 0.1, 0.3, 0.1, 0.3, 0.3, 0.3, 0.3, 0.3, 0.3, 0.3, 0.3, 0.1, 0.3, 0.1, 0.1, 0.1, 0.3, 0.3, 0.1, 0.3, 0.2, 0.3, 0.1, 0.3, 0.1, 0.1, 0.3, 0.3, 0.3, 0.1, 0.3, 0.3, 0.3]",39,0.22564102564102567
"Under normal circumstances, the restaurant serves delicious food.",under normal circumstances,qwen/Qwen3-8B,"[0.85, 0.75, 0.75, 0.85, 0.85, 0.85, 0.7, 0.85, 0.75, 0.75, 0.75, 0.75, 0.85, 0.85, 0.6, 0.85, 0.75, 0.85, 0.6, 0.75, 0.85, 0.85, 0.85, 0.85, 0.75, 0.75, 0.75, 0.85, 0.85, 0.75, 0.85, 0.75, 0.85, 0.75, 0.85, 0.85, 0.85, 0.85, 0.85, 0.75, 0.75, 0.85, 0.85, 0.85, 0.85, 0.85, 0.85, 0.85]",48,0.803125
The restaurant serves delicious food under normal circumstances.,under normal circumstances,qwen/Qwen3-8B,"[0.75, 0.75, 0.7, 0.6, 0.75, 0.7, 0.85, 0.7, 0.6]",9,0.711111111111111
Under normal circumstances the restaurant serves delicious food.,under normal circumstances,qwen/Qwen3-8B,"[0.75, 0.85, 0.85]",3,0.8166666666666668
"All things being equal, the report is not accurate.",all things being equal,qwen/Qwen3-8B,"[0.85, 0.6, 0.7, 0.6, 0.75, 0.75, 0.4, 0.75, 0.75, 0.85, 0.7, 0.8, 0.85, 0.6, 0.7, 0.75, 0.75, 0.7, 0.85, 0.5, 0.75, 0.4, 0.75, 0.85, 0.7, 0.75, 0.75, 0.75, 0.85, 0.4, 0.75, 0.6, 0.7, 0.75, 0.8, 0.3, 0.85, 0.85, 0.4, 0.5, 0.7, 0.7, 0.5, 0.7, 0.6, 0.85, 0.6, 0.6, 0.7, 0.7, 0.85, 0.85, 0.6, 0.65, 0.85, 0.85, 0.75, 0.3, 0.75, 0.7]",60,0.6908333333333333
"The book is informative, all else being equal.",all else being equal,qwen/Qwen3-8B,"[0.65, 0.85, 0.75, 0.7, 0.8, 0.75, 0.7, 0.6, 0.6, 0.85, 0.7, 0.6]",12,0.7125
"All else being equal, the book is informative.",all else being equal,qwen/Qwen3-8B,"[0.85, 0.75, 0.85, 0.75, 0.75, 0.75, 0.85, 0.75, 0.85, 0.75, 0.85, 0.75, 0.7, 0.85, 0.85, 0.7, 0.75, 0.85, 0.7, 0.75, 0.6, 0.65, 0.7, 0.75, 0.85, 0.85, 0.85, 0.75, 0.75, 0.75, 0.75, 0.85, 0.85, 0.85, 0.75, 0.75, 0.85, 0.65, 0.85, 0.85, 0.7, 0.7, 0.6, 0.75, 0.75, 0.85, 0.85, 0.75]",48,0.7729166666666667
"Under certain assumptions, the city is the oldest in the country.",under certain assumptions,qwen/Qwen3-8B,"[0.7, 0.7, 0.85, 0.7, 0.7, 0.7, 0.7, 0.75, 0.7, 0.7, 0.75, 0.7, 0.6, 0.7, 0.85, 0.7, 0.7, 0.85, 0.7, 0.6, 0.7, 0.7, 0.7, 0.85, 0.75, 0.7, 0.75, 0.75, 0.7, 0.85, 0.7, 0.75, 0.7, 0.7, 0.85, 0.6, 0.7, 0.75, 0.7, 0.85, 0.25, 0.7, 0.75, 0.6, 0.7, 0.7, 0.6, 0.7, 0.75, 0.7, 0.7, 0.6, 0.6, 0.7, 0.7, 0.7, 0.75]",57,0.7070175438596491
The city is the oldest in the country under certain assumptions.,under certain assumptions,qwen/Qwen3-8B,"[0.7, 0.7, 0.6]",3,0.6666666666666666
"Given certain conditions, the movie is good.",given certain conditions,qwen/Qwen3-8B,"[0.4, 0.7, 0.2, 0.4, 0.3, 0.6, 0.3, 0.3, 0.4, 0.6, 0.7, 0.3, 0.3, 0.6, 0.4, 0.2, 0.4, 0.6, 0.3, 0.4, 0.3, 0.7, 0.3, 0.2, 0.6, 0.7, 0.3, 0.4, 0.6, 0.3, 0.2, 0.3, 0.7]",33,0.42424242424242425
"The movie is good, given certain conditions.",given certain conditions,qwen/Qwen3-8B,"[0.7, 0.5, 0.6, 0.6, 0.6, 0.3]",6,0.5499999999999999
The movie is good given certain conditions.,given certain conditions,qwen/Qwen3-8B,"[0.6, 0.6, 0.6, 0.2, 0.2, 0.5, 0.4, 0.6, 0.2, 0.3, 0.7, 0.6, 0.3, 0.4, 0.6, 0.7, 0.4, 0.6, 0.3, 0.6, 0.3]",21,0.4619047619047619
"In certain circumstances, the experiment shows a significant effect.",in certain circumstances,qwen/Qwen3-8B,"[0.4, 0.2, 0.4, 0.6, 0.4, 0.4, 0.6, 0.75, 0.6, 0.4, 0.7, 0.4, 0.6, 0.6, 0.6, 0.6, 0.5, 0.4, 0.6, 0.6, 0.6, 0.6, 0.4, 0.4, 0.7, 0.7, 0.6, 0.5, 0.6, 0.6, 0.6, 0.4, 0.4, 0.3, 0.6, 0.6]",36,0.5263888888888889
In certain circumstances the experiment shows a significant effect.,in certain circumstances,qwen/Qwen3-8B,"[0.4, 0.85, 0.6, 0.7, 0.6, 0.4, 0.4, 0.3, 0.5, 0.4, 0.5, 0.75, 0.7, 0.4, 0.6, 0.5, 0.65, 0.75, 0.6, 0.3, 0.3]",21,0.5333333333333333
The experiment shows a significant effect in certain circumstances.,in certain circumstances,qwen/Qwen3-8B,"[0.6, 0.6, 0.6]",3,0.6
"If conditions hold, the report is not accurate.",if conditions hold,qwen/Qwen3-8B,"[0.7, 0.75, 0.85, 0.75, 0.7, 0.75, 0.3, 0.8, 0.75, 0.85, 0.85, 0.7, 0.85, 0.75, 0.6, 0.85, 0.85, 0.6, 0.7, 0.6, 0.85, 0.7, 0.85, 0.85, 0.7, 0.7, 0.85, 0.85, 0.85, 0.6, 0.85, 0.6, 0.7]",33,0.7424242424242424
The report is not accurate if conditions hold.,if conditions hold,qwen/Qwen3-8B,"[0.85, 0.7, 0.7, 0.8, 0.75, 0.75, 0.75, 0.75, 0.7, 0.75, 0.7, 0.75, 0.75, 0.75, 0.6, 0.7, 0.75, 0.85, 0.85, 0.75, 0.6, 0.7, 0.6, 0.6]",24,0.7270833333333333
The report is accurate if conditions hold.,if conditions hold,qwen/Qwen3-8B,"[0.75, 0.85, 0.85]",3,0.8166666666666668
"The neighbor is home, ceteris paribus.",ceteris paribus,qwen/Qwen3-8B,"[0.85, 0.85, 0.85, 0.85, 0.85, 0.75, 0.85, 0.7, 0.7, 0.75, 0.75, 0.85, 0.75, 0.9, 0.75, 0.75, 0.75, 0.75, 0.8, 0.85, 0.85, 0.85, 0.75, 0.75, 0.75, 0.75, 0.7, 0.85, 0.75, 0.75]",30,0.7883333333333333
"Ceteris paribus, the neighbor is home.",ceteris paribus,qwen/Qwen3-8B,"[0.85, 0.9, 0.85, 0.85, 0.75, 0.9, 0.85, 0.85, 0.75, 0.85, 0.9, 0.85, 0.75, 0.75, 0.85, 0.6, 0.85, 0.9, 0.75, 0.85, 0.9, 0.85, 0.85, 0.75, 0.8, 0.9, 0.85, 0.9, 0.85, 0.85]",30,0.8316666666666667
"In a best-case scenario, the book is informative.",in a best-case scenario,qwen/Qwen3-8B,"[0.3, 0.3, 0.7, 0.7, 0.4, 0.2, 0.3, 0.6, 0.3, 0.5, 0.3, 0.7, 0.4, 0.3, 0.3, 0.3, 0.3, 0.3, 0.4, 0.7, 0.7, 0.7, 0.4, 0.3, 0.4, 0.3, 0.6, 0.3, 0.3, 0.3, 0.7, 0.3, 0.6, 0.6, 0.7, 0.3, 0.3, 0.2, 0.6, 0.7, 0.3, 0.3]",42,0.4333333333333333
"In a best‑case scenario, the book is informative.",in a best-case scenario,qwen/Qwen3-8B,"[0.3, 0.6, 0.6, 0.7, 0.5, 0.4, 0.3, 0.7, 0.4, 0.8, 0.3, 0.4, 0.2, 0.6, 0.4, 0.3, 0.3, 0.6]",18,0.4666666666666667
"In a worst‑case scenario, the movie is good.",in a worst-case scenario,qwen/Qwen3-8B,"[0.7, 0.4, 0.3, 0.6, 0.4, 0.1, 0.2, 0.3, 0.2, 0.7, 0.4, 0.6]",12,0.4083333333333334
"In a worst-case scenario, the movie is good.",in a worst-case scenario,qwen/Qwen3-8B,"[0.25, 0.7, 0.2, 0.15, 0.75, 0.4, 0.7, 0.85, 0.3, 0.6, 0.4, 0.6, 0.3, 0.7, 0.2, 0.75, 0.3, 0.6, 0.7, 0.7, 0.2, 0.4, 0.75, 0.3, 0.7, 0.2, 0.7, 0.5, 0.1, 0.3, 0.6, 0.7, 0.5, 0.2, 0.3, 0.2, 0.3, 0.4, 0.2, 0.7, 0.2, 0.6]",42,0.45714285714285713
"In a worst case scenario, the movie is good.",in a worst-case scenario,qwen/Qwen3-8B,"[0.2, 0.7, 0.2]",3,0.3666666666666667
"The movie is good, in a worst-case scenario.",in a worst-case scenario,qwen/Qwen3-8B,"[0.4, 0.6, 0.3]",3,0.43333333333333335
"Under optimal conditions, there is a correlation between X and Y.",under optimal conditions,qwen/Qwen3-8B,"[0.75, 0.7, 0.75, 0.7, 0.7, 0.75, 0.6, 0.85, 0.85, 0.7, 0.85, 0.7, 0.85, 0.85, 0.85, 0.6, 0.75, 0.7, 0.7, 0.75, 0.6, 0.6, 0.7, 0.75, 0.6, 0.7, 0.75, 0.6, 0.6, 0.75, 0.75, 0.75, 0.6, 0.85, 0.85, 0.7, 0.7, 0.75, 0.7, 0.75, 0.75, 0.85, 0.7, 0.7, 0.6, 0.7, 0.75, 0.6, 0.7, 0.65, 0.6]",51,0.7176470588235294
Under optimal conditions there is a correlation between X and Y.,under optimal conditions,qwen/Qwen3-8B,"[0.5, 0.7, 0.7, 0.7, 0.7, 0.85]",6,0.6916666666666665
There is a correlation between X and Y under optimal conditions.,under optimal conditions,qwen/Qwen3-8B,"[0.5, 0.65, 0.6]",3,0.5833333333333334
"The city is the oldest in the country, holding everything else constant.",holding everything else constant,qwen/Qwen3-8B,"[0.85, 0.75, 0.85, 0.85, 0.75, 0.9, 0.85, 0.85, 0.95, 0.85, 0.85, 0.85, 0.85, 0.85, 0.85]",15,0.8466666666666666
"Holding everything else constant, the city is the oldest in the country.",holding everything else constant,qwen/Qwen3-8B,"[0.85, 0.85, 0.95, 0.85, 0.85, 0.85, 0.85, 0.95, 0.85, 0.9, 0.9, 0.95, 0.85, 0.9, 0.9, 0.95, 0.85, 0.9, 0.95, 0.95, 0.95, 0.95, 0.9, 0.9, 0.9, 0.9, 0.7, 0.85, 0.85, 0.95, 0.95, 0.95, 0.95, 0.85, 0.75, 0.95, 0.85, 0.85, 0.9, 0.9, 0.85, 0.85, 0.9, 0.85, 0.9]",45,0.8877777777777779
The new product is certainly successful in the market.,certainly,mistralai/Mistral-7B-Instruct-v0.3,"[0.95, 0.95, 0.98, 0.95, 0.95, 0.95, 0.95, 0.95, 0.95, 0.95, 0.95, 0.95, 0.95, 0.95, 0.95, 0.95, 0.9, 0.95, 0.95, 0.95, 0.95, 0.95, 0.95, 0.95, 0.95, 0.95, 0.95, 0.95, 0.95, 0.95, 0.95, 0.95, 0.95, 0.95, 0.95, 0.95, 0.95, 0.95, 0.95, 0.95, 0.95, 0.95, 0.95, 0.95, 0.95, 0.98, 0.95, 1.0, 0.95, 0.95, 0.95, 0.95, 0.95, 0.95]",54,0.9511111111111111
Certainly the new product is successful in the market.,certainly,mistralai/Mistral-7B-Instruct-v0.3,"[0.95, 1.0, 1.0]",3,0.9833333333333334
It is certainly successful in the market.,certainly,mistralai/Mistral-7B-Instruct-v0.3,"[0.95, 0.95, 0.95]",3,0.9499999999999998
The restaurant definitely serves delicious food.,definitely,mistralai/Mistral-7B-Instruct-v0.3,"[1.0, 1.0, 1.0, 1.0, 1.0, 0.95, 1.0, 1.0, 0.95, 0.95, 1.0, 1.0, 1.0, 1.0, 1.0, 1.0, 1.0, 0.95, 1.0, 1.0, 1.0, 1.0, 1.0, 1.0, 1.0, 1.0, 1.0, 1.0, 1.0, 1.0, 1.0, 1.0, 0.95, 1.0, 1.0, 1.0, 1.0, 1.0, 1.0, 1.0, 1.0, 1.0, 1.0, 1.0, 1.0, 1.0, 1.0, 1.0, 1.0, 1.0, 1.0, 1.0, 1.0, 1.0, 1.0, 1.0, 1.0, 1.0, 1.0, 1.0]",60,0.9958333333333333
The report is absolutely not accurate.,absolutely,mistralai/Mistral-7B-Instruct-v0.3,"[1.0, 1.0, 1.0, 1.0, 1.0, 1.0, 0.95, 1.0, 1.0, 1.0, 1.0, 1.0, 1.0, 1.0, 1.0, 1.0, 1.0, 1.0, 1.0, 1.0, 1.0, 1.0, 1.0, 1.0, 1.0, 1.0, 1.0, 1.0, 1.0, 1.0, 1.0, 1.0, 1.0, 1.0, 1.0, 1.0, 1.0, 1.0, 1.0, 1.0, 1.0, 1.0, 1.0, 1.0, 1.0, 1.0, 0.98, 1.0, 1.0, 1.0, 0.95]",51,0.9976470588235294
Absolutely not accurate.,absolutely,mistralai/Mistral-7B-Instruct-v0.3,"[1.0, 1.0, 1.0]",3,1.0
"Absolutely, the report is not accurate.",absolutely,mistralai/Mistral-7B-Instruct-v0.3,"[1.0, 1.0, 1.0]",3,1.0
It is absolutely accurate.,absolutely,mistralai/Mistral-7B-Instruct-v0.3,"[1.0, 1.0, 1.0]",3,1.0
undoubtedly the record is not accurate.,undoubtedly,mistralai/Mistral-7B-Instruct-v0.3,"[0.85, 0.95, 1.0]",3,0.9333333333333332
"Undoubtedly, the report is not accurate.",undoubtedly,mistralai/Mistral-7B-Instruct-v0.3,"[1.0, 0.98, 0.95, 0.95, 0.95, 1.0, 0.95, 1.0, 0.95, 1.0, 1.0, 1.0, 1.0, 1.0, 1.0, 0.95, 0.95, 0.95, 0.98, 0.95, 1.0, 0.95, 1.0, 0.95]",24,0.9754166666666667
The report is undoubtedly not accurate.,undoubtedly,mistralai/Mistral-7B-Instruct-v0.3,"[1.0, 1.0, 1.0, 1.0, 1.0, 1.0, 1.0, 1.0, 1.0, 1.0, 1.0, 1.0, 1.0, 1.0, 1.0, 1.0, 0.95, 1.0, 1.0, 1.0, 1.0, 1.0, 1.0, 0.95]",24,0.9958333333333332
Undoubtedly the report is not accurate.,undoubtedly,mistralai/Mistral-7B-Instruct-v0.3,"[0.95, 0.95, 1.0, 1.0, 0.95, 1.0, 1.0, 0.95, 1.0]",9,0.9777777777777779
There is unquestionably a correlation between X and Y.,unquestionably,mistralai/Mistral-7B-Instruct-v0.3,"[0.95, 0.98, 1.0, 1.0, 1.0, 0.95, 1.0, 1.0, 1.0, 1.0, 1.0, 0.95, 1.0, 1.0, 1.0, 0.98, 1.0, 0.95, 1.0, 1.0, 1.0, 0.95, 1.0, 0.95, 1.0, 1.0, 0.95, 1.0, 0.98, 0.95, 1.0, 0.95, 1.0]",33,0.9845454545454546
The correlation between X and Y is unquestionably evident.,unquestionably,mistralai/Mistral-7B-Instruct-v0.3,"[0.95, 0.97, 1.0]",3,0.9733333333333333
Unquestionably there is a correlation between X and Y.,unquestionably,mistralai/Mistral-7B-Instruct-v0.3,"[0.95, 1.0, 1.0, 1.0, 0.95, 1.0]",6,0.9833333333333334
There is undeniably a correlation between X and Y.,unquestionably,mistralai/Mistral-7B-Instruct-v0.3,"[0.95, 0.95, 0.95]",3,0.9499999999999998
unquestionably there is a correlation between X and Y.,unquestionably,mistralai/Mistral-7B-Instruct-v0.3,"[0.98, 0.98, 1.0]",3,0.9866666666666667
It is unquestionably correlated that X and Y.,unquestionably,mistralai/Mistral-7B-Instruct-v0.3,"[0.95, 0.95, 0.95]",3,0.9499999999999998
"Unquestionably, there is a correlation between X and Y.",unquestionably,mistralai/Mistral-7B-Instruct-v0.3,"[0.98, 0.95, 0.95, 1.0, 0.98, 0.98, 0.95, 0.98, 0.98]",9,0.9722222222222222
"It rains tomorrow, without a doubt.",without a doubt,mistralai/Mistral-7B-Instruct-v0.3,"[1.0, 1.0, 1.0, 1.0, 1.0, 1.0, 1.0, 1.0, 1.0, 1.0, 1.0, 1.0, 1.0, 1.0, 1.0]",15,1.0
It will rain tomorrow without a doubt.,without a doubt,mistralai/Mistral-7B-Instruct-v0.3,"[1.0, 1.0, 1.0, 1.0, 1.0, 1.0]",6,1.0
It rains tomorrow without a doubt.,without a doubt,mistralai/Mistral-7B-Instruct-v0.3,"[1.0, 1.0, 1.0, 1.0, 1.0, 0.95, 1.0, 1.0, 0.98, 1.0, 1.0, 1.0, 1.0, 1.0, 1.0, 1.0, 0.95, 1.0, 1.0, 1.0, 1.0, 1.0, 1.0, 1.0]",24,0.995
"Without a doubt, it rains tomorrow.",without a doubt,mistralai/Mistral-7B-Instruct-v0.3,"[1.0, 1.0, 1.0, 1.0, 1.0, 1.0, 1.0, 1.0, 1.0]",9,1.0
"It will rain tomorrow, without a doubt.",without a doubt,mistralai/Mistral-7B-Instruct-v0.3,"[1.0, 1.0, 1.0]",3,1.0
"Without a doubt, the capital of France is Paris.",without a doubt,mistralai/Mistral-7B-Instruct-v0.3,"[1.0, 1.0, 1.0]",3,1.0
The city is the oldest in the country for certain.,for certain,mistralai/Mistral-7B-Instruct-v0.3,"[0.95, 0.95, 0.95, 0.95, 0.95, 0.95, 0.95, 0.95, 1.0, 0.95, 0.95, 0.95, 0.95, 1.0, 0.95, 0.95, 0.95, 0.95, 0.95, 0.95, 0.95]",21,0.9547619047619048
The city is for certain the oldest in the country.,for certain,mistralai/Mistral-7B-Instruct-v0.3,"[0.95, 0.85, 0.95, 0.95, 0.95, 0.98, 0.95, 0.95, 0.95, 0.98, 0.95, 1.0]",12,0.9508333333333333
"The city is, for certain, the oldest in the country.",for certain,mistralai/Mistral-7B-Instruct-v0.3,"[0.95, 1.0, 1.0, 0.95, 0.95, 0.95]",6,0.9666666666666667
"The city is the oldest in the country, for certain.",for certain,mistralai/Mistral-7B-Instruct-v0.3,"[0.95, 0.95, 0.95, 0.95, 1.0, 0.95, 0.95, 0.95, 0.95, 0.95, 0.98, 0.95, 0.95, 0.95, 0.95]",15,0.9553333333333334
For certain the city is the oldest in the country.,for certain,mistralai/Mistral-7B-Instruct-v0.3,"[0.95, 0.95, 0.95]",3,0.9499999999999998
It is for certain that the city is the oldest in the country.,for certain,mistralai/Mistral-7B-Instruct-v0.3,"[1.0, 1.0, 1.0]",3,1.0
The report is not accurate without question.,without question,mistralai/Mistral-7B-Instruct-v0.3,"[1.0, 0.95, 0.95, 1.0, 1.0, 0.95, 0.95, 0.97, 0.95, 0.95, 0.95, 0.95, 0.95, 0.95, 0.95, 0.95, 0.95, 1.0, 0.97, 0.95, 1.0, 0.9, 0.95, 0.95, 0.95, 0.95, 0.95, 1.0, 0.95, 1.0, 0.95, 0.95, 0.95, 0.95, 0.95, 0.95, 1.0, 0.95, 1.0, 1.0, 1.0, 1.0]",42,0.964047619047619
"Without question, the report is not accurate.",without question,mistralai/Mistral-7B-Instruct-v0.3,"[0.95, 1.0, 1.0, 1.0, 0.95, 1.0]",6,0.9833333333333334
"The report is not accurate, without question.",without question,mistralai/Mistral-7B-Instruct-v0.3,"[1.0, 1.0, 0.95, 0.95, 1.0, 1.0, 1.0, 1.0, 1.0, 1.0, 1.0, 1.0]",12,0.9916666666666667
The city is clearly the oldest in the country.,clearly,mistralai/Mistral-7B-Instruct-v0.3,"[0.95, 1.0, 1.0, 0.95, 1.0, 0.95, 0.95, 0.95, 0.95, 0.95, 1.0, 0.95, 0.95, 0.95, 1.0, 0.95, 0.95, 1.0, 0.95, 0.95, 0.95, 0.95, 0.95, 0.95, 0.95, 0.95, 1.0, 0.95, 0.95, 0.95, 0.98, 0.95, 0.95, 0.95, 0.95, 1.0, 0.95, 0.95, 0.95, 0.95, 0.95, 0.95]",42,0.9602380952380952
Clearly the city is the oldest in the country.,clearly,mistralai/Mistral-7B-Instruct-v0.3,"[0.85, 0.95, 0.95, 1.0, 0.95, 0.95, 0.95, 0.95, 1.0, 0.95, 0.95, 0.95]",12,0.9500000000000001
"Clearly, the city is the oldest in the country.",clearly,mistralai/Mistral-7B-Instruct-v0.3,"[0.95, 0.95, 0.95, 0.95, 0.95, 0.95]",6,0.9499999999999998
"Obviously, the movie is good.",obviously,mistralai/Mistral-7B-Instruct-v0.3,"[0.95, 0.95, 0.9, 0.95, 0.95, 0.95, 0.95, 0.95, 0.95, 0.95, 1.0, 0.95, 0.95, 0.95, 0.95, 0.95, 0.95, 0.95]",18,0.9499999999999998
The movie is obviously good.,obviously,mistralai/Mistral-7B-Instruct-v0.3,"[0.95, 0.95, 0.95, 0.95, 0.95, 0.95, 0.95, 0.85, 0.95, 0.95, 0.9, 0.95, 0.95, 0.95, 0.95, 0.95, 1.0, 0.95, 0.95, 1.0, 0.9, 0.95, 0.95, 0.95, 0.95, 0.95, 0.95, 0.95, 0.95, 0.95, 0.85, 0.95, 0.95, 0.95, 0.85, 0.95]",36,0.9416666666666667
Obviously the movie is good.,obviously,mistralai/Mistral-7B-Instruct-v0.3,"[0.85, 0.95, 0.95, 0.95, 0.95, 0.95]",6,0.9333333333333332
The experiment evidently shows a significant effect.,evidently,mistralai/Mistral-7B-Instruct-v0.3,"[0.95, 0.95, 0.95, 0.95, 0.95, 0.95, 0.95, 0.95, 0.95, 0.95, 0.95, 0.95, 0.95, 0.95, 0.95, 0.95, 0.95, 0.95, 0.95, 0.97, 0.95, 0.95, 0.95, 0.95, 0.95, 0.95, 0.95, 0.95, 0.95, 0.95, 0.95, 0.98, 0.95]",33,0.9515151515151514
"Evidently, the experiment shows a significant effect.",evidently,mistralai/Mistral-7B-Instruct-v0.3,"[0.95, 0.95, 0.95, 0.95, 0.95, 0.95, 0.95, 0.95, 0.95, 0.95, 0.95, 0.95, 0.95, 0.95, 0.95]",15,0.95
"The experiment shows a significant effect, evidently.",evidently,mistralai/Mistral-7B-Instruct-v0.3,"[0.95, 0.95, 0.95]",3,0.9499999999999998
Evidently the experiment shows a significant effect.,evidently,mistralai/Mistral-7B-Instruct-v0.3,"[0.95, 0.95, 0.95, 0.95, 0.95, 0.9, 0.95, 0.95, 0.95]",9,0.9444444444444444
The neighbor is plainly home.,plainly,mistralai/Mistral-7B-Instruct-v0.3,"[0.95, 0.95, 0.95, 0.95, 0.95, 1.0, 0.95, 0.95, 0.95, 0.95, 0.95, 0.95, 1.0, 0.95, 1.0, 0.95, 0.95, 0.95, 0.9, 0.95, 0.95, 0.95, 0.95, 0.85, 0.95, 0.95, 0.95, 0.95, 0.95, 0.95, 0.95, 0.95, 0.95, 0.95, 0.95, 0.95, 0.95, 0.95, 0.95, 0.95, 0.95, 0.95, 0.95, 0.95, 1.0]",45,0.951111111111111
Plainly the neighbor is home.,plainly,mistralai/Mistral-7B-Instruct-v0.3,"[0.95, 0.85, 0.95, 0.9, 0.95, 0.95]",6,0.9249999999999999
"Plainly, the neighbor is home.",plainly,mistralai/Mistral-7B-Instruct-v0.3,"[0.95, 0.95, 0.95, 0.95, 0.95, 0.85]",6,0.9333333333333332
The neighbor is plainly at home.,plainly,mistralai/Mistral-7B-Instruct-v0.3,"[0.95, 0.95, 0.95]",3,0.9499999999999998
The new policy surely improves the economy.,surely,mistralai/Mistral-7B-Instruct-v0.3,"[0.95, 0.95, 0.95, 0.95, 0.9, 0.95, 0.9, 0.95, 0.95, 0.9, 0.85, 0.95, 0.85, 0.95, 0.95, 0.95, 0.95, 0.8, 0.85, 0.85, 0.9, 0.85, 0.95, 0.95, 0.95, 0.95, 0.85, 0.85, 0.95, 0.9, 0.95, 0.85, 0.95, 0.9, 0.9, 0.85]",36,0.911111111111111
Surely the new policy improves the economy.,surely,mistralai/Mistral-7B-Instruct-v0.3,"[0.85, 0.85, 0.9, 0.8, 0.95, 0.95, 0.8, 0.85, 0.9, 0.75, 0.85, 0.85, 0.95, 0.8, 0.8, 0.85, 0.8, 0.95, 0.85, 0.8, 0.9]",21,0.8571428571428571
"Surely, the new policy improves the economy.",surely,mistralai/Mistral-7B-Instruct-v0.3,"[0.75, 0.8, 0.85]",3,0.7999999999999999
The movie is assuredly good.,assuredly,mistralai/Mistral-7B-Instruct-v0.3,"[0.95, 0.95, 0.95, 0.95, 0.95, 0.95, 0.95, 0.95, 0.95, 0.95, 0.95, 0.95, 0.95, 0.95, 0.9, 0.95, 0.95, 0.95, 0.95, 0.95, 0.95, 0.95, 0.95, 0.95, 0.95, 0.95, 0.95, 0.95, 0.95, 0.95, 0.95, 0.95, 1.0, 0.95, 0.95, 0.95, 0.95, 0.95, 0.95]",39,0.95
"The movie is good, assuredly.",assuredly,mistralai/Mistral-7B-Instruct-v0.3,"[0.95, 0.95, 0.95, 0.95, 0.95, 0.92, 0.95, 0.95, 0.95, 0.95, 0.95, 0.95, 0.95, 0.95, 0.95]",15,0.948
"Assuredly, the movie is good.",assuredly,mistralai/Mistral-7B-Instruct-v0.3,"[0.95, 0.95, 0.95]",3,0.9499999999999998
The movie is good assuredly.,assuredly,mistralai/Mistral-7B-Instruct-v0.3,"[0.9, 0.8, 0.8]",3,0.8333333333333334
There is positively a correlation between X and Y.,positively,mistralai/Mistral-7B-Instruct-v0.3,"[0.95, 0.95, 0.95, 0.95, 0.95, 0.95, 0.95, 0.95, 0.95]",9,0.9499999999999998
"There is a correlation between X and Y, positively.",positively,mistralai/Mistral-7B-Instruct-v0.3,"[0.95, 0.9, 0.85, 0.9, 0.95, 0.95]",6,0.9166666666666666
There is a correlation between X and Y positively.,positively,mistralai/Mistral-7B-Instruct-v0.3,"[0.95, 0.9, 0.9, 0.95, 0.9, 0.95, 0.95, 0.8, 0.95]",9,0.9166666666666666
The correlation between X and Y is positively observed.,positively,mistralai/Mistral-7B-Instruct-v0.3,"[0.85, 0.85, 0.9, 0.9, 0.85, 0.95]",6,0.8833333333333333
There is a positively correlation between X and Y.,positively,mistralai/Mistral-7B-Instruct-v0.3,"[0.8, 0.8, 0.95, 0.85, 0.85, 0.95, 0.95, 0.9, 0.8]",9,0.8722222222222222
It positively correlates X and Y.,positively,mistralai/Mistral-7B-Instruct-v0.3,"[0.9, 0.95, 0.95]",3,0.9333333333333332
X is positively correlated with Y.,positively,mistralai/Mistral-7B-Instruct-v0.3,"[0.95, 0.95, 0.95]",3,0.9499999999999998
"Positively, there is a correlation between X and Y.",positively,mistralai/Mistral-7B-Instruct-v0.3,"[0.95, 0.95, 0.95]",3,0.9499999999999998
There is a positive correlation between X and Y.,positively,mistralai/Mistral-7B-Instruct-v0.3,"[0.85, 0.95, 0.95]",3,0.9166666666666666
There is a positively correlated relationship between X and Y.,positively,mistralai/Mistral-7B-Instruct-v0.3,"[0.95, 0.95, 0.95]",3,0.9499999999999998
X and Y are positively correlated.,positively,mistralai/Mistral-7B-Instruct-v0.3,"[0.95, 0.9, 0.95, 0.95, 0.95, 0.95]",6,0.9416666666666665
The report is categorically not accurate.,categorically,mistralai/Mistral-7B-Instruct-v0.3,"[1.0, 1.0, 0.95, 1.0, 1.0, 1.0, 1.0, 1.0, 1.0, 1.0, 0.98, 1.0, 1.0, 0.95, 1.0, 1.0, 1.0, 1.0, 1.0, 1.0, 1.0, 1.0, 1.0, 1.0, 1.0, 1.0, 1.0, 1.0, 1.0, 1.0, 1.0, 1.0, 1.0, 1.0, 1.0, 0.95, 1.0, 1.0, 0.98]",39,0.9951282051282052
The report is categorically inaccurate.,categorically,mistralai/Mistral-7B-Instruct-v0.3,"[1.0, 0.95, 1.0, 1.0, 1.0, 1.0, 1.0, 1.0, 0.95]",9,0.9888888888888889
"Categorically, the report is not accurate.",categorically,mistralai/Mistral-7B-Instruct-v0.3,"[0.95, 1.0, 1.0, 1.0, 1.0, 1.0, 1.0, 0.95, 0.95]",9,0.9833333333333333
The report categorically is not accurate.,categorically,mistralai/Mistral-7B-Instruct-v0.3,"[0.95, 0.95, 0.95]",3,0.9499999999999998
The restaurant serves delicious food unconditionally.,unconditionally,mistralai/Mistral-7B-Instruct-v0.3,"[0.95, 0.95, 1.0, 0.95, 0.95, 0.95, 0.95, 0.95, 0.95, 0.95, 0.85, 1.0, 1.0, 0.95, 0.95, 1.0, 1.0, 1.0, 0.95, 1.0, 0.95, 0.95, 0.95, 1.0, 1.0, 1.0, 0.95, 1.0, 0.95, 0.95, 0.95, 0.95, 0.95, 0.95, 0.95, 0.95, 0.95, 0.95, 0.95, 0.95, 0.95, 0.95, 1.0, 0.95, 0.95]",45,0.9611111111111111
The restaurant serves unconditionally delicious food.,unconditionally,mistralai/Mistral-7B-Instruct-v0.3,"[0.95, 0.95, 0.95]",3,0.9499999999999998
The restaurant unconditionally serves delicious food.,unconditionally,mistralai/Mistral-7B-Instruct-v0.3,"[1.0, 0.95, 0.95]",3,0.9666666666666667
I unconditionally think the restaurant serves delicious food.,unconditionally,mistralai/Mistral-7B-Instruct-v0.3,"[1.0, 1.0, 1.0]",3,1.0
The restaurant serves food that is unconditionally delicious.,unconditionally,mistralai/Mistral-7B-Instruct-v0.3,"[0.95, 1.0, 1.0]",3,0.9833333333333334
Unconditionally the restaurant serves delicious food.,unconditionally,mistralai/Mistral-7B-Instruct-v0.3,"[0.99, 0.85, 0.95]",3,0.93
The new product is indisputably successful in the market.,indisputably,mistralai/Mistral-7B-Instruct-v0.3,"[1.0, 0.95, 1.0, 1.0, 1.0, 1.0, 1.0, 1.0, 1.0, 1.0, 1.0, 1.0, 0.95, 1.0, 1.0, 1.0, 1.0, 1.0, 1.0, 1.0, 1.0, 1.0, 1.0, 1.0, 1.0, 1.0, 1.0, 1.0, 0.95, 1.0, 1.0, 1.0, 1.0, 1.0, 1.0, 0.99, 0.98, 1.0, 0.95, 1.0, 0.95, 0.95, 1.0, 1.0, 1.0]",45,0.9926666666666667
"Indisputably, the new product is successful in the market.",indisputably,mistralai/Mistral-7B-Instruct-v0.3,"[1.0, 0.95, 1.0, 0.95, 0.98, 0.98, 1.0, 0.95, 1.0]",9,0.9788888888888889
Indisputably the new product is successful in the market.,indisputably,mistralai/Mistral-7B-Instruct-v0.3,"[1.0, 1.0, 1.0, 1.0, 1.0, 1.0]",6,1.0
The book is indubitably informative.,indubitably,mistralai/Mistral-7B-Instruct-v0.3,"[1.0, 1.0, 1.0, 1.0, 1.0, 1.0, 1.0, 1.0, 0.95, 1.0, 1.0, 1.0, 1.0, 0.95, 1.0, 1.0, 1.0, 1.0, 0.95, 0.95, 1.0, 1.0, 0.95, 1.0, 0.95, 1.0, 1.0, 1.0, 1.0, 0.95, 1.0, 0.98, 1.0, 1.0, 1.0, 1.0, 1.0, 1.0, 0.95, 1.0, 1.0, 1.0, 1.0, 1.0, 1.0, 1.0, 1.0, 1.0, 0.95, 1.0, 0.95, 0.95, 1.0, 0.98]",54,0.989074074074074
"Indubitably, the book is informative.",indubitably,mistralai/Mistral-7B-Instruct-v0.3,"[0.95, 1.0, 0.95, 0.95, 0.98, 0.98]",6,0.9683333333333333
"Unequivocally, there is a correlation between X and Y.",unequivocally,mistralai/Mistral-7B-Instruct-v0.3,"[1.0, 1.0, 1.0, 0.98, 0.95, 0.98, 1.0, 0.95, 0.95, 0.98, 0.95, 0.95, 0.98, 0.95, 1.0]",15,0.9746666666666666
There is unequivocally a correlation between X and Y.,unequivocally,mistralai/Mistral-7B-Instruct-v0.3,"[1.0, 1.0, 0.95, 0.95, 0.98, 1.0, 0.95, 0.95, 1.0, 1.0, 1.0, 1.0, 1.0, 1.0, 1.0, 1.0, 1.0, 0.98, 1.0, 1.0, 1.0]",21,0.9885714285714284
The correlation between X and Y is unequivocally established.,unequivocally,mistralai/Mistral-7B-Instruct-v0.3,"[1.0, 0.98, 1.0]",3,0.9933333333333333
There is a correlation between X and Y unequivocally.,unequivocally,mistralai/Mistral-7B-Instruct-v0.3,"[0.95, 1.0, 1.0]",3,0.9833333333333334
X and Y are unequivocally correlated.,unequivocally,mistralai/Mistral-7B-Instruct-v0.3,"[1.0, 1.0, 1.0]",3,1.0
There is a unequivocally correlation between X and Y.,unequivocally,mistralai/Mistral-7B-Instruct-v0.3,"[0.9, 0.95, 1.0]",3,0.9500000000000001
It is unequivocally true that there is a correlation between X and Y.,unequivocally,mistralai/Mistral-7B-Instruct-v0.3,"[1.0, 0.98, 1.0]",3,0.9933333333333333
"There is a correlation between X and Y, unequivocally.",unequivocally,mistralai/Mistral-7B-Instruct-v0.3,"[1.0, 1.0, 1.0]",3,1.0
The correlation between X and Y is unequivocally evident.,unequivocally,mistralai/Mistral-7B-Instruct-v0.3,"[1.0, 1.0, 1.0]",3,1.0
Unequivocally there is a correlation between X and Y.,unequivocally,mistralai/Mistral-7B-Instruct-v0.3,"[1.0, 1.0, 0.97]",3,0.9899999999999999
Of course the movie is good.,of course,mistralai/Mistral-7B-Instruct-v0.3,"[1.0, 1.0, 1.0, 0.95, 1.0, 1.0, 0.95, 1.0, 1.0, 1.0, 1.0, 1.0, 0.95, 1.0, 0.95, 0.95, 0.95, 0.95, 0.95, 1.0, 0.95]",21,0.9785714285714286
"Of course, the movie is good.",of course,mistralai/Mistral-7B-Instruct-v0.3,"[0.95, 0.95, 0.95, 0.95, 0.95, 0.95, 0.95, 0.95, 0.98, 0.95, 0.95, 0.95]",12,0.9525
"The movie is good, of course.",of course,mistralai/Mistral-7B-Instruct-v0.3,"[0.95, 0.95, 0.95, 0.95, 0.95, 0.9, 0.95, 0.95, 0.95, 0.85, 0.95, 0.95, 0.95, 0.95, 0.95, 0.95, 0.9, 0.9, 0.95, 0.95, 0.95]",21,0.9380952380952381
"It is, of course, good.",of course,mistralai/Mistral-7B-Instruct-v0.3,"[0.9, 0.95, 0.95]",3,0.9333333333333332
It is of course a good movie.,of course,mistralai/Mistral-7B-Instruct-v0.3,"[0.95, 0.9, 0.85]",3,0.9
The neighbor is naturally home.,naturally,mistralai/Mistral-7B-Instruct-v0.3,"[0.85, 0.8, 1.0, 0.85, 0.7, 0.85, 0.95, 0.95, 0.95, 0.95, 0.85, 1.0, 0.8, 0.8, 0.95, 0.95, 0.95, 0.9, 0.9, 0.85, 0.95, 0.95, 0.8, 1.0, 0.9, 0.95, 0.95, 0.9, 0.95, 0.95]",30,0.9033333333333332
The neighbor is home naturally.,naturally,mistralai/Mistral-7B-Instruct-v0.3,"[0.95, 0.9, 0.95]",3,0.9333333333333332
"Naturally, the neighbor is home.",naturally,mistralai/Mistral-7B-Instruct-v0.3,"[0.8, 0.85, 0.8, 0.75, 0.8, 0.7, 0.8, 0.8, 0.9, 0.95, 0.95, 0.8, 0.9, 0.8, 0.8, 0.8, 0.85, 0.9, 0.8, 0.9, 0.85]",21,0.8333333333333334
The neighbor is naturally at home.,naturally,mistralai/Mistral-7B-Instruct-v0.3,"[0.85, 0.7, 0.85]",3,0.7999999999999999
Naturally the neighbor is home.,naturally,mistralai/Mistral-7B-Instruct-v0.3,"[0.85, 0.8, 0.85]",3,0.8333333333333334
"Needless to say, the movie is good.",needless to say,mistralai/Mistral-7B-Instruct-v0.3,"[0.8, 0.95, 0.95, 0.85, 0.9, 0.9, 0.85, 0.9, 0.9, 0.8, 0.95, 0.85, 0.85, 0.9, 0.95, 0.75, 0.85, 0.95, 0.85, 0.85, 0.9, 0.9, 0.9, 0.9, 0.85, 0.9, 0.85, 0.85, 0.8, 0.9, 0.8, 0.9, 0.85, 0.9, 0.9, 0.9, 0.85, 0.85, 0.8, 0.85, 0.9, 0.85, 0.9, 0.85, 0.85, 0.9, 0.9, 0.8, 0.8, 0.8, 0.85, 0.9, 0.85, 0.9, 0.85, 0.95, 0.9]",57,0.8710526315789473
Needless to say the movie is good.,needless to say,mistralai/Mistral-7B-Instruct-v0.3,"[0.95, 0.95, 0.95]",3,0.9499999999999998
It goes without saying that the experiment shows a significant effect.,it goes without saying,mistralai/Mistral-7B-Instruct-v0.3,"[0.98, 0.95, 0.95, 0.95, 0.95, 0.95, 0.95, 0.95, 0.98, 0.95, 0.95, 0.98, 0.95, 0.95, 0.95, 0.95, 0.95, 0.95, 0.95, 0.98, 0.95, 0.95, 0.95, 0.95, 0.95, 0.95, 0.95, 0.95, 0.95, 0.95, 0.95, 0.95, 0.95, 0.95, 0.95, 0.95, 0.95, 0.95, 0.95, 0.95, 0.95, 0.95, 0.95, 0.95, 0.95, 0.95, 0.95, 0.95, 0.95, 0.95, 0.95, 0.95, 0.95, 0.95, 0.95, 0.95, 0.95]",57,0.9521052631578947
It goes without saying the experiment shows a significant effect.,it goes without saying,mistralai/Mistral-7B-Instruct-v0.3,"[0.95, 0.95, 0.95]",3,0.9499999999999998
There is no doubt that it rains tomorrow.,there is no doubt that,mistralai/Mistral-7B-Instruct-v0.3,"[1.0, 1.0, 1.0, 1.0, 1.0, 1.0, 1.0, 1.0, 0.98, 1.0, 1.0, 1.0, 1.0, 1.0, 0.95, 1.0, 0.98, 1.0, 1.0, 1.0, 1.0, 1.0, 1.0, 1.0, 0.98, 1.0, 1.0, 0.95, 1.0, 1.0, 1.0, 1.0, 1.0, 0.95, 1.0, 0.95, 1.0, 1.0, 0.95, 1.0, 1.0, 1.0, 0.95, 1.0, 1.0, 1.0, 1.0, 1.0, 1.0, 0.95, 1.0]",51,0.9919607843137254
There is no doubt that it will rain tomorrow.,there is no doubt that,mistralai/Mistral-7B-Instruct-v0.3,"[0.98, 1.0, 1.0, 1.0, 1.0, 1.0, 1.0, 1.0, 1.0]",9,0.9977777777777779
It is clear that the movie is good.,it is clear that,mistralai/Mistral-7B-Instruct-v0.3,"[0.95, 0.95, 0.95, 0.95, 0.95, 0.95, 0.95, 1.0, 0.95, 0.95, 0.95, 0.95, 0.95, 0.95, 0.95, 0.95, 0.95, 0.95, 0.95, 0.95, 0.95, 0.95, 0.95, 0.95, 0.95, 0.95, 0.95, 0.95, 0.95, 0.95, 0.95, 0.95, 0.95, 0.95, 0.95, 0.95, 0.95, 0.95, 0.95, 0.95, 0.95, 0.95, 0.95, 1.0, 0.95, 0.95, 0.95, 0.95, 0.95, 0.95, 0.95, 0.95, 0.95, 0.95, 0.95, 0.95, 1.0, 0.95, 1.0, 0.95]",60,0.9533333333333333
It is obvious that the report is not accurate.,it is obvious that,mistralai/Mistral-7B-Instruct-v0.3,"[0.95, 0.98, 0.95, 0.95, 0.95, 0.95, 0.95, 0.95, 0.95, 0.95, 1.0, 0.95, 0.95, 0.95, 0.95, 0.95, 0.95, 0.95, 0.95, 0.95, 0.95, 0.95, 0.95, 1.0, 0.95, 1.0, 0.95, 1.0, 0.95, 1.0, 0.95, 1.0, 0.95, 0.95, 0.95, 0.95, 0.95, 0.95, 1.0, 0.95, 0.95, 0.95, 0.98, 0.95, 0.95, 0.95, 0.95, 0.95, 1.0, 0.95, 1.0, 0.95, 0.95, 0.95, 1.0, 0.9, 0.95, 1.0, 0.95, 1.0]",60,0.9601666666666666
It is beyond question that the neighbor is home.,beyond question,mistralai/Mistral-7B-Instruct-v0.3,"[0.98, 1.0, 1.0, 1.0, 1.0, 1.0, 0.98, 0.95, 1.0, 1.0, 1.0, 0.98, 0.95, 0.95, 0.98, 1.0, 0.98, 1.0]",18,0.9861111111111112
The neighbor is home beyond question.,beyond question,mistralai/Mistral-7B-Instruct-v0.3,"[0.95, 0.95, 1.0, 0.95, 1.0, 1.0, 1.0, 0.98, 0.95, 0.95, 1.0, 0.95, 1.0, 1.0, 1.0]",15,0.9786666666666667
The neighbor being home is beyond question.,beyond question,mistralai/Mistral-7B-Instruct-v0.3,"[0.95, 0.95, 1.0, 1.0, 0.95, 1.0, 0.95, 0.95, 0.95]",9,0.9666666666666666
"The neighbor is home, beyond question.",beyond question,mistralai/Mistral-7B-Instruct-v0.3,"[1.0, 1.0, 1.0, 1.0, 1.0, 1.0]",6,1.0
"Beyond question, the neighbor is home.",beyond question,mistralai/Mistral-7B-Instruct-v0.3,"[1.0, 0.95, 0.95, 1.0, 1.0, 1.0, 1.0, 1.0, 1.0]",9,0.9888888888888889
"beyond question, the neighbor is home.",beyond question,mistralai/Mistral-7B-Instruct-v0.3,"[1.0, 1.0, 1.0]",3,1.0
The movie is good beyond doubt.,beyond doubt,mistralai/Mistral-7B-Instruct-v0.3,"[1.0, 1.0, 1.0, 1.0, 1.0, 1.0, 1.0, 1.0, 1.0, 1.0, 1.0, 1.0, 1.0, 1.0, 1.0, 1.0, 1.0, 1.0, 1.0, 1.0, 1.0, 1.0, 1.0, 1.0, 1.0, 1.0, 1.0, 1.0, 1.0, 1.0, 1.0, 0.98, 0.95, 1.0, 0.95, 1.0, 1.0, 1.0, 1.0, 1.0, 1.0, 1.0, 1.0, 1.0, 1.0]",45,0.9973333333333334
The movie is beyond doubt good.,beyond doubt,mistralai/Mistral-7B-Instruct-v0.3,"[1.0, 0.95, 1.0]",3,0.9833333333333334
The movie is beyond doubt a good film.,beyond doubt,mistralai/Mistral-7B-Instruct-v0.3,"[0.95, 0.95, 0.95]",3,0.9499999999999998
"Beyond doubt, the movie is good.",beyond doubt,mistralai/Mistral-7B-Instruct-v0.3,"[1.0, 1.0, 1.0]",3,1.0
It is beyond doubt that the movie is good.,beyond doubt,mistralai/Mistral-7B-Instruct-v0.3,"[1.0, 1.0, 1.0]",3,1.0
The movie is beyond doubt a good one.,beyond doubt,mistralai/Mistral-7B-Instruct-v0.3,"[0.95, 1.0, 0.95]",3,0.9666666666666667
The experiment shows a significant effect beyond a shadow of a doubt.,beyond a shadow of a doubt,mistralai/Mistral-7B-Instruct-v0.3,"[0.97, 0.95, 1.0, 1.0, 1.0, 0.98, 0.98, 1.0, 0.98, 1.0, 0.98, 1.0, 1.0, 1.0, 0.98, 1.0, 1.0, 1.0, 1.0, 0.98, 0.98, 1.0, 1.0, 0.98, 1.0, 0.99, 0.99, 0.98, 1.0, 0.98, 1.0, 1.0, 0.98, 1.0, 0.98, 1.0, 1.0, 1.0, 0.98, 1.0, 1.0, 0.95, 1.0, 1.0, 0.98]",45,0.9904444444444445
"Beyond a shadow of a doubt, the experiment shows a significant effect.",beyond a shadow of a doubt,mistralai/Mistral-7B-Instruct-v0.3,"[0.98, 1.0, 1.0, 1.0, 1.0, 1.0, 1.0, 0.98, 1.0, 1.0, 1.0, 1.0]",12,0.9966666666666667
Beyond a shadow of a doubt the experiment shows a significant effect.,beyond a shadow of a doubt,mistralai/Mistral-7B-Instruct-v0.3,"[1.0, 1.0, 0.98]",3,0.9933333333333333
The experiment manifestly shows a significant effect.,manifestly,mistralai/Mistral-7B-Instruct-v0.3,"[0.95, 0.95, 0.98, 1.0, 0.95, 0.95, 0.95, 0.98, 0.95, 0.95, 0.95, 0.95, 0.98, 0.95, 0.95, 0.95, 0.95, 0.95, 1.0, 0.95, 0.95, 0.95, 0.95, 0.95, 0.98, 0.98, 0.95, 0.95, 0.95, 0.95, 0.95, 0.95, 0.98, 0.95, 0.95, 0.95, 0.95, 0.95, 0.95, 0.95, 0.95, 0.95, 0.95, 0.95, 0.95, 0.95, 0.95, 0.95]",48,0.9558333333333332
Manifestly the experiment shows a significant effect.,manifestly,mistralai/Mistral-7B-Instruct-v0.3,"[0.95, 0.95, 0.95, 0.95, 0.95, 0.95, 0.95, 1.0, 0.95]",9,0.9555555555555555
"Manifestly, the experiment shows a significant effect.",manifestly,mistralai/Mistral-7B-Instruct-v0.3,"[0.95, 0.95, 0.95]",3,0.9499999999999998
The new product is patently successful in the market.,patently,mistralai/Mistral-7B-Instruct-v0.3,"[0.95, 0.95, 0.95, 0.95, 0.95, 0.95, 0.9, 0.95, 0.9, 0.95, 0.95, 0.95, 0.95, 0.95, 0.95, 0.95, 0.95, 0.9, 0.95, 0.95, 0.95, 0.95, 0.9, 0.85, 0.95, 0.95, 0.95, 0.95, 0.95, 0.95, 0.95, 0.95, 0.95, 0.9, 0.95, 0.98, 0.95, 0.95, 0.95, 0.95, 0.95, 0.95, 0.95, 0.95, 0.95]",45,0.9428888888888889
"Patently, the new product is successful in the market.",patently,mistralai/Mistral-7B-Instruct-v0.3,"[0.9, 0.95, 0.95, 0.95, 0.95, 0.9]",6,0.9333333333333332
Patently the new product is successful in the market.,patently,mistralai/Mistral-7B-Instruct-v0.3,"[0.95, 0.85, 0.95, 0.95, 0.95, 0.95, 0.85, 0.95, 0.95]",9,0.9277777777777777
The new product is demonstrably successful in the market.,demonstrably,mistralai/Mistral-7B-Instruct-v0.3,"[0.95, 0.95, 0.95, 0.95, 0.95, 0.95, 0.95, 0.95, 0.95, 0.95, 0.95, 0.95, 0.95, 0.9, 0.95, 0.95, 0.95, 0.85, 0.95, 0.95, 0.95, 0.95, 0.95, 0.95, 0.95, 0.95, 0.98, 0.95, 0.95, 0.95, 0.95, 0.95, 0.85, 0.95, 0.95, 0.95, 0.95, 0.95, 0.95, 0.95, 0.95, 0.85, 0.95, 0.95, 0.95, 0.95, 0.95, 0.95, 0.95, 0.95, 0.95, 0.95, 0.95, 0.95, 0.95, 0.95, 0.95]",57,0.9443859649122807
"Demonstrably, the new product is successful in the market.",demonstrably,mistralai/Mistral-7B-Instruct-v0.3,"[0.95, 0.95, 0.95]",3,0.9499999999999998
The new policy incontrovertibly improves the economy.,incontrovertibly,mistralai/Mistral-7B-Instruct-v0.3,"[1.0, 1.0, 0.95, 1.0, 1.0, 0.95, 1.0, 1.0, 1.0, 1.0, 1.0, 1.0, 1.0, 1.0, 0.95, 0.95, 0.95, 1.0, 1.0, 1.0, 0.95, 1.0, 1.0, 1.0, 1.0, 1.0, 0.95, 1.0, 1.0, 1.0, 1.0, 1.0, 0.95, 1.0, 1.0, 1.0, 1.0, 0.95, 1.0, 1.0, 1.0, 1.0, 1.0, 1.0, 1.0]",45,0.99
The new policy improves the economy incontrovertibly.,incontrovertibly,mistralai/Mistral-7B-Instruct-v0.3,"[0.95, 0.85, 0.95, 1.0, 0.95, 1.0, 1.0, 1.0, 0.95]",9,0.9611111111111111
"Incontrovertibly, the new policy improves the economy.",incontrovertibly,mistralai/Mistral-7B-Instruct-v0.3,"[1.0, 1.0, 0.95, 1.0, 1.0, 1.0]",6,0.9916666666666667
The medication is incontestably effective in treating the disease.,incontestably,mistralai/Mistral-7B-Instruct-v0.3,"[1.0, 1.0, 1.0, 1.0, 1.0, 1.0, 1.0, 1.0, 1.0, 1.0, 1.0, 1.0, 1.0, 1.0, 1.0, 1.0, 1.0, 1.0, 1.0, 1.0, 1.0, 1.0, 1.0, 1.0, 1.0, 1.0, 1.0, 1.0, 1.0, 1.0, 1.0, 1.0, 1.0, 1.0, 1.0, 1.0, 1.0, 1.0, 1.0, 1.0, 1.0, 1.0, 1.0, 1.0, 1.0, 1.0, 1.0, 1.0, 1.0, 1.0, 1.0]",51,1.0
Incontestably the medication is effective in treating the disease.,incontestably,mistralai/Mistral-7B-Instruct-v0.3,"[1.0, 0.98, 1.0]",3,0.9933333333333333
"Incontestably, the medication is effective in treating the disease.",incontestably,mistralai/Mistral-7B-Instruct-v0.3,"[0.95, 0.98, 1.0]",3,0.9766666666666666
The medication is effective incontestably in treating the disease.,incontestably,mistralai/Mistral-7B-Instruct-v0.3,"[1.0, 1.0, 1.0]",3,1.0
The report is almost certainly not accurate.,almost certainly,mistralai/Mistral-7B-Instruct-v0.3,"[0.95, 0.98, 0.95, 0.98, 0.95, 0.95, 0.98, 0.99, 0.95, 0.98, 0.98, 0.98, 0.98, 1.0, 0.98, 0.95, 0.95, 0.95, 0.98, 0.98, 0.98, 0.95, 0.98, 0.98, 0.98, 0.98, 0.95, 0.95, 0.98, 0.98, 0.95, 0.98, 0.95, 0.95, 0.95, 0.95, 0.95, 0.98, 0.95, 0.95, 0.95, 0.95, 0.95, 0.95, 0.98, 0.95, 0.95, 0.98, 0.98, 0.98, 0.95, 0.97, 0.98, 0.95, 0.98, 0.95, 0.95]",57,0.9650877192982455
The report is almost certainly inaccurate.,almost certainly,mistralai/Mistral-7B-Instruct-v0.3,"[0.95, 0.98, 0.98]",3,0.9700000000000001
The restaurant serves very likely delicious food.,very likely,mistralai/Mistral-7B-Instruct-v0.3,"[0.75, 0.8, 0.7, 0.8, 0.7, 0.65]",6,0.7333333333333334
It is very likely that the restaurant serves delicious food.,very likely,mistralai/Mistral-7B-Instruct-v0.3,"[0.95, 0.9, 0.95, 0.95, 0.95, 0.85, 0.95, 0.95, 0.95, 0.95, 0.95, 0.9]",12,0.9333333333333332
The restaurant very likely serves delicious food.,very likely,mistralai/Mistral-7B-Instruct-v0.3,"[0.95, 0.95, 0.95, 0.9, 0.95, 0.95, 0.95, 0.95, 0.95, 0.9, 0.9, 0.95, 0.9, 0.95, 0.95, 0.85, 0.95, 0.95, 0.95, 0.95, 0.85, 0.85, 0.95, 0.9, 0.95, 0.95, 0.9, 0.95, 0.95, 0.95, 0.95, 0.95, 0.95]",33,0.9318181818181818
"The restaurant serves delicious food, very likely.",very likely,mistralai/Mistral-7B-Instruct-v0.3,"[0.8, 0.8, 0.8, 0.8, 0.8, 0.75]",6,0.7916666666666666
Very likely the restaurant serves delicious food.,very likely,mistralai/Mistral-7B-Instruct-v0.3,"[0.95, 0.95, 0.95]",3,0.9499999999999998
The restaurant is highly likely to serve delicious food.,highly likely,mistralai/Mistral-7B-Instruct-v0.3,"[0.95, 0.95, 0.95, 0.95, 0.95, 0.95, 0.95, 0.95, 0.95, 0.95, 0.95, 0.95, 0.95, 0.95, 0.98, 0.95, 0.95, 0.95]",18,0.9516666666666667
It is highly likely that the restaurant serves delicious food.,highly likely,mistralai/Mistral-7B-Instruct-v0.3,"[0.95, 0.95, 0.95, 0.95, 0.95, 0.95, 0.95, 0.95, 0.95, 0.95, 0.95, 0.95, 0.95, 0.95, 0.95, 0.95, 0.95, 0.95, 0.98, 0.95, 0.95, 0.95, 0.95, 0.95, 0.95, 0.95, 0.95]",27,0.9511111111111111
The restaurant serves highly likely delicious food.,highly likely,mistralai/Mistral-7B-Instruct-v0.3,"[0.7, 0.75, 0.7, 0.7, 0.7, 0.8, 0.7, 0.7, 0.7]",9,0.7166666666666666
The restaurant highly likely serves delicious food.,highly likely,mistralai/Mistral-7B-Instruct-v0.3,"[0.95, 0.95, 0.9]",3,0.9333333333333332
"The restaurant serves delicious food, highly likely.",highly likely,mistralai/Mistral-7B-Instruct-v0.3,"[0.8, 0.88, 0.8]",3,0.8266666666666667
"In all likelihood, the restaurant serves delicious food.",in all likelihood,mistralai/Mistral-7B-Instruct-v0.3,"[0.85, 0.85, 0.9, 0.9, 0.85, 0.8, 0.85, 0.8, 0.9, 0.9, 0.8, 0.85, 0.7, 0.9, 0.9, 0.85, 0.85, 0.85, 0.85, 0.9, 0.9, 0.9, 0.9, 0.85, 0.9, 0.9, 0.9, 0.9, 0.95, 0.9, 0.85, 0.9, 0.85, 0.8, 0.85, 0.85, 0.85, 0.9, 0.92, 0.9, 0.85, 0.8, 0.9, 0.9, 0.8, 0.9, 0.9, 0.9, 0.85, 0.9, 0.85, 0.85, 0.85, 0.85]",54,0.867037037037037
In all likelihood the restaurant serves delicious food.,in all likelihood,mistralai/Mistral-7B-Instruct-v0.3,"[0.8, 0.85, 0.9, 0.9, 0.85, 0.85]",6,0.8583333333333334
"In all probability, the restaurant serves delicious food.",in all probability,mistralai/Mistral-7B-Instruct-v0.3,"[0.85, 0.85, 0.85, 0.8, 0.8, 0.8, 0.85, 0.85, 0.9, 0.8, 0.85, 0.9, 0.8, 0.9, 0.8, 0.9, 0.9, 0.8, 0.8, 0.85, 0.9, 0.8, 0.8, 0.8, 0.8, 0.85, 0.85, 0.8, 0.8, 0.9, 0.85, 0.85, 0.85, 0.8, 0.85, 0.85]",36,0.8388888888888889
in all probability the restaurant serves delicious food.,in all probability,mistralai/Mistral-7B-Instruct-v0.3,"[0.8, 0.8, 0.85]",3,0.8166666666666668
"The restaurant serves delicious food, in all probability.",in all probability,mistralai/Mistral-7B-Instruct-v0.3,"[0.85, 0.8, 0.8]",3,0.8166666666666668
In all probability the restaurant serves delicious food.,in all probability,mistralai/Mistral-7B-Instruct-v0.3,"[0.9, 0.8, 0.85, 0.85, 0.85, 0.85, 0.85, 0.9, 0.9, 0.95, 0.9, 0.9, 0.95, 0.85, 0.85, 0.85, 0.9, 0.95]",18,0.8805555555555555
The restaurant almost definitely serves delicious food.,almost definitely,mistralai/Mistral-7B-Instruct-v0.3,"[0.9, 0.95, 0.98, 0.95, 0.95, 0.95, 0.98, 0.95, 0.95, 0.95, 0.95, 0.95, 0.95, 0.95, 0.95, 0.95, 0.95, 0.95, 0.95, 0.95, 0.95, 0.95, 0.95, 0.95, 0.95, 0.95, 0.95, 0.95, 0.95, 0.95]",30,0.9503333333333333
"The restaurant serves delicious food, almost definitely.",almost definitely,mistralai/Mistral-7B-Instruct-v0.3,"[0.95, 0.95, 0.95, 0.95, 0.9, 0.95, 0.95, 0.95, 0.95, 0.95, 0.95, 0.95, 0.95, 0.95, 0.95]",15,0.9466666666666667
The restaurant serves delicious food almost definitely.,almost definitely,mistralai/Mistral-7B-Instruct-v0.3,"[0.95, 0.95, 0.95, 0.95, 0.95, 0.95]",6,0.9499999999999998
The restaurant serves almost definitely delicious food.,almost definitely,mistralai/Mistral-7B-Instruct-v0.3,"[0.85, 0.9, 0.85, 0.9, 0.85, 0.85]",6,0.8666666666666667
The restaurant serves food that is almost definitely delicious.,almost definitely,mistralai/Mistral-7B-Instruct-v0.3,"[0.95, 0.97, 0.95]",3,0.9566666666666667
"Without reservation, the report is not accurate.",without reservation,mistralai/Mistral-7B-Instruct-v0.3,"[1.0, 1.0, 1.0, 0.98, 1.0, 1.0]",6,0.9966666666666667
The report is not accurate without reservation.,without reservation,mistralai/Mistral-7B-Instruct-v0.3,"[0.95, 0.95, 0.95, 0.95, 1.0, 0.95, 0.8, 0.95, 1.0, 0.95, 0.95, 0.95, 1.0, 0.95, 1.0, 0.95, 1.0, 1.0, 0.95, 0.9, 0.95, 1.0, 0.95, 0.95, 0.95, 0.98, 0.9, 0.95, 0.98, 0.95, 0.95, 0.95, 0.95, 0.95, 0.85, 0.95, 1.0, 0.95, 1.0, 0.95, 0.95, 0.95]",42,0.9538095238095239
The report is without reservation.,without reservation,mistralai/Mistral-7B-Instruct-v0.3,"[0.95, 1.0, 0.95]",3,0.9666666666666667
"The report is, without reservation, not accurate.",without reservation,mistralai/Mistral-7B-Instruct-v0.3,"[1.0, 1.0, 1.0]",3,1.0
I am certain without reservation that the report is not accurate.,without reservation,mistralai/Mistral-7B-Instruct-v0.3,"[1.0, 1.0, 1.0]",3,1.0
The report is accurate without reservation.,without reservation,mistralai/Mistral-7B-Instruct-v0.3,"[1.0, 1.0, 1.0]",3,1.0
"All but certain, the neighbor is home.",all but certain,mistralai/Mistral-7B-Instruct-v0.3,"[0.95, 0.95, 0.95, 0.95, 0.95, 0.95, 0.95, 0.95, 0.95, 0.95, 0.95, 0.98, 0.95, 0.95, 0.95]",15,0.952
All but certain the neighbor is home.,all but certain,mistralai/Mistral-7B-Instruct-v0.3,"[0.95, 0.95, 0.95, 0.95, 0.95, 0.9, 0.95, 0.95, 0.95, 0.95, 0.95, 0.95]",12,0.9458333333333333
"The neighbor is home, all but certain.",all but certain,mistralai/Mistral-7B-Instruct-v0.3,"[0.95, 0.95, 0.95, 0.95, 0.95, 0.95, 0.95, 0.95, 0.95, 0.95, 0.95, 0.95, 0.95, 0.95, 0.95, 0.95, 0.95, 0.95, 0.95, 0.95, 0.95]",21,0.95
The neighbor is all but certain to be home.,all but certain,mistralai/Mistral-7B-Instruct-v0.3,"[0.9, 0.95, 0.95, 0.95, 0.95, 0.95]",6,0.9416666666666665
All but certain that the neighbor is home.,all but certain,mistralai/Mistral-7B-Instruct-v0.3,"[0.95, 0.95, 0.95]",3,0.9499999999999998
The neighbor is all but certain home.,all but certain,mistralai/Mistral-7B-Instruct-v0.3,"[0.7, 0.9, 0.9]",3,0.8333333333333334
It is virtually certain that the restaurant serves delicious food.,virtually certain,mistralai/Mistral-7B-Instruct-v0.3,"[0.98, 0.95, 0.98, 0.98, 0.95, 0.98, 0.98, 0.98, 0.98, 0.98, 0.98, 0.95, 0.95, 0.98, 0.98, 0.95, 0.98, 0.98, 0.98, 0.98, 0.98, 0.98, 0.98, 0.97, 0.98, 0.98, 0.98, 0.98, 0.98, 0.98, 0.98, 0.98, 0.98]",33,0.9751515151515151
The restaurant serves food that is virtually certain to be delicious.,virtually certain,mistralai/Mistral-7B-Instruct-v0.3,"[0.98, 0.95, 0.95, 0.95, 0.95, 0.97, 0.95, 0.95, 0.95]",9,0.9555555555555555
"The restaurant serves delicious food, virtually certain.",virtually certain,mistralai/Mistral-7B-Instruct-v0.3,"[0.95, 0.95, 0.95, 0.98, 0.95, 0.95, 0.95, 0.98, 0.98]",9,0.9600000000000001
I am virtually certain that the restaurant serves delicious food.,virtually certain,mistralai/Mistral-7B-Instruct-v0.3,"[0.98, 0.98, 0.98, 0.98, 0.95, 0.95]",6,0.9700000000000001
I am virtually certain the restaurant serves delicious food.,virtually certain,mistralai/Mistral-7B-Instruct-v0.3,"[0.95, 0.95, 0.95]",3,0.9499999999999998
"The neighbor is home, as good as certain.",as good as certain,mistralai/Mistral-7B-Instruct-v0.3,"[0.95, 0.95, 0.95, 0.95, 0.95, 0.95, 0.95, 0.95, 0.95, 0.95, 0.95, 0.95, 0.95, 0.95, 0.95, 0.95, 0.95, 0.95, 0.98, 0.95, 0.95, 0.97, 0.95, 0.95, 0.95, 0.95, 0.95, 0.95, 0.95, 0.95, 0.95, 0.95, 0.95, 0.95, 0.95, 0.95, 0.95, 0.95, 0.9, 0.95, 0.95, 0.95, 0.95, 0.95, 0.95, 0.95, 0.95, 0.95]",48,0.9500000000000001
The neighbor is home as good as certain.,as good as certain,mistralai/Mistral-7B-Instruct-v0.3,"[0.95, 0.95, 0.95, 0.95, 0.95, 0.95, 0.95, 0.85, 0.95, 0.95, 0.95, 0.95]",12,0.9416666666666665
The new policy is overwhelmingly likely to improve the economy.,overwhelmingly likely,mistralai/Mistral-7B-Instruct-v0.3,"[0.95, 0.95, 0.95, 0.95, 0.95, 0.95, 0.95, 0.95, 0.95, 0.95, 0.95, 0.95, 0.95, 0.95, 0.95, 0.95, 0.95, 0.95, 0.95, 0.95, 0.95, 0.95, 0.95, 0.95, 0.95, 0.95, 0.95, 0.95, 0.95, 0.95, 0.95, 0.95, 0.95, 0.9, 0.95, 0.98, 0.95, 0.95, 0.95, 0.95, 0.95, 0.95]",42,0.9495238095238094
"Overwhelmingly likely, the new policy improves the economy.",overwhelmingly likely,mistralai/Mistral-7B-Instruct-v0.3,"[0.95, 0.98, 0.95, 0.95, 0.98, 0.95]",6,0.96
It is overwhelmingly likely that the new policy improves the economy.,overwhelmingly likely,mistralai/Mistral-7B-Instruct-v0.3,"[0.95, 0.95, 0.95, 0.95, 0.95, 0.95]",6,0.9499999999999998
The new policy overwhelmingly likely improves the economy.,overwhelmingly likely,mistralai/Mistral-7B-Instruct-v0.3,"[0.95, 0.95, 0.95]",3,0.9499999999999998
Overwhelmingly likely the new policy improves the economy.,overwhelmingly likely,mistralai/Mistral-7B-Instruct-v0.3,"[0.95, 0.95, 0.95]",3,0.9499999999999998
The movie is strongly supported as good.,strongly supported,mistralai/Mistral-7B-Instruct-v0.3,"[0.95, 0.95, 0.95, 0.95, 0.95, 0.95, 0.95, 0.95, 0.95, 0.95, 0.95, 0.85]",12,0.9416666666666665
"The movie is good, strongly supported.",strongly supported,mistralai/Mistral-7B-Instruct-v0.3,"[1.0, 0.95, 0.95, 0.95, 0.95, 0.95, 0.95, 0.95, 0.95, 0.95, 0.95, 0.95, 0.95, 0.95, 0.95, 0.95, 0.95, 0.95, 0.95, 0.95, 0.95, 0.95, 0.95, 0.98, 0.95, 0.95, 0.95, 0.95, 0.95, 0.95, 0.95, 0.95, 0.95]",33,0.9524242424242424
The movie is strongly supported.,strongly supported,mistralai/Mistral-7B-Instruct-v0.3,"[0.9, 0.95, 0.95, 0.95, 0.95, 0.95]",6,0.9416666666666665
"The movie is good, which is strongly supported.",strongly supported,mistralai/Mistral-7B-Instruct-v0.3,"[0.95, 0.95, 0.98]",3,0.96
It is strongly supported that the movie is good.,strongly supported,mistralai/Mistral-7B-Instruct-v0.3,"[0.95, 0.95, 0.95]",3,0.9499999999999998
The claim that the movie is good is strongly supported.,strongly supported,mistralai/Mistral-7B-Instruct-v0.3,"[0.95, 0.98, 0.95]",3,0.96
The report is not well-established accurate.,well-established,mistralai/Mistral-7B-Instruct-v0.3,"[0.5, 0.5, 0.4, 0.5, 0.2, 0.6, 0.3, 0.4, 0.5, 0.6, 0.7, 0.6]",12,0.48333333333333334
The report is not well-established.,well-established,mistralai/Mistral-7B-Instruct-v0.3,"[0.6, 0.7, 0.7, 0.85, 0.8, 0.8, 0.8, 0.8, 0.85, 0.9, 0.7, 0.6, 0.75, 0.8, 0.9, 0.7, 0.9, 0.8, 0.85, 0.7, 0.7]",21,0.7714285714285714
The report is not a well-established accurate.,well-established,mistralai/Mistral-7B-Instruct-v0.3,[],0,
The report is well-established.,well-established,mistralai/Mistral-7B-Instruct-v0.3,"[0.95, 0.95, 1.0, 0.95, 0.95, 0.95]",6,0.9583333333333334
"The report is not accurate, well-established.",well-established,mistralai/Mistral-7B-Instruct-v0.3,"[0.3, 0.6, 0.6]",3,0.5
The report is well-established as not accurate.,well-established,mistralai/Mistral-7B-Instruct-v0.3,"[0.9, 0.95, 0.8]",3,0.8833333333333333
The report is well-established to be inaccurate.,well-established,mistralai/Mistral-7B-Instruct-v0.3,"[0.95, 0.95, 0.95]",3,0.9499999999999998
The report is well-established as inaccurate.,well-established,mistralai/Mistral-7B-Instruct-v0.3,"[0.95, 0.95, 0.95]",3,0.9499999999999998
It is well-established that the report is not accurate.,well-established,mistralai/Mistral-7B-Instruct-v0.3,"[0.95, 0.95, 0.95]",3,0.9499999999999998
The report is not well-established as accurate.,well-established,mistralai/Mistral-7B-Instruct-v0.3,"[0.7, 0.7, 0.6]",3,0.6666666666666666
The city is widely confirmed to be the oldest in the country.,widely confirmed,mistralai/Mistral-7B-Instruct-v0.3,"[0.95, 0.95, 0.95, 0.95, 0.95, 0.95, 0.95, 0.95, 0.95, 0.95, 0.95, 0.95, 0.95, 0.95, 0.95, 0.98, 0.95, 0.95, 0.85, 0.95, 0.98, 0.95, 0.95, 0.95, 0.95, 0.95, 0.98]",27,0.9496296296296296
The city is widely confirmed as the oldest in the country.,widely confirmed,mistralai/Mistral-7B-Instruct-v0.3,"[0.95, 0.95, 0.95, 0.95, 0.95, 0.95, 0.95, 0.98, 0.95, 0.95, 0.95, 0.95, 0.95, 0.95, 0.95]",15,0.952
"The city is the oldest in the country, widely confirmed.",widely confirmed,mistralai/Mistral-7B-Instruct-v0.3,"[0.95, 0.95, 0.95, 0.95, 0.98, 0.95, 0.95, 0.95, 0.95, 0.95, 0.95, 0.98, 0.95, 0.95, 0.95]",15,0.954
It has been widely confirmed that the city is the oldest in the country.,widely confirmed,mistralai/Mistral-7B-Instruct-v0.3,"[0.95, 0.96, 1.0]",3,0.9700000000000001
"It rains tomorrow, conclusively shown.",conclusively shown,mistralai/Mistral-7B-Instruct-v0.3,"[1.0, 1.0, 1.0]",3,1.0
It conclusively shown it will rain tomorrow.,conclusively shown,mistralai/Mistral-7B-Instruct-v0.3,"[0.95, 0.7, 0.85]",3,0.8333333333333334
It has conclusively shown that it will rain tomorrow.,conclusively shown,mistralai/Mistral-7B-Instruct-v0.3,"[1.0, 0.95, 1.0, 1.0, 1.0, 0.95, 1.0, 0.95, 1.0, 1.0, 1.0, 1.0, 1.0, 1.0, 1.0]",15,0.99
It is conclusively shown that it rains tomorrow.,conclusively shown,mistralai/Mistral-7B-Instruct-v0.3,"[1.0, 1.0, 1.0, 1.0, 1.0, 1.0]",6,1.0
It has conclusively shown that it rains tomorrow.,conclusively shown,mistralai/Mistral-7B-Instruct-v0.3,"[1.0, 0.95, 1.0]",3,0.9833333333333334
It is conclusively shown that it will rain tomorrow.,conclusively shown,mistralai/Mistral-7B-Instruct-v0.3,"[1.0, 1.0, 1.0, 1.0, 1.0, 1.0, 1.0, 1.0, 1.0]",9,1.0
The results conclusively shown that the new drug effectively reduces symptoms.,conclusively shown,mistralai/Mistral-7B-Instruct-v0.3,"[0.95, 0.95, 0.98]",3,0.96
It conclusively shown that it rains tomorrow,conclusively shown,mistralai/Mistral-7B-Instruct-v0.3,"[0.7, 1.0, 0.9]",3,0.8666666666666667
It has been conclusively shown that it will rain tomorrow.,conclusively shown,mistralai/Mistral-7B-Instruct-v0.3,"[1.0, 0.95, 1.0]",3,0.9833333333333334
It was conclusively shown that it rains tomorrow.,conclusively shown,mistralai/Mistral-7B-Instruct-v0.3,"[1.0, 1.0, 1.0]",3,1.0
It conclusively shown that it will rain tomorrow.,conclusively shown,mistralai/Mistral-7B-Instruct-v0.3,"[1.0, 0.75, 1.0]",3,0.9166666666666666
It has been conclusively shown that it rains tomorrow.,conclusively shown,mistralai/Mistral-7B-Instruct-v0.3,"[1.0, 1.0, 1.0, 1.0, 1.0, 0.95]",6,0.9916666666666667
There is probably a correlation between X and Y.,probably,mistralai/Mistral-7B-Instruct-v0.3,"[0.7, 0.7, 0.7, 0.6, 0.7, 0.7, 0.7, 0.7, 0.7, 0.7, 0.6, 0.7, 0.7, 0.7, 0.7, 0.7, 0.7, 0.8, 0.6, 0.6, 0.7, 0.7, 0.7, 0.7, 0.7, 0.7, 0.7, 0.7, 0.7, 0.6, 0.7, 0.7, 0.7, 0.7, 0.7, 0.7]",36,0.6888888888888888
Probably there is a correlation between X and Y.,probably,mistralai/Mistral-7B-Instruct-v0.3,"[0.8, 0.8, 0.7, 0.7, 0.7, 0.7, 0.7, 0.6, 0.8, 0.7, 0.7, 0.7, 0.7, 0.7, 0.7, 0.7, 0.7, 0.7, 0.8, 0.7, 0.8]",21,0.719047619047619
"Probably, there is a correlation between X and Y.",probably,mistralai/Mistral-7B-Instruct-v0.3,"[0.7, 0.7, 0.7]",3,0.6999999999999998
It is likely to rain tomorrow.,likely,mistralai/Mistral-7B-Instruct-v0.3,"[0.75, 0.8, 0.8, 0.8, 0.8, 0.8, 0.75, 0.8, 0.7, 0.8, 0.8, 0.85, 0.85, 0.85, 0.8, 0.8, 0.8, 0.7, 0.8, 0.9, 0.85, 0.8, 0.75, 0.8]",24,0.7979166666666667
It likely rains tomorrow.,likely,mistralai/Mistral-7B-Instruct-v0.3,"[0.8, 0.8, 0.8, 0.8, 0.8, 0.8, 0.85, 0.8, 0.8, 0.85, 0.85, 0.8, 0.8, 0.75, 0.8]",15,0.8066666666666666
It is likely it rains tomorrow.,likely,mistralai/Mistral-7B-Instruct-v0.3,"[0.8, 0.8, 0.8]",3,0.8000000000000002
It is likely that it will rain tomorrow.,likely,mistralai/Mistral-7B-Instruct-v0.3,"[0.8, 0.8, 0.8]",3,0.8000000000000002
It is likely that it rains tomorrow.,likely,mistralai/Mistral-7B-Instruct-v0.3,"[0.8, 0.8, 0.85, 0.8, 0.8, 0.85, 0.8, 0.85, 0.8]",9,0.8166666666666668
Likely it will rain tomorrow.,likely,mistralai/Mistral-7B-Instruct-v0.3,"[0.7, 0.8, 0.7]",3,0.7333333333333334
"Likely, it rains tomorrow.",likely,mistralai/Mistral-7B-Instruct-v0.3,"[0.75, 0.7, 0.8]",3,0.75
"Presumably, the city is the oldest in the country.",presumably,mistralai/Mistral-7B-Instruct-v0.3,"[0.7, 0.6, 0.6, 0.6, 0.7, 0.6, 0.65, 0.7, 0.6, 0.7, 0.6, 0.6, 0.85, 0.6, 0.6, 0.6, 0.6, 0.6, 0.6, 0.6, 0.7, 0.8, 0.7, 0.6]",24,0.6458333333333334
Presumably the city is the oldest in the country.,presumably,mistralai/Mistral-7B-Instruct-v0.3,"[0.8, 0.7, 0.7, 0.7, 0.7, 0.7, 0.7, 0.7, 0.7, 0.7, 0.7, 0.8, 0.7, 0.7, 0.75, 0.7, 0.7, 0.7, 0.7, 0.7, 0.6]",21,0.7071428571428571
The city is presumably the oldest in the country.,presumably,mistralai/Mistral-7B-Instruct-v0.3,"[0.7, 0.75, 0.6, 0.6, 0.7, 0.6, 0.6, 0.6, 0.6, 0.6, 0.75, 0.7, 0.7, 0.6, 0.7]",15,0.6533333333333332
"Apparently, the medication is effective in treating the disease.",apparently,mistralai/Mistral-7B-Instruct-v0.3,"[0.7, 0.75, 0.7, 0.8, 0.85, 0.6, 0.7, 0.8, 0.8, 0.9, 0.7, 0.8, 0.8, 0.8, 0.8, 0.8, 0.7, 0.8, 0.7, 0.8, 0.8, 0.85, 0.8, 0.7, 0.7, 0.85, 0.8]",27,0.7703703703703704
Apparently the medication is effective in treating the disease.,apparently,mistralai/Mistral-7B-Instruct-v0.3,"[0.8, 0.8, 0.8, 0.8, 0.7, 0.8, 0.8, 0.8, 0.8, 0.8, 0.8, 0.8, 0.85, 0.85, 0.85]",15,0.8033333333333333
The medication is apparently effective in treating the disease.,apparently,mistralai/Mistral-7B-Instruct-v0.3,"[0.75, 0.7, 0.8, 0.8, 0.75, 0.7, 0.75, 0.8, 0.7, 0.8, 0.7, 0.7, 0.7, 0.75, 0.8, 0.7, 0.7, 0.7]",18,0.7388888888888889
The experiment seemingly shows a significant effect.,seemingly,mistralai/Mistral-7B-Instruct-v0.3,"[0.85, 0.8, 0.9, 0.85, 0.8, 0.8, 0.8, 0.8, 0.85, 0.9, 0.85, 0.85, 0.85, 0.8, 0.8, 0.85, 0.75, 0.8, 0.8, 0.85, 0.85, 0.8, 0.8, 0.85, 0.85, 0.75, 0.8, 0.85, 0.85, 0.85, 0.8, 0.85, 0.8, 0.85, 0.85, 0.8, 0.85, 0.8, 0.85]",39,0.8269230769230769
The experiment seems to show a significant effect.,seemingly,mistralai/Mistral-7B-Instruct-v0.3,"[0.9, 0.85, 0.85, 0.85, 0.85, 0.9, 0.85, 0.8, 0.9, 0.85, 0.9, 0.95]",12,0.8708333333333332
The experiment shows a seemingly significant effect.,seemingly,mistralai/Mistral-7B-Instruct-v0.3,"[0.8, 0.8, 0.85, 0.8, 0.8, 0.85]",6,0.8166666666666668
The experiment shows a significant effect seemingly.,seemingly,mistralai/Mistral-7B-Instruct-v0.3,"[0.8, 0.75, 0.7]",3,0.75
It seems the city is the oldest in the country.,it seems,mistralai/Mistral-7B-Instruct-v0.3,"[0.7, 0.7, 0.7, 0.75, 0.7, 0.6, 0.7, 0.7, 0.7, 0.75, 0.7, 0.7, 0.8, 0.7, 0.7, 0.8, 0.7, 0.8, 0.75, 0.8, 0.7, 0.7, 0.8, 0.7, 0.75, 0.6, 0.7, 0.8, 0.8, 0.7, 0.8, 0.7, 0.7, 0.75, 0.8, 0.7, 0.7, 0.7, 0.8, 0.8, 0.6, 0.8, 0.75, 0.7, 0.85, 0.8, 0.8, 0.7, 0.7, 0.7, 0.7]",51,0.7303921568627451
It seems that the city is the oldest in the country.,it seems,mistralai/Mistral-7B-Instruct-v0.3,"[0.7, 0.7, 0.7, 0.8, 0.85, 0.8, 0.7, 0.8, 0.8]",9,0.7611111111111111
It appears that the city is the oldest in the country.,it appears,mistralai/Mistral-7B-Instruct-v0.3,"[0.7, 0.85, 0.8, 0.85, 0.8, 0.8, 0.8, 0.7, 0.8, 0.85, 0.8, 0.8, 0.8, 0.75, 0.8, 0.8, 0.8, 0.8]",18,0.7944444444444445
It appears the city is the oldest in the country.,it appears,mistralai/Mistral-7B-Instruct-v0.3,"[0.8, 0.8, 0.85, 0.8, 0.8, 0.85, 0.8, 0.8, 0.85, 0.8, 0.8, 0.8, 0.85, 0.8, 0.85, 0.75, 0.85, 0.8, 0.85, 0.85, 0.8, 0.8, 0.8, 0.8, 0.85, 0.7, 0.8, 0.8, 0.85, 0.8, 0.8, 0.8, 0.8, 0.8, 0.8, 0.8, 0.85, 0.7, 0.8, 0.85, 0.8, 0.75]",42,0.8071428571428572
It looks like the new policy improves the economy.,it looks like,mistralai/Mistral-7B-Instruct-v0.3,"[0.75, 0.7, 0.7, 0.7, 0.7, 0.7, 0.8, 0.7, 0.7, 0.7, 0.75, 0.75, 0.8, 0.8, 0.7, 0.7, 0.8, 0.6, 0.7, 0.75, 0.7, 0.7, 0.75, 0.7, 0.75, 0.7, 0.7, 0.75, 0.7, 0.8, 0.8, 0.7, 0.7, 0.7, 0.7, 0.7, 0.6, 0.7, 0.6, 0.7, 0.8, 0.7, 0.8, 0.8, 0.8, 0.6, 0.8, 0.7, 0.7, 0.8, 0.7, 0.7, 0.8, 0.7, 0.8, 0.8, 0.8, 0.7, 0.8, 0.75]",60,0.7283333333333334
It would seem the book is informative.,it would seem,mistralai/Mistral-7B-Instruct-v0.3,"[0.7, 0.6, 0.7, 0.7, 0.7, 0.7, 0.7, 0.7, 0.7, 0.7, 0.7, 0.7, 0.8, 0.7, 0.7, 0.7, 0.7, 0.8, 0.7, 0.8, 0.7, 0.7, 0.7, 0.7, 0.75, 0.85, 0.8, 0.8, 0.7, 0.7, 0.7, 0.75, 0.7, 0.7, 0.7, 0.7, 0.7, 0.65, 0.7, 0.75, 0.7, 0.7, 0.8, 0.7, 0.7, 0.7, 0.7, 0.7, 0.7, 0.7, 0.8]",51,0.7166666666666666
It would seem that the book is informative.,it would seem,mistralai/Mistral-7B-Instruct-v0.3,"[0.7, 0.7, 0.7, 0.7, 0.8, 0.7]",6,0.7166666666666667
it would seem the book is informative,it would seem,mistralai/Mistral-7B-Instruct-v0.3,"[0.8, 0.7, 0.7]",3,0.7333333333333334
It seems that the experiment shows a significant effect.,it seems that,mistralai/Mistral-7B-Instruct-v0.3,"[0.85, 0.9, 0.85, 0.9, 0.85, 0.85, 0.95, 0.9, 0.95, 0.9, 0.9, 0.9, 0.85, 0.85, 0.97, 0.85, 0.85, 0.95, 0.85, 0.9, 0.9, 0.9, 0.9, 0.85, 0.85, 0.9, 0.85, 0.85, 0.95, 0.9, 0.85, 0.95, 0.85, 0.8, 0.85, 0.9, 0.85, 0.85, 0.9, 0.95, 0.9, 0.95, 0.85, 0.85, 0.9, 0.95, 0.95, 0.95, 0.9, 0.95, 0.85, 0.9, 0.9, 0.8, 0.85, 0.95, 0.8]",57,0.8871929824561403
it seems that the experiment shows a significant effect.,it seems that,mistralai/Mistral-7B-Instruct-v0.3,"[0.85, 0.85, 0.85]",3,0.85
It appears that the new product is successful in the market.,it appears that,mistralai/Mistral-7B-Instruct-v0.3,"[0.8, 0.8, 0.8, 0.85, 0.85, 0.8, 0.8, 0.85, 0.85, 0.8, 0.75, 0.85, 0.7, 0.8, 0.85, 0.8, 0.85, 0.85, 0.85, 0.8, 0.8, 0.9, 0.85, 0.8, 0.85, 0.8, 0.8, 0.6, 0.75, 0.8, 0.8, 0.85, 0.85, 0.8, 0.8, 0.8, 0.85, 0.7, 0.85, 0.8, 0.85, 0.8, 0.85, 0.85, 0.85, 0.8, 0.85, 0.85, 0.85, 0.8, 0.85, 0.75, 0.8, 0.8, 0.8, 0.85, 0.85]",57,0.8140350877192982
it appears that the new product is successful in the market.,it appears that,mistralai/Mistral-7B-Instruct-v0.3,"[0.8, 0.8, 0.8]",3,0.8000000000000002
The new policy reportedly improves the economy.,reportedly,mistralai/Mistral-7B-Instruct-v0.3,"[0.7, 0.7, 0.8, 0.7, 0.7, 0.6, 0.7, 0.7, 0.7, 0.8, 0.7, 0.7, 0.7, 0.7, 0.6, 0.7, 0.7, 0.7, 0.7, 0.7, 0.7, 0.7, 0.7, 0.7, 0.7, 0.6, 0.6, 0.7, 0.6, 0.8, 0.6, 0.75, 0.7, 0.8, 0.7, 0.6, 0.7, 0.7, 0.8, 0.75, 0.8, 0.6, 0.7, 0.7, 0.6, 0.7, 0.6, 0.7]",48,0.69375
reportedly the new policy improves the economy.,reportedly,mistralai/Mistral-7B-Instruct-v0.3,"[0.6, 0.5, 0.6]",3,0.5666666666666667
"Reportedly, the new policy improves the economy.",reportedly,mistralai/Mistral-7B-Instruct-v0.3,"[0.7, 0.6, 0.6, 0.7, 0.6, 0.6]",6,0.6333333333333333
The new policy is reportedly improving the economy.,reportedly,mistralai/Mistral-7B-Instruct-v0.3,"[0.7, 0.6, 0.6]",3,0.6333333333333333
There is ostensibly a correlation between X and Y.,ostensibly,mistralai/Mistral-7B-Instruct-v0.3,"[0.75, 0.8, 0.7, 0.75, 0.7, 0.7, 0.7, 0.6, 0.75, 0.6, 0.75, 0.6, 0.7, 0.7, 0.7, 0.75, 0.75, 0.7, 0.8, 0.75, 0.7, 0.7, 0.75, 0.8]",24,0.7166666666666667
Ostensibly there is a correlation between X and Y.,ostensibly,mistralai/Mistral-7B-Instruct-v0.3,"[0.7, 0.7, 0.8, 0.7, 0.7, 0.7, 0.7, 0.7, 0.75, 0.7, 0.6, 0.75, 0.7, 0.7, 0.7]",15,0.7066666666666667
"Ostensibly, there is a correlation between X and Y.",ostensibly,mistralai/Mistral-7B-Instruct-v0.3,"[0.7, 0.7, 0.7, 0.7, 0.75, 0.6, 0.6, 0.6, 0.7]",9,0.6722222222222222
"There is a correlation between X and Y, ostensibly.",ostensibly,mistralai/Mistral-7B-Instruct-v0.3,"[0.6, 0.6, 0.7, 0.6, 0.6, 0.7]",6,0.6333333333333333
There is an ostensibly correlation between X and Y.,ostensibly,mistralai/Mistral-7B-Instruct-v0.3,"[0.6, 0.7, 0.7]",3,0.6666666666666666
There is ostensibly a correlation between X and Y.,ostensibly,mistralai/Mistral-7B-Instruct-v0.3,"[0.75, 0.75, 0.7]",3,0.7333333333333334
"On the face of it, the movie is good.",on the face of it,mistralai/Mistral-7B-Instruct-v0.3,"[0.6, 0.7, 0.65, 0.7, 0.7, 0.6, 0.75, 0.7, 0.7, 0.7, 0.7, 0.7, 0.7, 0.6, 0.7, 0.7, 0.7, 0.7, 0.6, 0.75, 0.7, 0.6, 0.7, 0.7, 0.7, 0.7, 0.7, 0.6, 0.7, 0.7, 0.7, 0.7, 0.7, 0.7, 0.7, 0.7, 0.6, 0.7, 0.7, 0.7, 0.7, 0.6, 0.7, 0.75, 0.7, 0.7, 0.6, 0.7, 0.7, 0.7, 0.6, 0.7, 0.6, 0.7, 0.7, 0.7, 0.7]",57,0.6824561403508772
The movie is good on the face of it.,on the face of it,mistralai/Mistral-7B-Instruct-v0.3,"[0.6, 0.7, 0.6]",3,0.6333333333333333
"To all appearances, the report is not accurate.",to all appearances,mistralai/Mistral-7B-Instruct-v0.3,"[0.85, 0.8, 0.8, 0.8, 0.8, 0.8, 0.8, 0.8, 0.8, 0.75, 0.85, 0.85, 0.85, 0.8, 0.8, 0.8, 0.8, 0.8, 0.8, 0.8, 0.8, 0.8, 0.7, 0.75, 0.8, 0.8, 0.8, 0.8, 0.8, 0.8, 0.8, 0.8, 0.8, 0.7, 0.9, 0.85, 0.8, 0.8, 0.85, 0.8, 0.9, 0.85, 0.8, 0.8, 0.8, 0.75, 0.8, 0.8, 0.8, 0.8, 0.85]",51,0.8049019607843139
To all appearances the report is not accurate.,to all appearances,mistralai/Mistral-7B-Instruct-v0.3,"[0.75, 0.8, 0.8]",3,0.7833333333333333
"The report is not accurate, to all appearances.",to all appearances,mistralai/Mistral-7B-Instruct-v0.3,"[0.8, 0.7, 0.8]",3,0.7666666666666666
to all appearances the report is not accurate.,to all appearances,mistralai/Mistral-7B-Instruct-v0.3,"[0.8, 0.8, 0.7]",3,0.7666666666666666
"By all accounts, the city is the oldest in the country.",by all accounts,mistralai/Mistral-7B-Instruct-v0.3,"[0.85, 0.95, 0.9, 0.85, 0.95, 0.85, 0.95, 0.95, 0.95, 0.9, 0.95, 0.95, 0.95, 0.9, 0.95, 0.95, 0.9, 0.85, 0.95, 0.95, 0.95, 0.95, 0.98, 0.9, 0.85, 0.95, 0.95, 0.95, 0.85, 0.95, 0.95, 0.95, 0.9, 0.95, 0.95, 0.95, 0.95, 0.95, 0.95]",39,0.9276923076923077
By all accounts the city is the oldest in the country.,by all accounts,mistralai/Mistral-7B-Instruct-v0.3,"[0.95, 0.95, 0.85, 0.95, 0.95, 0.95, 0.95, 0.85, 0.85, 0.9, 0.95, 0.95]",12,0.9208333333333333
"The city is, by all accounts, the oldest in the country.",by all accounts,mistralai/Mistral-7B-Instruct-v0.3,"[0.95, 0.95, 0.95, 0.95, 0.98, 0.95]",6,0.955
"The city is the oldest in the country, by all accounts.",by all accounts,mistralai/Mistral-7B-Instruct-v0.3,"[0.95, 0.95, 0.95]",3,0.9499999999999998
"On the evidence, the medication is effective in treating the disease.",on the evidence,mistralai/Mistral-7B-Instruct-v0.3,"[0.95, 0.9, 0.95, 0.9, 0.95, 0.95, 0.95, 0.9, 0.95, 0.95, 0.95, 0.95, 0.95, 0.85, 0.95, 0.95, 0.85, 0.95, 0.95, 0.95, 0.95, 0.95, 0.95, 0.95, 0.85, 0.95, 0.95, 0.95, 0.95, 0.95, 0.95, 0.95, 0.95, 0.95, 0.95, 0.98, 0.95, 0.85, 0.95, 0.95, 0.95, 0.95, 0.95, 0.9, 0.95, 0.9, 0.95, 0.95, 0.95, 0.95, 0.85, 0.95, 0.85, 0.95, 0.95, 0.9, 0.95]",57,0.9347368421052632
"The medication is effective in treating the disease, on the evidence.",on the evidence,mistralai/Mistral-7B-Instruct-v0.3,"[0.95, 0.85, 0.95]",3,0.9166666666666666
"On balance, it rains tomorrow.",on balance,mistralai/Mistral-7B-Instruct-v0.3,"[0.6, 0.7, 0.85, 0.7, 0.7, 0.6, 0.7, 0.7, 0.7, 0.6, 0.7, 0.6, 0.7, 0.6, 0.7, 0.7, 0.7, 0.6, 0.6, 0.7, 0.6, 0.7, 0.7, 0.7, 0.7, 0.8, 0.7, 0.7, 0.7, 0.5, 0.7, 0.6, 0.6, 0.6, 0.7, 0.6, 0.6, 0.6, 0.7, 0.7, 0.7, 0.6, 0.6, 0.6, 0.7, 0.7, 0.7, 0.6, 0.7, 0.6, 0.7]",51,0.6637254901960784
"On balance, it may rain tomorrow.",on balance,mistralai/Mistral-7B-Instruct-v0.3,"[0.6, 0.7, 0.6]",3,0.6333333333333333
"It rains tomorrow, on balance.",on balance,mistralai/Mistral-7B-Instruct-v0.3,"[0.6, 0.6, 0.4]",3,0.5333333333333333
On balance it rains tomorrow.,on balance,mistralai/Mistral-7B-Instruct-v0.3,"[0.6, 0.7, 0.7]",3,0.6666666666666666
"Possibly, the report is not accurate.",possibly,mistralai/Mistral-7B-Instruct-v0.3,"[0.6, 0.6, 0.6, 0.6, 0.7, 0.7]",6,0.6333333333333333
The report is possibly not accurate.,possibly,mistralai/Mistral-7B-Instruct-v0.3,"[0.6, 0.8, 0.6, 0.6, 0.6, 0.7, 0.6, 0.6, 0.6, 0.6, 0.6, 0.6, 0.6, 0.6, 0.6, 0.6, 0.6, 0.6, 0.6, 0.7, 0.6, 0.5, 0.6, 0.6, 0.5, 0.6, 0.6, 0.6, 0.6, 0.6, 0.6, 0.6, 0.6, 0.6, 0.7, 0.7]",36,0.6111111111111112
Possibly the report is not accurate.,possibly,mistralai/Mistral-7B-Instruct-v0.3,"[0.6, 0.6, 0.6, 0.6, 0.6, 0.4, 0.6, 0.7, 0.6, 0.7, 0.6, 0.6, 0.7, 0.6, 0.6]",15,0.6066666666666667
The report is possibly inaccurate.,possibly,mistralai/Mistral-7B-Instruct-v0.3,"[0.6, 0.6, 0.6]",3,0.6
Perhaps the movie is good.,perhaps,mistralai/Mistral-7B-Instruct-v0.3,"[0.6, 0.6, 0.6, 0.5, 0.6, 0.4, 0.5, 0.3, 0.4, 0.4, 0.4, 0.4, 0.5, 0.6, 0.4, 0.4, 0.6, 0.4, 0.4, 0.6, 0.4, 0.5, 0.3, 0.6, 0.6, 0.6, 0.3, 0.6, 0.6, 0.5, 0.4, 0.5, 0.6, 0.6, 0.6, 0.4, 0.4, 0.6, 0.4, 0.6, 0.5, 0.4, 0.5, 0.6, 0.5, 0.5, 0.5, 0.3, 0.3, 0.5, 0.5]",51,0.48627450980392156
The movie is perhaps good.,perhaps,mistralai/Mistral-7B-Instruct-v0.3,"[0.6, 0.5, 0.6, 0.6, 0.6, 0.6, 0.6, 0.6, 0.6]",9,0.5888888888888889
The city might be the oldest in the country.,maybe,mistralai/Mistral-7B-Instruct-v0.3,"[0.6, 0.6, 0.6, 0.7, 0.7, 0.5]",6,0.6166666666666666
Maybe the city is the oldest in the country.,maybe,mistralai/Mistral-7B-Instruct-v0.3,"[0.4, 0.5, 0.4, 0.5, 0.6, 0.5, 0.5, 0.5, 0.5, 0.5, 0.5, 0.3, 0.5, 0.5, 0.3, 0.5, 0.5, 0.5, 0.5, 0.6, 0.3, 0.6, 0.6, 0.5, 0.5, 0.5, 0.3, 0.5, 0.5, 0.5]",30,0.48000000000000004
The city maybe is the oldest in the country.,maybe,mistralai/Mistral-7B-Instruct-v0.3,"[0.4, 0.4, 0.3, 0.6, 0.6, 0.3, 0.3, 0.4, 0.5]",9,0.4222222222222222
The city is maybe the oldest in the country.,maybe,mistralai/Mistral-7B-Instruct-v0.3,"[0.6, 0.6, 0.3, 0.5, 0.4, 0.5, 0.6, 0.5, 0.5, 0.4, 0.6, 0.5]",12,0.5
The city may be the oldest in the country.,maybe,mistralai/Mistral-7B-Instruct-v0.3,"[0.4, 0.6, 0.6]",3,0.5333333333333333
The medication is conceivably effective in treating the disease.,conceivably,mistralai/Mistral-7B-Instruct-v0.3,"[0.6, 0.6, 0.7, 0.7, 0.6, 0.6, 0.5, 0.65, 0.7, 0.6, 0.7, 0.75, 0.7, 0.6, 0.7, 0.7, 0.75, 0.65, 0.6, 0.6, 0.6, 0.6, 0.7, 0.6, 0.6, 0.7, 0.6, 0.6, 0.6, 0.6, 0.7, 0.6, 0.6, 0.7, 0.6, 0.7, 0.6, 0.7, 0.6, 0.6, 0.6, 0.7, 0.6, 0.7, 0.7]",45,0.6422222222222221
Conceivably the medication is effective in treating the disease.,conceivably,mistralai/Mistral-7B-Instruct-v0.3,"[0.6, 0.75, 0.6, 0.6, 0.6, 0.75]",6,0.65
The medication conceivably is effective in treating the disease.,conceivably,mistralai/Mistral-7B-Instruct-v0.3,"[0.6, 0.6, 0.7, 0.7, 0.7, 0.6]",6,0.65
The medication can conceivably be effective in treating the disease.,conceivably,mistralai/Mistral-7B-Instruct-v0.3,"[0.6, 0.6, 0.6]",3,0.6
The experiment potentially shows a significant effect.,potentially,mistralai/Mistral-7B-Instruct-v0.3,"[0.75, 0.75, 0.75, 0.7, 0.7, 0.7, 0.7, 0.7, 0.7, 0.7, 0.7, 0.75, 0.6, 0.7, 0.8, 0.6, 0.7, 0.7, 0.7, 0.8, 0.7, 0.75, 0.7, 0.75, 0.6, 0.7, 0.75, 0.7, 0.7, 0.6, 0.7, 0.6, 0.6, 0.75, 0.7, 0.7, 0.75, 0.8, 0.7, 0.7, 0.6, 0.75, 0.75, 0.6, 0.7]",45,0.701111111111111
The experiment shows a potentially significant effect.,potentially,mistralai/Mistral-7B-Instruct-v0.3,"[0.85, 0.8, 0.7, 0.8, 0.85, 0.85, 0.8, 0.9, 0.85, 0.7, 0.8, 0.8, 0.8, 0.8, 0.8]",15,0.8066666666666666
It is possible that the new product is successful in the market.,it is possible that,mistralai/Mistral-7B-Instruct-v0.3,"[0.6, 0.7, 0.6, 0.7, 0.6, 0.7, 0.7, 0.5, 0.6, 0.6, 0.7, 0.6, 0.75, 0.7, 0.7, 0.5, 0.6, 0.6, 0.5, 0.6, 0.7, 0.7, 0.75, 0.75, 0.75, 0.7, 0.7, 0.6, 0.6, 0.7, 0.6, 0.7, 0.7, 0.5, 0.6, 0.6, 0.75, 0.7, 0.6, 0.7, 0.7, 0.6, 0.6, 0.6, 0.7, 0.7, 0.6, 0.7, 0.6, 0.75, 0.6, 0.7, 0.7, 0.6, 0.7, 0.6, 0.7]",57,0.6508771929824562
It is possible that the problem has not been solved yet.,it is possible that,mistralai/Mistral-7B-Instruct-v0.3,"[0.7, 0.6, 0.6]",3,0.6333333333333333
There is a chance that the book is informative.,there is a chance that,mistralai/Mistral-7B-Instruct-v0.3,"[0.6, 0.7, 0.6, 0.6, 0.6, 0.6, 0.6, 0.6, 0.6, 0.6, 0.6, 0.7, 0.5, 0.7, 0.6, 0.6, 0.6, 0.6, 0.6, 0.6, 0.7, 0.6, 0.6, 0.6, 0.7, 0.5, 0.7, 0.6, 0.6, 0.7, 0.7, 0.6, 0.6, 0.6, 0.7, 0.7, 0.7, 0.6, 0.6, 0.7, 0.7, 0.7, 0.6, 0.7, 0.7, 0.6, 0.6, 0.6, 0.6, 0.6, 0.7, 0.6, 0.6, 0.6]",54,0.6277777777777778
there is a chance that the book is informative.,there is a chance that,mistralai/Mistral-7B-Instruct-v0.3,"[0.6, 0.7, 0.6, 0.5, 0.7, 0.6]",6,0.6166666666666666
It may be that the restaurant serves delicious food.,it may be that,mistralai/Mistral-7B-Instruct-v0.3,"[0.6, 0.6, 0.5, 0.6, 0.6, 0.6, 0.6, 0.6, 0.6, 0.6, 0.5, 0.6, 0.6, 0.5, 0.7, 0.6, 0.6, 0.6, 0.6, 0.6, 0.6, 0.6, 0.5, 0.6, 0.6, 0.6, 0.6, 0.6, 0.3, 0.7, 0.6, 0.7, 0.6, 0.5, 0.6, 0.5, 0.6, 0.6, 0.6, 0.6, 0.6, 0.6, 0.6, 0.5, 0.6, 0.6, 0.6, 0.6, 0.6, 0.6, 0.7, 0.6, 0.6, 0.6, 0.6, 0.6, 0.6, 0.6, 0.6, 0.6]",60,0.59
It might be that the report is not accurate.,it might be that,mistralai/Mistral-7B-Instruct-v0.3,"[0.6, 0.6, 0.6, 0.5, 0.5, 0.6, 0.6, 0.6, 0.6, 0.5, 0.6, 0.6, 0.6, 0.4, 0.7, 0.6, 0.6, 0.7, 0.6, 0.6, 0.5, 0.6, 0.7, 0.5, 0.6, 0.6, 0.6, 0.6, 0.6, 0.4, 0.65, 0.6, 0.5, 0.3, 0.6, 0.6, 0.5, 0.7, 0.6, 0.6, 0.6, 0.4, 0.5, 0.6, 0.6, 0.5, 0.6, 0.5, 0.6, 0.6, 0.6, 0.7, 0.6, 0.6, 0.7, 0.6, 0.5, 0.5, 0.6, 0.4]",60,0.5725
It could be that the new policy improves the economy.,it could be that,mistralai/Mistral-7B-Instruct-v0.3,"[0.6, 0.6, 0.4, 0.6, 0.6, 0.6, 0.6, 0.5, 0.5, 0.6, 0.5, 0.6, 0.5, 0.5, 0.5, 0.4, 0.5, 0.6, 0.6, 0.4, 0.6, 0.6, 0.6, 0.6, 0.5, 0.6, 0.5, 0.4, 0.6, 0.6, 0.6, 0.6, 0.5, 0.6, 0.6, 0.6, 0.6, 0.4, 0.5, 0.5, 0.5, 0.5, 0.6, 0.6, 0.6, 0.4, 0.6, 0.6, 0.5, 0.5, 0.5, 0.6, 0.5, 0.5, 0.6, 0.6, 0.6, 0.6, 0.6, 0.6]",60,0.5483333333333333
There is a possibility that the new product is successful in the market.,there is a possibility that,mistralai/Mistral-7B-Instruct-v0.3,"[0.6, 0.6, 0.7, 0.7, 0.6, 0.7, 0.6, 0.6, 0.7, 0.6, 0.6, 0.6, 0.6, 0.7, 0.6, 0.7, 0.6, 0.6, 0.6, 0.6, 0.7, 0.6, 0.6, 0.6, 0.7, 0.7, 0.7, 0.6, 0.7, 0.6, 0.6, 0.7, 0.6, 0.8, 0.7, 0.6, 0.6, 0.5, 0.6, 0.7, 0.7, 0.6, 0.5, 0.6, 0.6, 0.6, 0.7, 0.7, 0.6, 0.5, 0.7, 0.7, 0.6, 0.75, 0.6, 0.7, 0.6]",57,0.6359649122807017
there is a possibility that the new product is successful in the market.,there is a possibility that,mistralai/Mistral-7B-Instruct-v0.3,"[0.6, 0.6, 0.7]",3,0.6333333333333333
It is not impossible that the experiment shows a significant effect.,not impossible,mistralai/Mistral-7B-Instruct-v0.3,"[0.6, 0.6, 0.8, 0.6, 0.6, 0.5, 0.6, 0.6, 0.6, 0.6, 0.6, 0.7, 0.7, 0.5, 0.6, 0.7, 0.7, 0.6, 0.6, 0.7, 0.5, 0.6, 0.8, 0.6, 0.7, 0.7, 0.6, 0.6, 0.7, 0.7, 0.6, 0.6, 0.6]",33,0.6303030303030304
"The experiment shows a significant effect, not impossible.",not impossible,mistralai/Mistral-7B-Instruct-v0.3,"[0.75, 0.7, 0.8, 0.7, 0.75, 0.85, 0.8, 0.85, 0.8, 0.8, 0.8, 0.8, 0.8, 0.8, 0.8]",15,0.7866666666666667
"The experiment shows a significant effect, which is not impossible.",not impossible,mistralai/Mistral-7B-Instruct-v0.3,"[0.8, 0.8, 0.85, 0.7, 0.85, 0.7]",6,0.7833333333333333
Not impossible that the experiment shows a significant effect.,not impossible,mistralai/Mistral-7B-Instruct-v0.3,"[0.7, 0.7, 0.6]",3,0.6666666666666666
The experiment shows that a significant effect is not impossible.,not impossible,mistralai/Mistral-7B-Instruct-v0.3,"[0.6, 0.5, 0.6]",3,0.5666666666666667
"The medication is effectively treating the disease, not out of the question.",not out of the question,mistralai/Mistral-7B-Instruct-v0.3,"[0.6, 0.7, 0.7]",3,0.6666666666666666
The medication being effective in treating the disease is not out of the question.,not out of the question,mistralai/Mistral-7B-Instruct-v0.3,"[0.6, 0.6, 0.6, 0.5, 0.5, 0.5]",6,0.5499999999999999
"Not out of the question, the medication is effective in treating the disease.",not out of the question,mistralai/Mistral-7B-Instruct-v0.3,"[0.75, 0.7, 0.7]",3,0.7166666666666667
It is not out of the question that the medication is effective in treating the disease.,not out of the question,mistralai/Mistral-7B-Instruct-v0.3,"[0.6, 0.6, 0.7, 0.6, 0.6, 0.75, 0.7, 0.7, 0.6, 0.7, 0.7, 0.7, 0.7, 0.7, 0.6]",15,0.6633333333333333
"The medication is effective in treating the disease, not out of the question.",not out of the question,mistralai/Mistral-7B-Instruct-v0.3,"[0.8, 0.6, 0.7, 0.75, 0.8, 0.6]",6,0.7083333333333334
The medication is not out of the question for treating the disease.,not out of the question,mistralai/Mistral-7B-Instruct-v0.3,"[0.65, 0.7, 0.6, 0.6, 0.8, 0.6, 0.75, 0.7, 0.7, 0.6, 0.7, 0.6, 0.7, 0.7, 0.7, 0.7, 0.6, 0.5, 0.75, 0.7, 0.6]",21,0.6642857142857143
Not out of the question that the medication is effective in treating the disease.,not out of the question,mistralai/Mistral-7B-Instruct-v0.3,"[0.7, 0.7, 0.7]",3,0.6999999999999998
The medication is not out of the question for effectively treating the disease.,not out of the question,mistralai/Mistral-7B-Instruct-v0.3,"[0.6, 0.75, 0.7]",3,0.6833333333333332
It feasibly rains tomorrow.,feasibly,mistralai/Mistral-7B-Instruct-v0.3,"[0.7, 0.7, 0.7, 0.6, 0.8, 0.7, 0.7, 0.7, 0.7, 0.7, 0.7, 0.7, 0.8, 0.6, 0.7, 0.7, 0.75, 0.8, 0.7, 0.6, 0.6, 0.7, 0.6, 0.6, 0.7, 0.7, 0.7, 0.75, 0.7, 0.5, 0.6, 0.7, 0.6, 0.6, 0.7, 0.7, 0.7, 0.7, 0.7, 0.6, 0.7, 0.7]",42,0.6809523809523809
Feasibly it rains tomorrow.,feasibly,mistralai/Mistral-7B-Instruct-v0.3,"[0.6, 0.6, 0.6, 0.7, 0.6, 0.6]",6,0.6166666666666666
"Feasibly, it rains tomorrow.",feasibly,mistralai/Mistral-7B-Instruct-v0.3,"[0.6, 0.6, 0.6]",3,0.6
It feasibly will rain tomorrow.,feasibly,mistralai/Mistral-7B-Instruct-v0.3,"[0.7, 0.7, 0.6]",3,0.6666666666666666
It rains feasibly tomorrow.,feasibly,mistralai/Mistral-7B-Instruct-v0.3,"[0.6, 0.4, 0.5, 0.6, 0.4, 0.4]",6,0.48333333333333334
Under some circumstances the experiment shows a significant effect.,under some circumstances,mistralai/Mistral-7B-Instruct-v0.3,"[0.7, 0.75, 0.8, 0.8, 0.8, 0.7, 0.8, 0.75, 0.8, 0.8, 0.75, 0.75]",12,0.7666666666666666
"Under some circumstances, the experiment shows a significant effect.",under some circumstances,mistralai/Mistral-7B-Instruct-v0.3,"[0.7, 0.7, 0.7, 0.7, 0.7, 0.7, 0.6, 0.7, 0.7, 0.75, 0.7, 0.8, 0.8, 0.8, 0.7, 0.7, 0.7, 0.7, 0.7, 0.7, 0.75, 0.7, 0.8, 0.7, 0.7, 0.7, 0.75, 0.6, 0.7, 0.75, 0.7, 0.75, 0.7, 0.7, 0.7, 0.7, 0.8, 0.7, 0.7, 0.75, 0.8, 0.75, 0.8, 0.75, 0.7]",45,0.72
The experiment shows a significant effect under some circumstances.,under some circumstances,mistralai/Mistral-7B-Instruct-v0.3,"[0.8, 0.85, 0.85]",3,0.8333333333333334
"In some cases, the experiment shows a significant effect.",in some cases,mistralai/Mistral-7B-Instruct-v0.3,"[0.75, 0.75, 0.8, 0.6, 0.75, 0.7, 0.7, 0.7, 0.65, 0.7, 0.7, 0.7, 0.8, 0.6, 0.8, 0.6, 0.7, 0.7, 0.7, 0.7, 0.7, 0.7, 0.7, 0.7, 0.7, 0.65, 0.7, 0.7, 0.75, 0.7, 0.6, 0.7, 0.8, 0.65, 0.6, 0.7, 0.7, 0.7, 0.7, 0.75, 0.7, 0.7, 0.7, 0.7, 0.7, 0.7, 0.7, 0.7]",48,0.7000000000000001
The experiment shows a significant effect in some cases.,in some cases,mistralai/Mistral-7B-Instruct-v0.3,"[0.85, 0.85, 0.85, 0.9, 0.8, 0.75, 0.8, 0.85, 0.8]",9,0.8277777777777778
"In some cases, the experiment indicates a significant effect.",in some cases,mistralai/Mistral-7B-Instruct-v0.3,"[0.7, 0.7, 0.7]",3,0.6999999999999998
In certain conditions the restaurant serves delicious food.,in certain conditions,mistralai/Mistral-7B-Instruct-v0.3,"[0.7, 0.7, 0.6]",3,0.6666666666666666
"In certain conditions, the restaurant serves delicious food.",in certain conditions,mistralai/Mistral-7B-Instruct-v0.3,"[0.6, 0.75, 0.7, 0.7, 0.8, 0.7, 0.7, 0.8, 0.7, 0.7, 0.8, 0.8, 0.7, 0.7, 0.75, 0.7, 0.7, 0.7, 0.75, 0.7, 0.8, 0.7, 0.8, 0.8, 0.75, 0.8, 0.75, 0.8, 0.8, 0.8, 0.7, 0.8, 0.7, 0.7, 0.75, 0.8, 0.7, 0.6, 0.75, 0.7, 0.7, 0.7, 0.75, 0.75, 0.8, 0.8, 0.8, 0.7, 0.7, 0.8, 0.8]",51,0.7401960784313726
The restaurant serves delicious food in certain conditions.,in certain conditions,mistralai/Mistral-7B-Instruct-v0.3,"[0.7, 0.7, 0.7, 0.7, 0.6, 0.7]",6,0.6833333333333332
The new policy improves the economy with some likelihood.,with some likelihood,mistralai/Mistral-7B-Instruct-v0.3,"[0.7, 0.7, 0.7, 0.6, 0.6, 0.7, 0.6, 0.6, 0.7, 0.75, 0.6, 0.6, 0.6, 0.7, 0.7, 0.6, 0.6, 0.6, 0.7, 0.6, 0.6, 0.6, 0.6, 0.7, 0.7, 0.6, 0.7, 0.6, 0.7, 0.6, 0.7, 0.6, 0.7, 0.6, 0.6, 0.6, 0.6, 0.7, 0.6, 0.7, 0.7, 0.6, 0.75, 0.75, 0.6, 0.6, 0.7, 0.6, 0.7, 0.6, 0.7, 0.6, 0.7, 0.7, 0.6, 0.7, 0.7]",57,0.6499999999999999
"With some likelihood, the new policy improves the economy.",with some likelihood,mistralai/Mistral-7B-Instruct-v0.3,"[0.7, 0.6, 0.6]",3,0.6333333333333333
The book is theoretically possible informative.,theoretically possible,mistralai/Mistral-7B-Instruct-v0.3,"[0.3, 0.3, 0.3, 0.1, 0.3, 0.3, 0.3, 0.2, 0.1]",9,0.24444444444444446
"Theoretically possible, the book is informative.",theoretically possible,mistralai/Mistral-7B-Instruct-v0.3,"[0.8, 0.7, 0.7, 0.6, 0.6, 0.6, 0.6, 0.6, 0.7, 0.6, 0.7, 0.7, 0.7, 0.7, 0.7, 0.75, 0.6, 0.6]",18,0.6638888888888889
It is theoretically possible that the book is informative.,theoretically possible,mistralai/Mistral-7B-Instruct-v0.3,"[0.6, 0.7, 0.6, 0.7, 0.7, 0.6, 0.6, 0.6, 0.6, 0.7, 0.6, 0.7, 0.5, 0.6, 0.7, 0.7, 0.6, 0.7]",18,0.6388888888888888
The results are theoretically possible.,theoretically possible,mistralai/Mistral-7B-Instruct-v0.3,"[0.5, 0.7, 0.7]",3,0.6333333333333333
The book is theoretically possible to be informative.,theoretically possible,mistralai/Mistral-7B-Instruct-v0.3,"[0.6, 0.4, 0.6, 0.6, 0.5, 0.6, 0.6, 0.5, 0.5]",9,0.5444444444444445
"The book is, theoretically possible, informative.",theoretically possible,mistralai/Mistral-7B-Instruct-v0.3,"[0.6, 0.7, 0.6]",3,0.6333333333333333
It is unclear whether the medication is effective in treating the disease.,it is unclear,mistralai/Mistral-7B-Instruct-v0.3,"[0.4, 0.6, 0.5, 0.5, 0.5, 0.3, 0.5, 0.5, 0.5, 0.5, 0.5, 0.5, 0.5, 0.5, 0.5, 0.5, 0.5, 0.3, 0.6, 0.5, 0.6, 0.5, 0.7, 0.5, 0.4, 0.6, 0.5, 0.5, 0.5, 0.3, 0.5, 0.5, 0.5, 0.5, 0.5, 0.5, 0.5, 0.5, 0.4, 0.5, 0.5, 0.5, 0.5, 0.5, 0.4, 0.6, 0.5, 0.5, 0.4, 0.5, 0.3]",51,0.48823529411764705
It is unclear that the medication is effective in treating the disease.,it is unclear,mistralai/Mistral-7B-Instruct-v0.3,"[0.5, 0.5, 0.5, 0.6, 0.5, 0.6, 0.5, 0.6, 0.6]",9,0.5444444444444445
It is uncertain whether the restaurant serves delicious food.,it is uncertain,mistralai/Mistral-7B-Instruct-v0.3,"[0.3, 0.5, 0.5, 0.5, 0.3, 0.3, 0.5, 0.5, 0.3, 0.5, 0.3, 0.5, 0.5, 0.5, 0.6, 0.5, 0.3, 0.5, 0.6, 0.3, 0.5, 0.5, 0.5, 0.3, 0.5, 0.3, 0.3, 0.5, 0.5, 0.6, 0.3, 0.5, 0.5]",33,0.4424242424242424
It is uncertain that the restaurant serves delicious food.,it is uncertain,mistralai/Mistral-7B-Instruct-v0.3,"[0.6, 0.3, 0.3, 0.5, 0.4, 0.5, 0.6, 0.6, 0.5, 0.4, 0.5, 0.3, 0.5, 0.6, 0.7, 0.5, 0.6, 0.7, 0.5, 0.3, 0.5]",21,0.49523809523809526
It is uncertain the restaurant serves delicious food.,it is uncertain,mistralai/Mistral-7B-Instruct-v0.3,"[0.4, 0.6, 0.75]",3,0.5833333333333334
It is uncertain if the restaurant serves delicious food.,it is uncertain,mistralai/Mistral-7B-Instruct-v0.3,"[0.7, 0.3, 0.3]",3,0.4333333333333333
It remains to be seen whether it rains tomorrow.,it remains to be seen,mistralai/Mistral-7B-Instruct-v0.3,"[0.5, 0.75, 0.6, 0.7, 0.5, 0.5, 0.6, 0.5, 0.6, 0.5, 0.5, 0.5, 0.6, 0.5, 0.7, 0.6, 0.7, 0.6, 0.5, 0.6, 0.6, 0.6, 0.7, 0.5, 0.6, 0.6, 0.7, 0.5, 0.5, 0.6, 0.8, 0.6, 0.5, 0.5, 0.6, 0.7, 0.6, 0.7, 0.5, 0.7, 0.6, 0.5, 0.5, 0.7, 0.5, 0.3, 0.7, 0.5]",48,0.5822916666666667
It remains to be seen if it rains tomorrow.,it remains to be seen,mistralai/Mistral-7B-Instruct-v0.3,"[0.6, 0.7, 0.7, 0.5, 0.5, 0.5, 0.6, 0.5, 0.6, 0.6, 0.6, 0.6]",12,0.5833333333333334
The book is informative that is debatable.,that is debatable,mistralai/Mistral-7B-Instruct-v0.3,"[0.6, 0.5, 0.6, 0.5, 0.5, 0.5, 0.3, 0.3, 0.4, 0.5, 0.5, 0.5, 0.4, 0.5, 0.5]",15,0.47333333333333333
"The book is informative, that is debatable.",that is debatable,mistralai/Mistral-7B-Instruct-v0.3,"[0.6, 0.5, 0.7, 0.4, 0.6, 0.5, 0.5, 0.6, 0.5, 0.3, 0.75, 0.5, 0.7, 0.7, 0.3, 0.5, 0.6, 0.3, 0.6, 0.7, 0.6, 0.5, 0.6, 0.6, 0.6, 0.6, 0.5, 0.5, 0.5, 0.5, 0.6, 0.5, 0.6, 0.5, 0.6, 0.7, 0.5, 0.6, 0.7, 0.5, 0.7, 0.5, 0.6, 0.5, 0.5]",45,0.5544444444444444
it is questionable whether it rains tomorrow.,it is questionable whether,mistralai/Mistral-7B-Instruct-v0.3,"[0.7, 0.75, 0.6, 0.6, 0.6, 0.7]",6,0.6583333333333333
It is questionable whether it rains tomorrow.,it is questionable whether,mistralai/Mistral-7B-Instruct-v0.3,"[0.6, 0.4, 0.7, 0.6, 0.5, 0.5, 0.7, 0.5, 0.6, 0.6, 0.7, 0.6, 0.6, 0.6, 0.6, 0.6, 0.7, 0.6, 0.6, 0.7, 0.6, 0.7, 0.6, 0.5, 0.7, 0.6, 0.6, 0.6, 0.6, 0.6, 0.7, 0.7, 0.7, 0.7, 0.7, 0.5, 0.7, 0.6, 0.5, 0.6, 0.6, 0.6]",42,0.6119047619047618
It is questionable whether the stock will rise.,it is questionable whether,mistralai/Mistral-7B-Instruct-v0.3,"[0.6, 0.5, 0.3]",3,0.4666666666666666
It is questionable whether it will rain tomorrow.,it is questionable whether,mistralai/Mistral-7B-Instruct-v0.3,"[0.7, 0.7, 0.7]",3,0.6999999999999998
it is questionable whether the planet will launch a new mission next year.,it is questionable whether,mistralai/Mistral-7B-Instruct-v0.3,"[0.5, 0.6, 0.6]",3,0.5666666666666667
It is questionable whether it rains tomorrow,it is questionable whether,mistralai/Mistral-7B-Instruct-v0.3,"[0.7, 0.6, 0.5]",3,0.6
It is hard to say the experiment shows a significant effect.,it is hard to say,mistralai/Mistral-7B-Instruct-v0.3,"[0.65, 0.5, 0.6, 0.6, 0.6, 0.4, 0.6, 0.6, 0.5, 0.4, 0.5, 0.5, 0.6, 0.6, 0.3, 0.65, 0.6, 0.5]",18,0.5388888888888889
It is hard to say that the experiment shows a significant effect.,it is hard to say,mistralai/Mistral-7B-Instruct-v0.3,"[0.5, 0.6, 0.5, 0.6, 0.5, 0.5, 0.6, 0.5, 0.6, 0.4, 0.5, 0.6, 0.6, 0.6, 0.3, 0.6, 0.5, 0.6, 0.6, 0.6, 0.5]",21,0.5380952380952381
It is hard to say whether the experiment shows a significant effect.,it is hard to say,mistralai/Mistral-7B-Instruct-v0.3,"[0.3, 0.5, 0.5, 0.5, 0.6, 0.6, 0.7, 0.45, 0.5, 0.4, 0.6, 0.6, 0.5, 0.7, 0.6, 0.6, 0.5, 0.6]",18,0.5416666666666666
The experiment shows a significant effect; it is hard to say.,it is hard to say,mistralai/Mistral-7B-Instruct-v0.3,"[0.5, 0.6, 0.6]",3,0.5666666666666667
"The city is the oldest in the country, open to debate.",open to debate,mistralai/Mistral-7B-Instruct-v0.3,"[0.7, 0.6, 0.6, 0.6, 0.7, 0.7, 0.6, 0.6, 0.6, 0.7, 0.6, 0.7, 0.6, 0.6, 0.75, 0.6, 0.5, 0.6, 0.6, 0.6, 0.7, 0.7, 0.6, 0.6, 0.6, 0.7, 0.6, 0.6, 0.5, 0.7, 0.6, 0.6, 0.7, 0.5, 0.6, 0.7, 0.6, 0.5, 0.6, 0.7, 0.5, 0.6, 0.6, 0.6, 0.7, 0.6, 0.5, 0.6, 0.7, 0.6, 0.6, 0.6, 0.7, 0.7, 0.6, 0.75, 0.75]",57,0.625438596491228
The claim that the city is the oldest in the country is open to debate.,open to debate,mistralai/Mistral-7B-Instruct-v0.3,"[0.6, 0.7, 0.5]",3,0.6
The movie is good open to question,open to question,mistralai/Mistral-7B-Instruct-v0.3,"[0.5, 0.5, 0.5]",3,0.5
"The movie is good, open to question.",open to question,mistralai/Mistral-7B-Instruct-v0.3,"[0.4, 0.5, 0.65, 0.6, 0.5, 0.6, 0.6, 0.5, 0.5, 0.6, 0.4, 0.6, 0.6, 0.5, 0.6, 0.4, 0.5, 0.5, 0.6, 0.6, 0.5, 0.4, 0.6, 0.3, 0.5, 0.6, 0.6, 0.6, 0.7, 0.5, 0.5, 0.5, 0.5, 0.75, 0.75, 0.7, 0.5, 0.5, 0.6, 0.7, 0.6, 0.5, 0.75, 0.7, 0.6]",45,0.5599999999999999
The movie is open to question.,open to question,mistralai/Mistral-7B-Instruct-v0.3,"[0.5, 0.6, 0.5, 0.6, 0.7, 0.5, 0.6, 0.6, 0.6]",9,0.5777777777777778
The movie is good open to question.,open to question,mistralai/Mistral-7B-Instruct-v0.3,"[0.3, 0.4, 0.3]",3,0.3333333333333333
It is yet to be determined whether the medication is effective in treating the disease.,yet to be determined,mistralai/Mistral-7B-Instruct-v0.3,"[0.5, 0.5, 0.7]",3,0.5666666666666667
The effectiveness of the medication in treating the disease is yet to be determined.,yet to be determined,mistralai/Mistral-7B-Instruct-v0.3,"[0.4, 0.7, 0.3, 0.3, 0.5, 0.5, 0.6, 0.3, 0.5, 0.3, 0.6, 0.3, 0.5, 0.5, 0.5]",15,0.4533333333333333
The medication's effectiveness in treating the disease is yet to be determined.,yet to be determined,mistralai/Mistral-7B-Instruct-v0.3,"[0.5, 0.5, 0.5, 0.6, 0.6, 0.3, 0.5, 0.5, 0.5]",9,0.5
The medication is effective in treating the disease yet to be determined.,yet to be determined,mistralai/Mistral-7B-Instruct-v0.3,"[0.6, 0.6, 0.8, 0.5, 0.6, 0.6, 0.7, 0.5, 0.7, 0.3, 0.7, 0.6, 0.6, 0.6, 0.6]",15,0.6
"The medication is effective in treating the disease, yet to be determined.",yet to be determined,mistralai/Mistral-7B-Instruct-v0.3,"[0.7, 0.6, 0.6, 0.7, 0.75, 0.6, 0.65, 0.6, 0.6, 0.6, 0.6, 0.5]",12,0.625
The medication is yet to be determined to be effective in treating the disease.,yet to be determined,mistralai/Mistral-7B-Instruct-v0.3,"[0.6, 0.7, 0.7]",3,0.6666666666666666
The medication’s effectiveness in treating the disease is yet to be determined.,yet to be determined,mistralai/Mistral-7B-Instruct-v0.3,"[0.3, 0.6, 0.5]",3,0.4666666666666666
It remains unclear whether the medication is effective in treating the disease.,remains unclear,mistralai/Mistral-7B-Instruct-v0.3,"[0.5, 0.6, 0.3, 0.6, 0.6, 0.3, 0.6, 0.5, 0.5, 0.6, 0.7, 0.3, 0.5, 0.6, 0.5]",15,0.5133333333333333
The effectiveness of the medication in treating the disease remains unclear.,remains unclear,mistralai/Mistral-7B-Instruct-v0.3,"[0.5, 0.5, 0.5, 0.5, 0.5, 0.65, 0.6, 0.5, 0.6, 0.6, 0.5, 0.5, 0.6, 0.7, 0.6]",15,0.5566666666666666
The medication remains unclear in treating the disease.,remains unclear,mistralai/Mistral-7B-Instruct-v0.3,"[0.7, 0.8, 0.6, 0.7, 0.6, 0.7, 0.75, 0.7, 0.7]",9,0.6944444444444444
The medication’s effectiveness in treating the disease remains unclear.,remains unclear,mistralai/Mistral-7B-Instruct-v0.3,"[0.5, 0.5, 0.6, 0.6, 0.6, 0.5]",6,0.5499999999999999
The medication's effectiveness in treating the disease remains unclear.,remains unclear,mistralai/Mistral-7B-Instruct-v0.3,"[0.5, 0.5, 0.6, 0.6, 0.6, 0.4]",6,0.5333333333333333
The effectiveness of the medication remains unclear in treating the disease.,remains unclear,mistralai/Mistral-7B-Instruct-v0.3,"[0.6, 0.5, 0.6]",3,0.5666666666666667
Whether the medication is effective in treating the disease remains unclear.,remains unclear,mistralai/Mistral-7B-Instruct-v0.3,"[0.6, 0.6, 0.5]",3,0.5666666666666667
The effectiveness of the medication remains unclear.,remains unclear,mistralai/Mistral-7B-Instruct-v0.3,"[0.5, 0.6, 0.5]",3,0.5333333333333333
Whether it rains tomorrow remains uncertain.,remains uncertain,mistralai/Mistral-7B-Instruct-v0.3,"[0.6, 0.6, 0.5, 0.6, 0.5, 0.5]",6,0.5499999999999999
It rains tomorrow remains uncertain.,remains uncertain,mistralai/Mistral-7B-Instruct-v0.3,"[0.6, 0.4, 0.6, 0.5, 0.6, 0.5, 0.6, 0.5, 0.6, 0.5, 0.6, 0.5, 0.6, 0.6, 0.7, 0.7, 0.6, 0.5, 0.5, 0.6, 0.6, 0.6, 0.5, 0.6, 0.6, 0.7, 0.6, 0.5, 0.7, 0.5, 0.5, 0.6, 0.6, 0.6, 0.6, 0.6]",36,0.575
It remains uncertain whether it rains tomorrow.,remains uncertain,mistralai/Mistral-7B-Instruct-v0.3,"[0.7, 0.5, 0.6, 0.5, 0.6, 0.6, 0.6, 0.6, 0.6, 0.6, 0.7, 0.5, 0.6, 0.5, 0.5]",15,0.58
The forecast that it will rain tomorrow remains uncertain.,remains uncertain,mistralai/Mistral-7B-Instruct-v0.3,"[0.5, 0.6, 0.7]",3,0.6
The book is unresolved.,unresolved,mistralai/Mistral-7B-Instruct-v0.3,"[0.5, 0.5, 0.5, 0.5, 0.75, 0.7, 0.7, 0.7, 0.75, 0.6, 0.7, 0.4, 0.7, 0.6, 0.7]",15,0.6199999999999999
The book is unresolved informative.,unresolved,mistralai/Mistral-7B-Instruct-v0.3,[],0,
"The book is informative, unresolved.",unresolved,mistralai/Mistral-7B-Instruct-v0.3,"[0.5, 0.3, 0.4, 0.5, 0.5, 0.2, 0.6, 0.5, 0.5, 0.5, 0.2, 0.5, 0.5, 0.5, 0.5]",15,0.44666666666666666
The book’s informativeness remains unresolved.,unresolved,mistralai/Mistral-7B-Instruct-v0.3,"[0.5, 0.6, 0.5, 0.5, 0.5, 0.7]",6,0.5499999999999999
The book's informativity is unresolved.,unresolved,mistralai/Mistral-7B-Instruct-v0.3,"[0.5, 0.5, 0.5]",3,0.5
The book's completeness remains unresolved.,unresolved,mistralai/Mistral-7B-Instruct-v0.3,"[0.6, 0.5, 0.6]",3,0.5666666666666667
The book’s usefulness remains unresolved.,unresolved,mistralai/Mistral-7B-Instruct-v0.3,"[0.5, 0.6, 0.6]",3,0.5666666666666667
The book has unresolved informative aspects.,unresolved,mistralai/Mistral-7B-Instruct-v0.3,"[0.7, 0.7, 0.75]",3,0.7166666666666667
The book's informativeness remains unresolved.,unresolved,mistralai/Mistral-7B-Instruct-v0.3,"[0.6, 0.6, 0.5]",3,0.5666666666666667
The movie is contested.,contested,mistralai/Mistral-7B-Instruct-v0.3,"[0.8, 0.7, 0.7, 0.8, 0.5, 0.7, 0.6, 0.6, 0.6, 0.75, 0.5, 0.7, 0.7, 0.6, 0.6, 0.75, 0.6, 0.6, 0.8, 0.6, 0.7, 0.7, 0.6, 0.6, 0.7, 0.6, 0.7, 0.5, 0.6, 0.6, 0.5, 0.75, 0.8, 0.7, 0.5, 0.6, 0.7, 0.7, 0.5, 0.75, 0.75, 0.5, 0.8, 0.75, 0.6, 0.6, 0.6, 0.7, 0.6, 0.7, 0.6, 0.5, 0.7, 0.7]",54,0.65
The movie is contested good.,contested,mistralai/Mistral-7B-Instruct-v0.3,"[0.5, 0.4, 0.5]",3,0.4666666666666666
The movie's quality is contested.,contested,mistralai/Mistral-7B-Instruct-v0.3,"[0.5, 0.5, 0.5]",3,0.5
The new policy's improvement of the economy is disputed.,disputed,mistralai/Mistral-7B-Instruct-v0.3,"[0.7, 0.5, 0.6, 0.7, 0.6, 0.6, 0.6, 0.7, 0.6]",9,0.6222222222222222
The new policy improves the economy is disputed.,disputed,mistralai/Mistral-7B-Instruct-v0.3,"[0.6, 0.6, 0.6]",3,0.6
The new policy is disputed to improve the economy.,disputed,mistralai/Mistral-7B-Instruct-v0.3,"[0.5, 0.7, 0.4, 0.6, 0.6, 0.6, 0.5, 0.5, 0.5]",9,0.5444444444444445
"The new policy improves the economy, disputed.",disputed,mistralai/Mistral-7B-Instruct-v0.3,"[0.6, 0.6, 0.5, 0.5, 0.8, 0.6, 0.7, 0.5, 0.65, 0.6, 0.7, 0.7]",12,0.6208333333333333
The new policy's effect on the economy is disputed.,disputed,mistralai/Mistral-7B-Instruct-v0.3,"[0.5, 0.6, 0.6]",3,0.5666666666666667
The new policy's impact on the economy is disputed.,disputed,mistralai/Mistral-7B-Instruct-v0.3,"[0.7, 0.7, 0.6]",3,0.6666666666666666
The new policy is disputed as improving the economy.,disputed,mistralai/Mistral-7B-Instruct-v0.3,"[0.6, 0.75, 0.75, 0.5, 0.5, 0.6, 0.6, 0.7, 0.7]",9,0.6333333333333333
The new policy’s effect on the economy is disputed.,disputed,mistralai/Mistral-7B-Instruct-v0.3,"[0.6, 0.6, 0.5]",3,0.5666666666666667
The new policy has been disputed as improving the economy.,disputed,mistralai/Mistral-7B-Instruct-v0.3,"[0.5, 0.6, 0.5]",3,0.5333333333333333
It is disputed that the new policy improves the economy.,disputed,mistralai/Mistral-7B-Instruct-v0.3,"[0.5, 0.5, 0.5]",3,0.5
The new policy is disputed for improving the economy.,disputed,mistralai/Mistral-7B-Instruct-v0.3,"[0.6, 0.6, 0.6]",3,0.6
"The book is informative, not yet established.",not yet established,mistralai/Mistral-7B-Instruct-v0.3,"[0.5, 0.4, 0.4, 0.5, 0.7, 0.5, 0.5, 0.7, 0.6, 0.6, 0.5, 0.6, 0.7, 0.7, 0.8, 0.7, 0.8, 0.5, 0.6, 0.6, 0.6, 0.5, 0.5, 0.5, 0.6, 0.6, 0.6, 0.6, 0.7, 0.6, 0.7, 0.7, 0.5, 0.6, 0.6, 0.5, 0.8, 0.6, 0.7, 0.5, 0.5, 0.6]",42,0.5952380952380952
The efficacy of X is not yet established.,not yet established,mistralai/Mistral-7B-Instruct-v0.3,"[0.5, 0.7, 0.6]",3,0.6
The book's informativeness is not yet established.,not yet established,mistralai/Mistral-7B-Instruct-v0.3,"[0.5, 0.5, 0.7, 0.5, 0.3, 0.5, 0.5, 0.5, 0.5, 0.6, 0.6, 0.5]",12,0.5166666666666667
It is not yet established that the book is informative.,not yet established,mistralai/Mistral-7B-Instruct-v0.3,"[0.75, 0.6, 0.6]",3,0.65
"The experiment shows a significant effect, which is inconclusive.",inconclusive,mistralai/Mistral-7B-Instruct-v0.3,"[0.5, 0.6, 0.5]",3,0.5333333333333333
The experiment shows an inconclusive effect.,inconclusive,mistralai/Mistral-7B-Instruct-v0.3,"[0.7, 0.5, 0.65, 0.5, 0.5, 0.7, 0.6, 0.5, 0.6, 0.5, 0.6, 0.6, 0.6, 0.5, 0.6, 0.6, 0.5, 0.6, 0.5, 0.6, 0.5, 0.6, 0.6, 0.5]",24,0.56875
The experiment is inconclusive.,inconclusive,mistralai/Mistral-7B-Instruct-v0.3,"[0.8, 0.6, 0.75]",3,0.7166666666666667
The experiment's results are inconclusive regarding a significant effect.,inconclusive,mistralai/Mistral-7B-Instruct-v0.3,"[0.75, 0.75, 0.7]",3,0.7333333333333334
The experiment shows a significant effect inconclusive.,inconclusive,mistralai/Mistral-7B-Instruct-v0.3,"[0.3, 0.5, 0.25]",3,0.35000000000000003
The experiment is inconclusive about the significance of the effect.,inconclusive,mistralai/Mistral-7B-Instruct-v0.3,"[0.6, 0.7, 0.6]",3,0.6333333333333333
The experiment shows an inconclusive significant effect.,inconclusive,mistralai/Mistral-7B-Instruct-v0.3,"[0.7, 0.6, 0.6, 0.6, 0.7, 0.6]",6,0.6333333333333333
The experiment inconclusive indicates a significant effect.,inconclusive,mistralai/Mistral-7B-Instruct-v0.3,"[0.6, 0.8, 0.6, 0.6, 0.75, 0.5]",6,0.6416666666666667
The experiment results remain inconclusive.,inconclusive,mistralai/Mistral-7B-Instruct-v0.3,"[0.6, 0.6, 0.7]",3,0.6333333333333333
"The experiment shows a significant effect, although it remains inconclusive.",inconclusive,mistralai/Mistral-7B-Instruct-v0.3,"[0.6, 0.65, 0.6]",3,0.6166666666666667
"The experiment shows a significant effect, but the results are inconclusive.",inconclusive,mistralai/Mistral-7B-Instruct-v0.3,"[0.6, 0.6, 0.3]",3,0.5
The movie is ambiguous.,ambiguous,mistralai/Mistral-7B-Instruct-v0.3,"[0.75, 0.7, 0.7, 0.8, 0.8, 0.8, 0.7, 0.8, 0.75, 0.7, 0.7, 0.7, 0.8, 0.7, 0.8, 0.7, 0.7, 0.75, 0.8, 0.7, 0.7, 0.7, 0.7, 0.7, 0.7, 0.85, 0.6, 0.8, 0.8, 0.6, 0.8, 0.7, 0.7, 0.8, 0.75, 0.7, 0.7, 0.8, 0.85]",39,0.7384615384615385
The movie is ambiguous good.,ambiguous,mistralai/Mistral-7B-Instruct-v0.3,"[0.3, 0.5, 0.5]",3,0.43333333333333335
The movie is ambiguously good.,ambiguous,mistralai/Mistral-7B-Instruct-v0.3,"[0.6, 0.6, 0.6, 0.6, 0.7, 0.6]",6,0.6166666666666666
"The movie is good, ambiguous.",ambiguous,mistralai/Mistral-7B-Instruct-v0.3,"[0.6, 0.5, 0.5]",3,0.5333333333333333
It is ambiguous whether the movie is good.,ambiguous,mistralai/Mistral-7B-Instruct-v0.3,"[0.6, 0.5, 0.5]",3,0.5333333333333333
The movie is ambiguous in its good quality.,ambiguous,mistralai/Mistral-7B-Instruct-v0.3,"[0.6, 0.8, 0.6]",3,0.6666666666666666
The movie is ambiguous regarding its quality.,ambiguous,mistralai/Mistral-7B-Instruct-v0.3,"[0.7, 0.8, 0.7]",3,0.7333333333333334
It is equivocal that it rains tomorrow.,equivocal,mistralai/Mistral-7B-Instruct-v0.3,"[0.7, 0.65, 0.6, 0.5, 0.6, 0.5, 0.75, 0.75, 0.6, 0.7, 0.6, 0.6, 0.5, 0.5, 0.6]",15,0.61
It rains tomorrow equivocal.,equivocal,mistralai/Mistral-7B-Instruct-v0.3,[],0,
The weather forecast is equivocal regarding rainfall tomorrow.,equivocal,mistralai/Mistral-7B-Instruct-v0.3,"[0.7, 0.6, 0.6]",3,0.6333333333333333
It rains tomorrow—equivocal.,equivocal,mistralai/Mistral-7B-Instruct-v0.3,"[0.2, 0.3, 0.3]",3,0.26666666666666666
It rains equivocal tomorrow.,equivocal,mistralai/Mistral-7B-Instruct-v0.3,"[0.05, 0.05]",2,0.05
It equivocal rains tomorrow.,equivocal,mistralai/Mistral-7B-Instruct-v0.3,"[0.1, 0.3, 0.5, 0.25, 0.1]",5,0.25
It is equivocal whether it rains tomorrow.,equivocal,mistralai/Mistral-7B-Instruct-v0.3,"[0.5, 0.5, 0.6, 0.75, 0.5, 0.6, 0.6, 0.6, 0.6]",9,0.5833333333333334
The rain tomorrow is equivocal.,equivocal,mistralai/Mistral-7B-Instruct-v0.3,"[0.5, 0.6, 0.5]",3,0.5333333333333333
It is equivocal whether it will rain tomorrow.,equivocal,mistralai/Mistral-7B-Instruct-v0.3,"[0.6, 0.7, 0.75]",3,0.6833333333333332
It is equivocal that it will rain tomorrow.,equivocal,mistralai/Mistral-7B-Instruct-v0.3,"[0.6, 0.7, 0.7]",3,0.6666666666666666
The new product's success is indeterminate in the market.,indeterminate,mistralai/Mistral-7B-Instruct-v0.3,"[0.6, 0.5, 0.5, 0.5, 0.5, 0.6]",6,0.5333333333333333
The new product's success in the market is indeterminate.,indeterminate,mistralai/Mistral-7B-Instruct-v0.3,"[0.5, 0.5, 0.5, 0.5, 0.5, 0.5, 0.5, 0.5, 0.5, 0.5, 0.6, 0.5, 0.5, 0.5, 0.5, 0.5, 0.5, 0.5, 0.5, 0.5, 0.5, 0.5, 0.5, 0.5, 0.7, 0.5, 0.5, 0.5, 0.5, 0.5]",30,0.51
The new product is indeterminate in the market.,indeterminate,mistralai/Mistral-7B-Instruct-v0.3,"[0.7, 0.8, 0.6, 0.7, 0.5, 0.6, 0.6, 0.6, 0.6, 0.7, 0.6, 0.65]",12,0.6375
The success of the new product is indeterminate.,indeterminate,mistralai/Mistral-7B-Instruct-v0.3,"[0.5, 0.5, 0.5]",3,0.5
The new product’s success in the market is indeterminate.,indeterminate,mistralai/Mistral-7B-Instruct-v0.3,"[0.5, 0.5, 0.5]",3,0.5
The new product is indeterminate in its success in the market.,indeterminate,mistralai/Mistral-7B-Instruct-v0.3,"[0.5, 0.7, 0.5]",3,0.5666666666666667
The new product's success in the market remains indeterminate.,indeterminate,mistralai/Mistral-7B-Instruct-v0.3,"[0.5, 0.5, 0.5]",3,0.5
The report is speculative.,speculative,mistralai/Mistral-7B-Instruct-v0.3,"[0.75, 0.8, 0.6, 0.85, 0.6, 0.7, 0.6, 0.8, 0.5, 0.6, 0.6, 0.8, 0.6, 0.7, 0.6, 0.6, 0.5, 0.8, 0.7, 0.7, 0.7, 0.7, 0.6, 0.7, 0.8, 0.7, 0.7, 0.75, 0.8, 0.6]",30,0.6816666666666666
The report is speculatively inaccurate.,speculative,mistralai/Mistral-7B-Instruct-v0.3,"[0.7, 0.6, 0.7]",3,0.6666666666666666
"Speculative, the report is not accurate.",speculative,mistralai/Mistral-7B-Instruct-v0.3,"[0.7, 0.6, 0.7]",3,0.6666666666666666
The report is speculative that it is not accurate.,speculative,mistralai/Mistral-7B-Instruct-v0.3,"[0.8, 0.7, 0.8]",3,0.7666666666666666
The report is speculative in its accuracy.,speculative,mistralai/Mistral-7B-Instruct-v0.3,"[0.6, 0.7, 0.7]",3,0.6666666666666666
The report is speculative regarding accuracy.,speculative,mistralai/Mistral-7B-Instruct-v0.3,"[0.8, 0.7, 0.6]",3,0.7000000000000001
The report may be speculative.,speculative,mistralai/Mistral-7B-Instruct-v0.3,"[0.6, 0.6, 0.6]",3,0.6
The report is speculative about its lack of accuracy.,speculative,mistralai/Mistral-7B-Instruct-v0.3,"[0.8, 0.7, 0.6]",3,0.7000000000000001
The report is speculative in its inaccuracy.,speculative,mistralai/Mistral-7B-Instruct-v0.3,"[0.7, 0.8, 0.7]",3,0.7333333333333334
"Speculative, the report might not be accurate.",speculative,mistralai/Mistral-7B-Instruct-v0.3,"[0.7, 0.5, 0.6]",3,0.6
The report is speculative about its accuracy.,speculative,mistralai/Mistral-7B-Instruct-v0.3,"[0.7, 0.5, 0.6]",3,0.6
The neighbor is conjectural home.,conjectural,mistralai/Mistral-7B-Instruct-v0.3,"[0.05, 0.05, 0.1, 0.05]",4,0.0625
conjecturally the neighbor is home.,conjectural,mistralai/Mistral-7B-Instruct-v0.3,"[0.7, 0.6, 0.6]",3,0.6333333333333333
The neighbor is conjecturally home.,conjectural,mistralai/Mistral-7B-Instruct-v0.3,"[0.6, 0.6, 0.7, 0.6, 0.4, 0.6, 0.5, 0.5, 0.6, 0.6, 0.5, 0.6, 0.7, 0.6, 0.6, 0.6, 0.6, 0.6, 0.6, 0.6, 0.5, 0.6, 0.6, 0.5, 0.6, 0.7, 0.4, 0.5, 0.6, 0.6]",30,0.5766666666666667
It is conjectural that the neighbor is home.,conjectural,mistralai/Mistral-7B-Instruct-v0.3,"[0.6, 0.7, 0.75, 0.6, 0.65, 0.7, 0.6, 0.7, 0.6]",9,0.6555555555555554
Conjectural evidence indicates the neighbor is home.,conjectural,mistralai/Mistral-7B-Instruct-v0.3,"[0.8, 0.75, 0.7]",3,0.75
The neighbor is conjectured to be home.,conjectural,mistralai/Mistral-7B-Instruct-v0.3,"[0.6, 0.6, 0.7]",3,0.6333333333333333
Conjectural the neighbor is home.,conjectural,mistralai/Mistral-7B-Instruct-v0.3,"[0.6, 0.7, 0.6]",3,0.6333333333333333
The book is tentative.,tentative,mistralai/Mistral-7B-Instruct-v0.3,"[0.2, 0.3, 0.3]",3,0.26666666666666666
Tentatively the book is informative.,tentative,mistralai/Mistral-7B-Instruct-v0.3,"[0.6, 0.6, 0.6]",3,0.6
The book is tentatively informative.,tentative,mistralai/Mistral-7B-Instruct-v0.3,"[0.4, 0.6, 0.6, 0.6, 0.6, 0.5, 0.7, 0.6, 0.6, 0.5, 0.6, 0.6, 0.6, 0.5, 0.5, 0.7, 0.7, 0.6, 0.6, 0.5, 0.6, 0.6, 0.6, 0.6, 0.6, 0.6, 0.7, 0.6, 0.6, 0.6, 0.6, 0.6, 0.6, 0.6, 0.6, 0.7, 0.6, 0.7, 0.6, 0.6, 0.6, 0.6, 0.6, 0.7, 0.7, 0.6, 0.6, 0.5, 0.6, 0.6, 0.6]",51,0.6
The book is tentative informative.,tentative,mistralai/Mistral-7B-Instruct-v0.3,"[0.2, 0.3, 0.5]",3,0.3333333333333333
The effectiveness of the medication is at issue in treating the disease.,at issue,mistralai/Mistral-7B-Instruct-v0.3,"[0.6, 0.7, 0.7]",3,0.6666666666666666
The effectiveness of the medication in treating the disease is at issue.,at issue,mistralai/Mistral-7B-Instruct-v0.3,"[0.75, 0.8, 0.7, 0.7, 0.7, 0.8, 0.7, 0.5, 0.75, 0.7, 0.7, 0.6, 0.8, 0.6, 0.6]",15,0.6933333333333334
The medication's effectiveness in treating the disease is at issue.,at issue,mistralai/Mistral-7B-Instruct-v0.3,"[0.8, 0.7, 0.7, 0.8, 0.75, 0.7]",6,0.7416666666666667
It is at issue whether the medication is effective in treating the disease.,at issue,mistralai/Mistral-7B-Instruct-v0.3,"[0.7, 0.6, 0.7]",3,0.6666666666666666
The medication is at issue in treating the disease.,at issue,mistralai/Mistral-7B-Instruct-v0.3,"[0.8, 0.7, 0.8]",3,0.7666666666666666
The medication is effective in treating the disease at issue.,at issue,mistralai/Mistral-7B-Instruct-v0.3,"[0.95, 0.95, 0.95, 0.95, 0.98, 0.95, 0.85, 0.95, 1.0]",9,0.9477777777777777
The medication is at issue for its effectiveness in treating the disease.,at issue,mistralai/Mistral-7B-Instruct-v0.3,"[0.8, 0.7, 0.8]",3,0.7666666666666666
The medication is effective at issue in treating the disease.,at issue,mistralai/Mistral-7B-Instruct-v0.3,"[0.95, 0.95, 0.95, 0.95, 0.95, 0.95]",6,0.9499999999999998
The effectiveness of the medication is at issue.,at issue,mistralai/Mistral-7B-Instruct-v0.3,"[0.8, 0.8, 0.7, 0.8, 0.7, 0.8, 0.8, 0.75, 0.7]",9,0.7611111111111111
The medication’s effectiveness at issue for treating the disease.,at issue,mistralai/Mistral-7B-Instruct-v0.3,"[0.7, 0.8, 0.7]",3,0.7333333333333334
The movie is good under debate.,under debate,mistralai/Mistral-7B-Instruct-v0.3,"[0.5, 0.5, 0.5, 0.5, 0.5, 0.7, 0.6, 0.6, 0.5, 0.5, 0.6, 0.5, 0.5, 0.5, 0.6, 0.5, 0.5, 0.5, 0.6, 0.5, 0.5, 0.5, 0.7, 0.5, 0.6, 0.7, 0.5, 0.5, 0.6, 0.6, 0.5, 0.6, 0.5, 0.5, 0.5, 0.6, 0.5, 0.6, 0.5, 0.5, 0.6, 0.5, 0.6, 0.6, 0.5, 0.5, 0.5, 0.6]",48,0.54375
"The movie is good, under debate.",under debate,mistralai/Mistral-7B-Instruct-v0.3,"[0.6, 0.6, 0.6, 0.75, 0.5, 0.6]",6,0.6083333333333333
The movie is under debate.,under debate,mistralai/Mistral-7B-Instruct-v0.3,"[0.5, 0.6, 0.5]",3,0.5333333333333333
The movie's quality is under debate.,under debate,mistralai/Mistral-7B-Instruct-v0.3,"[0.5, 0.5, 0.7]",3,0.5666666666666667
The new policy improves the economy in question.,in question,mistralai/Mistral-7B-Instruct-v0.3,"[0.85, 0.85, 0.7, 0.85, 0.8, 0.8, 0.85, 0.9, 0.85, 0.8, 0.85, 0.9, 0.8, 0.8, 0.85, 0.8, 0.85, 0.9, 0.9, 0.8, 0.8, 0.8, 0.85, 0.85, 0.85, 0.85, 0.85]",27,0.8351851851851853
The new policy improving the economy is in question.,in question,mistralai/Mistral-7B-Instruct-v0.3,"[0.7, 0.6, 0.7]",3,0.6666666666666666
The new policy is in question.,in question,mistralai/Mistral-7B-Instruct-v0.3,"[0.6, 0.6, 0.6, 0.7, 0.85, 0.5]",6,0.6416666666666666
The new policy in question improves the economy.,in question,mistralai/Mistral-7B-Instruct-v0.3,"[0.85, 0.9, 0.8, 0.9, 0.9, 0.85, 0.85, 0.8, 0.9]",9,0.8611111111111112
The new policy is in question as improving the economy.,in question,mistralai/Mistral-7B-Instruct-v0.3,"[0.5, 0.6, 0.6]",3,0.5666666666666667
"The new policy improves the economy, in question.",in question,mistralai/Mistral-7B-Instruct-v0.3,"[0.7, 0.7, 0.6]",3,0.6666666666666666
The new policy is in question regarding its impact on the economy.,in question,mistralai/Mistral-7B-Instruct-v0.3,"[0.7, 0.7, 0.7]",3,0.6999999999999998
The new policy is in question about its impact on the economy.,in question,mistralai/Mistral-7B-Instruct-v0.3,"[0.6, 0.5, 0.5]",3,0.5333333333333333
The new policy (in question) improves the economy.,in question,mistralai/Mistral-7B-Instruct-v0.3,"[0.7, 0.7, 0.75]",3,0.7166666666666667
The new policy is far from settled in terms of its impact on the economy.,far from settled,mistralai/Mistral-7B-Instruct-v0.3,"[0.7, 0.6, 0.6]",3,0.6333333333333333
"Far from settled, the new policy improves the economy.",far from settled,mistralai/Mistral-7B-Instruct-v0.3,"[0.6, 0.5, 0.3, 0.6, 0.6, 0.6, 0.6, 0.5, 0.6, 0.6, 0.6, 0.6]",12,0.5583333333333333
"The new policy improves the economy, a claim that is far from settled.",far from settled,mistralai/Mistral-7B-Instruct-v0.3,"[0.5, 0.4, 0.5]",3,0.4666666666666666
"The new policy improves the economy, far from settled.",far from settled,mistralai/Mistral-7B-Instruct-v0.3,"[0.4, 0.4, 0.5, 0.3, 0.4, 0.6, 0.3, 0.5, 0.3]",9,0.41111111111111115
The new policy far from settled improves the economy.,far from settled,mistralai/Mistral-7B-Instruct-v0.3,"[0.5, 0.3, 0.4]",3,0.39999999999999997
The new policy improves the economy far from settled.,far from settled,mistralai/Mistral-7B-Instruct-v0.3,"[0.3, 0.3, 0.6, 0.3, 0.2, 0.3, 0.2, 0.3, 0.3, 0.2, 0.4, 0.4]",12,0.31666666666666665
The new policy is far from settled.,far from settled,mistralai/Mistral-7B-Instruct-v0.3,"[0.4, 0.3, 0.3]",3,0.3333333333333333
The new policy is far from settled that it improves the economy.,far from settled,mistralai/Mistral-7B-Instruct-v0.3,"[0.6, 0.5, 0.6]",3,0.5666666666666667
The new policy is far from settled in how it improves the economy.,far from settled,mistralai/Mistral-7B-Instruct-v0.3,"[0.3, 0.7, 0.4]",3,0.4666666666666666
The new policy is far from settled in improving the economy.,far from settled,mistralai/Mistral-7B-Instruct-v0.3,"[0.7, 0.4, 0.25]",3,0.45
The new policy is far from settled on its impact on the economy.,far from settled,mistralai/Mistral-7B-Instruct-v0.3,"[0.7, 0.6, 0.3]",3,0.5333333333333333
The new policy’s impact on the economy is far from settled.,far from settled,mistralai/Mistral-7B-Instruct-v0.3,"[0.6, 0.5, 0.4]",3,0.5
The movie is good by no means certain.,by no means certain,mistralai/Mistral-7B-Instruct-v0.3,"[0.2, 0.3, 0.3, 0.3, 0.5, 0.4, 0.3, 0.3, 0.3]",9,0.3222222222222222
"The movie is good, by no means certain.",by no means certain,mistralai/Mistral-7B-Instruct-v0.3,"[0.3, 0.2, 0.3, 0.2, 0.3, 0.2, 0.3, 0.4, 0.4, 0.3, 0.4, 0.3, 0.4, 0.4, 0.3, 0.3, 0.3, 0.3, 0.3, 0.4, 0.3, 0.3, 0.3, 0.3, 0.4, 0.3, 0.3, 0.4, 0.3, 0.4, 0.3, 0.4, 0.4]",33,0.3242424242424242
"By no means certain, the movie is good.",by no means certain,mistralai/Mistral-7B-Instruct-v0.3,"[0.3, 0.4, 0.3, 0.3, 0.3, 0.3, 0.3, 0.3, 0.3, 0.3, 0.3, 0.4, 0.3, 0.3, 0.3, 0.3, 0.3, 0.3]",18,0.3111111111111111
The neighbor is roughly home.,roughly,mistralai/Mistral-7B-Instruct-v0.3,"[0.8, 0.85, 0.8, 0.8, 0.75, 0.7, 0.9, 0.8, 0.8, 0.75, 0.75, 0.85, 0.8, 0.7, 0.85, 0.85, 0.8, 0.8, 0.8, 0.85, 0.75, 0.75, 0.7, 0.9, 0.8, 0.7, 0.85, 0.85, 0.8, 0.7, 0.75, 0.8, 0.85, 0.8, 0.8, 0.8, 0.85, 0.8, 0.8]",39,0.7961538461538462
The neighbor is roughly at home.,roughly,mistralai/Mistral-7B-Instruct-v0.3,"[0.9, 0.75, 0.8, 0.9, 0.8, 0.7, 0.8, 0.85, 0.8, 0.9, 0.8, 0.8, 0.8, 0.7, 0.8]",15,0.8066666666666666
The neighbor is home roughly.,roughly,mistralai/Mistral-7B-Instruct-v0.3,"[0.5, 0.6, 0.6]",3,0.5666666666666667
"Roughly, the neighbor is home.",roughly,mistralai/Mistral-7B-Instruct-v0.3,"[0.75, 0.75, 0.8]",3,0.7666666666666666
The restaurant serves approximately delicious food.,approximately,mistralai/Mistral-7B-Instruct-v0.3,"[0.7, 0.7, 0.6, 0.6, 0.6, 0.6, 0.6, 0.5, 0.6, 0.5, 0.7, 0.6, 0.8, 0.7, 0.6, 0.6, 0.6, 0.75, 0.6, 0.7, 0.7, 0.6, 0.5, 0.6, 0.6, 0.6, 0.7, 0.6, 0.7, 0.6, 0.6, 0.6, 0.6, 0.6, 0.6, 0.6, 0.7, 0.6, 0.7]",39,0.6269230769230769
The restaurant serves food that is approximately delicious.,approximately,mistralai/Mistral-7B-Instruct-v0.3,"[0.6, 0.65, 0.6, 0.7, 0.75, 0.7, 0.7, 0.65, 0.6, 0.6, 0.7, 0.7]",12,0.6625
The restaurant's food is approximately delicious.,approximately,mistralai/Mistral-7B-Instruct-v0.3,"[0.6, 0.6, 0.6]",3,0.6
The restaurant serves food approximately described as delicious.,approximately,mistralai/Mistral-7B-Instruct-v0.3,"[0.7, 0.75, 0.8]",3,0.75
Approximately the restaurant serves delicious food.,approximately,mistralai/Mistral-7B-Instruct-v0.3,"[0.85, 0.7, 0.7]",3,0.75
The city is about the oldest in the country.,about,mistralai/Mistral-7B-Instruct-v0.3,"[0.8, 0.85, 0.95, 0.8, 0.8, 0.8, 0.85, 0.85, 0.8, 0.9, 0.8, 0.85, 0.85, 0.85, 0.8, 0.8, 0.7, 0.8, 0.8, 0.8, 0.9, 0.85, 0.8, 0.8, 0.8, 0.9, 0.8, 0.9, 0.9, 0.85, 0.8, 0.85, 0.7, 0.8, 0.7, 0.7, 0.8, 0.8, 0.8, 0.7, 0.85, 0.8, 0.85, 0.7, 0.8, 0.8, 0.8, 0.85, 0.85, 0.8, 0.8, 0.7, 0.8, 0.8, 0.85, 0.8, 0.8, 0.85, 0.8, 0.9]",60,0.8133333333333334
The city is around the oldest in the country.,around,mistralai/Mistral-7B-Instruct-v0.3,"[0.7, 0.8, 0.85, 0.8, 0.8, 0.8, 0.7, 0.75, 0.8, 0.8, 0.7, 0.8, 0.85, 0.9, 0.8, 0.8, 0.9, 0.8, 0.8, 0.8, 0.8, 0.85, 0.8, 0.7, 0.8, 0.95, 0.85, 0.7, 0.8, 0.9, 0.8, 0.8, 0.8, 0.85, 0.7, 0.8, 0.7, 0.8, 0.8, 0.8, 0.8, 0.8, 0.8, 0.7, 0.9, 0.7, 0.7, 0.7, 0.8, 0.8, 0.6, 0.7, 0.8, 0.8, 0.9, 0.8, 0.7, 0.8, 0.9, 0.8]",60,0.7908333333333334
The neighbor is more or less at home.,more or less,mistralai/Mistral-7B-Instruct-v0.3,"[0.6, 0.6, 0.6]",3,0.6
The neighbor is more or less home.,more or less,mistralai/Mistral-7B-Instruct-v0.3,"[0.6, 0.5, 0.6, 0.7, 0.7, 0.6, 0.6, 0.6, 0.6, 0.6, 0.6, 0.6, 0.7, 0.6, 0.7, 0.6, 0.6, 0.6, 0.6, 0.6, 0.6, 0.8, 0.6, 0.7, 0.6, 0.6, 0.5, 0.6, 0.6, 0.6, 0.5, 0.6, 0.6, 0.6, 0.6, 0.6, 0.6, 0.6, 0.7, 0.6, 0.6, 0.6, 0.6, 0.7, 0.6, 0.5, 0.6, 0.5]",48,0.6083333333333333
"The neighbor is home, more or less.",more or less,mistralai/Mistral-7B-Instruct-v0.3,"[0.7, 0.7, 0.7, 0.6, 0.6, 0.7]",6,0.6666666666666666
more or less the neighbor is home.,more or less,mistralai/Mistral-7B-Instruct-v0.3,"[0.6, 0.7, 0.6]",3,0.6333333333333333
"It rains tomorrow, give or take.",give or take,mistralai/Mistral-7B-Instruct-v0.3,"[0.5, 0.6, 0.3, 0.6, 0.5, 0.5, 0.4, 0.4, 0.5, 0.5, 0.5, 0.3, 0.3, 0.5, 0.5, 0.6, 0.5, 0.6, 0.5, 0.6, 0.5, 0.6, 0.3, 0.6, 0.6, 0.5, 0.4, 0.3, 0.6, 0.4, 0.7, 0.5, 0.6, 0.6, 0.6, 0.5, 0.3, 0.6, 0.6, 0.5, 0.3, 0.3, 0.5, 0.5, 0.6, 0.6, 0.4, 0.6]",48,0.49583333333333335
It rains give or take tomorrow.,give or take,mistralai/Mistral-7B-Instruct-v0.3,"[0.5, 0.6, 0.6]",3,0.5666666666666667
It rains tomorrow give or take.,give or take,mistralai/Mistral-7B-Instruct-v0.3,"[0.5, 0.3, 0.5]",3,0.43333333333333335
"It may rain tomorrow, give or take.",give or take,mistralai/Mistral-7B-Instruct-v0.3,"[0.65, 0.6, 0.5]",3,0.5833333333333334
"It will rain tomorrow, give or take.",give or take,mistralai/Mistral-7B-Instruct-v0.3,"[0.6, 0.6, 0.6]",3,0.6
The neighbor is in the ballpark of home.,in the ballpark of,mistralai/Mistral-7B-Instruct-v0.3,"[0.6, 0.7, 0.7, 0.7, 0.7, 0.6, 0.8, 0.8, 0.75]",9,0.7055555555555555
The neighbor is home in the ballpark of.,in the ballpark of,mistralai/Mistral-7B-Instruct-v0.3,"[0.5, 0.6, 0.3, 0.5, 0.5, 0.3, 0.5, 0.3, 0.5, 0.5, 0.5, 0.5]",12,0.4583333333333333
"The neighbor is home, in the ballpark of.",in the ballpark of,mistralai/Mistral-7B-Instruct-v0.3,"[0.5, 0.4, 0.6, 0.4, 0.5, 0.4, 0.6, 0.5, 0.6, 0.5, 0.5, 0.6, 0.6, 0.5, 0.4, 0.6, 0.6, 0.5, 0.3, 0.75, 0.6, 0.3, 0.6, 0.6, 0.6, 0.6, 0.6, 0.4, 0.6, 0.5]",30,0.525
The neighbor is home in the ballpark of a few minutes.,in the ballpark of,mistralai/Mistral-7B-Instruct-v0.3,"[0.85, 0.85, 0.8]",3,0.8333333333333334
"The neighbor is home, in the ballpark of certainty.",in the ballpark of,mistralai/Mistral-7B-Instruct-v0.3,"[0.85, 0.85, 0.85]",3,0.85
The neighbor is in the ballpark of being home.,in the ballpark of,mistralai/Mistral-7B-Instruct-v0.3,"[0.7, 0.6, 0.7]",3,0.6666666666666666
The neighbor is somewhere around home.,somewhere around,mistralai/Mistral-7B-Instruct-v0.3,"[0.8, 0.7, 0.6, 0.6, 0.6, 0.6, 0.6, 0.7, 0.5, 0.7, 0.7, 0.6, 0.6, 0.7, 0.7, 0.5, 0.6, 0.7, 0.6, 0.6, 0.7, 0.6, 0.4, 0.6, 0.7, 0.6, 0.7, 0.7, 0.65, 0.6, 0.6, 0.4, 0.7, 0.6, 0.7, 0.6, 0.8, 0.7, 0.6, 0.6, 0.6, 0.75, 0.7, 0.6, 0.7, 0.6, 0.7, 0.6, 0.5, 0.6, 0.6, 0.6, 0.6, 0.7, 0.6, 0.5, 0.8]",57,0.631578947368421
The neighbor is home somewhere around.,somewhere around,mistralai/Mistral-7B-Instruct-v0.3,"[0.3, 0.6, 0.6]",3,0.5
"The restaurant serves delicious food, or so.",or so,mistralai/Mistral-7B-Instruct-v0.3,"[0.5, 0.6, 0.5, 0.7, 0.7, 0.5, 0.6, 0.6, 0.6, 0.6, 0.6, 0.6, 0.7, 0.6, 0.5, 0.5, 0.6, 0.6]",18,0.5888888888888889
The restaurant serves delicious food or so.,or so,mistralai/Mistral-7B-Instruct-v0.3,"[0.5, 0.6, 0.5, 0.6, 0.6, 0.6, 0.6, 0.6, 0.5, 0.7, 0.7, 0.3, 0.6, 0.5, 0.7, 0.6, 0.6, 0.6, 0.5, 0.5, 0.6, 0.5, 0.6, 0.6, 0.5, 0.7, 0.6, 0.6, 0.6, 0.6, 0.5, 0.6, 0.6, 0.6, 0.5, 0.6, 0.5, 0.7, 0.65, 0.6, 0.5, 0.7]",42,0.5797619047619047
In the region of rain tomorrow.,in the region of,mistralai/Mistral-7B-Instruct-v0.3,"[0.7, 0.8, 0.5, 0.5, 0.7, 0.6]",6,0.6333333333333333
It rains in the region of tomorrow.,in the region of,mistralai/Mistral-7B-Instruct-v0.3,"[0.2, 0.2, 0.1, 0.1, 0.2, 0.3, 0.1, 0.3, 0.5, 0.3, 0.3, 0.3, 0.3, 0.3, 0.3, 0.2]",16,0.25
It rains in the region of 70%.,in the region of,mistralai/Mistral-7B-Instruct-v0.3,"[0.9, 0.9, 0.85]",3,0.8833333333333333
It will rain in the region of tomorrow.,in the region of,mistralai/Mistral-7B-Instruct-v0.3,"[0.8, 0.9, 0.8]",3,0.8333333333333334
In the region of rains tomorrow.,in the region of,mistralai/Mistral-7B-Instruct-v0.3,"[0.5, 0.5, 0.6]",3,0.5333333333333333
"In the region of tomorrow, it rains.",in the region of,mistralai/Mistral-7B-Instruct-v0.3,"[0.2, 0.7, 0.1, 0.3, 0.3, 0.5]",6,0.35000000000000003
In the region of rain is expected tomorrow.,in the region of,mistralai/Mistral-7B-Instruct-v0.3,"[0.8, 0.7, 0.8]",3,0.7666666666666666
It rains in the region of the next day.,in the region of,mistralai/Mistral-7B-Instruct-v0.3,"[0.9, 0.9, 0.95]",3,0.9166666666666666
The rainfall will be in the region of 5 mm.,in the region of,mistralai/Mistral-7B-Instruct-v0.3,"[0.95, 0.95, 0.95]",3,0.9499999999999998
In the region of rain it rains tomorrow.,in the region of,mistralai/Mistral-7B-Instruct-v0.3,"[1.0, 0.9, 0.8]",3,0.9
In the region of tomorrow it rains.,in the region of,mistralai/Mistral-7B-Instruct-v0.3,"[0.2, 0.3]",2,0.25
The restaurant serves food of the order of deliciousness.,of the order of,mistralai/Mistral-7B-Instruct-v0.3,"[0.75, 0.6, 0.5, 0.6, 0.5, 0.6, 0.5, 0.5, 0.5, 0.6, 0.3, 0.6, 0.4, 0.4, 0.5, 0.5, 0.2, 0.5, 0.5, 0.4, 0.5, 0.6, 0.5, 0.5, 0.5, 0.5, 0.75, 0.4, 0.5, 0.7, 0.5, 0.3, 0.6]",33,0.5090909090909091
"The restaurant serves food that is delicious, of the order of.",of the order of,mistralai/Mistral-7B-Instruct-v0.3,"[0.7, 0.8, 0.8]",3,0.7666666666666666
The restaurant serves food of the order of delicious.,of the order of,mistralai/Mistral-7B-Instruct-v0.3,"[0.8, 0.6, 0.8, 0.8, 0.7, 0.7, 0.6, 0.7, 0.7, 0.7, 0.7, 0.8, 0.6, 0.7, 0.8]",15,0.7133333333333333
The restaurant's food quality is of the order of delicious.,of the order of,mistralai/Mistral-7B-Instruct-v0.3,"[0.85, 0.9, 0.9]",3,0.8833333333333333
The restaurant's average wait time is of the order of fifteen minutes.,of the order of,mistralai/Mistral-7B-Instruct-v0.3,"[0.8, 0.9, 0.8]",3,0.8333333333333334
The restaurant offers food of the order of deliciousness.,of the order of,mistralai/Mistral-7B-Instruct-v0.3,"[0.4, 0.5, 0.6]",3,0.5
"In the vicinity of the market, the new product is successful.",in the vicinity of,mistralai/Mistral-7B-Instruct-v0.3,"[0.8, 0.8, 0.85]",3,0.8166666666666668
The new product is successful in the vicinity of the market.,in the vicinity of,mistralai/Mistral-7B-Instruct-v0.3,"[0.7, 0.7, 0.8, 0.7, 0.8, 0.7, 0.8, 0.75, 0.75, 0.8, 0.7, 0.7, 0.7, 0.7, 0.7, 0.75, 0.7, 0.7, 0.8, 0.8, 0.8, 0.7, 0.7, 0.7, 0.7, 0.8, 0.7, 0.85, 0.7, 0.8, 0.8, 0.7, 0.7, 0.85, 0.85, 0.8, 0.8, 0.7, 0.75, 0.8, 0.7, 0.8, 0.8, 0.7, 0.75, 0.75, 0.7, 0.8, 0.85, 0.8, 0.8, 0.85, 0.75, 0.75, 0.6, 0.8, 0.8]",57,0.7535087719298246
"The new policy improves the economy, upwards of 5%.",upwards of,mistralai/Mistral-7B-Instruct-v0.3,"[0.8, 0.85, 0.85]",3,0.8333333333333334
The new policy improves the economy upwards of ten percent.,upwards of,mistralai/Mistral-7B-Instruct-v0.3,"[0.85, 0.9, 0.8]",3,0.85
The new policy improves the economy upwards of 5%.,upwards of,mistralai/Mistral-7B-Instruct-v0.3,"[0.85, 0.85, 0.9, 0.9, 0.75, 0.95, 0.85, 0.85, 0.8, 0.8, 0.8, 0.8, 0.9, 0.8, 0.9]",15,0.8466666666666666
The new policy improves the economy upwards of.,upwards of,mistralai/Mistral-7B-Instruct-v0.3,"[0.7, 0.7, 0.7, 0.6, 0.75, 0.5, 0.6, 0.6, 0.6]",9,0.6388888888888888
"The new policy improves the economy, upwards of 3%.",upwards of,mistralai/Mistral-7B-Instruct-v0.3,"[0.8, 0.85, 0.9]",3,0.85
The new policy improves the economy upwards of 5 percent.,upwards of,mistralai/Mistral-7B-Instruct-v0.3,"[0.8, 0.9, 0.85]",3,0.85
The new policy improves the economy upwards of 10%.,upwards of,mistralai/Mistral-7B-Instruct-v0.3,"[0.85, 0.85, 0.9]",3,0.8666666666666667
The new policy improves the economy upwards of 2%.,upwards of,mistralai/Mistral-7B-Instruct-v0.3,"[0.85, 0.7, 0.7]",3,0.75
The new policy improves the economy upwards of five percent.,upwards of,mistralai/Mistral-7B-Instruct-v0.3,"[0.85, 0.85, 0.85]",3,0.85
The new policy improves the economy upwards of a modest amount.,upwards of,mistralai/Mistral-7B-Instruct-v0.3,"[0.8, 0.65, 0.8]",3,0.75
The new policy improves the economy by upwards of 10%.,upwards of,mistralai/Mistral-7B-Instruct-v0.3,"[0.8, 0.8, 0.8, 0.8, 0.9, 0.8]",6,0.8166666666666668
Upwards of the new policy improves the economy.,upwards of,mistralai/Mistral-7B-Instruct-v0.3,"[0.8, 0.75, 0.7]",3,0.75
The new policy improves the economy upwards of thirty percent.,upwards of,mistralai/Mistral-7B-Instruct-v0.3,"[0.85, 0.8, 0.85]",3,0.8333333333333334
The experiment shows a significant effect close to significance.,close to,mistralai/Mistral-7B-Instruct-v0.3,"[0.7, 0.8, 0.8, 0.8, 0.75, 0.8]",6,0.775
The experiment shows an effect close to significant.,close to,mistralai/Mistral-7B-Instruct-v0.3,"[0.7, 0.75, 0.7, 0.8, 0.8, 0.8, 0.8, 0.7, 0.85, 0.75, 0.8, 0.8, 0.8, 0.85, 0.8, 0.7, 0.75, 0.7, 0.8, 0.85, 0.8]",21,0.7761904761904762
The experiment shows a significant effect close to what was anticipated.,close to,mistralai/Mistral-7B-Instruct-v0.3,"[0.95, 0.85, 0.95]",3,0.9166666666666666
The experiment shows a significant effect close to the expected level.,close to,mistralai/Mistral-7B-Instruct-v0.3,"[0.95, 0.95, 0.95]",3,0.9499999999999998
The experiment shows a significant effect close to what we predicted.,close to,mistralai/Mistral-7B-Instruct-v0.3,"[0.9, 0.95, 0.85]",3,0.9
The experiment shows a significant effect close to the expected magnitude.,close to,mistralai/Mistral-7B-Instruct-v0.3,"[0.95, 0.95, 0.95, 0.95, 0.95, 0.95]",6,0.9499999999999998
The experiment shows a significant effect close to the 0.05 threshold.,close to,mistralai/Mistral-7B-Instruct-v0.3,"[0.8, 0.85, 0.95]",3,0.8666666666666667
The experiment shows a close to significant effect.,close to,mistralai/Mistral-7B-Instruct-v0.3,"[0.8, 0.85, 0.8]",3,0.8166666666666668
The experiment shows a significant effect close to 0.05.,close to,mistralai/Mistral-7B-Instruct-v0.3,"[0.85, 0.85, 0.85]",3,0.85
The experiment shows a significant effect close to a large effect.,close to,mistralai/Mistral-7B-Instruct-v0.3,"[0.95, 0.95, 0.95]",3,0.9499999999999998
The experiment shows an effect that is close to significant.,close to,mistralai/Mistral-7B-Instruct-v0.3,"[0.75, 0.8, 0.85]",3,0.7999999999999999
The experiment shows the effect is close to significant.,close to,mistralai/Mistral-7B-Instruct-v0.3,"[0.85, 0.85, 0.8]",3,0.8333333333333334
The report is nearly not accurate.,nearly,mistralai/Mistral-7B-Instruct-v0.3,"[0.7, 0.65, 0.5, 0.75, 0.7, 0.6]",6,0.65
The report is nearly accurate.,nearly,mistralai/Mistral-7B-Instruct-v0.3,"[0.9, 0.85, 0.85, 0.8, 0.8, 0.8]",6,0.8333333333333334
Nearly the report is not accurate.,nearly,mistralai/Mistral-7B-Instruct-v0.3,"[0.7, 0.7, 0.7, 0.75, 0.6, 0.6]",6,0.6749999999999999
The report is nearly inaccurate.,nearly,mistralai/Mistral-7B-Instruct-v0.3,"[0.9, 0.9, 0.85, 0.7, 0.7, 0.8, 0.85, 0.9, 0.7, 0.8, 0.85, 0.8, 0.8, 0.8, 0.85, 0.9, 0.9, 0.9, 0.6, 0.75, 0.8, 0.8, 0.85, 0.8, 0.8, 0.6, 0.9, 0.9, 0.9, 0.8, 0.8, 0.75, 0.9, 0.75, 0.9, 0.7]",36,0.8111111111111111
The report is not nearly accurate.,nearly,mistralai/Mistral-7B-Instruct-v0.3,"[0.9, 0.85, 0.95, 0.95, 0.9, 0.95]",6,0.9166666666666666
The neighbor is almost home.,almost,mistralai/Mistral-7B-Instruct-v0.3,"[0.95, 0.95, 0.98, 0.95, 0.95, 0.95, 0.95, 0.9, 0.95, 0.95, 0.95, 0.85, 0.95, 0.9, 0.85, 0.95, 0.95, 0.95, 0.95, 0.95, 0.85, 0.95, 0.95, 0.85, 0.95, 0.95, 0.95, 0.95, 0.95, 0.95, 0.95, 0.85, 0.9, 0.95, 0.95, 0.95, 0.95, 0.95, 0.95, 0.95, 0.95, 0.95, 0.95, 0.9, 0.95, 0.85, 0.9, 0.85, 0.9, 0.95, 0.95, 0.8, 0.95, 0.95, 0.95, 0.95, 0.95, 0.95, 0.95, 0.8]",60,0.9288333333333333
The new policy practically improves the economy.,practically,mistralai/Mistral-7B-Instruct-v0.3,"[0.85, 0.85, 0.9, 0.75, 0.8, 0.8, 0.85, 0.9, 0.9, 0.85, 0.9, 0.9, 0.85, 0.85, 0.85, 0.85, 0.85, 0.85, 0.8, 0.8, 0.85, 0.85, 0.85, 0.9, 0.9, 0.95, 0.85, 0.85, 0.8, 0.9, 0.9, 0.8, 0.8, 0.85, 0.85, 0.85, 0.85, 0.85, 0.8, 0.95, 0.8, 0.9, 0.85, 0.85, 0.9, 0.9, 0.85, 0.85, 0.9, 0.85, 0.8, 0.85, 0.85, 0.8, 0.85, 0.85, 0.85, 0.8, 0.8, 0.85]",60,0.8516666666666667
The experiment effectively shows a significant effect.,effectively,mistralai/Mistral-7B-Instruct-v0.3,"[0.95, 0.95, 0.95, 0.95, 0.95, 0.95, 0.95, 0.95, 0.95, 0.95, 0.95, 0.95, 0.95, 0.95, 0.95, 0.95, 0.97, 0.95, 0.95, 0.95, 0.95, 0.95, 0.95, 0.95, 0.98, 0.95, 0.95, 1.0, 0.95, 0.95, 0.95, 0.95, 0.95, 0.95, 0.95, 0.95, 0.95, 0.95, 0.95, 0.95, 0.95, 0.95]",42,0.9523809523809523
The experiment effectively demonstrates a significant effect.,effectively,mistralai/Mistral-7B-Instruct-v0.3,"[0.95, 0.95, 0.95, 0.95, 0.95, 0.95]",6,0.9499999999999998
The experiment shows a significant effect effectively.,effectively,mistralai/Mistral-7B-Instruct-v0.3,"[0.95, 0.98, 0.95, 0.95, 0.95, 0.95]",6,0.955
"Effectively, the experiment shows a significant effect.",effectively,mistralai/Mistral-7B-Instruct-v0.3,"[0.95, 0.95, 0.9]",3,0.9333333333333332
The experiment shows effectively a significant effect.,effectively,mistralai/Mistral-7B-Instruct-v0.3,"[0.95, 0.95, 0.95]",3,0.9499999999999998
Essentially the medication is effective in treating the disease.,essentially,mistralai/Mistral-7B-Instruct-v0.3,"[0.95, 0.95, 0.95, 0.95, 0.95, 0.95, 0.95, 0.95, 0.95]",9,0.9499999999999998
The medication is essentially effective in treating the disease.,essentially,mistralai/Mistral-7B-Instruct-v0.3,"[0.95, 0.95, 0.95, 0.95, 0.95, 0.95, 0.95, 0.95, 0.95, 0.95, 0.85, 0.95, 0.95, 0.95, 0.95, 0.95, 0.95, 0.95, 0.95, 0.95, 0.95, 0.95, 0.85, 0.95, 0.95, 0.95, 0.95, 0.95, 0.85, 0.95, 0.95, 0.95, 0.85, 0.95, 0.95, 0.95]",36,0.9388888888888888
"Essentially, the medication is effective in treating the disease.",essentially,mistralai/Mistral-7B-Instruct-v0.3,"[0.95, 0.95, 0.95, 0.85, 0.95, 0.9, 0.85, 0.95, 0.9, 0.95, 0.9, 0.95, 0.95, 0.95, 0.95]",15,0.9266666666666666
Broadly the report is not accurate.,broadly,mistralai/Mistral-7B-Instruct-v0.3,"[0.8, 0.85, 0.85]",3,0.8333333333333334
"Broadly, the report is not accurate.",broadly,mistralai/Mistral-7B-Instruct-v0.3,"[0.8, 0.9, 0.8, 0.9, 0.85, 0.9, 0.8, 0.85, 0.8, 0.95, 0.95, 0.8, 0.85, 0.9, 0.9, 0.9, 0.8, 0.9, 0.85, 0.85, 0.8, 0.9, 0.7, 0.8, 0.8, 0.8, 0.9, 0.85, 0.9, 0.75, 0.85, 0.95, 0.85, 0.95, 0.85, 0.7]",36,0.8500000000000001
The report is not broadly accurate.,broadly,mistralai/Mistral-7B-Instruct-v0.3,"[0.8, 0.8, 0.85]",3,0.8166666666666668
The report is broadly not accurate.,broadly,mistralai/Mistral-7B-Instruct-v0.3,"[0.85, 0.85, 0.85, 0.8, 0.85, 0.9, 0.85, 0.75, 0.8]",9,0.8333333333333334
"Broadly, the test results are inconclusive.",broadly,mistralai/Mistral-7B-Instruct-v0.3,"[0.5, 0.7, 0.6]",3,0.6
The report is broadly inaccurate.,broadly,mistralai/Mistral-7B-Instruct-v0.3,"[0.85, 0.9, 0.85, 0.8, 0.9, 0.9]",6,0.8666666666666667
The experiment shows a loosely significant effect.,loosely,mistralai/Mistral-7B-Instruct-v0.3,"[0.6, 0.7, 0.7, 0.6, 0.6, 0.7, 0.6, 0.7, 0.7, 0.7, 0.7, 0.7, 0.6, 0.7, 0.7]",15,0.6666666666666666
The experiment shows the effect loosely.,loosely,mistralai/Mistral-7B-Instruct-v0.3,"[0.6, 0.5, 0.6]",3,0.5666666666666667
"Loosely, the experiment shows a significant effect.",loosely,mistralai/Mistral-7B-Instruct-v0.3,"[0.75, 0.85, 0.85, 0.8, 0.8, 0.8, 0.75, 0.8, 0.85]",9,0.8055555555555556
"The experiment shows a significant effect, loosely.",loosely,mistralai/Mistral-7B-Instruct-v0.3,"[0.75, 0.7, 0.6]",3,0.6833333333333332
The experiment loosely shows a significant effect.,loosely,mistralai/Mistral-7B-Instruct-v0.3,"[0.7, 0.75, 0.75, 0.7, 0.7, 0.7, 0.7, 0.75, 0.8, 0.8, 0.8, 0.7, 0.75, 0.8, 0.7, 0.75, 0.8, 0.85, 0.7, 0.75, 0.7, 0.75, 0.8, 0.7]",24,0.7458333333333332
The experiment shows a significant effect loosely.,loosely,mistralai/Mistral-7B-Instruct-v0.3,"[0.7, 0.6, 0.6, 0.6, 0.6, 0.5]",6,0.6
The experiment shows a sort of significant effect.,sort of,mistralai/Mistral-7B-Instruct-v0.3,"[0.7, 0.7, 0.75, 0.85, 0.85, 0.8, 0.8, 0.8, 0.8, 0.8, 0.8, 0.8, 0.8, 0.8, 0.75]",15,0.7866666666666667
The experiment shows a significant effect sort of.,sort of,mistralai/Mistral-7B-Instruct-v0.3,"[0.7, 0.7, 0.5, 0.6, 0.6, 0.6, 0.6, 0.6, 0.6, 0.6, 0.6, 0.6]",12,0.6083333333333333
The experiment sort of shows a significant effect.,sort of,mistralai/Mistral-7B-Instruct-v0.3,"[0.6, 0.6, 0.6, 0.6, 0.6, 0.7, 0.6, 0.7, 0.7, 0.6, 0.6, 0.7, 0.6, 0.6, 0.6, 0.6, 0.7, 0.6, 0.6, 0.6, 0.6, 0.6, 0.6, 0.6, 0.6, 0.6, 0.6, 0.6, 0.6, 0.6]",30,0.6166666666666667
"The experiment shows a significant effect, sort of.",sort of,mistralai/Mistral-7B-Instruct-v0.3,"[0.7, 0.6, 0.6]",3,0.6333333333333333
The movie is kind of good.,kind of,mistralai/Mistral-7B-Instruct-v0.3,"[0.6, 0.6, 0.6, 0.6, 0.6, 0.6, 0.6, 0.6, 0.6, 0.6, 0.6, 0.6, 0.6, 0.6, 0.6, 0.6, 0.6, 0.6, 0.6, 0.6, 0.6, 0.6, 0.6, 0.6, 0.6, 0.6, 0.6, 0.6, 0.6, 0.6, 0.7, 0.6, 0.6, 0.5, 0.6, 0.6, 0.6, 0.6, 0.6, 0.6, 0.6, 0.6, 0.6, 0.6, 0.6, 0.6, 0.6, 0.6, 0.6, 0.6, 0.6, 0.6, 0.6, 0.6, 0.6, 0.6, 0.5, 0.6, 0.6, 0.6]",60,0.5983333333333333
The report is somewhat not accurate.,somewhat,mistralai/Mistral-7B-Instruct-v0.3,"[0.7, 0.5, 0.6, 0.6, 0.4, 0.5, 0.6, 0.6, 0.6]",9,0.5666666666666667
The report is somewhat inaccurate.,somewhat,mistralai/Mistral-7B-Instruct-v0.3,"[0.7, 0.6, 0.6, 0.8, 0.75, 0.7, 0.7, 0.6, 0.6, 0.7, 0.6, 0.7, 0.6, 0.6, 0.6, 0.6, 0.7, 0.6, 0.8, 0.6, 0.7, 0.7, 0.7, 0.6, 0.7, 0.7, 0.7, 0.6, 0.75, 0.7, 0.6, 0.7, 0.6, 0.7, 0.75, 0.7, 0.75, 0.7, 0.7, 0.7, 0.6, 0.6, 0.7, 0.7, 0.6, 0.6, 0.6, 0.6, 0.7, 0.7, 0.7]",51,0.6666666666666666
The experiment shows a rather significant effect.,rather,mistralai/Mistral-7B-Instruct-v0.3,"[0.85, 0.9, 0.9, 0.85, 0.9, 0.95, 0.9, 0.85, 0.9, 0.85, 0.8, 0.9, 0.85, 0.95, 0.95, 0.85, 0.85, 0.85, 0.85, 0.85, 0.85]",21,0.8761904761904761
"The experiment shows a significant effect, rather.",rather,mistralai/Mistral-7B-Instruct-v0.3,"[0.9, 0.95, 0.95, 0.95, 0.95, 0.85, 0.85, 0.8, 0.85, 0.95, 0.85, 0.95, 0.95, 0.85, 0.95, 0.93, 0.95, 0.95]",18,0.9099999999999999
The experiment shows rather significant effect.,rather,mistralai/Mistral-7B-Instruct-v0.3,"[0.85, 0.85, 0.85, 0.9, 0.85, 0.85]",6,0.8583333333333334
The experiment shows a significant effect rather.,rather,mistralai/Mistral-7B-Instruct-v0.3,"[0.9, 0.8, 0.85, 0.95, 0.9, 0.95]",6,0.8916666666666666
The experiment shows rather a significant effect.,rather,mistralai/Mistral-7B-Instruct-v0.3,"[0.85, 0.85, 0.85, 0.9, 0.85, 0.85, 0.85, 0.85, 0.85]",9,0.8555555555555556
The book is fairly informative.,fairly,mistralai/Mistral-7B-Instruct-v0.3,"[0.75, 0.7, 0.7, 0.7, 0.7, 0.7, 0.6, 0.7, 0.7, 0.8, 0.7, 0.7, 0.7, 0.7, 0.7, 0.7, 0.7, 0.7, 0.7, 0.7, 0.7, 0.7, 0.7, 0.7, 0.75, 0.7, 0.7, 0.75, 0.7, 0.75, 0.75, 0.75, 0.7, 0.8, 0.6, 0.7, 0.75, 0.7, 0.8, 0.7, 0.7, 0.8, 0.7, 0.8, 0.7, 0.7, 0.7, 0.7, 0.7, 0.7, 0.75, 0.7, 0.75, 0.7, 0.7, 0.6, 0.8]",57,0.7131578947368421
Fairly informative.,fairly,mistralai/Mistral-7B-Instruct-v0.3,"[0.8, 0.7, 0.8]",3,0.7666666666666666
The new policy quite improves the economy.,quite,mistralai/Mistral-7B-Instruct-v0.3,"[0.85, 0.8, 0.7, 0.7, 0.7, 0.7, 0.8, 0.8, 0.7, 0.75, 0.8, 0.7, 0.8, 0.8, 0.8, 0.75, 0.7, 0.7, 0.8, 0.7, 0.7, 0.7, 0.8, 0.6, 0.7, 0.8, 0.8, 0.7, 0.7, 0.75, 0.7, 0.7, 0.7, 0.8, 0.7, 0.8, 0.7, 0.7, 0.75, 0.8, 0.7, 0.8, 0.75, 0.8, 0.75, 0.75, 0.7, 0.8, 0.7, 0.8, 0.8]",51,0.7450980392156863
The new policy is quite improving the economy.,quite,mistralai/Mistral-7B-Instruct-v0.3,"[0.75, 0.7, 0.8]",3,0.75
The new policy is quite good for the economy.,quite,mistralai/Mistral-7B-Instruct-v0.3,"[0.8, 0.85, 0.8, 0.8, 0.8, 0.85]",6,0.8166666666666668
The report is not accurate to some extent.,to some extent,mistralai/Mistral-7B-Instruct-v0.3,"[0.6, 0.75, 0.7, 0.7, 0.7, 0.6, 0.7, 0.75, 0.7, 0.6, 0.7, 0.8, 0.75, 0.6, 0.7, 0.75, 0.7, 0.7, 0.6, 0.7, 0.7, 0.75, 0.6, 0.7, 0.7, 0.6, 0.75, 0.6, 0.7, 0.6, 0.7, 0.75, 0.6, 0.7, 0.6, 0.6, 0.6, 0.6, 0.7, 0.6, 0.6, 0.7, 0.6, 0.6, 0.7, 0.7, 0.5, 0.75, 0.6, 0.7, 0.7, 0.7, 0.8, 0.6]",54,0.6703703703703703
"To some extent, the report is not accurate.",to some extent,mistralai/Mistral-7B-Instruct-v0.3,"[0.6, 0.6, 0.6]",3,0.6
"The report is not accurate, to some extent.",to some extent,mistralai/Mistral-7B-Instruct-v0.3,"[0.7, 0.7, 0.7]",3,0.6999999999999998
The report is not accurate to a certain degree.,to a certain degree,mistralai/Mistral-7B-Instruct-v0.3,"[0.7, 0.75, 0.7, 0.75, 0.7, 0.7, 0.8, 0.7, 0.6, 0.8, 0.75, 0.8, 0.75, 0.7, 0.7, 0.75, 0.6, 0.7, 0.75, 0.6, 0.7, 0.7, 0.75, 0.8, 0.7, 0.7, 0.8, 0.8, 0.7, 0.7, 0.7, 0.7, 0.7, 0.8, 0.75, 0.7, 0.6, 0.7, 0.7, 0.8, 0.75, 0.7, 0.75, 0.75, 0.8, 0.75, 0.7, 0.8, 0.6, 0.7, 0.7, 0.6, 0.7, 0.6]",54,0.7166666666666666
"The report is, to a certain degree, not accurate.",to a certain degree,mistralai/Mistral-7B-Instruct-v0.3,"[0.7, 0.75, 0.7]",3,0.7166666666666667
The report is to a certain degree not accurate.,to a certain degree,mistralai/Mistral-7B-Instruct-v0.3,"[0.75, 0.7, 0.7]",3,0.7166666666666667
"The neighbor is home, in a way.",in a way,mistralai/Mistral-7B-Instruct-v0.3,"[0.7, 0.6, 0.6, 0.6, 0.6, 0.5, 0.6, 0.6, 0.6, 0.6, 0.7, 0.6, 0.5, 0.6, 0.6, 0.6, 0.6, 0.6, 0.5, 0.6, 0.6, 0.6, 0.6, 0.6, 0.6, 0.7, 0.6, 0.6, 0.5, 0.6, 0.6, 0.6, 0.5]",33,0.5939393939393939
"In a way, the neighbor is home.",in a way,mistralai/Mistral-7B-Instruct-v0.3,"[0.6, 0.6, 0.6]",3,0.6
The neighbor is home in a way.,in a way,mistralai/Mistral-7B-Instruct-v0.3,"[0.6, 0.4, 0.6, 0.5, 0.6, 0.5, 0.5, 0.5, 0.6, 0.6, 0.5, 0.6, 0.6, 0.5, 0.5, 0.6, 0.5, 0.6, 0.5, 0.4, 0.5]",21,0.5333333333333333
"The neighbor is, in a way, home.",in a way,mistralai/Mistral-7B-Instruct-v0.3,"[0.5, 0.6, 0.4]",3,0.5
The book is informative in some ways.,in some ways,mistralai/Mistral-7B-Instruct-v0.3,"[0.6, 0.6, 0.5, 0.6, 0.6, 0.6, 0.5, 0.6, 0.6, 0.6, 0.5, 0.6, 0.6, 0.6, 0.6, 0.6, 0.6, 0.6, 0.65, 0.6, 0.6, 0.6, 0.6, 0.6, 0.6, 0.6, 0.6, 0.4, 0.6, 0.6, 0.5, 0.6, 0.6, 0.6, 0.6, 0.6, 0.7, 0.6, 0.6, 0.6, 0.6, 0.6, 0.6, 0.6, 0.5, 0.6, 0.6, 0.6, 0.6, 0.5, 0.6]",51,0.5872549019607843
"In some ways, the book is informative.",in some ways,mistralai/Mistral-7B-Instruct-v0.3,"[0.6, 0.6, 0.6, 0.6, 0.6, 0.6]",6,0.6
"The book is informative, in some ways.",in some ways,mistralai/Mistral-7B-Instruct-v0.3,"[0.6, 0.7, 0.75]",3,0.6833333333333332
The book is largely informative.,largely,mistralai/Mistral-7B-Instruct-v0.3,"[0.8, 0.9, 0.8, 0.85, 0.85, 0.8, 0.8, 0.85, 0.75, 0.8, 0.85, 0.85, 0.95, 0.85, 0.85, 0.8, 0.85, 0.85, 0.95, 0.85, 0.8, 0.85, 0.85, 0.85, 0.9, 0.9, 0.75, 0.85, 0.8, 0.85, 0.9, 0.85, 0.8, 0.9, 0.85, 0.85, 0.9, 0.9, 0.8, 0.8, 0.85, 0.85, 0.8, 0.85, 0.85, 0.85, 0.85, 0.85, 0.9, 0.85, 0.9, 0.85, 0.85, 0.9, 0.9, 0.85, 0.9, 0.85, 0.9, 0.9]",60,0.8516666666666667
The book is mostly informative.,mostly,mistralai/Mistral-7B-Instruct-v0.3,"[0.7, 0.8, 0.8, 0.9, 0.85, 0.8, 0.8, 0.85, 0.8, 0.85, 0.75, 0.9, 0.75, 0.85, 0.8, 0.8, 0.8, 0.85, 0.85, 0.9, 0.8, 0.8, 0.85, 0.8, 0.85, 0.85, 0.85, 0.8, 0.85, 0.85, 0.85, 0.85, 0.8, 0.8, 0.85, 0.8, 0.85, 0.85, 0.8, 0.85, 0.8, 0.85, 0.85, 0.85, 0.8, 0.85, 0.8, 0.9, 0.85, 0.85, 0.85, 0.8, 0.85, 0.85, 0.85, 0.85, 0.8]",57,0.8289473684210527
"Mostly, the book is informative.",mostly,mistralai/Mistral-7B-Instruct-v0.3,"[0.8, 0.7, 0.75]",3,0.75
The new policy mainly improves the economy.,mainly,mistralai/Mistral-7B-Instruct-v0.3,"[0.85, 0.85, 0.8, 0.95, 0.8, 0.75, 0.8, 0.8, 0.8, 0.8, 0.85, 0.8, 0.75, 0.85, 0.8, 0.85, 0.7, 0.85, 0.9, 0.7, 0.85, 0.85, 0.85, 0.95, 0.9, 0.8, 0.85, 0.85, 0.9, 0.75, 0.8, 0.8, 0.8, 0.85, 0.9, 0.9, 0.85, 0.8, 0.85, 0.7, 0.8, 0.8, 0.9, 0.85, 0.8, 0.8, 0.85, 0.85, 0.9, 0.8, 0.8, 0.85, 0.9, 0.8, 0.85, 0.85, 0.9]",57,0.8307017543859649
mainly the new policy improves the economy.,mainly,mistralai/Mistral-7B-Instruct-v0.3,"[0.8, 0.8, 0.8]",3,0.8000000000000002
It chiefly rains tomorrow.,chiefly,mistralai/Mistral-7B-Instruct-v0.3,"[0.9, 0.95, 0.95, 0.95, 0.94, 0.95, 0.8, 0.9, 0.75, 0.85, 0.95, 0.8, 0.9, 0.8, 0.7, 0.8, 0.95, 0.85, 0.85, 0.8, 0.8, 0.9, 0.8, 0.75, 0.9, 0.9, 0.95, 0.95, 1.0, 0.85, 0.95, 1.0, 0.9, 0.95, 0.8, 0.9, 0.8, 0.8, 0.95]",39,0.8766666666666666
Chiefly it rains tomorrow.,chiefly,mistralai/Mistral-7B-Instruct-v0.3,"[0.7, 0.6, 0.6]",3,0.6333333333333333
It rains chiefly tomorrow.,chiefly,mistralai/Mistral-7B-Instruct-v0.3,"[0.9, 0.85, 0.85, 0.9, 0.8, 0.75]",6,0.8416666666666667
It will chiefly rain tomorrow.,chiefly,mistralai/Mistral-7B-Instruct-v0.3,"[0.8, 0.9, 0.95, 0.85, 0.9, 0.85]",6,0.875
"Chiefly, it rains tomorrow.",chiefly,mistralai/Mistral-7B-Instruct-v0.3,"[0.9, 0.75, 0.8]",3,0.8166666666666668
"chiefly, it will rain tomorrow.",chiefly,mistralai/Mistral-7B-Instruct-v0.3,"[0.7, 0.8, 0.75]",3,0.75
The experiment primarily shows a significant effect.,primarily,mistralai/Mistral-7B-Instruct-v0.3,"[0.85, 0.85, 0.85, 0.95, 0.95, 0.95, 0.95, 0.95, 0.95, 0.95, 0.95, 0.95, 0.95, 0.95, 0.95, 0.95, 0.95, 0.95, 0.95, 0.95, 0.85, 0.95, 0.95, 0.95, 0.95, 0.85, 0.95, 0.95, 0.9, 0.95, 0.95, 0.95, 0.95, 0.95, 0.95, 0.95, 0.95, 0.95, 0.85, 0.95, 0.85, 0.95, 0.95, 0.95, 0.95]",45,0.9333333333333333
"Primarily, the experiment shows a significant effect.",primarily,mistralai/Mistral-7B-Instruct-v0.3,"[0.95, 0.95, 0.95, 0.95, 0.95, 0.95]",6,0.9499999999999998
The experiment shows a primarily significant effect.,primarily,mistralai/Mistral-7B-Instruct-v0.3,"[0.95, 0.95, 0.9]",3,0.9333333333333332
"Initially, it appears that the experiment shows a significant effect primarily.",primarily,mistralai/Mistral-7B-Instruct-v0.3,"[0.8, 0.85, 0.8]",3,0.8166666666666668
The experiment shows a significant effect primarily.,primarily,mistralai/Mistral-7B-Instruct-v0.3,"[0.9, 0.95, 0.85]",3,0.9
The restaurant predominantly serves delicious food.,predominantly,mistralai/Mistral-7B-Instruct-v0.3,"[0.95, 0.85, 0.95, 0.85, 0.9, 0.95, 0.95, 0.95, 0.85, 0.85, 0.95, 0.95, 0.95, 0.9, 0.95, 0.95, 0.95, 0.95, 0.95, 0.85, 0.95, 0.95, 0.95, 0.95, 0.9, 0.95, 0.95, 0.9, 0.95, 0.9]",30,0.925
The restaurant serves predominantly delicious food.,predominantly,mistralai/Mistral-7B-Instruct-v0.3,"[0.95, 0.95, 0.85, 0.9, 0.95, 0.85, 0.9, 0.85, 0.95, 0.95, 0.95, 0.85, 0.95, 0.95, 0.95]",15,0.9166666666666666
The restaurant serves food that is predominantly delicious.,predominantly,mistralai/Mistral-7B-Instruct-v0.3,"[0.95, 0.9, 0.95, 0.9, 0.85, 0.95, 0.85, 0.85, 0.9]",9,0.8999999999999999
"Predominantly, the restaurant serves delicious food.",predominantly,mistralai/Mistral-7B-Instruct-v0.3,"[0.8, 0.9, 0.85, 0.8, 0.85, 0.9]",6,0.85
The report is entirely inaccurate.,entirely,mistralai/Mistral-7B-Instruct-v0.3,"[1.0, 1.0, 1.0, 1.0, 1.0, 1.0, 1.0, 1.0, 1.0, 1.0, 1.0, 1.0, 1.0, 0.95, 1.0, 1.0, 1.0, 1.0, 1.0, 1.0, 1.0, 1.0, 1.0, 1.0, 1.0, 1.0, 1.0, 1.0, 1.0, 1.0, 1.0, 1.0, 1.0, 1.0, 1.0, 1.0, 1.0, 1.0, 1.0]",39,0.9987179487179488
The report is not entirely accurate.,entirely,mistralai/Mistral-7B-Instruct-v0.3,"[0.6, 0.6, 0.8, 0.6, 0.6, 0.7, 0.7, 0.6, 0.8, 0.6, 0.7, 0.75]",12,0.6708333333333334
This report is not entirely accurate.,entirely,mistralai/Mistral-7B-Instruct-v0.3,"[0.7, 0.7, 0.7]",3,0.6999999999999998
The report is entirely not accurate.,entirely,mistralai/Mistral-7B-Instruct-v0.3,"[1.0, 1.0, 1.0, 1.0, 1.0, 1.0]",6,1.0
The report is not completely accurate.,completely,mistralai/Mistral-7B-Instruct-v0.3,"[0.75, 0.8, 0.75, 0.8, 0.7, 0.7, 0.7, 0.7, 0.7, 0.7, 0.8, 0.7, 0.7, 0.75, 0.7]",15,0.73
The report is completely inaccurate.,completely,mistralai/Mistral-7B-Instruct-v0.3,"[1.0, 1.0, 1.0, 1.0, 1.0, 1.0, 1.0, 1.0, 1.0, 1.0, 1.0, 1.0, 1.0, 1.0, 1.0, 1.0, 1.0, 1.0, 1.0, 1.0, 1.0, 1.0, 1.0, 1.0, 1.0, 1.0, 1.0, 1.0, 1.0, 1.0, 1.0, 1.0, 1.0]",33,1.0
The report is completely accurate.,completely,mistralai/Mistral-7B-Instruct-v0.3,"[1.0, 0.95, 1.0]",3,0.9833333333333334
The report is completely not accurate.,completely,mistralai/Mistral-7B-Instruct-v0.3,"[1.0, 1.0, 1.0, 1.0, 1.0, 1.0, 1.0, 1.0, 1.0]",9,1.0
The medication is wholly effective in treating the disease.,wholly,mistralai/Mistral-7B-Instruct-v0.3,"[1.0, 1.0, 1.0, 1.0, 1.0, 1.0, 0.95, 1.0, 1.0, 1.0, 0.95, 1.0, 1.0, 1.0, 1.0, 1.0, 1.0, 1.0, 1.0, 1.0, 1.0, 1.0, 1.0, 1.0, 1.0, 1.0, 1.0, 1.0, 1.0, 1.0, 1.0, 0.98, 1.0, 1.0, 1.0, 1.0, 1.0, 1.0, 1.0, 0.95, 1.0, 1.0, 1.0, 1.0, 1.0, 0.95, 1.0, 1.0, 1.0, 0.95, 0.95, 1.0, 1.0, 1.0]",54,0.9940740740740741
It is wholly effective in treating the disease.,wholly,mistralai/Mistral-7B-Instruct-v0.3,"[1.0, 0.95, 1.0]",3,0.9833333333333334
Wholly the medication is effective in treating the disease.,wholly,mistralai/Mistral-7B-Instruct-v0.3,"[0.95, 0.9, 0.95]",3,0.9333333333333332
The movie is fully good.,fully,mistralai/Mistral-7B-Instruct-v0.3,"[0.8, 0.95, 0.95, 0.85, 0.85, 0.9, 0.95, 0.85, 0.95, 0.95, 0.9, 0.95, 0.75, 1.0, 0.95, 0.95, 0.85, 0.85, 0.8, 0.9, 0.9, 0.98, 0.9, 0.95, 0.95, 0.8, 0.8, 0.95, 0.9, 0.9, 0.9, 0.9, 0.95, 0.85, 1.0, 0.95, 0.7, 0.85, 0.85, 0.85, 0.9, 0.9, 0.95, 0.85, 1.0, 0.9, 0.95, 0.95, 0.95, 0.9, 0.95, 0.9, 0.8, 0.95, 0.95, 0.7, 0.8, 0.95, 0.95, 0.95]",60,0.898
There is partially a correlation between X and Y.,partially,mistralai/Mistral-7B-Instruct-v0.3,"[0.7, 0.7, 0.75, 0.7, 0.6, 0.7, 0.7, 0.6, 0.7, 0.7, 0.5, 0.7, 0.7, 0.6, 0.75, 0.7, 0.7, 0.6, 0.7, 0.7, 0.6, 0.7, 0.7, 0.7, 0.6, 0.75, 0.7, 0.6, 0.7, 0.7]",30,0.675
There is a partially correlation between X and Y.,partially,mistralai/Mistral-7B-Instruct-v0.3,"[0.7, 0.7, 0.7, 0.75, 0.75, 0.7, 0.8, 0.7, 0.8, 0.8, 0.7, 0.65, 0.8, 0.75, 0.8]",15,0.74
"There is a correlation between X and Y, partially.",partially,mistralai/Mistral-7B-Instruct-v0.3,"[0.75, 0.7, 0.7, 0.8, 0.75, 0.7]",6,0.7333333333333334
The correlation between X and Y is partially.,partially,mistralai/Mistral-7B-Instruct-v0.3,"[0.75, 0.7, 0.7]",3,0.7166666666666667
"Partially, there is a correlation between X and Y.",partially,mistralai/Mistral-7B-Instruct-v0.3,"[0.6, 0.75, 0.6]",3,0.65
There is a correlation between X and Y partially.,partially,mistralai/Mistral-7B-Instruct-v0.3,"[0.7, 0.7, 0.7]",3,0.6999999999999998
The city is marginally the oldest in the country.,marginally,mistralai/Mistral-7B-Instruct-v0.3,"[0.65, 0.7, 0.75, 0.6, 0.7, 0.8, 0.7, 0.7, 0.7, 0.7, 0.8, 0.7, 0.7, 0.8, 0.7, 0.7, 0.7, 0.7, 0.6, 0.7, 0.7, 0.7, 0.7, 0.7, 0.65, 0.7, 0.65, 0.8, 0.7, 0.7, 0.7, 0.6, 0.7, 0.7, 0.7, 0.7, 0.7, 0.75, 0.7, 0.75, 0.7, 0.7, 0.75, 0.7, 0.7, 0.75, 0.6, 0.7, 0.7, 0.7, 0.75, 0.7, 0.8, 0.6]",54,0.7027777777777777
"Marginally, the city is the oldest in the country.",marginally,mistralai/Mistral-7B-Instruct-v0.3,"[0.7, 0.7, 0.6, 0.7, 0.7, 0.6]",6,0.6666666666666666
The neighbor is slightly home.,slightly,mistralai/Mistral-7B-Instruct-v0.3,"[0.7, 0.6, 0.5, 0.5, 0.7, 0.6, 0.6, 0.7, 0.6, 0.5, 0.5, 0.6, 0.6, 0.5, 0.65, 0.5, 0.4, 0.6, 0.6, 0.6, 0.7, 0.7, 0.7, 0.6, 0.7, 0.6, 0.6, 0.7, 0.5, 0.6, 0.6, 0.6, 0.8, 0.5, 0.5, 0.85, 0.6, 0.7, 0.5, 0.5, 0.6, 0.6, 0.6, 0.6, 0.6, 0.6, 0.6, 0.7, 0.6, 0.6, 0.7, 0.8, 0.6, 0.6, 0.6, 0.7, 0.6]",57,0.6105263157894736
The neighbor is slightly at home.,slightly,mistralai/Mistral-7B-Instruct-v0.3,"[0.7, 0.6, 0.4]",3,0.5666666666666667
It barely rains tomorrow.,barely,mistralai/Mistral-7B-Instruct-v0.3,"[0.85, 0.85, 0.7, 0.7, 0.75, 0.7, 0.8, 0.7, 0.8, 0.7, 0.8, 0.75, 0.8, 0.85, 0.75, 0.85, 0.85, 0.7, 0.85, 0.8, 0.95, 0.6, 0.8, 0.8, 0.85, 0.75, 0.7, 0.8, 0.7, 0.85, 0.8, 0.8, 0.6, 0.75, 0.9, 0.9, 0.85, 0.85, 0.8, 0.85, 0.8, 0.9, 0.7, 0.8, 0.85, 0.9, 0.7, 0.7, 0.8, 0.7, 0.9, 0.9, 0.75, 0.7]",54,0.7879629629629629
It rains barely tomorrow.,barely,mistralai/Mistral-7B-Instruct-v0.3,"[0.6, 0.7, 0.5]",3,0.6
It rains tomorrow barely.,barely,mistralai/Mistral-7B-Instruct-v0.3,"[0.4, 0.3, 0.3]",3,0.3333333333333333
The restaurant hardly serves delicious food.,hardly,mistralai/Mistral-7B-Instruct-v0.3,"[0.7, 0.65, 0.7, 0.6, 0.8, 0.6, 0.7, 0.7, 0.7, 0.8, 0.6, 0.6, 0.8, 0.8, 0.7, 0.7, 0.6, 0.8, 0.7, 0.6, 0.7, 0.85, 0.75, 0.6, 0.7, 0.75, 0.75, 0.6, 0.7, 0.65, 0.75, 0.7, 0.7, 0.8, 0.6, 0.7, 0.6, 0.7, 0.85, 0.7, 0.7, 0.7]",42,0.7
The restaurant serves hardly delicious food.,hardly,mistralai/Mistral-7B-Instruct-v0.3,"[0.6, 0.5, 0.6, 0.6, 0.6, 0.7]",6,0.6
The restaurant hardly serves any good food.,hardly,mistralai/Mistral-7B-Instruct-v0.3,"[0.8, 0.9, 0.95]",3,0.8833333333333333
The restaurant hardly offers delicious food.,hardly,mistralai/Mistral-7B-Instruct-v0.3,"[0.8, 0.7, 0.6]",3,0.7000000000000001
Hardly does the restaurant serve delicious food.,hardly,mistralai/Mistral-7B-Instruct-v0.3,"[0.4, 0.4, 0.5]",3,0.43333333333333335
Hardly any food at the restaurant fails to be delicious.,hardly,mistralai/Mistral-7B-Instruct-v0.3,"[0.98, 0.95, 0.95]",3,0.96
The new policy scarcely improves the economy.,scarcely,mistralai/Mistral-7B-Instruct-v0.3,"[0.5, 0.7, 0.8, 0.6, 0.7, 0.7, 0.6, 0.6, 0.6, 0.6, 0.6, 0.6, 0.4, 0.6, 0.7, 0.7, 0.6, 0.7, 0.7, 0.6, 0.7, 0.6, 0.6, 0.75, 0.6, 0.7, 0.7, 0.6, 0.8, 0.6, 0.7, 0.5, 0.6, 0.7, 0.6, 0.6, 0.75, 0.6, 0.7, 0.7, 0.6, 0.7, 0.7, 0.7, 0.5, 0.6, 0.6, 0.7, 0.7, 0.7, 0.6, 0.7, 0.6, 0.5, 0.6, 0.6, 0.5]",57,0.6368421052631579
Scarcely improve the economy.,scarcely,mistralai/Mistral-7B-Instruct-v0.3,"[0.3, 0.4, 0.7]",3,0.4666666666666666
It virtually rains tomorrow.,virtually,mistralai/Mistral-7B-Instruct-v0.3,"[0.9, 0.85, 0.9, 0.85, 0.9, 0.9, 0.7, 0.85, 0.9, 0.9, 0.9, 0.9, 0.8, 0.8, 0.8, 0.7, 0.95, 0.9, 0.8, 0.85, 0.9, 0.9, 0.9, 0.85, 0.8, 0.95, 0.85, 0.8, 0.85, 0.85]",30,0.8566666666666667
It will virtually rain tomorrow.,virtually,mistralai/Mistral-7B-Instruct-v0.3,"[0.8, 0.8, 0.7, 0.85, 0.85, 0.7, 0.8, 0.9, 0.8, 0.85, 0.85, 0.9, 0.8, 0.85, 0.8, 0.85, 0.8, 0.7]",18,0.8111111111111111
It is virtually raining tomorrow.,virtually,mistralai/Mistral-7B-Instruct-v0.3,"[0.98, 0.85, 0.9, 0.9, 0.95, 0.9]",6,0.9133333333333334
Virtually it rains tomorrow.,virtually,mistralai/Mistral-7B-Instruct-v0.3,"[0.8, 0.6, 0.7, 0.8, 0.7, 0.6]",6,0.7000000000000001
The experiment shows nearly a significant effect.,nearly,mistralai/Mistral-7B-Instruct-v0.3,"[0.7, 0.8, 0.7, 0.8, 0.7, 0.7, 0.7, 0.8, 0.7, 0.8, 0.7, 0.6, 0.7, 0.85, 0.8, 0.7, 0.8, 0.75, 0.8, 0.85, 0.8, 0.8, 0.85, 0.8]",24,0.7583333333333333
The experiment shows a nearly significant effect.,nearly,mistralai/Mistral-7B-Instruct-v0.3,"[0.85, 0.8, 0.8, 0.8, 0.7, 0.7, 0.75, 0.75, 0.8, 0.7, 0.85, 0.8, 0.75, 0.7, 0.8, 0.8, 0.75, 0.75, 0.75, 0.8, 0.7]",21,0.7666666666666667
The experiment shows nearly significant effect.,nearly,mistralai/Mistral-7B-Instruct-v0.3,"[0.8, 0.85, 0.7]",3,0.7833333333333333
The experiment nearly shows a significant effect.,nearly,mistralai/Mistral-7B-Instruct-v0.3,"[0.85, 0.85, 0.8, 0.8, 0.85, 0.8]",6,0.8250000000000001
The experiment shows a significant effect nearly.,nearly,mistralai/Mistral-7B-Instruct-v0.3,"[0.75, 0.85, 0.8, 0.8, 0.8, 0.8]",6,0.7999999999999999
"Fundamentally, the new policy improves the economy.",fundamentally,mistralai/Mistral-7B-Instruct-v0.3,"[0.85, 0.8, 0.8, 0.9, 0.9, 0.9, 0.9, 0.95, 0.9, 0.8, 0.85, 0.85, 0.9, 0.85, 0.9, 0.85, 0.9, 0.85, 0.8, 0.9, 0.85, 0.85, 0.95, 0.8, 0.85, 0.95, 0.85, 0.7, 0.75, 0.85]",30,0.8583333333333333
The new policy fundamentally improves the economy.,fundamentally,mistralai/Mistral-7B-Instruct-v0.3,"[0.8, 0.95, 0.8, 0.9, 0.9, 0.85, 0.95, 0.85, 0.95, 0.95, 0.8, 0.85, 0.95, 0.85, 0.7, 0.85, 0.85, 0.85, 0.95, 0.7, 0.9, 0.95, 0.9, 0.8, 0.85, 0.8, 0.85]",27,0.862962962962963
Fundamentally the new policy improves the economy.,fundamentally,mistralai/Mistral-7B-Instruct-v0.3,"[0.85, 0.85, 0.8]",3,0.8333333333333334
"Technically, the restaurant serves delicious food.",technically,mistralai/Mistral-7B-Instruct-v0.3,"[0.8, 0.8, 0.7, 0.75, 0.7, 0.8, 0.8, 0.85, 0.75, 0.8, 0.9, 0.8, 0.8, 0.85, 0.7, 0.8, 0.8, 0.75, 0.8, 0.8, 0.8, 0.8, 0.7, 0.7, 0.8, 0.8, 0.8, 0.75, 0.8, 0.8, 0.8, 0.7, 0.7, 0.8, 0.8, 0.8, 0.85, 0.85, 0.8, 0.8, 0.8, 0.75, 0.75, 0.8, 0.7, 0.7, 0.8, 0.7, 0.8, 0.75, 0.8, 0.8, 0.9, 0.8]",54,0.7824074074074074
Technically the restaurant serves delicious food.,technically,mistralai/Mistral-7B-Instruct-v0.3,"[0.8, 0.8, 0.8]",3,0.8000000000000002
"Technically, the movie was long.",technically,mistralai/Mistral-7B-Instruct-v0.3,"[0.75, 0.8, 0.7]",3,0.75
The report is not accurate in part.,in part,mistralai/Mistral-7B-Instruct-v0.3,"[0.8, 0.7, 0.8, 0.7, 0.8, 0.75, 0.7, 0.8, 0.9, 0.75, 0.6, 0.8, 0.6, 0.8, 0.7, 0.7, 0.8, 0.8, 0.7, 0.8, 0.75, 0.8, 0.7, 0.8, 0.8, 0.75, 0.8, 0.75, 0.65, 0.75, 0.8, 0.8, 0.8, 0.7, 0.7, 0.7, 0.8, 0.8, 0.8, 0.8, 0.7, 0.8, 0.75, 0.7, 0.75]",45,0.7544444444444445
"In part, the report is not accurate.",in part,mistralai/Mistral-7B-Instruct-v0.3,"[0.8, 0.7, 0.7]",3,0.7333333333333334
"The report is not accurate, in part.",in part,mistralai/Mistral-7B-Instruct-v0.3,"[0.7, 0.8, 0.7, 0.8, 0.7, 0.8, 0.75, 0.7, 0.75]",9,0.7444444444444445
The report is inaccurate in part.,in part,mistralai/Mistral-7B-Instruct-v0.3,"[0.8, 0.8, 0.8]",3,0.8000000000000002
"The city is the oldest in the country, to a degree.",to a degree,mistralai/Mistral-7B-Instruct-v0.3,"[0.6, 0.7, 0.7, 0.7, 0.6, 0.7, 0.7, 0.75, 0.6, 0.6, 0.6, 0.6, 0.6, 0.7, 0.7, 0.7, 0.75, 0.62]",18,0.6622222222222223
"To a degree, the city is the oldest in the country.",to a degree,mistralai/Mistral-7B-Instruct-v0.3,"[0.8, 0.7, 0.7, 0.6, 0.6, 0.7]",6,0.6833333333333332
The city is the oldest in the country to a degree.,to a degree,mistralai/Mistral-7B-Instruct-v0.3,"[0.6, 0.7, 0.6, 0.6, 0.6, 0.7, 0.7, 0.4, 0.6, 0.7, 0.6, 0.6, 0.6, 0.6, 0.6, 0.75, 0.6, 0.6, 0.75, 0.7, 0.6, 0.6, 0.6, 0.45, 0.6, 0.6, 0.7, 0.7, 0.6, 0.6]",30,0.6216666666666666
The city is to a degree the oldest in the country.,to a degree,mistralai/Mistral-7B-Instruct-v0.3,"[0.65, 0.6, 0.4]",3,0.5499999999999999
"The city is, to a degree, the oldest in the country.",to a degree,mistralai/Mistral-7B-Instruct-v0.3,"[0.6, 0.7, 0.6]",3,0.6333333333333333
The report is not accurate for the most part.,for the most part,mistralai/Mistral-7B-Instruct-v0.3,"[0.8, 0.7, 0.7, 0.75, 0.7, 0.7, 0.6, 0.7, 0.7, 0.7, 0.7, 0.75, 0.8, 0.7, 0.7, 0.7, 0.7, 0.7]",18,0.711111111111111
for the most part the report is not accurate.,for the most part,mistralai/Mistral-7B-Instruct-v0.3,"[0.75, 0.7, 0.8]",3,0.75
"For the most part, the report is not accurate.",for the most part,mistralai/Mistral-7B-Instruct-v0.3,"[0.8, 0.75, 0.8, 0.8, 0.85, 0.8, 0.8, 0.8, 0.8, 0.7, 0.8, 0.75, 0.8, 0.65, 0.75, 0.85, 0.7, 0.8, 0.75, 0.8, 0.8, 0.8, 0.85, 0.8, 0.7, 0.75, 0.7]",27,0.7759259259259259
"The report is not accurate, for the most part.",for the most part,mistralai/Mistral-7B-Instruct-v0.3,"[0.7, 0.7, 0.75]",3,0.7166666666666667
The report is for the most part accurate.,for the most part,mistralai/Mistral-7B-Instruct-v0.3,"[0.8, 0.85, 0.7]",3,0.7833333333333333
The report is for the most part not accurate.,for the most part,mistralai/Mistral-7B-Instruct-v0.3,"[0.7, 0.7, 0.7]",3,0.6999999999999998
"The report is, for the most part, not accurate.",for the most part,mistralai/Mistral-7B-Instruct-v0.3,"[0.8, 0.8, 0.6]",3,0.7333333333333334
"By and large, the movie is good.",by and large,mistralai/Mistral-7B-Instruct-v0.3,"[0.85, 0.85, 0.75, 0.8, 0.7, 0.8, 0.8, 0.85, 0.8, 0.8, 0.8, 0.7, 0.8, 0.9, 0.7, 0.85, 0.85, 0.9, 0.8, 0.8, 0.75, 0.8, 0.8, 0.75, 0.75, 0.8, 0.75, 0.7, 0.8, 0.8, 0.8, 0.7, 0.8, 0.8, 0.85, 0.7, 0.85, 0.8, 0.75, 0.8, 0.8, 0.8, 0.85, 0.8, 0.7, 0.8, 0.8, 0.8, 0.8, 0.8, 0.8, 0.8, 0.8, 0.8]",54,0.7925925925925926
By and large the movie is good.,by and large,mistralai/Mistral-7B-Instruct-v0.3,"[0.8, 0.7, 0.8]",3,0.7666666666666666
The movie is good by and large.,by and large,mistralai/Mistral-7B-Instruct-v0.3,"[0.7, 0.8, 0.8]",3,0.7666666666666666
On the whole the new policy improves the economy.,on the whole,mistralai/Mistral-7B-Instruct-v0.3,"[0.8, 0.8, 0.85, 0.9, 0.95, 0.75]",6,0.8416666666666667
"On the whole, the new policy improves the economy.",on the whole,mistralai/Mistral-7B-Instruct-v0.3,"[0.8, 0.85, 0.8, 0.8, 0.85, 0.9, 0.8, 0.85, 0.8, 0.85, 0.8, 0.8, 0.8, 0.85, 0.8, 0.8, 0.8, 0.85, 0.8, 0.7, 0.8, 0.8, 0.85, 0.8, 0.7, 0.8, 0.85, 0.85, 0.8, 0.85, 0.8, 0.85, 0.8, 0.8, 0.9, 0.85, 0.9, 0.85, 0.85, 0.85, 0.9, 0.85, 0.85, 0.8, 0.8, 0.8, 0.8, 0.8, 0.8, 0.7, 0.8, 0.9, 0.9, 0.8]",54,0.8212962962962963
In general the new policy improves the economy.,in general,mistralai/Mistral-7B-Instruct-v0.3,"[0.85, 0.85, 0.8]",3,0.8333333333333334
"In general, the new policy improves the economy.",in general,mistralai/Mistral-7B-Instruct-v0.3,"[0.8, 0.8, 0.8, 0.8, 0.8, 0.7, 0.85, 0.85, 0.8, 0.8, 0.8, 0.8, 0.8, 0.85, 0.85, 0.75, 0.85, 0.8, 0.8, 0.8, 0.75, 0.8, 0.75, 0.85, 0.8, 0.8, 0.75, 0.9, 0.75, 0.85, 0.8, 0.9, 0.8, 0.75, 0.8, 0.7, 0.7, 0.8, 0.8, 0.8, 0.8, 0.8, 0.8, 0.8, 0.8, 0.85, 0.85, 0.85]",48,0.8020833333333334
The new policy improves the economy in general.,in general,mistralai/Mistral-7B-Instruct-v0.3,"[0.8, 0.7, 0.7, 0.8, 0.85, 0.8]",6,0.775
A new policy generally improves the economy.,in general,mistralai/Mistral-7B-Instruct-v0.3,"[0.8, 0.7, 0.7]",3,0.7333333333333334
"Broadly speaking, the book is informative.",broadly speaking,mistralai/Mistral-7B-Instruct-v0.3,"[0.8, 0.8, 0.75, 0.8, 0.7, 0.8, 0.8, 0.75, 0.8, 0.8, 0.7, 0.75, 0.7, 0.75, 0.8, 0.8, 0.7, 0.8, 0.75, 0.8, 0.7, 0.7, 0.7, 0.65, 0.75, 0.8, 0.7, 0.8, 0.8, 0.8, 0.75, 0.8, 0.8, 0.8, 0.8, 0.75, 0.8, 0.8, 0.8, 0.7, 0.85, 0.85, 0.8, 0.75, 0.75, 0.8, 0.7, 0.75, 0.8, 0.8, 0.85, 0.8, 0.8, 0.75, 0.7, 0.8, 0.8, 0.8, 0.8, 0.8]",60,0.7716666666666667
"Generally speaking, the restaurant serves delicious food.",generally speaking,mistralai/Mistral-7B-Instruct-v0.3,"[0.9, 0.9, 0.95, 0.95, 0.95, 0.95, 0.9, 0.9, 0.85, 0.85, 0.9, 0.95, 0.85, 0.85, 0.9, 0.85, 0.95, 0.95, 0.95, 0.8, 0.85, 0.85, 0.9, 0.8, 0.95, 0.9, 0.9, 0.9, 0.95, 0.85, 0.8, 0.9, 0.85, 0.85, 0.95, 0.9, 0.9, 0.8, 0.85, 0.85, 0.9, 0.85, 0.95, 0.9, 0.95, 0.85, 0.9, 0.85]",48,0.8895833333333334
"generally speaking, the restaurant serves delicious food.",generally speaking,mistralai/Mistral-7B-Instruct-v0.3,"[0.85, 0.85, 0.85, 0.85, 0.75, 0.85]",6,0.8333333333333334
"Generally speaking, the city has excellent public transportation.",generally speaking,mistralai/Mistral-7B-Instruct-v0.3,"[0.85, 0.8, 0.9]",3,0.85
"generally speaking, the restaurant serves delicious food",generally speaking,mistralai/Mistral-7B-Instruct-v0.3,"[0.8, 0.85, 0.8]",3,0.8166666666666668
"Loosely speaking, the restaurant serves delicious food.",loosely speaking,mistralai/Mistral-7B-Instruct-v0.3,"[0.7, 0.8, 0.7, 0.75, 0.7, 0.7, 0.7, 0.8, 0.7, 0.8, 0.75, 0.7, 0.7, 0.6, 0.7, 0.7, 0.7, 0.7, 0.7, 0.7, 0.7, 0.7, 0.75, 0.7, 0.7, 0.7, 0.7, 0.7, 0.7, 0.7, 0.7, 0.75, 0.7, 0.7, 0.7, 0.7, 0.7, 0.7, 0.8, 0.8, 0.6, 0.7]",42,0.7119047619047618
"loosely speaking, the restaurant serves delicious food.",loosely speaking,mistralai/Mistral-7B-Instruct-v0.3,"[0.7, 0.6, 0.75, 0.6, 0.7, 0.7, 0.6, 0.7, 0.7]",9,0.6722222222222222
"The restaurant serves delicious food, loosely speaking.",loosely speaking,mistralai/Mistral-7B-Instruct-v0.3,"[0.7, 0.6, 0.6, 0.6, 0.7, 0.6]",6,0.6333333333333333
"loosely speaking, the restaurant serves delicious food",loosely speaking,mistralai/Mistral-7B-Instruct-v0.3,"[0.75, 0.7, 0.6]",3,0.6833333333333332
"As a rule, the city is the oldest in the country.",as a rule,mistralai/Mistral-7B-Instruct-v0.3,"[0.95, 0.95, 0.95, 0.95, 0.95, 0.85, 0.95, 0.8, 0.95, 0.95, 0.85, 0.95, 0.9, 0.95, 0.95, 0.95, 0.95, 0.95, 0.85, 0.95, 0.95, 0.95, 0.95, 0.95, 0.95, 0.95, 0.85, 0.95, 0.95, 0.95, 0.9, 0.85, 0.95, 0.95, 0.9, 1.0, 0.95, 0.95, 0.95, 0.95, 0.9, 0.8, 0.95, 0.9, 0.95, 0.95, 0.85, 1.0]",48,0.928125
As a rule the city is the oldest in the country.,as a rule,mistralai/Mistral-7B-Instruct-v0.3,"[0.9, 0.85, 0.95, 0.95, 0.85, 0.95]",6,0.9083333333333333
"The city is, as a rule, the oldest in the country.",as a rule,mistralai/Mistral-7B-Instruct-v0.3,"[0.95, 0.9, 0.9, 0.95, 0.95, 0.95]",6,0.9333333333333332
The report is typically not accurate.,typically,mistralai/Mistral-7B-Instruct-v0.3,"[0.9, 0.85, 0.7, 0.8, 0.85, 0.7, 0.7, 0.8, 0.8, 0.9, 0.9, 0.8, 0.8, 0.9, 0.7, 0.8, 0.85, 0.7, 0.8, 0.8, 0.6, 0.85, 0.8, 0.85, 0.8, 0.9, 0.9, 0.6, 0.85, 0.8, 0.8, 0.6, 0.85, 0.8, 0.75, 0.8, 0.8, 0.8, 0.8]",39,0.7948717948717948
"Typically, the report is not accurate.",typically,mistralai/Mistral-7B-Instruct-v0.3,"[0.9, 0.85, 0.85, 0.85, 0.85, 0.9, 0.8, 0.8, 0.7, 0.8, 0.7, 0.85, 0.9, 0.85, 0.8]",15,0.8266666666666667
Typically the report is not accurate.,typically,mistralai/Mistral-7B-Instruct-v0.3,"[0.8, 0.85, 0.7]",3,0.7833333333333333
The report typically is not accurate.,typically,mistralai/Mistral-7B-Instruct-v0.3,"[0.6, 0.7, 0.7]",3,0.6666666666666666
Usually the neighbor is home.,usually,mistralai/Mistral-7B-Instruct-v0.3,"[0.8, 0.9, 0.85, 0.85, 0.8, 0.7]",6,0.8166666666666668
The neighbor is usually home.,usually,mistralai/Mistral-7B-Instruct-v0.3,"[0.9, 0.9, 0.85, 0.8, 0.9, 0.8, 0.8, 0.85, 0.8, 0.8, 0.8, 0.8, 0.7, 0.85, 0.8, 0.85, 0.85, 0.85, 0.85, 0.85, 0.85, 0.85, 0.8, 0.75, 0.8, 0.85, 0.85, 0.9, 0.8, 0.75, 0.8, 0.8, 0.85, 0.85, 0.8, 0.85, 0.8, 0.8, 0.9, 0.85, 0.8, 0.85, 0.75, 0.85, 0.85, 0.85, 0.85, 0.75, 0.8, 0.85, 0.8, 0.85, 0.8, 0.8]",54,0.825
The restaurant normally serves delicious food.,normally,mistralai/Mistral-7B-Instruct-v0.3,"[0.85, 0.95, 0.95, 0.85, 0.95, 0.95, 0.9, 0.9, 0.95, 0.85, 0.95, 0.9, 0.85, 0.9, 0.85, 0.9, 0.9, 0.9, 0.85, 0.85, 0.8, 0.95, 0.95, 0.95, 0.95, 0.95, 0.9, 0.85, 0.95, 0.85, 0.95, 0.9, 0.9, 0.8, 0.8, 0.85, 0.95, 0.85, 0.95, 0.85, 0.85, 0.95]",42,0.8964285714285714
Normally the restaurant serves delicious food.,normally,mistralai/Mistral-7B-Instruct-v0.3,"[0.8, 0.7, 0.9, 0.8, 0.85, 0.85]",6,0.8166666666666668
"Normally, the restaurant serves delicious food.",normally,mistralai/Mistral-7B-Instruct-v0.3,"[0.8, 0.85, 0.9, 0.85, 0.85, 0.95, 0.85, 0.85, 0.7]",9,0.8444444444444444
The restaurant serves food that is normally delicious.,normally,mistralai/Mistral-7B-Instruct-v0.3,"[0.8, 0.8, 0.8]",3,0.8000000000000002
The restaurant ordinarily serves delicious food.,ordinarily,mistralai/Mistral-7B-Instruct-v0.3,"[0.8, 0.9, 0.85, 0.8, 0.8, 0.8]",6,0.8250000000000001
"Ordinarily, the restaurant serves delicious food.",ordinarily,mistralai/Mistral-7B-Instruct-v0.3,"[0.7, 0.85, 0.8, 0.85, 0.8, 0.7, 0.7, 0.8, 0.8, 0.7, 0.7, 0.7, 0.8, 0.7, 0.8, 0.7, 0.7, 0.7, 0.8, 0.8, 0.8, 0.85, 0.8, 0.8, 0.8, 0.8, 0.7, 0.7, 0.8, 0.7, 0.7, 0.8, 0.85, 0.8, 0.85, 0.85, 0.8, 0.85, 0.8, 0.7, 0.7, 0.8]",42,0.7702380952380953
Ordinarily the restaurant serves delicious food.,ordinarily,mistralai/Mistral-7B-Instruct-v0.3,"[0.8, 0.8, 0.8, 0.7, 0.8, 0.8, 0.8, 0.6, 0.85, 0.7, 0.8, 0.7]",12,0.7625000000000001
"In most cases, the neighbor is home.",in most cases,mistralai/Mistral-7B-Instruct-v0.3,"[0.9, 0.85, 0.8, 0.85, 0.8, 0.85, 0.85, 0.85, 0.85, 0.95, 0.9, 0.9, 0.85, 0.85, 0.85, 0.8, 0.85, 0.85, 0.8, 0.8, 0.85, 0.85, 0.85, 0.8, 0.85, 0.95, 0.85, 0.85, 0.85, 0.8, 0.9, 0.85, 0.85, 0.95, 0.9, 0.85, 0.85, 0.85, 0.85, 0.85, 0.9, 0.9, 0.85, 0.85, 0.8]",45,0.8555555555555555
In most cases the neighbor is home.,in most cases,mistralai/Mistral-7B-Instruct-v0.3,"[0.85, 0.95, 0.85, 0.9, 0.9, 0.85]",6,0.8833333333333333
in most cases the neighbor is home.,in most cases,mistralai/Mistral-7B-Instruct-v0.3,"[0.9, 0.85, 0.9]",3,0.8833333333333333
The neighbor is home in most cases.,in most cases,mistralai/Mistral-7B-Instruct-v0.3,"[0.8, 0.85, 0.8, 0.8, 0.8, 0.85]",6,0.8166666666666668
"More often than not, the book is informative.",more often than not,mistralai/Mistral-7B-Instruct-v0.3,"[0.75, 0.7, 0.75, 0.7, 0.8, 0.7, 0.7, 0.7, 0.7, 0.7, 0.7, 0.8, 0.75, 0.8, 0.7, 0.7, 0.75, 0.8, 0.7, 0.8, 0.8, 0.8, 0.7, 0.75, 0.7, 0.75, 0.75]",27,0.7388888888888888
The book is often informative.,more often than not,mistralai/Mistral-7B-Instruct-v0.3,"[0.7, 0.8, 0.8]",3,0.7666666666666666
The book is more often than not informative.,more often than not,mistralai/Mistral-7B-Instruct-v0.3,"[0.7, 0.8, 0.7, 0.8, 0.7, 0.7, 0.7, 0.65, 0.65, 0.7, 0.7, 0.7, 0.7, 0.7, 0.7]",15,0.7066666666666667
"The book is, more often than not, informative.",more often than not,mistralai/Mistral-7B-Instruct-v0.3,"[0.7, 0.75, 0.7]",3,0.7166666666666667
"The book is informative, more often than not.",more often than not,mistralai/Mistral-7B-Instruct-v0.3,"[0.7, 0.7, 0.7, 0.7, 0.7, 0.7, 0.7, 0.7, 0.7]",9,0.7
The book is informative more often than not.,more often than not,mistralai/Mistral-7B-Instruct-v0.3,"[0.7, 0.7, 0.8]",3,0.7333333333333334
It is suggested that the new policy improves the economy.,it is suggested that,mistralai/Mistral-7B-Instruct-v0.3,"[0.7, 0.7, 0.7, 0.6, 0.7, 0.7, 0.7, 0.7, 0.7, 0.7, 0.7, 0.7, 0.75, 0.6, 0.7, 0.6, 0.75, 0.75, 0.7, 0.7, 0.7, 0.7, 0.7, 0.6, 0.7, 0.7, 0.75, 0.6, 0.7, 0.8, 0.6, 0.6, 0.6, 0.7, 0.7, 0.6, 0.7, 0.7, 0.7, 0.7, 0.7, 0.7, 0.6, 0.6, 0.6, 0.6, 0.7, 0.6, 0.7, 0.7, 0.7, 0.6, 0.6, 0.7, 0.7, 0.7, 0.7, 0.6, 0.6, 0.7]",60,0.675
It has been argued that the report is not accurate.,it has been argued that,mistralai/Mistral-7B-Instruct-v0.3,"[0.7, 0.6, 0.75, 0.5, 0.7, 0.6, 0.7, 0.6, 0.6, 0.6, 0.75, 0.7, 0.75, 0.6, 0.75, 0.7, 0.7, 0.6, 0.6, 0.6, 0.7, 0.6, 0.7, 0.7, 0.7, 0.7, 0.7, 0.7, 0.7, 0.75, 0.7, 0.6, 0.7, 0.7, 0.7, 0.7, 0.6, 0.8, 0.7, 0.8, 0.7, 0.7, 0.7, 0.7, 0.6, 0.7, 0.6, 0.8, 0.7, 0.8, 0.7, 0.7, 0.6, 0.8, 0.6, 0.7, 0.7, 0.7, 0.7, 0.6]",60,0.6808333333333334
It could be argued that the report is not accurate.,it could be argued that,mistralai/Mistral-7B-Instruct-v0.3,"[0.6, 0.6, 0.6, 0.5, 0.5, 0.6, 0.6, 0.6, 0.7, 0.7, 0.6, 0.5, 0.6, 0.6, 0.6, 0.6, 0.6, 0.5, 0.6, 0.5, 0.7, 0.6, 0.6, 0.6, 0.5, 0.6, 0.7, 0.5, 0.7, 0.6, 0.6, 0.5, 0.6, 0.6, 0.5, 0.7, 0.6, 0.7, 0.6, 0.6, 0.6, 0.7, 0.5, 0.6, 0.6, 0.5, 0.5, 0.7, 0.6, 0.5, 0.7, 0.5, 0.6, 0.6, 0.6, 0.6, 0.6]",57,0.5929824561403508
it could be argued that the report is not accurate.,it could be argued that,mistralai/Mistral-7B-Instruct-v0.3,"[0.5, 0.5, 0.6]",3,0.5333333333333333
It is worth noting that the medication is effective in treating the disease.,it is worth noting that,mistralai/Mistral-7B-Instruct-v0.3,"[0.85, 0.9, 0.85, 0.9, 0.85, 0.9, 0.9, 0.8, 0.8, 0.95, 0.8, 0.85, 0.85, 0.9, 0.8, 0.9, 0.85, 0.85, 0.9, 0.8, 0.85, 0.95, 0.9, 0.85, 0.85, 0.85, 0.95, 0.85, 0.9, 0.9, 0.85, 0.95, 0.8, 0.8, 0.95, 0.9, 0.95, 0.9, 0.85, 0.8, 0.85, 0.85, 0.95, 0.85, 0.85, 0.9, 0.8, 0.85, 0.85, 0.9, 0.85, 0.85, 0.85, 0.8, 0.9, 0.85, 0.95, 0.85, 0.95, 0.85]",60,0.8691666666666666
It should be noted that the city is the oldest in the country.,it should be noted that,mistralai/Mistral-7B-Instruct-v0.3,"[0.9, 0.95, 1.0, 1.0, 1.0, 0.95, 0.9, 0.98, 0.95, 0.95, 0.95, 0.95, 0.95, 0.95, 0.95, 0.95, 0.95, 0.95, 0.95, 1.0, 0.95, 0.95, 0.95, 1.0, 1.0, 0.95, 0.95, 0.95, 0.95, 1.0, 0.95, 1.0, 0.95, 0.9, 0.95, 0.95, 0.95, 1.0, 0.95, 0.95, 0.85, 0.95, 0.95, 0.95, 1.0, 0.85, 0.95, 0.95, 0.95, 1.0, 0.95, 0.95, 0.95, 0.95, 0.95, 0.9, 0.98, 0.95, 0.95, 0.95]",60,0.9535
It is important to note that the experiment shows a significant effect.,it is important to note that,mistralai/Mistral-7B-Instruct-v0.3,"[0.95, 0.95, 0.95, 0.95, 0.95, 0.95, 0.95, 0.95, 0.95, 0.95, 0.95, 0.95, 0.95, 0.95, 0.95, 0.95, 0.95, 0.95, 0.95, 0.95, 0.95, 0.95, 0.95, 0.95, 0.95, 0.95, 0.95, 0.95, 0.95, 0.95, 0.95, 0.95, 0.95, 0.95, 0.9, 0.95, 0.95, 0.95, 0.95, 0.95, 0.95, 0.95, 0.95, 0.95, 0.95, 0.95, 0.95, 0.95, 0.95, 0.95, 0.95, 0.95, 0.95, 0.95, 0.95, 0.95, 0.95, 0.95, 0.95, 0.95]",60,0.9491666666666666
It is reasonable to assume that the book is informative.,it is reasonable to assume that,mistralai/Mistral-7B-Instruct-v0.3,"[0.8, 0.85, 0.8, 0.85, 0.8, 0.8, 0.85, 0.8, 0.9, 0.8, 0.8, 0.8, 0.9, 0.8, 0.8, 0.8, 0.85, 0.8, 0.75, 0.8, 0.85, 0.8, 0.8, 0.85, 0.8, 0.8, 0.8, 0.85, 0.75, 0.8, 0.8, 0.8, 0.8, 0.8, 0.7, 0.8, 0.8, 0.8, 0.8, 0.8, 0.8, 0.85, 0.8, 0.85, 0.85, 0.8, 0.75, 0.85, 0.85, 0.85, 0.85, 0.8, 0.8, 0.9, 0.85, 0.8, 0.8, 0.85, 0.8, 0.85]",60,0.815
There is reason to believe that the new policy improves the economy.,there is reason to believe that,mistralai/Mistral-7B-Instruct-v0.3,"[0.8, 0.7, 0.75, 0.7, 0.8, 0.7, 0.8, 0.75, 0.75, 0.7, 0.75, 0.75, 0.7, 0.7, 0.75, 0.75, 0.7, 0.7, 0.75, 0.7, 0.7, 0.8, 0.7, 0.7, 0.7, 0.75, 0.7, 0.75, 0.7, 0.7, 0.7, 0.6, 0.7, 0.7, 0.7, 0.8, 0.7, 0.7, 0.7, 0.7, 0.7, 0.7, 0.7, 0.7, 0.8, 0.75, 0.7, 0.75, 0.7, 0.75, 0.7, 0.8, 0.7, 0.75, 0.7, 0.7, 0.7, 0.7, 0.75, 0.7]",60,0.7225
Preliminary findings suggest the restaurant serves delicious food.,preliminary findings suggest,mistralai/Mistral-7B-Instruct-v0.3,"[0.7, 0.7, 0.7, 0.7, 0.7, 0.7, 0.8, 0.8, 0.8, 0.7, 0.7, 0.8, 0.7, 0.8, 0.7, 0.8, 0.7, 0.7, 0.75, 0.8, 0.8, 0.7, 0.8, 0.8, 0.75, 0.75, 0.7, 0.7, 0.7, 0.7, 0.8, 0.7, 0.7, 0.75, 0.75, 0.8, 0.8, 0.8, 0.8, 0.7, 0.7, 0.7, 0.7, 0.7, 0.75, 0.7, 0.8, 0.7, 0.75, 0.7, 0.8]",51,0.7401960784313726
preliminary findings suggest the restaurant serves delicious food.,preliminary findings suggest,mistralai/Mistral-7B-Instruct-v0.3,"[0.7, 0.75, 0.7]",3,0.7166666666666667
Premature findings suggest that the restaurant serves delicious food.,preliminary findings suggest,mistralai/Mistral-7B-Instruct-v0.3,"[0.7, 0.75, 0.6]",3,0.6833333333333332
Preliminary findings suggest that the restaurant serves delicious food.,preliminary findings suggest,mistralai/Mistral-7B-Instruct-v0.3,"[0.8, 0.9, 0.8]",3,0.8333333333333334
Available evidence points to the neighbor being home.,available evidence points to,mistralai/Mistral-7B-Instruct-v0.3,"[0.85, 0.9, 0.9, 0.85, 0.85, 0.85, 0.85, 0.95, 0.85, 0.85, 0.95, 0.8, 0.85, 0.85, 0.9, 0.9, 0.95, 0.8, 0.9, 0.9, 0.9, 0.8, 0.95, 0.85, 0.8, 0.8, 0.95, 0.85, 0.8, 0.85, 0.85, 0.85, 0.85, 0.85, 0.95, 0.85, 0.9, 0.85, 0.85, 0.9, 0.85, 0.9, 0.9, 0.85, 0.85, 0.85, 0.9, 0.85, 0.95, 0.85, 0.85]",51,0.8696078431372549
available evidence points to the neighbor being home.,available evidence points to,mistralai/Mistral-7B-Instruct-v0.3,"[0.85, 0.85, 0.8, 0.85, 0.85, 0.85]",6,0.8416666666666667
Available evidence points to the neighbor being at home.,available evidence points to,mistralai/Mistral-7B-Instruct-v0.3,"[0.85, 0.85, 0.85]",3,0.85
It is widely believed that the movie is good.,it is widely believed that,mistralai/Mistral-7B-Instruct-v0.3,"[0.7, 0.8, 0.8, 0.85, 0.75, 0.8, 0.8, 0.75, 0.8, 0.8, 0.75, 0.7, 0.75, 0.7, 0.8, 0.7, 0.75, 0.8, 0.85, 0.9, 0.75, 0.8, 0.7, 0.85, 0.8, 0.7, 0.75, 0.85, 0.7, 0.8, 0.7, 0.85, 0.85, 0.85, 0.8, 0.8, 0.7, 0.7, 0.7, 0.7, 0.7, 0.8, 0.8, 0.7, 0.8, 0.85, 0.7, 0.75, 0.75, 0.8, 0.8, 0.8, 0.7, 0.8, 0.7, 0.7, 0.7, 0.75, 0.85, 0.7]",60,0.7675
It is generally accepted that there is a correlation between X and Y.,it is generally accepted that,mistralai/Mistral-7B-Instruct-v0.3,"[0.95, 0.95, 0.9, 0.85, 0.95, 0.95, 0.95, 0.9, 0.95, 0.95, 0.95, 0.95, 0.95, 0.85, 0.95, 0.95, 0.95, 0.95, 0.8, 0.9, 0.85, 0.95, 0.85, 0.95, 0.95, 0.95, 0.95, 0.95, 0.95, 0.85, 0.95, 0.9, 0.9, 0.95, 0.95, 0.9, 0.95, 0.95, 0.95, 0.9, 0.95, 0.9, 0.85, 0.95, 0.9, 0.9, 0.85, 0.85]",48,0.9197916666666667
it is generally accepted that there is a correlation between X and Y.,it is generally accepted that,mistralai/Mistral-7B-Instruct-v0.3,"[0.85, 0.85, 0.85, 0.9, 0.85, 0.85, 0.8, 0.9, 0.85, 0.9, 0.95, 0.85]",12,0.8666666666666667
It remains unclear whether the new product is successful in the market.,it remains unclear whether,mistralai/Mistral-7B-Instruct-v0.3,"[0.6, 0.5, 0.5, 0.5, 0.5, 0.5, 0.5, 0.5, 0.5, 0.5, 0.5, 0.6, 0.6, 0.6, 0.6, 0.6, 0.5, 0.5, 0.5, 0.5, 0.6, 0.5, 0.5, 0.6, 0.5, 0.6, 0.6, 0.6, 0.5, 0.5, 0.7, 0.6, 0.7, 0.5, 0.7, 0.5, 0.6, 0.5, 0.5, 0.6, 0.6, 0.5, 0.6, 0.6, 0.5, 0.5, 0.6, 0.6, 0.7, 0.5, 0.6, 0.6, 0.6, 0.5, 0.6, 0.6, 0.6, 0.5, 0.5, 0.5]",60,0.5549999999999999
Further research is needed to determine whether it rains tomorrow.,further research is needed,mistralai/Mistral-7B-Instruct-v0.3,"[0.3, 0.3, 0.3, 0.3, 0.3, 0.3, 0.2, 0.3, 0.3, 0.3, 0.3, 0.3]",12,0.2916666666666667
"It rains tomorrow, further research is needed.",further research is needed,mistralai/Mistral-7B-Instruct-v0.3,"[0.3, 0.3, 0.1, 0.1, 0.2, 0.5, 0.3, 0.3, 0.2, 0.1, 0.2, 0.5, 0.2, 0.3, 0.3, 0.3, 0.2]",17,0.25882352941176473
Further research is needed to determine if it rains tomorrow.,further research is needed,mistralai/Mistral-7B-Instruct-v0.3,"[0.3, 0.3, 0.3, 0.3, 0.3, 0.3, 0.3, 0.5, 0.3, 0.3, 0.3, 0.3]",12,0.31666666666666665
Further research is needed to confirm whether it rains tomorrow.,further research is needed,mistralai/Mistral-7B-Instruct-v0.3,"[0.3, 0.3, 0.3]",3,0.3
"It may rain tomorrow, further research is needed.",further research is needed,mistralai/Mistral-7B-Instruct-v0.3,"[0.6, 0.5, 0.5]",3,0.5333333333333333
"Further research is needed, it rains tomorrow.",further research is needed,mistralai/Mistral-7B-Instruct-v0.3,"[0.2, 0.5, 0.2]",3,0.3
Further research is needed; it rains tomorrow.,further research is needed,mistralai/Mistral-7B-Instruct-v0.3,"[0.3, 0.2, 0.3, 0.2, 0.3, 0.2]",6,0.25
Further research is needed to confirm it rains tomorrow.,further research is needed,mistralai/Mistral-7B-Instruct-v0.3,"[0.3, 0.3, 0.5]",3,0.3666666666666667
"Under certain conditions, the restaurant serves delicious food.",under certain conditions,mistralai/Mistral-7B-Instruct-v0.3,"[0.75, 0.7, 0.7, 0.7, 0.6, 0.6, 0.7, 0.7, 0.75, 0.7, 0.7, 0.8, 0.7, 0.7, 0.7, 0.8, 0.75, 0.8, 0.8, 0.7, 0.7, 0.75, 0.7, 0.7, 0.7, 0.75, 0.75, 0.7, 0.75, 0.7, 0.7, 0.6, 0.7, 0.75, 0.7, 0.7]",36,0.7138888888888889
"under certain conditions, the restaurant serves delicious food.",under certain conditions,mistralai/Mistral-7B-Instruct-v0.3,"[0.7, 0.7, 0.7]",3,0.6999999999999998
The restaurant serves delicious food under certain conditions.,under certain conditions,mistralai/Mistral-7B-Instruct-v0.3,"[0.7, 0.8, 0.7, 0.7, 0.7, 0.75, 0.7, 0.7, 0.7, 0.7, 0.7, 0.7, 0.6, 0.75, 0.7, 0.7, 0.7, 0.7]",18,0.7055555555555555
Under certain conditions the restaurant serves delicious food.,under certain conditions,mistralai/Mistral-7B-Instruct-v0.3,"[0.75, 0.7, 0.7]",3,0.7166666666666667
The movie is good depending on personal taste.,depending on,mistralai/Mistral-7B-Instruct-v0.3,"[0.5, 0.7, 0.6]",3,0.6
The movie is good depending on.,depending on,mistralai/Mistral-7B-Instruct-v0.3,"[0.5, 0.6, 0.5, 0.3, 0.5, 0.5, 0.4, 0.5, 0.5]",9,0.47777777777777775
The movie is good depending on which aspects you prioritize.,depending on,mistralai/Mistral-7B-Instruct-v0.3,"[0.6, 0.7, 0.6]",3,0.6333333333333333
"Depending on personal preference, the movie is good.",depending on,mistralai/Mistral-7B-Instruct-v0.3,"[0.7, 0.6, 0.7]",3,0.6666666666666666
The movie is good depending on your personal taste.,depending on,mistralai/Mistral-7B-Instruct-v0.3,"[0.7, 0.5, 0.7]",3,0.6333333333333333
The movie is good depending on one's perspective.,depending on,mistralai/Mistral-7B-Instruct-v0.3,"[0.6, 0.7, 0.5]",3,0.6
"Depending on the movie, it is good.",depending on,mistralai/Mistral-7B-Instruct-v0.3,"[0.7, 0.75, 0.6]",3,0.6833333333333332
"Depending on the viewer, the movie is good.",depending on,mistralai/Mistral-7B-Instruct-v0.3,"[0.6, 0.75, 0.5, 0.75, 0.5, 0.7]",6,0.6333333333333333
The movie is good depending on how you experience it.,depending on,mistralai/Mistral-7B-Instruct-v0.3,"[0.6, 0.7, 0.75]",3,0.6833333333333332
"The movie is good, depending on your taste.",depending on,mistralai/Mistral-7B-Instruct-v0.3,"[0.75, 0.7, 0.75]",3,0.7333333333333334
The movie is good depending on the viewer.,depending on,mistralai/Mistral-7B-Instruct-v0.3,"[0.5, 0.6, 0.6, 0.5, 0.5, 0.6]",6,0.5499999999999999
"Depending on the audience, the movie is good.",depending on,mistralai/Mistral-7B-Instruct-v0.3,"[0.6, 0.7, 0.5]",3,0.6
The movie is good depending on preferences.,depending on,mistralai/Mistral-7B-Instruct-v0.3,"[0.5, 0.5, 0.6]",3,0.5333333333333333
"The movie is good, depending on what you like.",depending on,mistralai/Mistral-7B-Instruct-v0.3,"[0.7, 0.7, 0.7]",3,0.6999999999999998
"The movie is good, depending on.",depending on,mistralai/Mistral-7B-Instruct-v0.3,"[0.7, 0.5, 0.6]",3,0.6
The movie is good depending on the viewer's taste.,depending on,mistralai/Mistral-7B-Instruct-v0.3,"[0.6, 0.6, 0.6]",3,0.6
The movie is subject to being good.,subject to,mistralai/Mistral-7B-Instruct-v0.3,"[0.6, 0.5, 0.5, 0.6, 0.4, 0.5, 0.6, 0.7, 0.3, 0.5, 0.5, 0.4, 0.5, 0.6, 0.5]",15,0.5133333333333333
The movie is good subject to your particular taste.,subject to,mistralai/Mistral-7B-Instruct-v0.3,"[0.7, 0.6, 0.7]",3,0.6666666666666666
The movie is subject to good.,subject to,mistralai/Mistral-7B-Instruct-v0.3,"[0.5, 0.2, 0.2]",3,0.3
"The movie is good, subject to.",subject to,mistralai/Mistral-7B-Instruct-v0.3,"[0.75, 0.7, 0.75]",3,0.7333333333333334
"The movie is good, subject to taste.",subject to,mistralai/Mistral-7B-Instruct-v0.3,"[0.75, 0.75, 0.8]",3,0.7666666666666666
The movie is subject to going well.,subject to,mistralai/Mistral-7B-Instruct-v0.3,"[0.5, 0.4, 0.6]",3,0.5
The movie is good subject to.,subject to,mistralai/Mistral-7B-Instruct-v0.3,"[0.5, 0.5, 0.5]",3,0.5
The movie is good subject to its genre.,subject to,mistralai/Mistral-7B-Instruct-v0.3,"[0.75, 0.8, 0.8]",3,0.7833333333333333
The movie is good subject to personal preference.,subject to,mistralai/Mistral-7B-Instruct-v0.3,"[0.75, 0.8, 0.7, 0.6, 0.8, 0.7, 0.7, 0.7, 0.75]",9,0.7222222222222222
"The movie is good, subject to its cinematic style.",subject to,mistralai/Mistral-7B-Instruct-v0.3,"[0.8, 0.75, 0.8]",3,0.7833333333333333
The movie is good subject to individual preferences.,subject to,mistralai/Mistral-7B-Instruct-v0.3,"[0.75, 0.8, 0.7]",3,0.75
"Subject to opinions, the movie is good.",subject to,mistralai/Mistral-7B-Instruct-v0.3,"[0.7, 0.7, 0.7]",3,0.6999999999999998
"The movie is good, subject to viewer preference.",subject to,mistralai/Mistral-7B-Instruct-v0.3,"[0.8, 0.8, 0.8]",3,0.8000000000000002
"The movie is good, subject to individual preferences.",subject to,mistralai/Mistral-7B-Instruct-v0.3,"[0.8, 0.7, 0.8]",3,0.7666666666666666
The medication is effective contingent upon the patient's specific health profile.,contingent upon,mistralai/Mistral-7B-Instruct-v0.3,"[0.8, 0.8, 0.7]",3,0.7666666666666666
The medication's effectiveness in treating the disease is contingent upon individual patient factors.,contingent upon,mistralai/Mistral-7B-Instruct-v0.3,"[0.8, 0.8, 0.7]",3,0.7666666666666666
"The medication is effective in treating the disease, contingent upon patient adherence.",contingent upon,mistralai/Mistral-7B-Instruct-v0.3,"[0.85, 0.8, 0.85, 0.8, 0.9, 0.95, 0.9, 0.85, 0.9, 0.85, 0.85, 0.9]",12,0.8666666666666667
The medication’s effectiveness in treating the disease is contingent upon patient-specific factors.,contingent upon,mistralai/Mistral-7B-Instruct-v0.3,"[0.8, 0.8, 0.75]",3,0.7833333333333333
The medication is effective in treating the disease contingent upon proper administration.,contingent upon,mistralai/Mistral-7B-Instruct-v0.3,"[0.9, 0.95, 0.95]",3,0.9333333333333332
"The medication is effective in treating the disease, contingent upon patient compliance.",contingent upon,mistralai/Mistral-7B-Instruct-v0.3,"[0.8, 0.85, 0.8]",3,0.8166666666666668
The medication is effective in treating the disease contingent upon.,contingent upon,mistralai/Mistral-7B-Instruct-v0.3,"[0.8, 0.7, 0.8]",3,0.7666666666666666
The medication is effective in treating the disease contingent upon individual patient response.,contingent upon,mistralai/Mistral-7B-Instruct-v0.3,"[0.85, 0.85, 0.8, 0.8, 0.75, 0.8]",6,0.8083333333333332
The medication's effectiveness is contingent upon treating the disease.,contingent upon,mistralai/Mistral-7B-Instruct-v0.3,"[0.95, 0.95, 0.95]",3,0.9499999999999998
The medication's effectiveness in treating the disease is contingent upon...,contingent upon,mistralai/Mistral-7B-Instruct-v0.3,"[0.5, 0.6, 0.7]",3,0.6
The medication is effective in treating the disease contingent upon the patient following the prescribed dosage.,contingent upon,mistralai/Mistral-7B-Instruct-v0.3,"[0.95, 0.8, 0.95]",3,0.9
The effectiveness of the medication in treating the disease is contingent upon patient compliance.,contingent upon,mistralai/Mistral-7B-Instruct-v0.3,"[0.8, 0.8, 0.9]",3,0.8333333333333334
The medication’s effectiveness in treating the disease is contingent upon specific patient factors.,contingent upon,mistralai/Mistral-7B-Instruct-v0.3,"[0.75, 0.8, 0.75]",3,0.7666666666666666
The medication is effective in treating the disease contingent upon proper dosage.,contingent upon,mistralai/Mistral-7B-Instruct-v0.3,"[0.95, 0.9, 0.85, 0.85, 0.85, 0.9]",6,0.8833333333333333
The medication is effective in treating the disease contingent upon individual response.,contingent upon,mistralai/Mistral-7B-Instruct-v0.3,"[0.8, 0.75, 0.8]",3,0.7833333333333333
Assuming that it rains tomorrow.,assuming that,mistralai/Mistral-7B-Instruct-v0.3,"[0.6, 0.6, 0.8, 0.6, 0.5, 0.5, 0.7, 0.5, 0.6, 0.5, 0.5, 0.7, 0.6, 0.6, 0.6, 0.7, 0.7, 0.6, 0.7, 0.75, 0.7, 0.7, 0.5, 0.3, 0.3, 0.2, 0.4, 0.6, 0.6, 0.8, 0.6, 0.7, 0.6, 0.6, 0.6, 0.6, 0.7, 0.5, 0.5, 0.5, 0.8, 0.8, 0.7, 0.7, 0.7, 0.5, 0.7, 0.6, 0.4, 0.8, 0.6]",51,0.6009803921568627
"It rains tomorrow, assuming that the forecast is accurate.",assuming that,mistralai/Mistral-7B-Instruct-v0.3,"[0.7, 0.7, 0.6]",3,0.6666666666666666
"Assuming that he studied diligently, he will pass the exam.",assuming that,mistralai/Mistral-7B-Instruct-v0.3,"[0.7, 0.9, 0.8]",3,0.7999999999999999
"Assuming that it rains tomorrow, the event will be postponed.",assuming that,mistralai/Mistral-7B-Instruct-v0.3,"[0.7, 0.85, 0.7]",3,0.75
It is worth considering that there is a correlation between X and Y.,it is worth considering that,mistralai/Mistral-7B-Instruct-v0.3,"[0.7, 0.75, 0.8, 0.75, 0.7, 0.75, 0.75, 0.8, 0.7, 0.7, 0.8, 0.7, 0.8, 0.75, 0.75, 0.75, 0.8, 0.75, 0.7, 0.75, 0.7, 0.8, 0.75, 0.8, 0.75, 0.8, 0.7, 0.75, 0.75, 0.75, 0.75, 0.75, 0.7, 0.7, 0.7, 0.75, 0.7, 0.7, 0.7, 0.7, 0.7, 0.8, 0.7, 0.75, 0.7, 0.7, 0.8, 0.7, 0.7, 0.7, 0.7]",51,0.7372549019607844
It is worth considering that there is a correlation between X and Y.,it is worth considering that,mistralai/Mistral-7B-Instruct-v0.3,"[0.8, 0.7, 0.75]",3,0.75
it is worth considering that there is a correlation between X and Y.,it is worth considering that,mistralai/Mistral-7B-Instruct-v0.3,"[0.7, 0.75, 0.7]",3,0.7166666666666667
It is worth considering that X and Y are correlated.,it is worth considering that,mistralai/Mistral-7B-Instruct-v0.3,"[0.7, 0.8, 0.7]",3,0.7333333333333334
It has been observed that the medication is effective in treating the disease.,it has been observed that,mistralai/Mistral-7B-Instruct-v0.3,"[0.95, 0.95, 0.95, 0.9, 0.95, 0.95, 0.9, 0.85, 0.9, 0.85, 0.95, 0.9, 0.85, 0.95, 0.95, 0.95, 0.8, 0.95, 0.9, 0.85, 0.85, 0.95, 0.95, 0.85, 0.95, 0.95, 0.9, 0.9, 0.95, 0.85, 0.95, 0.85, 0.9, 0.95, 0.85, 0.95, 0.9, 0.85, 0.95, 0.95, 0.95, 0.9, 0.85, 0.95, 0.9, 0.9, 0.95, 0.95, 0.85, 0.95, 0.95, 0.95, 0.85, 0.95, 0.85, 0.9, 0.95, 0.85, 0.85, 0.95]",60,0.91
it is commonly held that the city is the oldest in the country.,it is commonly held that,mistralai/Mistral-7B-Instruct-v0.3,"[0.75, 0.8, 0.7]",3,0.75
It is commonly held that the city is the oldest in the country.,it is commonly held that,mistralai/Mistral-7B-Instruct-v0.3,"[0.7, 0.75, 0.6, 0.75, 0.75, 0.8, 0.7, 0.7, 0.7, 0.8, 0.7, 0.7, 0.7, 0.7, 0.7, 0.8, 0.7, 0.7, 0.7, 0.75, 0.7, 0.7, 0.7, 0.8, 0.85, 0.75, 0.7, 0.7, 0.75, 0.75, 0.8, 0.8, 0.7, 0.75, 0.85, 0.75, 0.7, 0.7, 0.6, 0.8, 0.7, 0.6, 0.7, 0.8, 0.7, 0.7, 0.6, 0.75, 0.7, 0.7, 0.7, 0.7, 0.6, 0.6, 0.6, 0.7, 0.7]",57,0.7157894736842105
It is often assumed that the city is the oldest in the country.,it is often assumed that,mistralai/Mistral-7B-Instruct-v0.3,"[0.7, 0.6, 0.6, 0.7, 0.6, 0.5, 0.7, 0.7, 0.7, 0.7, 0.6, 0.6, 0.7, 0.5, 0.7, 0.6, 0.6, 0.7, 0.7, 0.6, 0.6, 0.6, 0.5, 0.6, 0.7, 0.7, 0.5, 0.7, 0.7, 0.7, 0.7, 0.7, 0.6, 0.7, 0.6, 0.7, 0.7, 0.5, 0.7, 0.75, 0.6, 0.6, 0.8, 0.6, 0.7, 0.6, 0.8, 0.7, 0.7, 0.6, 0.6, 0.5, 0.5, 0.6, 0.6, 0.7, 0.6, 0.7, 0.7, 0.6]",60,0.6425
Evidence is consistent with the medication being effective in treating the disease.,evidence is consistent with,mistralai/Mistral-7B-Instruct-v0.3,"[0.85, 0.85, 0.85, 0.95, 0.9, 0.95, 0.9, 0.95, 0.85, 0.85, 0.9, 0.9, 0.9, 0.9, 0.95, 0.9, 0.95, 0.85, 0.9, 0.95, 0.85, 0.95, 0.85, 0.85, 0.9, 0.85, 0.9, 0.85, 0.95, 0.95, 0.8, 0.9, 0.85, 0.85, 0.95, 0.9, 0.9, 0.8, 0.85, 0.95, 0.85, 0.9, 0.9, 0.9, 0.9, 0.95, 0.85, 0.75, 0.95, 0.85, 0.9, 0.95, 0.85, 0.9, 0.9, 0.85, 0.95]",57,0.8903508771929824
Evidence is consistent with the medication’s effectiveness in treating the disease.,evidence is consistent with,mistralai/Mistral-7B-Instruct-v0.3,"[0.9, 0.95, 0.95]",3,0.9333333333333332
The data are consistent with a significant effect.,data are consistent with,mistralai/Mistral-7B-Instruct-v0.3,"[0.85, 0.95, 0.95, 0.95, 0.95, 0.9, 0.95, 0.95, 0.95]",9,0.9333333333333333
Data are consistent with a significant effect.,data are consistent with,mistralai/Mistral-7B-Instruct-v0.3,"[0.9, 0.85, 0.95, 0.95, 0.95, 0.9, 0.95, 0.95, 0.9, 0.95, 0.9, 0.95, 0.95, 0.95, 0.9, 0.95, 0.95, 0.95, 0.95, 0.95, 0.95, 0.95, 0.95, 0.95, 0.95, 0.95, 0.9]",27,0.9351851851851852
Data are consistent with a significant effect from the experiment.,data are consistent with,mistralai/Mistral-7B-Instruct-v0.3,"[0.9, 0.95, 0.8, 0.95, 0.95, 0.95, 0.95, 0.95, 0.95]",9,0.9277777777777777
data are consistent with a significant effect.,data are consistent with,mistralai/Mistral-7B-Instruct-v0.3,"[0.95, 0.85, 0.95, 0.9, 0.95, 0.94]",6,0.9233333333333333
Data are consistent with the significant effect demonstrated by the experiment.,data are consistent with,mistralai/Mistral-7B-Instruct-v0.3,"[0.95, 0.95, 0.95]",3,0.9499999999999998
Data are consistent with a significant effect in the experiment.,data are consistent with,mistralai/Mistral-7B-Instruct-v0.3,"[0.95, 0.95, 0.95]",3,0.9499999999999998
Data are consistent with the experiment showing a significant effect.,data are consistent with,mistralai/Mistral-7B-Instruct-v0.3,"[0.85, 0.95, 0.95]",3,0.9166666666666666
It cannot be ruled out that the city is the oldest in the country.,it cannot be ruled out that,mistralai/Mistral-7B-Instruct-v0.3,"[0.6, 0.7, 0.6, 0.6, 0.75, 0.8, 0.7, 0.7, 0.6, 0.75, 0.6, 0.6, 0.5, 0.6, 0.5, 0.7, 0.6, 0.5, 0.5, 0.6, 0.5, 0.6, 0.7, 0.7, 0.7, 0.6, 0.6, 0.6, 0.6, 0.6, 0.6, 0.7, 0.75, 0.5, 0.8, 0.6, 0.7, 0.7, 0.7, 0.6, 0.6, 0.6, 0.6, 0.7, 0.6, 0.7, 0.6, 0.75, 0.6, 0.6, 0.5, 0.7, 0.7, 0.7, 0.6, 0.6, 0.5]",57,0.631578947368421
The city is the oldest in the country – it cannot be ruled out that this is true.,it cannot be ruled out that,mistralai/Mistral-7B-Instruct-v0.3,"[0.6, 0.6, 0.7]",3,0.6333333333333333
It would be premature to conclude that the city is the oldest in the country.,it would be premature to conclude,mistralai/Mistral-7B-Instruct-v0.3,"[0.4, 0.6, 0.7, 0.7, 0.7, 0.6, 0.8, 0.6, 0.3, 0.65, 0.3, 0.6, 0.6, 0.7, 0.4, 0.3, 0.75, 0.7, 0.3, 0.8, 0.7, 0.7, 0.5, 0.5, 0.6, 0.5, 0.5, 0.7, 0.7, 0.7, 0.7, 0.25, 0.7, 0.7, 0.75, 0.6, 0.6, 0.8, 0.5, 0.5, 0.4, 0.6, 0.7, 0.4, 0.75, 0.5, 0.6, 0.75, 0.7, 0.7, 0.75, 0.7, 0.7, 0.7, 0.65, 0.6, 0.6, 0.6, 0.5, 0.7]",60,0.605
Cautious interpretation suggests the city is the oldest in the country.,cautious interpretation suggests,mistralai/Mistral-7B-Instruct-v0.3,"[0.7, 0.8, 0.7, 0.8, 0.8, 0.8, 0.75, 0.8, 0.85, 0.8, 0.85, 0.75, 0.8, 0.8, 0.7, 0.7, 0.8, 0.7, 0.75, 0.85, 0.8, 0.8, 0.85, 0.8, 0.85, 0.7, 0.8, 0.8, 0.8, 0.7, 0.85, 0.8, 0.8, 0.8, 0.8, 0.7]",36,0.7819444444444444
cautious interpretation suggests the city is the oldest in the country.,cautious interpretation suggests,mistralai/Mistral-7B-Instruct-v0.3,"[0.7, 0.75, 0.8, 0.8, 0.7, 0.7, 0.6, 0.7, 0.7, 0.7, 0.85, 0.7, 0.7, 0.8, 0.7, 0.7, 0.8, 0.7, 0.8, 0.7, 0.8]",21,0.7333333333333334
cautious interpretation suggests that the city is the oldest in the country.,cautious interpretation suggests,mistralai/Mistral-7B-Instruct-v0.3,"[0.6, 0.7, 0.75]",3,0.6833333333333332
Tentative evidence points to the book being informative.,tentative evidence points to,mistralai/Mistral-7B-Instruct-v0.3,"[0.6, 0.6, 0.7, 0.6, 0.6, 0.6, 0.7, 0.6, 0.6, 0.6, 0.6, 0.6, 0.6, 0.6, 0.6, 0.7, 0.7, 0.6, 0.6, 0.6, 0.6, 0.7, 0.65, 0.6, 0.6, 0.6, 0.6, 0.6, 0.5, 0.6, 0.6, 0.6, 0.6, 0.7, 0.6, 0.6, 0.7, 0.6, 0.75, 0.5, 0.6, 0.6, 0.6, 0.6, 0.65, 0.6, 0.6, 0.6, 0.6, 0.6, 0.6, 0.6, 0.7, 0.6, 0.7, 0.6, 0.6, 0.6, 0.6, 0.7]",60,0.6174999999999999
"On current evidence, the movie is good.",on current evidence,mistralai/Mistral-7B-Instruct-v0.3,"[0.8, 0.9, 0.8, 0.9, 0.85, 0.8, 0.8, 0.8, 0.75, 0.85, 0.7, 0.8, 0.8, 0.8, 0.8, 0.8, 0.9, 0.85, 0.85, 0.85, 0.8, 0.85, 0.8, 0.8, 0.8, 0.8, 0.85, 0.8, 0.8, 0.8, 0.85, 0.85, 0.8, 0.85, 0.85, 0.85, 0.8, 0.8, 0.8, 0.85, 0.85, 0.85, 0.85, 0.8, 0.8, 0.8, 0.8, 0.8, 0.85, 0.8, 0.85]",51,0.8205882352941177
The movie is good on current evidence.,on current evidence,mistralai/Mistral-7B-Instruct-v0.3,"[0.8, 0.75, 0.85, 0.75, 0.8, 0.8]",6,0.7916666666666666
On current evidence the movie is good.,on current evidence,mistralai/Mistral-7B-Instruct-v0.3,"[0.8, 0.8, 0.8]",3,0.8000000000000002
It rains tomorrow as currently understood.,as currently understood,mistralai/Mistral-7B-Instruct-v0.3,"[0.8, 0.8, 0.9, 0.95, 0.9, 0.95, 0.8, 0.9, 0.85, 0.95, 0.95, 0.85, 0.85, 0.9, 0.8, 0.9, 0.9, 0.9, 0.8, 0.95, 0.8, 0.7, 0.8, 0.85, 0.85, 0.95, 0.9, 0.9, 0.9, 0.85, 0.95, 0.95, 0.85, 0.85, 0.95, 0.8, 0.8, 0.95, 0.95, 0.9, 0.95, 0.9]",42,0.8785714285714286
"It rains tomorrow, as currently understood.",as currently understood,mistralai/Mistral-7B-Instruct-v0.3,"[0.8, 0.7, 0.8, 0.7, 0.6, 0.8, 0.6, 0.8, 0.8, 0.7, 0.7, 0.7, 0.7, 0.8, 0.7]",15,0.7266666666666667
"It is expected that rain will occur tomorrow, as currently understood.",as currently understood,mistralai/Mistral-7B-Instruct-v0.3,"[0.8, 0.85, 0.9]",3,0.85
"It rains tomorrow, pending further investigation.",pending further investigation,mistralai/Mistral-7B-Instruct-v0.3,"[0.4, 0.5, 0.3, 0.3, 0.3, 0.5, 0.3, 0.3, 0.3, 0.3, 0.3, 0.3, 0.3, 0.5, 0.3, 0.5, 0.3, 0.4, 0.3, 0.3, 0.3, 0.3, 0.3, 0.3, 0.5, 0.3, 0.3, 0.2, 0.3, 0.3]",30,0.33666666666666667
"Pending further investigation, it rains tomorrow.",pending further investigation,mistralai/Mistral-7B-Instruct-v0.3,"[0.3, 0.3, 0.2, 0.3, 0.2, 0.3, 0.3, 0.3]",8,0.275
It rains tomorrow pending further investigation.,pending further investigation,mistralai/Mistral-7B-Instruct-v0.3,"[0.3, 0.3, 0.3, 0.2, 0.3, 0.3, 0.4, 0.3, 0.3, 0.3, 0.3, 0.3, 0.3, 0.2, 0.4]",15,0.3
"It might rain tomorrow, pending further investigation.",pending further investigation,mistralai/Mistral-7B-Instruct-v0.3,"[0.6, 0.6, 0.5]",3,0.5666666666666667
"Pending further investigation, it may rain tomorrow.",pending further investigation,mistralai/Mistral-7B-Instruct-v0.3,"[0.6, 0.7, 0.6]",3,0.6333333333333333
"There is a correlation between X and Y, with the caveat that it does not prove causation.",with the caveat that,mistralai/Mistral-7B-Instruct-v0.3,"[0.9, 0.85, 0.8]",3,0.85
"There is a correlation between X and Y, with the caveat that this relationship is not causal.",with the caveat that,mistralai/Mistral-7B-Instruct-v0.3,"[0.85, 0.85, 0.85]",3,0.85
"There is a correlation between X and Y, with the caveat that other factors may also play a role.",with the caveat that,mistralai/Mistral-7B-Instruct-v0.3,"[0.8, 0.8, 0.7]",3,0.7666666666666666
"There is a correlation between X and Y, with the caveat that.",with the caveat that,mistralai/Mistral-7B-Instruct-v0.3,"[0.6, 0.7, 0.8, 0.6, 0.8, 0.7, 0.6, 0.7, 0.7, 0.8, 0.7, 0.7, 0.7, 0.7, 0.7, 0.8, 0.7, 0.6, 0.75, 0.7, 0.7, 0.7, 0.75, 0.7]",24,0.7041666666666666
"There is a correlation between X and Y, with the caveat that this is not causation.",with the caveat that,mistralai/Mistral-7B-Instruct-v0.3,"[0.9, 0.85, 0.85]",3,0.8666666666666667
"There is a correlation between X and Y, with the caveat that the relationship may be influenced by other variables.",with the caveat that,mistralai/Mistral-7B-Instruct-v0.3,"[0.8, 0.75, 0.8]",3,0.7833333333333333
There is a correlation between X and Y with the caveat that.,with the caveat that,mistralai/Mistral-7B-Instruct-v0.3,"[0.7, 0.7, 0.85, 0.7, 0.7, 0.8]",6,0.7416666666666667
With the caveat that there is a correlation between X and Y.,with the caveat that,mistralai/Mistral-7B-Instruct-v0.3,"[0.7, 0.6, 0.8]",3,0.7000000000000001
"There is a correlation between X and Y, with the caveat that this does not imply causation.",with the caveat that,mistralai/Mistral-7B-Instruct-v0.3,"[0.9, 0.8, 0.8]",3,0.8333333333333334
"There is a correlation between X and Y, with the caveat that it does not imply causation.",with the caveat that,mistralai/Mistral-7B-Instruct-v0.3,"[0.85, 0.9, 0.8]",3,0.85
"There is a correlation between X and Y, with the caveat that it does not necessarily imply causation.",with the caveat that,mistralai/Mistral-7B-Instruct-v0.3,"[0.8, 0.9, 0.9]",3,0.8666666666666667
"There is a correlation between X and Y, with the caveat that it may not necessarily indicate causation.",with the caveat that,mistralai/Mistral-7B-Instruct-v0.3,"[0.85, 0.85, 0.8]",3,0.8333333333333334
"The report is not accurate, with the qualification that it may contain some errors.",with the qualification that,mistralai/Mistral-7B-Instruct-v0.3,"[0.85, 0.8, 0.85, 0.7, 0.85, 0.8]",6,0.8083333333333332
The report is not accurate with the qualification that it may contain some correct elements.,with the qualification that,mistralai/Mistral-7B-Instruct-v0.3,"[0.7, 0.7, 0.8]",3,0.7333333333333334
"The report is not accurate, with the qualification that it does not reflect recent data.",with the qualification that,mistralai/Mistral-7B-Instruct-v0.3,"[0.95, 0.9, 0.95]",3,0.9333333333333332
The report is not accurate with the qualification that its figures are outdated.,with the qualification that,mistralai/Mistral-7B-Instruct-v0.3,"[0.8, 0.9, 0.8]",3,0.8333333333333334
"The report is not accurate, with the qualification that it fails to reflect recent data.",with the qualification that,mistralai/Mistral-7B-Instruct-v0.3,"[0.8, 0.8, 0.85]",3,0.8166666666666668
The report is not accurate with the qualification that it is based on preliminary findings.,with the qualification that,mistralai/Mistral-7B-Instruct-v0.3,"[0.7, 0.9, 0.75]",3,0.7833333333333333
The report is not accurate with the qualification that it was drawn from incomplete data.,with the qualification that,mistralai/Mistral-7B-Instruct-v0.3,"[0.8, 0.75, 0.85]",3,0.7999999999999999
"The report is not accurate, with the qualification that.",with the qualification that,mistralai/Mistral-7B-Instruct-v0.3,"[0.8, 0.9, 0.75, 0.9, 0.8, 0.8]",6,0.8250000000000001
"The report is not accurate, with the qualification that its data set is incomplete.",with the qualification that,mistralai/Mistral-7B-Instruct-v0.3,"[0.8, 0.8, 0.8]",3,0.8000000000000002
The report is not accurate with the qualification that it may not fully reflect the latest data.,with the qualification that,mistralai/Mistral-7B-Instruct-v0.3,"[0.7, 0.75, 0.8]",3,0.75
"The report is not accurate, with the qualification that it may contain errors.",with the qualification that,mistralai/Mistral-7B-Instruct-v0.3,"[0.9, 0.8, 0.8, 0.85, 0.9, 0.9]",6,0.8583333333333334
With the qualification that the report is not accurate.,with the qualification that,mistralai/Mistral-7B-Instruct-v0.3,"[0.2, 0.3, 0.25]",3,0.25
The report is not accurate with the qualification that it is based on incomplete data.,with the qualification that,mistralai/Mistral-7B-Instruct-v0.3,"[0.75, 0.85, 0.8]",3,0.7999999999999999
"The report is not accurate, with the qualification that it contains multiple sources of error.",with the qualification that,mistralai/Mistral-7B-Instruct-v0.3,"[0.8, 0.9, 0.85]",3,0.85
The report is not accurate with the qualification that it was based on incomplete data.,with the qualification that,mistralai/Mistral-7B-Instruct-v0.3,"[0.7, 0.8, 0.75]",3,0.75
"The report is not accurate, with the qualification that it is incomplete.",with the qualification that,mistralai/Mistral-7B-Instruct-v0.3,"[0.8, 0.8, 0.75]",3,0.7833333333333333
The report is not accurate with the qualification that it may contain errors.,with the qualification that,mistralai/Mistral-7B-Instruct-v0.3,"[0.85, 0.75, 0.8]",3,0.7999999999999999
"Notwithstanding the forecast, it rains tomorrow.",notwithstanding,mistralai/Mistral-7B-Instruct-v0.3,"[1.0, 0.8, 0.95, 0.85, 0.95, 0.9]",6,0.9083333333333333
"It rains tomorrow, notwithstanding.",notwithstanding,mistralai/Mistral-7B-Instruct-v0.3,"[0.85, 0.65, 0.7]",3,0.7333333333333334
"Notwithstanding, it rains tomorrow.",notwithstanding,mistralai/Mistral-7B-Instruct-v0.3,"[0.7, 0.8, 0.8, 0.8, 0.7, 0.8, 0.8, 0.8, 0.7, 0.9, 0.8, 0.7, 0.9, 0.9, 0.8, 0.8, 0.8, 0.8, 0.8, 0.7, 0.8, 0.8, 0.85, 0.9, 0.8, 0.8, 0.9, 0.85, 0.7, 0.85, 0.85, 0.6, 0.8, 0.8, 0.85, 0.9, 0.7, 0.6, 0.8, 0.85, 0.6, 0.95]",42,0.7940476190476191
"Notwithstanding, it will rain tomorrow.",notwithstanding,mistralai/Mistral-7B-Instruct-v0.3,"[0.9, 0.8, 0.95, 0.9, 0.95, 0.85]",6,0.8916666666666666
Notwithstanding it rains tomorrow.,notwithstanding,mistralai/Mistral-7B-Instruct-v0.3,"[0.7, 0.8, 0.7]",3,0.7333333333333334
"The city is the oldest in the country, subject to revision.",subject to revision,mistralai/Mistral-7B-Instruct-v0.3,"[0.8, 0.8, 0.8, 0.8, 0.8, 0.9, 0.9, 0.85, 0.9, 0.7, 0.8, 0.9, 0.8, 0.85, 0.8, 0.8, 0.8, 0.85, 0.8, 0.8, 0.8, 0.85, 0.9, 0.8, 0.85, 0.85, 0.7, 0.9, 0.85, 0.8, 0.9, 0.8, 0.85, 0.7, 0.8, 0.8, 0.8, 0.8, 0.8, 0.85, 0.8, 0.75, 0.8, 0.9, 0.9, 0.8, 0.75, 0.8, 0.8, 0.8, 0.85, 0.8, 0.7, 0.85, 0.9, 0.85, 0.75]",57,0.8184210526315789
The city is subject to revision being the oldest in the country.,subject to revision,mistralai/Mistral-7B-Instruct-v0.3,"[0.6, 0.6, 0.6]",3,0.6
"In theory, the restaurant serves delicious food.",in theory,mistralai/Mistral-7B-Instruct-v0.3,"[0.7, 0.7, 0.6, 0.7, 0.7, 0.7, 0.7, 0.7, 0.7, 0.6, 0.6, 0.6, 0.7, 0.7, 0.7, 0.6, 0.7, 0.7, 0.7, 0.7, 0.6, 0.8, 0.7, 0.7, 0.7, 0.7, 0.7, 0.6, 0.7, 0.7, 0.7, 0.7, 0.75, 0.7, 0.7, 0.6, 0.7, 0.7, 0.7, 0.7, 0.7, 0.7, 0.7, 0.7, 0.7]",45,0.6855555555555555
In theory the restaurant serves delicious food.,in theory,mistralai/Mistral-7B-Instruct-v0.3,"[0.7, 0.6, 0.6, 0.7, 0.6, 0.6, 0.7, 0.7, 0.7]",9,0.6555555555555554
"The restaurant serves delicious food, in theory.",in theory,mistralai/Mistral-7B-Instruct-v0.3,"[0.6, 0.6, 0.6]",3,0.6
"In theory, the new software will increase productivity.",in theory,mistralai/Mistral-7B-Instruct-v0.3,"[0.7, 0.6, 0.8]",3,0.7000000000000001
"Theoretically, the new product is successful in the market.",theoretically,mistralai/Mistral-7B-Instruct-v0.3,"[0.7, 0.6, 0.7, 0.7, 0.6, 0.7, 0.6, 0.65, 0.7, 0.6, 0.7, 0.6, 0.6, 0.7, 0.7, 0.7, 0.7, 0.7, 0.6, 0.7, 0.8, 0.7, 0.6, 0.7, 0.7, 0.7, 0.6, 0.7, 0.6, 0.7, 0.7, 0.7, 0.6, 0.7, 0.75, 0.7, 0.75, 0.7, 0.7, 0.6, 0.7, 0.7]",42,0.6749999999999999
Theoretically the new product is successful in the market.,theoretically,mistralai/Mistral-7B-Instruct-v0.3,"[0.8, 0.75, 0.7]",3,0.75
The new product is theoretically successful in the market.,theoretically,mistralai/Mistral-7B-Instruct-v0.3,"[0.6, 0.6, 0.7, 0.6, 0.6, 0.7, 0.8, 0.7, 0.6, 0.7, 0.8, 0.6, 0.6, 0.7, 0.7]",15,0.6666666666666666
"Hypothetically, the restaurant serves delicious food.",hypothetically,mistralai/Mistral-7B-Instruct-v0.3,"[0.6, 0.7, 0.7, 0.7, 0.75, 0.6, 0.7, 0.7, 0.7, 0.6, 0.6, 0.6, 0.6, 0.6, 0.6, 0.7, 0.7, 0.6, 0.7, 0.7, 0.6, 0.7, 0.6, 0.6, 0.7, 0.7, 0.6, 0.6, 0.6, 0.75, 0.6, 0.6, 0.6, 0.6, 0.6, 0.6, 0.6, 0.6, 0.6, 0.7, 0.6, 0.6, 0.5, 0.6, 0.6, 0.5, 0.7, 0.7, 0.5, 0.7, 0.7, 0.7, 0.5, 0.7, 0.6, 0.75, 0.7]",57,0.637719298245614
Hypothetically the restaurant serves delicious food.,hypothetically,mistralai/Mistral-7B-Instruct-v0.3,"[0.7, 0.6, 0.7]",3,0.6666666666666666
"In principle, the neighbor is home.",in principle,mistralai/Mistral-7B-Instruct-v0.3,"[0.8, 0.6, 0.7, 0.7, 0.85, 0.8, 0.85, 0.85, 0.85, 0.8, 0.8, 0.7, 0.7, 0.8, 0.8, 0.8, 0.75, 0.85, 0.75, 0.7, 0.8, 0.85, 0.8, 0.85, 0.85, 0.9, 0.8, 0.75, 0.85, 0.85, 0.7, 0.8, 0.85, 0.85, 0.8, 0.85, 0.85, 0.8, 0.75, 0.8, 0.7, 0.8, 0.8, 0.9, 0.8, 0.7, 0.8, 0.8, 0.8, 0.8, 0.8]",51,0.7941176470588235
The neighbor is home in principle.,in principle,mistralai/Mistral-7B-Instruct-v0.3,"[0.7, 0.7, 0.75, 0.6, 0.7, 0.7]",6,0.6916666666666665
In principle the neighbor is home.,in principle,mistralai/Mistral-7B-Instruct-v0.3,"[0.9, 0.85, 0.8]",3,0.85
"On paper, the movie is good.",on paper,mistralai/Mistral-7B-Instruct-v0.3,"[0.6, 0.7, 0.6, 0.7, 0.7, 0.75, 0.7, 0.8, 0.8, 0.6, 0.7, 0.6, 0.7, 0.7, 0.7, 0.7, 0.7, 0.6, 0.7, 0.7, 0.7, 0.6, 0.75, 0.7, 0.75, 0.7, 0.6, 0.7, 0.7, 0.75]",30,0.69
The movie is good on paper.,on paper,mistralai/Mistral-7B-Instruct-v0.3,"[0.6, 0.7, 0.6, 0.6, 0.6, 0.7, 0.7, 0.6, 0.6, 0.6, 0.5, 0.6, 0.5, 0.5, 0.6, 0.6, 0.6, 0.6]",18,0.6
The movie looks good on paper.,on paper,mistralai/Mistral-7B-Instruct-v0.3,"[0.6, 0.65, 0.6]",3,0.6166666666666667
"On paper, the movie looks good.",on paper,mistralai/Mistral-7B-Instruct-v0.3,"[0.7, 0.6, 0.6]",3,0.6333333333333333
"The movie is good, on paper.",on paper,mistralai/Mistral-7B-Instruct-v0.3,"[0.7, 0.6, 0.7, 0.7, 0.6, 0.6]",6,0.65
Ideally the medication is effective in treating the disease.,ideally,mistralai/Mistral-7B-Instruct-v0.3,"[0.8, 0.8, 0.8, 0.8, 0.8, 0.8]",6,0.8000000000000002
"Ideally, the medication is effective in treating the disease.",ideally,mistralai/Mistral-7B-Instruct-v0.3,"[0.7, 0.7, 0.7, 0.7, 0.7, 0.7, 0.7, 0.6, 0.7, 0.7, 0.7, 0.7, 0.7, 0.75, 0.7, 0.7, 0.7, 0.7, 0.7, 0.7, 0.7, 0.8, 0.7, 0.7, 0.7, 0.6, 0.7, 0.7, 0.8, 0.7, 0.7, 0.7, 0.8, 0.7, 0.7, 0.6, 0.6, 0.7, 0.7, 0.7, 0.8, 0.7, 0.7, 0.7, 0.7, 0.7, 0.7, 0.7, 0.6, 0.7, 0.8, 0.7, 0.7, 0.7]",54,0.700925925925926
In an ideal world the restaurant serves delicious food.,in an ideal world,mistralai/Mistral-7B-Instruct-v0.3,"[0.7, 0.7, 0.7, 0.7, 0.7, 0.6, 0.7, 0.8, 0.7, 0.7, 0.7, 0.7, 0.7, 0.8, 0.6, 0.7, 0.6, 0.7, 0.7, 0.5, 0.7]",21,0.6857142857142856
"In an ideal world, the restaurant serves delicious food.",in an ideal world,mistralai/Mistral-7B-Instruct-v0.3,"[0.7, 0.7, 0.6, 0.6, 0.6, 0.6, 0.6, 0.6, 0.7, 0.6, 0.6, 0.7, 0.75, 0.7, 0.7, 0.5, 0.5, 0.7, 0.6, 0.6, 0.6, 0.7, 0.7, 0.7, 0.6, 0.7, 0.7, 0.7, 0.7, 0.6, 0.7, 0.7, 0.8, 0.7, 0.7, 0.6, 0.7, 0.7, 0.7]",39,0.6576923076923077
"Under normal circumstances, the restaurant serves delicious food.",under normal circumstances,mistralai/Mistral-7B-Instruct-v0.3,"[0.8, 0.85, 0.8, 0.9, 0.8, 0.8, 0.85, 0.85, 0.85, 0.8, 0.8, 0.9, 0.8, 0.85, 0.9, 0.85, 0.75, 0.85, 0.8, 0.8, 0.9, 0.85, 0.9, 0.9, 0.85, 0.85, 0.85, 0.8, 0.8, 0.95, 0.9, 0.8, 0.95, 0.85, 0.85, 0.8, 0.8, 0.85, 0.8, 0.85, 0.85, 0.8, 0.85, 0.8, 0.85, 0.85, 0.85, 0.8]",48,0.8406250000000001
The restaurant serves delicious food under normal circumstances.,under normal circumstances,mistralai/Mistral-7B-Instruct-v0.3,"[0.85, 0.8, 0.75, 0.9, 0.8, 0.85, 0.85, 0.85, 0.9]",9,0.8388888888888889
Under normal circumstances the restaurant serves delicious food.,under normal circumstances,mistralai/Mistral-7B-Instruct-v0.3,"[0.9, 0.8, 0.8]",3,0.8333333333333334
"All things being equal, the report is not accurate.",all things being equal,mistralai/Mistral-7B-Instruct-v0.3,"[0.85, 0.8, 0.7, 0.75, 0.8, 0.7, 0.8, 0.9, 0.85, 0.8, 0.7, 0.8, 0.8, 0.85, 0.7, 0.85, 0.8, 0.85, 0.75, 0.8, 0.85, 0.8, 0.8, 0.85, 0.8, 0.8, 0.8, 0.85, 0.8, 0.7, 0.7, 0.8, 0.7, 0.8, 0.85, 0.7, 0.8, 0.8, 0.8, 0.7, 0.9, 0.75, 0.8, 0.8, 0.8, 0.9, 0.8, 0.8, 0.75, 0.7, 0.8, 0.8, 0.9, 0.75, 0.8, 0.85, 0.9, 0.9, 0.8, 0.7]",60,0.7958333333333333
"The book is informative, all else being equal.",all else being equal,mistralai/Mistral-7B-Instruct-v0.3,"[0.8, 0.85, 0.85, 0.9, 0.8, 0.85, 0.9, 0.75, 0.8, 0.85, 0.95, 0.7]",12,0.8333333333333334
"All else being equal, the book is informative.",all else being equal,mistralai/Mistral-7B-Instruct-v0.3,"[0.8, 0.8, 0.75, 0.7, 0.8, 0.8, 0.85, 0.7, 0.8, 0.85, 0.7, 0.8, 0.7, 0.8, 0.8, 0.8, 0.75, 0.7, 0.8, 0.8, 0.7, 0.7, 0.7, 0.7, 0.75, 0.8, 0.7, 0.75, 0.8, 0.7, 0.8, 0.8, 0.75, 0.85, 0.8, 0.9, 0.7, 0.8, 0.75, 0.75, 0.8, 0.75, 0.7, 0.7, 0.8, 0.8, 0.8, 0.8]",48,0.7677083333333333
"Under certain assumptions, the city is the oldest in the country.",under certain assumptions,mistralai/Mistral-7B-Instruct-v0.3,"[0.7, 0.6, 0.75, 0.7, 0.7, 0.7, 0.7, 0.8, 0.7, 0.7, 0.75, 0.6, 0.7, 0.75, 0.6, 0.75, 0.7, 0.6, 0.7, 0.7, 0.7, 0.7, 0.7, 0.7, 0.75, 0.6, 0.7, 0.7, 0.75, 0.7, 0.7, 0.7, 0.75, 0.7, 0.7, 0.7, 0.7, 0.7, 0.75, 0.7, 0.7, 0.8, 0.7, 0.7, 0.7, 0.8, 0.7, 0.7, 0.7, 0.6, 0.7, 0.7, 0.7, 0.75, 0.75, 0.7, 0.7]",57,0.7035087719298246
The city is the oldest in the country under certain assumptions.,under certain assumptions,mistralai/Mistral-7B-Instruct-v0.3,"[0.7, 0.6, 0.7]",3,0.6666666666666666
"Given certain conditions, the movie is good.",given certain conditions,mistralai/Mistral-7B-Instruct-v0.3,"[0.7, 0.7, 0.7, 0.6, 0.6, 0.7, 0.7, 0.7, 0.7, 0.7, 0.7, 0.7, 0.7, 0.7, 0.6, 0.7, 0.6, 0.7, 0.7, 0.7, 0.7, 0.75, 0.6, 0.7, 0.7, 0.75, 0.7, 0.6, 0.7, 0.7, 0.7, 0.7, 0.7]",33,0.6848484848484848
"The movie is good, given certain conditions.",given certain conditions,mistralai/Mistral-7B-Instruct-v0.3,"[0.75, 0.75, 0.7, 0.75, 0.7, 0.75]",6,0.7333333333333334
The movie is good given certain conditions.,given certain conditions,mistralai/Mistral-7B-Instruct-v0.3,"[0.7, 0.7, 0.7, 0.7, 0.7, 0.7, 0.6, 0.7, 0.6, 0.6, 0.75, 0.7, 0.7, 0.6, 0.7, 0.7, 0.7, 0.7, 0.6, 0.7, 0.7]",21,0.6785714285714286
"In certain circumstances, the experiment shows a significant effect.",in certain circumstances,mistralai/Mistral-7B-Instruct-v0.3,"[0.8, 0.75, 0.85, 0.75, 0.85, 0.8, 0.85, 0.8, 0.7, 0.8, 0.8, 0.85, 0.8, 0.8, 0.85, 0.85, 0.85, 0.85, 0.85, 0.85, 0.8, 0.8, 0.8, 0.8, 0.7, 0.85, 0.85, 0.85, 0.85, 0.8, 0.8, 0.85, 0.8, 0.8, 0.85, 0.8]",36,0.8138888888888889
In certain circumstances the experiment shows a significant effect.,in certain circumstances,mistralai/Mistral-7B-Instruct-v0.3,"[0.85, 0.85, 0.85, 0.85, 0.85, 0.85, 0.85, 0.9, 0.8, 0.75, 0.85, 0.85, 0.85, 0.85, 0.9, 0.8, 0.85, 0.8, 0.8, 0.8, 0.8]",21,0.8357142857142857
The experiment shows a significant effect in certain circumstances.,in certain circumstances,mistralai/Mistral-7B-Instruct-v0.3,"[0.85, 0.85, 0.85]",3,0.85
"If conditions hold, the report is not accurate.",if conditions hold,mistralai/Mistral-7B-Instruct-v0.3,"[0.7, 0.8, 0.8, 0.8, 0.8, 0.7, 0.8, 0.8, 0.6, 0.7, 0.6, 0.8, 0.8, 0.8, 0.8, 0.75, 0.85, 0.6, 0.9, 0.8, 0.7, 0.8, 0.8, 0.8, 0.7, 0.8, 0.8, 0.8, 0.8, 0.7, 0.8, 0.7, 0.6]",33,0.7575757575757576
The report is not accurate if conditions hold.,if conditions hold,mistralai/Mistral-7B-Instruct-v0.3,"[0.7, 0.8, 0.85, 0.8, 0.8, 0.8, 0.7, 0.8, 0.8, 0.8, 0.8, 0.85, 0.85, 0.8, 0.8, 0.85, 0.8, 0.8, 0.75, 0.8, 0.75, 0.9, 0.7, 0.8]",24,0.7958333333333334
The report is accurate if conditions hold.,if conditions hold,mistralai/Mistral-7B-Instruct-v0.3,"[0.7, 0.85, 0.8]",3,0.7833333333333333
"The neighbor is home, ceteris paribus.",ceteris paribus,mistralai/Mistral-7B-Instruct-v0.3,"[0.95, 0.95, 0.95, 0.95, 0.95, 0.95, 0.95, 0.95, 0.95, 0.95, 0.95, 0.95, 0.95, 0.95, 0.95, 0.95, 0.95, 0.95, 0.95, 0.95, 0.95, 0.95, 0.95, 0.95, 0.95, 0.95, 1.0, 0.9, 0.95, 0.85]",30,0.9466666666666667
"Ceteris paribus, the neighbor is home.",ceteris paribus,mistralai/Mistral-7B-Instruct-v0.3,"[0.9, 0.7, 0.8, 0.85, 0.7, 0.8, 0.8, 0.75, 0.85, 0.95, 0.85, 0.8, 0.9, 0.85, 0.85, 0.7, 0.8, 0.9, 0.85, 0.85, 0.8, 0.9, 0.9, 0.8, 0.8, 0.85, 0.8, 0.85, 0.8, 0.85]",30,0.8266666666666667
"In a best-case scenario, the book is informative.",in a best-case scenario,mistralai/Mistral-7B-Instruct-v0.3,"[0.7, 0.75, 0.7, 0.6, 0.7, 0.6, 0.7, 0.6, 0.7, 0.6, 0.6, 0.7, 0.7, 0.6, 0.6, 0.7, 0.7, 0.75, 0.7, 0.6, 0.6, 0.7, 0.7, 0.7, 0.7, 0.7, 0.6, 0.6, 0.6, 0.6, 0.6, 0.75, 0.6, 0.7, 0.6, 0.7, 0.75, 0.7, 0.7, 0.7, 0.7, 0.7]",42,0.6666666666666666
"In a best‑case scenario, the book is informative.",in a best-case scenario,mistralai/Mistral-7B-Instruct-v0.3,"[0.7, 0.6, 0.7, 0.8, 0.7, 0.8, 0.7, 0.6, 0.7, 0.6, 0.7, 0.7, 0.6, 0.7, 0.7, 0.7, 0.6, 0.7]",18,0.6833333333333332
"In a worst‑case scenario, the movie is good.",in a worst-case scenario,mistralai/Mistral-7B-Instruct-v0.3,"[0.5, 0.7, 0.7, 0.6, 0.5, 0.65, 0.5, 0.5, 0.5, 0.5, 0.6, 0.6]",12,0.5708333333333333
"In a worst-case scenario, the movie is good.",in a worst-case scenario,mistralai/Mistral-7B-Instruct-v0.3,"[0.4, 0.7, 0.6, 0.5, 0.6, 0.7, 0.6, 0.6, 0.6, 0.7, 0.5, 0.6, 0.5, 0.5, 0.7, 0.3, 0.6, 0.7, 0.5, 0.8, 0.7, 0.7, 0.5, 0.7, 0.6, 0.7, 0.6, 0.5, 0.7, 0.5, 0.5, 0.6, 0.5, 0.6, 0.7, 0.6, 0.5, 0.7, 0.5, 0.5, 0.6, 0.4]",42,0.5857142857142856
"In a worst case scenario, the movie is good.",in a worst-case scenario,mistralai/Mistral-7B-Instruct-v0.3,"[0.7, 0.6, 0.7]",3,0.6666666666666666
"The movie is good, in a worst-case scenario.",in a worst-case scenario,mistralai/Mistral-7B-Instruct-v0.3,"[0.5, 0.3, 0.5]",3,0.43333333333333335
"Under optimal conditions, there is a correlation between X and Y.",under optimal conditions,mistralai/Mistral-7B-Instruct-v0.3,"[0.9, 0.85, 0.85, 0.85, 0.8, 0.85, 0.85, 0.85, 0.8, 0.85, 0.8, 0.9, 0.85, 0.8, 0.8, 0.8, 0.8, 0.85, 0.85, 0.7, 0.8, 0.85, 0.9, 0.85, 0.8, 0.8, 0.75, 0.85, 0.85, 0.9, 0.8, 0.8, 0.8, 0.85, 0.75, 0.85, 0.85, 0.85, 0.75, 0.85, 0.75, 0.85, 0.85, 0.8, 0.8, 0.85, 0.7, 0.75, 0.85, 0.7, 0.8]",51,0.8196078431372549
Under optimal conditions there is a correlation between X and Y.,under optimal conditions,mistralai/Mistral-7B-Instruct-v0.3,"[0.8, 0.8, 0.8, 0.85, 0.8, 0.8]",6,0.8083333333333335
There is a correlation between X and Y under optimal conditions.,under optimal conditions,mistralai/Mistral-7B-Instruct-v0.3,"[0.8, 0.85, 0.8]",3,0.8166666666666668
"The city is the oldest in the country, holding everything else constant.",holding everything else constant,mistralai/Mistral-7B-Instruct-v0.3,"[0.95, 0.95, 0.95, 0.95, 0.9, 0.95, 0.95, 0.95, 0.95, 0.95, 0.95, 0.95, 0.95, 0.95, 0.98]",15,0.9486666666666665
"Holding everything else constant, the city is the oldest in the country.",holding everything else constant,mistralai/Mistral-7B-Instruct-v0.3,"[0.95, 0.95, 0.95, 0.95, 0.95, 0.95, 0.95, 1.0, 0.95, 0.95, 0.95, 0.95, 0.95, 0.95, 0.95, 0.85, 0.95, 0.98, 0.95, 0.95, 1.0, 0.95, 0.95, 1.0, 0.95, 0.95, 0.95, 0.95, 0.95, 0.95, 0.95, 0.95, 0.95, 1.0, 0.95, 0.95, 0.95, 0.95, 0.95, 0.95, 0.95, 0.95, 0.95, 0.95, 0.95]",45,0.9528888888888888
