hedging_word,example_sentence
certainly,The new product is certainly successful in the market.
certainly,The new product is certainly successful in the market.
certainly,The new product is certainly successful in the market.
certainly,The new product is certainly successful in the market.
certainly,Certainly the new product is successful in the market.
certainly,The new product is certainly successful in the market.
certainly,It is certainly successful in the market.
certainly,The new product is certainly successful in the market.
certainly,The new product is certainly successful in the market.
certainly,The new product is certainly successful in the market.
certainly,The new product is certainly successful in the market.
certainly,The new product is certainly successful in the market.
certainly,The new product is certainly successful in the market.
certainly,The new product is certainly successful in the market.
certainly,The new product is certainly successful in the market.
certainly,The new product is certainly successful in the market.
certainly,The new product is certainly successful in the market.
certainly,The new product is certainly successful in the market.
certainly,The new product is certainly successful in the market.
certainly,The new product is certainly successful in the market.
definitely,The restaurant definitely serves delicious food.
definitely,The restaurant definitely serves delicious food.
definitely,The restaurant definitely serves delicious food.
definitely,The restaurant definitely serves delicious food.
definitely,The restaurant definitely serves delicious food.
definitely,The restaurant definitely serves delicious food.
definitely,The restaurant definitely serves delicious food.
definitely,The restaurant definitely serves delicious food.
definitely,The restaurant definitely serves delicious food.
definitely,The restaurant definitely serves delicious food.
definitely,The restaurant definitely serves delicious food.
definitely,The restaurant definitely serves delicious food.
definitely,The restaurant definitely serves delicious food.
definitely,The restaurant definitely serves delicious food.
definitely,The restaurant definitely serves delicious food.
definitely,The restaurant definitely serves delicious food.
definitely,The restaurant definitely serves delicious food.
definitely,The restaurant definitely serves delicious food.
definitely,The restaurant definitely serves delicious food.
definitely,The restaurant definitely serves delicious food.
absolutely,The report is absolutely not accurate.
absolutely,The report is absolutely not accurate.
absolutely,Absolutely not accurate.
absolutely,The report is absolutely not accurate.
absolutely,The report is absolutely not accurate.
absolutely,The report is absolutely not accurate.
absolutely,The report is absolutely not accurate.
absolutely,The report is absolutely not accurate.
absolutely,The report is absolutely not accurate.
absolutely,The report is absolutely not accurate.
absolutely,The report is absolutely not accurate.
absolutely,"Absolutely, the report is not accurate."
absolutely,The report is absolutely not accurate.
absolutely,The report is absolutely not accurate.
absolutely,The report is absolutely not accurate.
absolutely,The report is absolutely not accurate.
absolutely,The report is absolutely not accurate.
absolutely,It is absolutely accurate.
absolutely,The report is absolutely not accurate.
absolutely,The report is absolutely not accurate.
undoubtedly,undoubtedly the record is not accurate.
undoubtedly,"Undoubtedly, the report is not accurate."
undoubtedly,The report is undoubtedly not accurate.
undoubtedly,The report is undoubtedly not accurate.
undoubtedly,"Undoubtedly, the report is not accurate."
undoubtedly,The report is undoubtedly not accurate.
undoubtedly,The report is undoubtedly not accurate.
undoubtedly,Undoubtedly the report is not accurate.
undoubtedly,The report is undoubtedly not accurate.
undoubtedly,"Undoubtedly, the report is not accurate."
undoubtedly,The report is undoubtedly not accurate.
undoubtedly,Undoubtedly the report is not accurate.
undoubtedly,Undoubtedly the report is not accurate.
undoubtedly,The report is undoubtedly not accurate.
undoubtedly,"Undoubtedly, the report is not accurate."
undoubtedly,"Undoubtedly, the report is not accurate."
undoubtedly,"Undoubtedly, the report is not accurate."
undoubtedly,The report is undoubtedly not accurate.
undoubtedly,"Undoubtedly, the report is not accurate."
undoubtedly,"Undoubtedly, the report is not accurate."
unquestionably,There is unquestionably a correlation between X and Y.
unquestionably,The correlation between X and Y is unquestionably evident.
unquestionably,Unquestionably there is a correlation between X and Y.
unquestionably,There is unquestionably a correlation between X and Y.
unquestionably,There is undeniably a correlation between X and Y.
unquestionably,unquestionably there is a correlation between X and Y.
unquestionably,There is unquestionably a correlation between X and Y.
unquestionably,There is unquestionably a correlation between X and Y.
unquestionably,It is unquestionably correlated that X and Y.
unquestionably,"Unquestionably, there is a correlation between X and Y."
unquestionably,There is unquestionably a correlation between X and Y.
unquestionably,There is unquestionably a correlation between X and Y.
unquestionably,There is unquestionably a correlation between X and Y.
unquestionably,There is unquestionably a correlation between X and Y.
unquestionably,There is unquestionably a correlation between X and Y.
unquestionably,"Unquestionably, there is a correlation between X and Y."
unquestionably,There is unquestionably a correlation between X and Y.
unquestionably,Unquestionably there is a correlation between X and Y.
unquestionably,"Unquestionably, there is a correlation between X and Y."
unquestionably,There is unquestionably a correlation between X and Y.
without a doubt,"It rains tomorrow, without a doubt."
without a doubt,It will rain tomorrow without a doubt.
without a doubt,"It rains tomorrow, without a doubt."
without a doubt,It rains tomorrow without a doubt.
without a doubt,It rains tomorrow without a doubt.
without a doubt,It rains tomorrow without a doubt.
without a doubt,"Without a doubt, it rains tomorrow."
without a doubt,"It rains tomorrow, without a doubt."
without a doubt,"It rains tomorrow, without a doubt."
without a doubt,"Without a doubt, it rains tomorrow."
without a doubt,"Without a doubt, it rains tomorrow."
without a doubt,"It will rain tomorrow, without a doubt."
without a doubt,"It rains tomorrow, without a doubt."
without a doubt,It will rain tomorrow without a doubt.
without a doubt,It rains tomorrow without a doubt.
without a doubt,It rains tomorrow without a doubt.
without a doubt,"Without a doubt, the capital of France is Paris."
without a doubt,It rains tomorrow without a doubt.
without a doubt,It rains tomorrow without a doubt.
without a doubt,It rains tomorrow without a doubt.
for certain,The city is the oldest in the country for certain.
for certain,The city is for certain the oldest in the country.
for certain,The city is the oldest in the country for certain.
for certain,The city is the oldest in the country for certain.
for certain,"The city is, for certain, the oldest in the country."
for certain,The city is the oldest in the country for certain.
for certain,The city is the oldest in the country for certain.
for certain,"The city is the oldest in the country, for certain."
for certain,For certain the city is the oldest in the country.
for certain,"The city is the oldest in the country, for certain."
for certain,"The city is the oldest in the country, for certain."
for certain,"The city is, for certain, the oldest in the country."
for certain,"The city is the oldest in the country, for certain."
for certain,The city is the oldest in the country for certain.
for certain,"The city is the oldest in the country, for certain."
for certain,The city is the oldest in the country for certain.
for certain,The city is for certain the oldest in the country.
for certain,The city is for certain the oldest in the country.
for certain,The city is for certain the oldest in the country.
for certain,It is for certain that the city is the oldest in the country.
without question,The report is not accurate without question.
without question,"Without question, the report is not accurate."
without question,The report is not accurate without question.
without question,"The report is not accurate, without question."
without question,"The report is not accurate, without question."
without question,The report is not accurate without question.
without question,The report is not accurate without question.
without question,The report is not accurate without question.
without question,The report is not accurate without question.
without question,The report is not accurate without question.
without question,"The report is not accurate, without question."
without question,The report is not accurate without question.
without question,The report is not accurate without question.
without question,The report is not accurate without question.
without question,"Without question, the report is not accurate."
without question,The report is not accurate without question.
without question,"The report is not accurate, without question."
without question,The report is not accurate without question.
without question,The report is not accurate without question.
without question,The report is not accurate without question.
clearly,The city is clearly the oldest in the country.
clearly,The city is clearly the oldest in the country.
clearly,The city is clearly the oldest in the country.
clearly,Clearly the city is the oldest in the country.
clearly,The city is clearly the oldest in the country.
clearly,The city is clearly the oldest in the country.
clearly,Clearly the city is the oldest in the country.
clearly,The city is clearly the oldest in the country.
clearly,The city is clearly the oldest in the country.
clearly,The city is clearly the oldest in the country.
clearly,The city is clearly the oldest in the country.
clearly,The city is clearly the oldest in the country.
clearly,Clearly the city is the oldest in the country.
clearly,Clearly the city is the oldest in the country.
clearly,"Clearly, the city is the oldest in the country."
clearly,The city is clearly the oldest in the country.
clearly,The city is clearly the oldest in the country.
clearly,The city is clearly the oldest in the country.
clearly,The city is clearly the oldest in the country.
clearly,"Clearly, the city is the oldest in the country."
obviously,"Obviously, the movie is good."
obviously,The movie is obviously good.
obviously,"Obviously, the movie is good."
obviously,"Obviously, the movie is good."
obviously,"Obviously, the movie is good."
obviously,"Obviously, the movie is good."
obviously,The movie is obviously good.
obviously,The movie is obviously good.
obviously,The movie is obviously good.
obviously,The movie is obviously good.
obviously,The movie is obviously good.
obviously,The movie is obviously good.
obviously,"Obviously, the movie is good."
obviously,The movie is obviously good.
obviously,Obviously the movie is good.
obviously,The movie is obviously good.
obviously,Obviously the movie is good.
obviously,The movie is obviously good.
obviously,The movie is obviously good.
obviously,The movie is obviously good.
evidently,The experiment evidently shows a significant effect.
evidently,The experiment evidently shows a significant effect.
evidently,"Evidently, the experiment shows a significant effect."
evidently,"The experiment shows a significant effect, evidently."
evidently,"Evidently, the experiment shows a significant effect."
evidently,The experiment evidently shows a significant effect.
evidently,"Evidently, the experiment shows a significant effect."
evidently,The experiment evidently shows a significant effect.
evidently,The experiment evidently shows a significant effect.
evidently,The experiment evidently shows a significant effect.
evidently,Evidently the experiment shows a significant effect.
evidently,The experiment evidently shows a significant effect.
evidently,Evidently the experiment shows a significant effect.
evidently,The experiment evidently shows a significant effect.
evidently,The experiment evidently shows a significant effect.
evidently,"Evidently, the experiment shows a significant effect."
evidently,Evidently the experiment shows a significant effect.
evidently,The experiment evidently shows a significant effect.
evidently,The experiment evidently shows a significant effect.
evidently,"Evidently, the experiment shows a significant effect."
plainly,The neighbor is plainly home.
plainly,The neighbor is plainly home.
plainly,The neighbor is plainly home.
plainly,The neighbor is plainly home.
plainly,The neighbor is plainly home.
plainly,The neighbor is plainly home.
plainly,The neighbor is plainly home.
plainly,The neighbor is plainly home.
plainly,Plainly the neighbor is home.
plainly,The neighbor is plainly home.
plainly,"Plainly, the neighbor is home."
plainly,The neighbor is plainly home.
plainly,Plainly the neighbor is home.
plainly,"Plainly, the neighbor is home."
plainly,The neighbor is plainly home.
plainly,The neighbor is plainly at home.
plainly,The neighbor is plainly home.
plainly,The neighbor is plainly home.
plainly,The neighbor is plainly home.
plainly,The neighbor is plainly home.
surely,The new policy surely improves the economy.
surely,The new policy surely improves the economy.
surely,Surely the new policy improves the economy.
surely,The new policy surely improves the economy.
surely,The new policy surely improves the economy.
surely,Surely the new policy improves the economy.
surely,Surely the new policy improves the economy.
surely,The new policy surely improves the economy.
surely,The new policy surely improves the economy.
surely,The new policy surely improves the economy.
surely,The new policy surely improves the economy.
surely,The new policy surely improves the economy.
surely,The new policy surely improves the economy.
surely,Surely the new policy improves the economy.
surely,Surely the new policy improves the economy.
surely,Surely the new policy improves the economy.
surely,"Surely, the new policy improves the economy."
surely,Surely the new policy improves the economy.
surely,The new policy surely improves the economy.
surely,The new policy surely improves the economy.
assuredly,The movie is assuredly good.
assuredly,The movie is assuredly good.
assuredly,The movie is assuredly good.
assuredly,"The movie is good, assuredly."
assuredly,"The movie is good, assuredly."
assuredly,The movie is assuredly good.
assuredly,The movie is assuredly good.
assuredly,The movie is assuredly good.
assuredly,"Assuredly, the movie is good."
assuredly,The movie is good assuredly.
assuredly,The movie is assuredly good.
assuredly,The movie is assuredly good.
assuredly,"The movie is good, assuredly."
assuredly,"The movie is good, assuredly."
assuredly,The movie is assuredly good.
assuredly,The movie is assuredly good.
assuredly,The movie is assuredly good.
assuredly,The movie is assuredly good.
assuredly,The movie is assuredly good.
assuredly,"The movie is good, assuredly."
positively,There is positively a correlation between X and Y.
positively,"There is a correlation between X and Y, positively."
positively,There is a correlation between X and Y positively.
positively,The correlation between X and Y is positively observed.
positively,There is a positively correlation between X and Y.
positively,There is positively a correlation between X and Y.
positively,The correlation between X and Y is positively observed.
positively,It positively correlates X and Y.
positively,There is a correlation between X and Y positively.
positively,X is positively correlated with Y.
positively,There is a correlation between X and Y positively.
positively,There is a positively correlation between X and Y.
positively,"Positively, there is a correlation between X and Y."
positively,"There is a correlation between X and Y, positively."
positively,There is a positive correlation between X and Y.
positively,There is a positively correlated relationship between X and Y.
positively,X and Y are positively correlated.
positively,There is a positively correlation between X and Y.
positively,There is positively a correlation between X and Y.
positively,X and Y are positively correlated.
categorically,The report is categorically not accurate.
categorically,The report is categorically not accurate.
categorically,The report is categorically inaccurate.
categorically,The report is categorically not accurate.
categorically,The report is categorically not accurate.
categorically,The report is categorically not accurate.
categorically,The report is categorically not accurate.
categorically,"Categorically, the report is not accurate."
categorically,"Categorically, the report is not accurate."
categorically,The report categorically is not accurate.
categorically,The report is categorically not accurate.
categorically,The report is categorically not accurate.
categorically,The report is categorically not accurate.
categorically,The report is categorically inaccurate.
categorically,The report is categorically not accurate.
categorically,"Categorically, the report is not accurate."
categorically,The report is categorically not accurate.
categorically,The report is categorically inaccurate.
categorically,The report is categorically not accurate.
categorically,The report is categorically not accurate.
unconditionally,The restaurant serves delicious food unconditionally.
unconditionally,The restaurant serves delicious food unconditionally.
unconditionally,The restaurant serves delicious food unconditionally.
unconditionally,The restaurant serves delicious food unconditionally.
unconditionally,The restaurant serves delicious food unconditionally.
unconditionally,The restaurant serves delicious food unconditionally.
unconditionally,The restaurant serves delicious food unconditionally.
unconditionally,The restaurant serves delicious food unconditionally.
unconditionally,The restaurant serves unconditionally delicious food.
unconditionally,The restaurant unconditionally serves delicious food.
unconditionally,The restaurant serves delicious food unconditionally.
unconditionally,I unconditionally think the restaurant serves delicious food.
unconditionally,The restaurant serves delicious food unconditionally.
unconditionally,The restaurant serves delicious food unconditionally.
unconditionally,The restaurant serves delicious food unconditionally.
unconditionally,The restaurant serves delicious food unconditionally.
unconditionally,The restaurant serves delicious food unconditionally.
unconditionally,The restaurant serves food that is unconditionally delicious.
unconditionally,The restaurant serves delicious food unconditionally.
unconditionally,Unconditionally the restaurant serves delicious food.
indisputably,The new product is indisputably successful in the market.
indisputably,The new product is indisputably successful in the market.
indisputably,"Indisputably, the new product is successful in the market."
indisputably,The new product is indisputably successful in the market.
indisputably,The new product is indisputably successful in the market.
indisputably,The new product is indisputably successful in the market.
indisputably,The new product is indisputably successful in the market.
indisputably,"Indisputably, the new product is successful in the market."
indisputably,The new product is indisputably successful in the market.
indisputably,Indisputably the new product is successful in the market.
indisputably,Indisputably the new product is successful in the market.
indisputably,The new product is indisputably successful in the market.
indisputably,The new product is indisputably successful in the market.
indisputably,The new product is indisputably successful in the market.
indisputably,The new product is indisputably successful in the market.
indisputably,The new product is indisputably successful in the market.
indisputably,"Indisputably, the new product is successful in the market."
indisputably,The new product is indisputably successful in the market.
indisputably,The new product is indisputably successful in the market.
indisputably,The new product is indisputably successful in the market.
indubitably,The book is indubitably informative.
indubitably,The book is indubitably informative.
indubitably,The book is indubitably informative.
indubitably,The book is indubitably informative.
indubitably,The book is indubitably informative.
indubitably,"Indubitably, the book is informative."
indubitably,The book is indubitably informative.
indubitably,The book is indubitably informative.
indubitably,"Indubitably, the book is informative."
indubitably,The book is indubitably informative.
indubitably,The book is indubitably informative.
indubitably,The book is indubitably informative.
indubitably,The book is indubitably informative.
indubitably,The book is indubitably informative.
indubitably,The book is indubitably informative.
indubitably,The book is indubitably informative.
indubitably,The book is indubitably informative.
indubitably,The book is indubitably informative.
indubitably,The book is indubitably informative.
indubitably,The book is indubitably informative.
unequivocally,"Unequivocally, there is a correlation between X and Y."
unequivocally,There is unequivocally a correlation between X and Y.
unequivocally,The correlation between X and Y is unequivocally established.
unequivocally,There is a correlation between X and Y unequivocally.
unequivocally,There is unequivocally a correlation between X and Y.
unequivocally,"Unequivocally, there is a correlation between X and Y."
unequivocally,There is unequivocally a correlation between X and Y.
unequivocally,"Unequivocally, there is a correlation between X and Y."
unequivocally,X and Y are unequivocally correlated.
unequivocally,"Unequivocally, there is a correlation between X and Y."
unequivocally,There is a unequivocally correlation between X and Y.
unequivocally,There is unequivocally a correlation between X and Y.
unequivocally,It is unequivocally true that there is a correlation between X and Y.
unequivocally,"Unequivocally, there is a correlation between X and Y."
unequivocally,There is unequivocally a correlation between X and Y.
unequivocally,"There is a correlation between X and Y, unequivocally."
unequivocally,The correlation between X and Y is unequivocally evident.
unequivocally,Unequivocally there is a correlation between X and Y.
unequivocally,There is unequivocally a correlation between X and Y.
unequivocally,There is unequivocally a correlation between X and Y.
of course,Of course the movie is good.
of course,Of course the movie is good.
of course,"Of course, the movie is good."
of course,"The movie is good, of course."
of course,Of course the movie is good.
of course,Of course the movie is good.
of course,"Of course, the movie is good."
of course,"The movie is good, of course."
of course,Of course the movie is good.
of course,"It is, of course, good."
of course,"The movie is good, of course."
of course,"The movie is good, of course."
of course,It is of course a good movie.
of course,"The movie is good, of course."
of course,"Of course, the movie is good."
of course,Of course the movie is good.
of course,"The movie is good, of course."
of course,Of course the movie is good.
of course,"The movie is good, of course."
of course,"Of course, the movie is good."
naturally,The neighbor is naturally home.
naturally,The neighbor is naturally home.
naturally,The neighbor is home naturally.
naturally,"Naturally, the neighbor is home."
naturally,"Naturally, the neighbor is home."
naturally,The neighbor is naturally home.
naturally,The neighbor is naturally home.
naturally,"Naturally, the neighbor is home."
naturally,"Naturally, the neighbor is home."
naturally,The neighbor is naturally home.
naturally,The neighbor is naturally home.
naturally,The neighbor is naturally home.
naturally,The neighbor is naturally at home.
naturally,"Naturally, the neighbor is home."
naturally,The neighbor is naturally home.
naturally,The neighbor is naturally home.
naturally,The neighbor is naturally home.
naturally,"Naturally, the neighbor is home."
naturally,"Naturally, the neighbor is home."
naturally,Naturally the neighbor is home.
needless to say,"Needless to say, the movie is good."
needless to say,"Needless to say, the movie is good."
needless to say,"Needless to say, the movie is good."
needless to say,"Needless to say, the movie is good."
needless to say,"Needless to say, the movie is good."
needless to say,"Needless to say, the movie is good."
needless to say,"Needless to say, the movie is good."
needless to say,"Needless to say, the movie is good."
needless to say,"Needless to say, the movie is good."
needless to say,"Needless to say, the movie is good."
needless to say,Needless to say the movie is good.
needless to say,"Needless to say, the movie is good."
needless to say,"Needless to say, the movie is good."
needless to say,"Needless to say, the movie is good."
needless to say,"Needless to say, the movie is good."
needless to say,"Needless to say, the movie is good."
needless to say,"Needless to say, the movie is good."
needless to say,"Needless to say, the movie is good."
needless to say,"Needless to say, the movie is good."
needless to say,"Needless to say, the movie is good."
it goes without saying,It goes without saying that the experiment shows a significant effect.
it goes without saying,It goes without saying that the experiment shows a significant effect.
it goes without saying,It goes without saying that the experiment shows a significant effect.
it goes without saying,It goes without saying that the experiment shows a significant effect.
it goes without saying,It goes without saying that the experiment shows a significant effect.
it goes without saying,It goes without saying the experiment shows a significant effect.
it goes without saying,It goes without saying that the experiment shows a significant effect.
it goes without saying,It goes without saying that the experiment shows a significant effect.
it goes without saying,It goes without saying that the experiment shows a significant effect.
it goes without saying,It goes without saying that the experiment shows a significant effect.
it goes without saying,It goes without saying that the experiment shows a significant effect.
it goes without saying,It goes without saying that the experiment shows a significant effect.
it goes without saying,It goes without saying that the experiment shows a significant effect.
it goes without saying,It goes without saying that the experiment shows a significant effect.
it goes without saying,It goes without saying that the experiment shows a significant effect.
it goes without saying,It goes without saying that the experiment shows a significant effect.
it goes without saying,It goes without saying that the experiment shows a significant effect.
it goes without saying,It goes without saying that the experiment shows a significant effect.
it goes without saying,It goes without saying that the experiment shows a significant effect.
it goes without saying,It goes without saying that the experiment shows a significant effect.
there is no doubt that,There is no doubt that it rains tomorrow.
there is no doubt that,There is no doubt that it rains tomorrow.
there is no doubt that,There is no doubt that it rains tomorrow.
there is no doubt that,There is no doubt that it rains tomorrow.
there is no doubt that,There is no doubt that it rains tomorrow.
there is no doubt that,There is no doubt that it rains tomorrow.
there is no doubt that,There is no doubt that it will rain tomorrow.
there is no doubt that,There is no doubt that it rains tomorrow.
there is no doubt that,There is no doubt that it rains tomorrow.
there is no doubt that,There is no doubt that it rains tomorrow.
there is no doubt that,There is no doubt that it rains tomorrow.
there is no doubt that,There is no doubt that it rains tomorrow.
there is no doubt that,There is no doubt that it rains tomorrow.
there is no doubt that,There is no doubt that it rains tomorrow.
there is no doubt that,There is no doubt that it rains tomorrow.
there is no doubt that,There is no doubt that it rains tomorrow.
there is no doubt that,There is no doubt that it rains tomorrow.
there is no doubt that,There is no doubt that it rains tomorrow.
there is no doubt that,There is no doubt that it will rain tomorrow.
there is no doubt that,There is no doubt that it will rain tomorrow.
it is clear that,It is clear that the movie is good.
it is clear that,It is clear that the movie is good.
it is clear that,It is clear that the movie is good.
it is clear that,It is clear that the movie is good.
it is clear that,It is clear that the movie is good.
it is clear that,It is clear that the movie is good.
it is clear that,It is clear that the movie is good.
it is clear that,It is clear that the movie is good.
it is clear that,It is clear that the movie is good.
it is clear that,It is clear that the movie is good.
it is clear that,It is clear that the movie is good.
it is clear that,It is clear that the movie is good.
it is clear that,It is clear that the movie is good.
it is clear that,It is clear that the movie is good.
it is clear that,It is clear that the movie is good.
it is clear that,It is clear that the movie is good.
it is clear that,It is clear that the movie is good.
it is clear that,It is clear that the movie is good.
it is clear that,It is clear that the movie is good.
it is clear that,It is clear that the movie is good.
it is obvious that,It is obvious that the report is not accurate.
it is obvious that,It is obvious that the report is not accurate.
it is obvious that,It is obvious that the report is not accurate.
it is obvious that,It is obvious that the report is not accurate.
it is obvious that,It is obvious that the report is not accurate.
it is obvious that,It is obvious that the report is not accurate.
it is obvious that,It is obvious that the report is not accurate.
it is obvious that,It is obvious that the report is not accurate.
it is obvious that,It is obvious that the report is not accurate.
it is obvious that,It is obvious that the report is not accurate.
it is obvious that,It is obvious that the report is not accurate.
it is obvious that,It is obvious that the report is not accurate.
it is obvious that,It is obvious that the report is not accurate.
it is obvious that,It is obvious that the report is not accurate.
it is obvious that,It is obvious that the report is not accurate.
it is obvious that,It is obvious that the report is not accurate.
it is obvious that,It is obvious that the report is not accurate.
it is obvious that,It is obvious that the report is not accurate.
it is obvious that,It is obvious that the report is not accurate.
it is obvious that,It is obvious that the report is not accurate.
beyond question,It is beyond question that the neighbor is home.
beyond question,The neighbor is home beyond question.
beyond question,The neighbor is home beyond question.
beyond question,The neighbor being home is beyond question.
beyond question,It is beyond question that the neighbor is home.
beyond question,The neighbor is home beyond question.
beyond question,The neighbor is home beyond question.
beyond question,The neighbor being home is beyond question.
beyond question,It is beyond question that the neighbor is home.
beyond question,"The neighbor is home, beyond question."
beyond question,"Beyond question, the neighbor is home."
beyond question,The neighbor being home is beyond question.
beyond question,It is beyond question that the neighbor is home.
beyond question,It is beyond question that the neighbor is home.
beyond question,"The neighbor is home, beyond question."
beyond question,"Beyond question, the neighbor is home."
beyond question,"Beyond question, the neighbor is home."
beyond question,It is beyond question that the neighbor is home.
beyond question,"beyond question, the neighbor is home."
beyond question,The neighbor is home beyond question.
beyond doubt,The movie is good beyond doubt.
beyond doubt,The movie is good beyond doubt.
beyond doubt,The movie is good beyond doubt.
beyond doubt,The movie is beyond doubt good.
beyond doubt,The movie is good beyond doubt.
beyond doubt,The movie is good beyond doubt.
beyond doubt,The movie is good beyond doubt.
beyond doubt,The movie is good beyond doubt.
beyond doubt,The movie is good beyond doubt.
beyond doubt,The movie is beyond doubt a good film.
beyond doubt,The movie is good beyond doubt.
beyond doubt,The movie is good beyond doubt.
beyond doubt,The movie is good beyond doubt.
beyond doubt,The movie is good beyond doubt.
beyond doubt,The movie is good beyond doubt.
beyond doubt,"Beyond doubt, the movie is good."
beyond doubt,It is beyond doubt that the movie is good.
beyond doubt,The movie is good beyond doubt.
beyond doubt,The movie is good beyond doubt.
beyond doubt,The movie is beyond doubt a good one.
beyond a shadow of a doubt,The experiment shows a significant effect beyond a shadow of a doubt.
beyond a shadow of a doubt,The experiment shows a significant effect beyond a shadow of a doubt.
beyond a shadow of a doubt,The experiment shows a significant effect beyond a shadow of a doubt.
beyond a shadow of a doubt,"Beyond a shadow of a doubt, the experiment shows a significant effect."
beyond a shadow of a doubt,The experiment shows a significant effect beyond a shadow of a doubt.
beyond a shadow of a doubt,"Beyond a shadow of a doubt, the experiment shows a significant effect."
beyond a shadow of a doubt,The experiment shows a significant effect beyond a shadow of a doubt.
beyond a shadow of a doubt,Beyond a shadow of a doubt the experiment shows a significant effect.
beyond a shadow of a doubt,The experiment shows a significant effect beyond a shadow of a doubt.
beyond a shadow of a doubt,The experiment shows a significant effect beyond a shadow of a doubt.
beyond a shadow of a doubt,The experiment shows a significant effect beyond a shadow of a doubt.
beyond a shadow of a doubt,The experiment shows a significant effect beyond a shadow of a doubt.
beyond a shadow of a doubt,The experiment shows a significant effect beyond a shadow of a doubt.
beyond a shadow of a doubt,"Beyond a shadow of a doubt, the experiment shows a significant effect."
beyond a shadow of a doubt,The experiment shows a significant effect beyond a shadow of a doubt.
beyond a shadow of a doubt,The experiment shows a significant effect beyond a shadow of a doubt.
beyond a shadow of a doubt,The experiment shows a significant effect beyond a shadow of a doubt.
beyond a shadow of a doubt,"Beyond a shadow of a doubt, the experiment shows a significant effect."
beyond a shadow of a doubt,The experiment shows a significant effect beyond a shadow of a doubt.
beyond a shadow of a doubt,The experiment shows a significant effect beyond a shadow of a doubt.
manifestly,The experiment manifestly shows a significant effect.
manifestly,Manifestly the experiment shows a significant effect.
manifestly,The experiment manifestly shows a significant effect.
manifestly,The experiment manifestly shows a significant effect.
manifestly,The experiment manifestly shows a significant effect.
manifestly,The experiment manifestly shows a significant effect.
manifestly,The experiment manifestly shows a significant effect.
manifestly,"Manifestly, the experiment shows a significant effect."
manifestly,The experiment manifestly shows a significant effect.
manifestly,The experiment manifestly shows a significant effect.
manifestly,The experiment manifestly shows a significant effect.
manifestly,The experiment manifestly shows a significant effect.
manifestly,The experiment manifestly shows a significant effect.
manifestly,The experiment manifestly shows a significant effect.
manifestly,The experiment manifestly shows a significant effect.
manifestly,The experiment manifestly shows a significant effect.
manifestly,The experiment manifestly shows a significant effect.
manifestly,Manifestly the experiment shows a significant effect.
manifestly,Manifestly the experiment shows a significant effect.
manifestly,The experiment manifestly shows a significant effect.
patently,The new product is patently successful in the market.
patently,The new product is patently successful in the market.
patently,The new product is patently successful in the market.
patently,The new product is patently successful in the market.
patently,"Patently, the new product is successful in the market."
patently,The new product is patently successful in the market.
patently,The new product is patently successful in the market.
patently,Patently the new product is successful in the market.
patently,"Patently, the new product is successful in the market."
patently,The new product is patently successful in the market.
patently,The new product is patently successful in the market.
patently,Patently the new product is successful in the market.
patently,The new product is patently successful in the market.
patently,The new product is patently successful in the market.
patently,The new product is patently successful in the market.
patently,The new product is patently successful in the market.
patently,The new product is patently successful in the market.
patently,The new product is patently successful in the market.
patently,Patently the new product is successful in the market.
patently,The new product is patently successful in the market.
demonstrably,The new product is demonstrably successful in the market.
demonstrably,The new product is demonstrably successful in the market.
demonstrably,The new product is demonstrably successful in the market.
demonstrably,The new product is demonstrably successful in the market.
demonstrably,"Demonstrably, the new product is successful in the market."
demonstrably,The new product is demonstrably successful in the market.
demonstrably,The new product is demonstrably successful in the market.
demonstrably,The new product is demonstrably successful in the market.
demonstrably,The new product is demonstrably successful in the market.
demonstrably,The new product is demonstrably successful in the market.
demonstrably,The new product is demonstrably successful in the market.
demonstrably,The new product is demonstrably successful in the market.
demonstrably,The new product is demonstrably successful in the market.
demonstrably,The new product is demonstrably successful in the market.
demonstrably,The new product is demonstrably successful in the market.
demonstrably,The new product is demonstrably successful in the market.
demonstrably,The new product is demonstrably successful in the market.
demonstrably,The new product is demonstrably successful in the market.
demonstrably,The new product is demonstrably successful in the market.
demonstrably,The new product is demonstrably successful in the market.
incontrovertibly,The new policy incontrovertibly improves the economy.
incontrovertibly,The new policy improves the economy incontrovertibly.
incontrovertibly,The new policy incontrovertibly improves the economy.
incontrovertibly,The new policy incontrovertibly improves the economy.
incontrovertibly,The new policy incontrovertibly improves the economy.
incontrovertibly,The new policy incontrovertibly improves the economy.
incontrovertibly,The new policy incontrovertibly improves the economy.
incontrovertibly,The new policy incontrovertibly improves the economy.
incontrovertibly,The new policy improves the economy incontrovertibly.
incontrovertibly,The new policy incontrovertibly improves the economy.
incontrovertibly,"Incontrovertibly, the new policy improves the economy."
incontrovertibly,The new policy incontrovertibly improves the economy.
incontrovertibly,The new policy incontrovertibly improves the economy.
incontrovertibly,The new policy incontrovertibly improves the economy.
incontrovertibly,The new policy incontrovertibly improves the economy.
incontrovertibly,The new policy improves the economy incontrovertibly.
incontrovertibly,The new policy incontrovertibly improves the economy.
incontrovertibly,The new policy incontrovertibly improves the economy.
incontrovertibly,The new policy incontrovertibly improves the economy.
incontrovertibly,"Incontrovertibly, the new policy improves the economy."
incontestably,The medication is incontestably effective in treating the disease.
incontestably,The medication is incontestably effective in treating the disease.
incontestably,The medication is incontestably effective in treating the disease.
incontestably,The medication is incontestably effective in treating the disease.
incontestably,The medication is incontestably effective in treating the disease.
incontestably,Incontestably the medication is effective in treating the disease.
incontestably,The medication is incontestably effective in treating the disease.
incontestably,The medication is incontestably effective in treating the disease.
incontestably,"Incontestably, the medication is effective in treating the disease."
incontestably,The medication is incontestably effective in treating the disease.
incontestably,The medication is effective incontestably in treating the disease.
incontestably,The medication is incontestably effective in treating the disease.
incontestably,The medication is incontestably effective in treating the disease.
incontestably,The medication is incontestably effective in treating the disease.
incontestably,The medication is incontestably effective in treating the disease.
incontestably,The medication is incontestably effective in treating the disease.
incontestably,The medication is incontestably effective in treating the disease.
incontestably,The medication is incontestably effective in treating the disease.
incontestably,The medication is incontestably effective in treating the disease.
incontestably,The medication is incontestably effective in treating the disease.
almost certainly,The report is almost certainly not accurate.
almost certainly,The report is almost certainly not accurate.
almost certainly,The report is almost certainly not accurate.
almost certainly,The report is almost certainly not accurate.
almost certainly,The report is almost certainly not accurate.
almost certainly,The report is almost certainly not accurate.
almost certainly,The report is almost certainly inaccurate.
almost certainly,The report is almost certainly not accurate.
almost certainly,The report is almost certainly not accurate.
almost certainly,The report is almost certainly not accurate.
almost certainly,The report is almost certainly not accurate.
almost certainly,The report is almost certainly not accurate.
almost certainly,The report is almost certainly not accurate.
almost certainly,The report is almost certainly not accurate.
almost certainly,The report is almost certainly not accurate.
almost certainly,The report is almost certainly not accurate.
almost certainly,The report is almost certainly not accurate.
almost certainly,The report is almost certainly not accurate.
almost certainly,The report is almost certainly not accurate.
almost certainly,The report is almost certainly not accurate.
very likely,The restaurant serves very likely delicious food.
very likely,It is very likely that the restaurant serves delicious food.
very likely,The restaurant very likely serves delicious food.
very likely,It is very likely that the restaurant serves delicious food.
very likely,The restaurant very likely serves delicious food.
very likely,It is very likely that the restaurant serves delicious food.
very likely,The restaurant very likely serves delicious food.
very likely,The restaurant very likely serves delicious food.
very likely,The restaurant very likely serves delicious food.
very likely,"The restaurant serves delicious food, very likely."
very likely,The restaurant very likely serves delicious food.
very likely,The restaurant very likely serves delicious food.
very likely,"The restaurant serves delicious food, very likely."
very likely,The restaurant serves very likely delicious food.
very likely,Very likely the restaurant serves delicious food.
very likely,It is very likely that the restaurant serves delicious food.
very likely,The restaurant very likely serves delicious food.
very likely,The restaurant very likely serves delicious food.
very likely,The restaurant very likely serves delicious food.
very likely,The restaurant very likely serves delicious food.
highly likely,The restaurant is highly likely to serve delicious food.
highly likely,It is highly likely that the restaurant serves delicious food.
highly likely,The restaurant is highly likely to serve delicious food.
highly likely,The restaurant is highly likely to serve delicious food.
highly likely,It is highly likely that the restaurant serves delicious food.
highly likely,The restaurant serves highly likely delicious food.
highly likely,It is highly likely that the restaurant serves delicious food.
highly likely,It is highly likely that the restaurant serves delicious food.
highly likely,The restaurant serves highly likely delicious food.
highly likely,The restaurant highly likely serves delicious food.
highly likely,The restaurant is highly likely to serve delicious food.
highly likely,It is highly likely that the restaurant serves delicious food.
highly likely,It is highly likely that the restaurant serves delicious food.
highly likely,"The restaurant serves delicious food, highly likely."
highly likely,The restaurant is highly likely to serve delicious food.
highly likely,The restaurant serves highly likely delicious food.
highly likely,It is highly likely that the restaurant serves delicious food.
highly likely,The restaurant is highly likely to serve delicious food.
highly likely,It is highly likely that the restaurant serves delicious food.
highly likely,It is highly likely that the restaurant serves delicious food.
in all likelihood,"In all likelihood, the restaurant serves delicious food."
in all likelihood,In all likelihood the restaurant serves delicious food.
in all likelihood,"In all likelihood, the restaurant serves delicious food."
in all likelihood,"In all likelihood, the restaurant serves delicious food."
in all likelihood,"In all likelihood, the restaurant serves delicious food."
in all likelihood,"In all likelihood, the restaurant serves delicious food."
in all likelihood,"In all likelihood, the restaurant serves delicious food."
in all likelihood,"In all likelihood, the restaurant serves delicious food."
in all likelihood,"In all likelihood, the restaurant serves delicious food."
in all likelihood,"In all likelihood, the restaurant serves delicious food."
in all likelihood,"In all likelihood, the restaurant serves delicious food."
in all likelihood,"In all likelihood, the restaurant serves delicious food."
in all likelihood,"In all likelihood, the restaurant serves delicious food."
in all likelihood,"In all likelihood, the restaurant serves delicious food."
in all likelihood,"In all likelihood, the restaurant serves delicious food."
in all likelihood,"In all likelihood, the restaurant serves delicious food."
in all likelihood,In all likelihood the restaurant serves delicious food.
in all likelihood,"In all likelihood, the restaurant serves delicious food."
in all likelihood,"In all likelihood, the restaurant serves delicious food."
in all likelihood,"In all likelihood, the restaurant serves delicious food."
in all probability,"In all probability, the restaurant serves delicious food."
in all probability,"In all probability, the restaurant serves delicious food."
in all probability,in all probability the restaurant serves delicious food.
in all probability,"The restaurant serves delicious food, in all probability."
in all probability,In all probability the restaurant serves delicious food.
in all probability,"In all probability, the restaurant serves delicious food."
in all probability,"In all probability, the restaurant serves delicious food."
in all probability,In all probability the restaurant serves delicious food.
in all probability,In all probability the restaurant serves delicious food.
in all probability,In all probability the restaurant serves delicious food.
in all probability,"In all probability, the restaurant serves delicious food."
in all probability,"In all probability, the restaurant serves delicious food."
in all probability,In all probability the restaurant serves delicious food.
in all probability,"In all probability, the restaurant serves delicious food."
in all probability,"In all probability, the restaurant serves delicious food."
in all probability,"In all probability, the restaurant serves delicious food."
in all probability,"In all probability, the restaurant serves delicious food."
in all probability,"In all probability, the restaurant serves delicious food."
in all probability,In all probability the restaurant serves delicious food.
in all probability,"In all probability, the restaurant serves delicious food."
almost definitely,The restaurant almost definitely serves delicious food.
almost definitely,The restaurant almost definitely serves delicious food.
almost definitely,"The restaurant serves delicious food, almost definitely."
almost definitely,The restaurant almost definitely serves delicious food.
almost definitely,The restaurant almost definitely serves delicious food.
almost definitely,"The restaurant serves delicious food, almost definitely."
almost definitely,"The restaurant serves delicious food, almost definitely."
almost definitely,The restaurant serves delicious food almost definitely.
almost definitely,The restaurant almost definitely serves delicious food.
almost definitely,The restaurant almost definitely serves delicious food.
almost definitely,The restaurant almost definitely serves delicious food.
almost definitely,The restaurant almost definitely serves delicious food.
almost definitely,The restaurant serves almost definitely delicious food.
almost definitely,The restaurant serves almost definitely delicious food.
almost definitely,The restaurant serves delicious food almost definitely.
almost definitely,The restaurant almost definitely serves delicious food.
almost definitely,The restaurant almost definitely serves delicious food.
almost definitely,The restaurant serves food that is almost definitely delicious.
almost definitely,"The restaurant serves delicious food, almost definitely."
almost definitely,"The restaurant serves delicious food, almost definitely."
without reservation,"Without reservation, the report is not accurate."
without reservation,The report is not accurate without reservation.
without reservation,The report is not accurate without reservation.
without reservation,The report is not accurate without reservation.
without reservation,The report is not accurate without reservation.
without reservation,The report is not accurate without reservation.
without reservation,The report is not accurate without reservation.
without reservation,The report is not accurate without reservation.
without reservation,The report is not accurate without reservation.
without reservation,The report is not accurate without reservation.
without reservation,The report is without reservation.
without reservation,"The report is, without reservation, not accurate."
without reservation,The report is not accurate without reservation.
without reservation,The report is not accurate without reservation.
without reservation,The report is not accurate without reservation.
without reservation,"Without reservation, the report is not accurate."
without reservation,I am certain without reservation that the report is not accurate.
without reservation,The report is accurate without reservation.
without reservation,The report is not accurate without reservation.
without reservation,The report is not accurate without reservation.
all but certain,"All but certain, the neighbor is home."
all but certain,All but certain the neighbor is home.
all but certain,"The neighbor is home, all but certain."
all but certain,"The neighbor is home, all but certain."
all but certain,"The neighbor is home, all but certain."
all but certain,The neighbor is all but certain to be home.
all but certain,All but certain that the neighbor is home.
all but certain,All but certain the neighbor is home.
all but certain,"All but certain, the neighbor is home."
all but certain,"All but certain, the neighbor is home."
all but certain,All but certain the neighbor is home.
all but certain,"The neighbor is home, all but certain."
all but certain,All but certain the neighbor is home.
all but certain,The neighbor is all but certain home.
all but certain,"All but certain, the neighbor is home."
all but certain,The neighbor is all but certain to be home.
all but certain,"All but certain, the neighbor is home."
all but certain,"The neighbor is home, all but certain."
all but certain,"The neighbor is home, all but certain."
all but certain,"The neighbor is home, all but certain."
virtually certain,It is virtually certain that the restaurant serves delicious food.
virtually certain,The restaurant serves food that is virtually certain to be delicious.
virtually certain,"The restaurant serves delicious food, virtually certain."
virtually certain,It is virtually certain that the restaurant serves delicious food.
virtually certain,It is virtually certain that the restaurant serves delicious food.
virtually certain,The restaurant serves food that is virtually certain to be delicious.
virtually certain,It is virtually certain that the restaurant serves delicious food.
virtually certain,It is virtually certain that the restaurant serves delicious food.
virtually certain,I am virtually certain that the restaurant serves delicious food.
virtually certain,I am virtually certain that the restaurant serves delicious food.
virtually certain,I am virtually certain the restaurant serves delicious food.
virtually certain,It is virtually certain that the restaurant serves delicious food.
virtually certain,It is virtually certain that the restaurant serves delicious food.
virtually certain,It is virtually certain that the restaurant serves delicious food.
virtually certain,It is virtually certain that the restaurant serves delicious food.
virtually certain,"The restaurant serves delicious food, virtually certain."
virtually certain,"The restaurant serves delicious food, virtually certain."
virtually certain,The restaurant serves food that is virtually certain to be delicious.
virtually certain,It is virtually certain that the restaurant serves delicious food.
virtually certain,It is virtually certain that the restaurant serves delicious food.
as good as certain,"The neighbor is home, as good as certain."
as good as certain,"The neighbor is home, as good as certain."
as good as certain,"The neighbor is home, as good as certain."
as good as certain,"The neighbor is home, as good as certain."
as good as certain,The neighbor is home as good as certain.
as good as certain,The neighbor is home as good as certain.
as good as certain,The neighbor is home as good as certain.
as good as certain,The neighbor is home as good as certain.
as good as certain,"The neighbor is home, as good as certain."
as good as certain,"The neighbor is home, as good as certain."
as good as certain,"The neighbor is home, as good as certain."
as good as certain,"The neighbor is home, as good as certain."
as good as certain,"The neighbor is home, as good as certain."
as good as certain,"The neighbor is home, as good as certain."
as good as certain,"The neighbor is home, as good as certain."
as good as certain,"The neighbor is home, as good as certain."
as good as certain,"The neighbor is home, as good as certain."
as good as certain,"The neighbor is home, as good as certain."
as good as certain,"The neighbor is home, as good as certain."
as good as certain,"The neighbor is home, as good as certain."
overwhelmingly likely,The new policy is overwhelmingly likely to improve the economy.
overwhelmingly likely,"Overwhelmingly likely, the new policy improves the economy."
overwhelmingly likely,The new policy is overwhelmingly likely to improve the economy.
overwhelmingly likely,The new policy is overwhelmingly likely to improve the economy.
overwhelmingly likely,The new policy is overwhelmingly likely to improve the economy.
overwhelmingly likely,The new policy is overwhelmingly likely to improve the economy.
overwhelmingly likely,The new policy is overwhelmingly likely to improve the economy.
overwhelmingly likely,The new policy is overwhelmingly likely to improve the economy.
overwhelmingly likely,The new policy is overwhelmingly likely to improve the economy.
overwhelmingly likely,It is overwhelmingly likely that the new policy improves the economy.
overwhelmingly likely,"Overwhelmingly likely, the new policy improves the economy."
overwhelmingly likely,The new policy is overwhelmingly likely to improve the economy.
overwhelmingly likely,The new policy is overwhelmingly likely to improve the economy.
overwhelmingly likely,The new policy is overwhelmingly likely to improve the economy.
overwhelmingly likely,The new policy overwhelmingly likely improves the economy.
overwhelmingly likely,The new policy is overwhelmingly likely to improve the economy.
overwhelmingly likely,The new policy is overwhelmingly likely to improve the economy.
overwhelmingly likely,It is overwhelmingly likely that the new policy improves the economy.
overwhelmingly likely,Overwhelmingly likely the new policy improves the economy.
overwhelmingly likely,The new policy is overwhelmingly likely to improve the economy.
strongly supported,The movie is strongly supported as good.
strongly supported,"The movie is good, strongly supported."
strongly supported,The movie is strongly supported.
strongly supported,"The movie is good, strongly supported."
strongly supported,"The movie is good, strongly supported."
strongly supported,"The movie is good, strongly supported."
strongly supported,"The movie is good, strongly supported."
strongly supported,"The movie is good, strongly supported."
strongly supported,The movie is strongly supported as good.
strongly supported,"The movie is good, strongly supported."
strongly supported,"The movie is good, which is strongly supported."
strongly supported,"The movie is good, strongly supported."
strongly supported,It is strongly supported that the movie is good.
strongly supported,"The movie is good, strongly supported."
strongly supported,The claim that the movie is good is strongly supported.
strongly supported,The movie is strongly supported.
strongly supported,The movie is strongly supported as good.
strongly supported,"The movie is good, strongly supported."
strongly supported,The movie is strongly supported as good.
strongly supported,"The movie is good, strongly supported."
well-established,The report is not well-established accurate.
well-established,The report is not well-established accurate.
well-established,The report is not well-established accurate.
well-established,The report is not well-established.
well-established,The report is not a well-established accurate.
well-established,The report is not well-established.
well-established,The report is well-established.
well-established,The report is not well-established.
well-established,The report is not well-established.
well-established,The report is not well-established.
well-established,The report is not well-established.
well-established,"The report is not accurate, well-established."
well-established,The report is well-established as not accurate.
well-established,The report is not well-established.
well-established,The report is well-established.
well-established,The report is well-established to be inaccurate.
well-established,The report is well-established as inaccurate.
well-established,It is well-established that the report is not accurate.
well-established,The report is not well-established as accurate.
well-established,The report is not well-established accurate.
widely confirmed,The city is widely confirmed to be the oldest in the country.
widely confirmed,The city is widely confirmed as the oldest in the country.
widely confirmed,The city is widely confirmed to be the oldest in the country.
widely confirmed,"The city is the oldest in the country, widely confirmed."
widely confirmed,The city is widely confirmed as the oldest in the country.
widely confirmed,The city is widely confirmed to be the oldest in the country.
widely confirmed,The city is widely confirmed to be the oldest in the country.
widely confirmed,The city is widely confirmed to be the oldest in the country.
widely confirmed,"The city is the oldest in the country, widely confirmed."
widely confirmed,"The city is the oldest in the country, widely confirmed."
widely confirmed,The city is widely confirmed as the oldest in the country.
widely confirmed,The city is widely confirmed as the oldest in the country.
widely confirmed,"The city is the oldest in the country, widely confirmed."
widely confirmed,The city is widely confirmed to be the oldest in the country.
widely confirmed,"The city is the oldest in the country, widely confirmed."
widely confirmed,The city is widely confirmed as the oldest in the country.
widely confirmed,It has been widely confirmed that the city is the oldest in the country.
widely confirmed,The city is widely confirmed to be the oldest in the country.
widely confirmed,The city is widely confirmed to be the oldest in the country.
widely confirmed,The city is widely confirmed to be the oldest in the country.
conclusively shown,"It rains tomorrow, conclusively shown."
conclusively shown,It conclusively shown it will rain tomorrow.
conclusively shown,It has conclusively shown that it will rain tomorrow.
conclusively shown,It is conclusively shown that it rains tomorrow.
conclusively shown,It has conclusively shown that it rains tomorrow.
conclusively shown,It is conclusively shown that it will rain tomorrow.
conclusively shown,It is conclusively shown that it rains tomorrow.
conclusively shown,It is conclusively shown that it will rain tomorrow.
conclusively shown,It has conclusively shown that it will rain tomorrow.
conclusively shown,The results conclusively shown that the new drug effectively reduces symptoms.
conclusively shown,It conclusively shown that it rains tomorrow
conclusively shown,It has been conclusively shown that it will rain tomorrow.
conclusively shown,It was conclusively shown that it rains tomorrow.
conclusively shown,It conclusively shown that it will rain tomorrow.
conclusively shown,It has conclusively shown that it will rain tomorrow.
conclusively shown,It has conclusively shown that it will rain tomorrow.
conclusively shown,It has been conclusively shown that it rains tomorrow.
conclusively shown,It is conclusively shown that it will rain tomorrow.
conclusively shown,It has conclusively shown that it will rain tomorrow.
conclusively shown,It has been conclusively shown that it rains tomorrow.
probably,There is probably a correlation between X and Y.
probably,Probably there is a correlation between X and Y.
probably,There is probably a correlation between X and Y.
probably,Probably there is a correlation between X and Y.
probably,There is probably a correlation between X and Y.
probably,Probably there is a correlation between X and Y.
probably,There is probably a correlation between X and Y.
probably,Probably there is a correlation between X and Y.
probably,There is probably a correlation between X and Y.
probably,There is probably a correlation between X and Y.
probably,There is probably a correlation between X and Y.
probably,Probably there is a correlation between X and Y.
probably,"Probably, there is a correlation between X and Y."
probably,There is probably a correlation between X and Y.
probably,There is probably a correlation between X and Y.
probably,There is probably a correlation between X and Y.
probably,Probably there is a correlation between X and Y.
probably,There is probably a correlation between X and Y.
probably,Probably there is a correlation between X and Y.
probably,There is probably a correlation between X and Y.
likely,It is likely to rain tomorrow.
likely,It likely rains tomorrow.
likely,It is likely to rain tomorrow.
likely,It is likely to rain tomorrow.
likely,It is likely to rain tomorrow.
likely,It is likely it rains tomorrow.
likely,It is likely that it will rain tomorrow.
likely,It likely rains tomorrow.
likely,It likely rains tomorrow.
likely,It is likely to rain tomorrow.
likely,It is likely that it rains tomorrow.
likely,It is likely to rain tomorrow.
likely,It likely rains tomorrow.
likely,Likely it will rain tomorrow.
likely,It is likely that it rains tomorrow.
likely,"Likely, it rains tomorrow."
likely,It is likely to rain tomorrow.
likely,It likely rains tomorrow.
likely,It is likely to rain tomorrow.
likely,It is likely that it rains tomorrow.
presumably,"Presumably, the city is the oldest in the country."
presumably,"Presumably, the city is the oldest in the country."
presumably,"Presumably, the city is the oldest in the country."
presumably,"Presumably, the city is the oldest in the country."
presumably,"Presumably, the city is the oldest in the country."
presumably,Presumably the city is the oldest in the country.
presumably,Presumably the city is the oldest in the country.
presumably,"Presumably, the city is the oldest in the country."
presumably,"Presumably, the city is the oldest in the country."
presumably,Presumably the city is the oldest in the country.
presumably,Presumably the city is the oldest in the country.
presumably,The city is presumably the oldest in the country.
presumably,The city is presumably the oldest in the country.
presumably,The city is presumably the oldest in the country.
presumably,The city is presumably the oldest in the country.
presumably,The city is presumably the oldest in the country.
presumably,"Presumably, the city is the oldest in the country."
presumably,Presumably the city is the oldest in the country.
presumably,Presumably the city is the oldest in the country.
presumably,Presumably the city is the oldest in the country.
apparently,"Apparently, the medication is effective in treating the disease."
apparently,"Apparently, the medication is effective in treating the disease."
apparently,"Apparently, the medication is effective in treating the disease."
apparently,Apparently the medication is effective in treating the disease.
apparently,The medication is apparently effective in treating the disease.
apparently,The medication is apparently effective in treating the disease.
apparently,"Apparently, the medication is effective in treating the disease."
apparently,Apparently the medication is effective in treating the disease.
apparently,"Apparently, the medication is effective in treating the disease."
apparently,"Apparently, the medication is effective in treating the disease."
apparently,The medication is apparently effective in treating the disease.
apparently,The medication is apparently effective in treating the disease.
apparently,Apparently the medication is effective in treating the disease.
apparently,"Apparently, the medication is effective in treating the disease."
apparently,Apparently the medication is effective in treating the disease.
apparently,"Apparently, the medication is effective in treating the disease."
apparently,"Apparently, the medication is effective in treating the disease."
apparently,Apparently the medication is effective in treating the disease.
apparently,The medication is apparently effective in treating the disease.
apparently,The medication is apparently effective in treating the disease.
seemingly,The experiment seemingly shows a significant effect.
seemingly,The experiment seems to show a significant effect.
seemingly,The experiment seemingly shows a significant effect.
seemingly,The experiment seemingly shows a significant effect.
seemingly,The experiment seems to show a significant effect.
seemingly,The experiment seemingly shows a significant effect.
seemingly,The experiment seems to show a significant effect.
seemingly,The experiment shows a seemingly significant effect.
seemingly,The experiment seemingly shows a significant effect.
seemingly,The experiment seemingly shows a significant effect.
seemingly,The experiment seemingly shows a significant effect.
seemingly,The experiment seemingly shows a significant effect.
seemingly,The experiment seems to show a significant effect.
seemingly,The experiment seemingly shows a significant effect.
seemingly,The experiment seemingly shows a significant effect.
seemingly,The experiment shows a seemingly significant effect.
seemingly,The experiment seemingly shows a significant effect.
seemingly,The experiment seemingly shows a significant effect.
seemingly,The experiment seemingly shows a significant effect.
seemingly,The experiment shows a significant effect seemingly.
it seems,It seems the city is the oldest in the country.
it seems,It seems that the city is the oldest in the country.
it seems,It seems the city is the oldest in the country.
it seems,It seems the city is the oldest in the country.
it seems,It seems the city is the oldest in the country.
it seems,It seems that the city is the oldest in the country.
it seems,It seems the city is the oldest in the country.
it seems,It seems the city is the oldest in the country.
it seems,It seems the city is the oldest in the country.
it seems,It seems the city is the oldest in the country.
it seems,It seems the city is the oldest in the country.
it seems,It seems the city is the oldest in the country.
it seems,It seems the city is the oldest in the country.
it seems,It seems the city is the oldest in the country.
it seems,It seems the city is the oldest in the country.
it seems,It seems the city is the oldest in the country.
it seems,It seems that the city is the oldest in the country.
it seems,It seems the city is the oldest in the country.
it seems,It seems the city is the oldest in the country.
it seems,It seems the city is the oldest in the country.
it appears,It appears that the city is the oldest in the country.
it appears,It appears the city is the oldest in the country.
it appears,It appears the city is the oldest in the country.
it appears,It appears the city is the oldest in the country.
it appears,It appears the city is the oldest in the country.
it appears,It appears the city is the oldest in the country.
it appears,It appears the city is the oldest in the country.
it appears,It appears the city is the oldest in the country.
it appears,It appears the city is the oldest in the country.
it appears,It appears that the city is the oldest in the country.
it appears,It appears the city is the oldest in the country.
it appears,It appears that the city is the oldest in the country.
it appears,It appears the city is the oldest in the country.
it appears,It appears the city is the oldest in the country.
it appears,It appears that the city is the oldest in the country.
it appears,It appears that the city is the oldest in the country.
it appears,It appears the city is the oldest in the country.
it appears,It appears the city is the oldest in the country.
it appears,It appears the city is the oldest in the country.
it appears,It appears that the city is the oldest in the country.
it looks like,It looks like the new policy improves the economy.
it looks like,It looks like the new policy improves the economy.
it looks like,It looks like the new policy improves the economy.
it looks like,It looks like the new policy improves the economy.
it looks like,It looks like the new policy improves the economy.
it looks like,It looks like the new policy improves the economy.
it looks like,It looks like the new policy improves the economy.
it looks like,It looks like the new policy improves the economy.
it looks like,It looks like the new policy improves the economy.
it looks like,It looks like the new policy improves the economy.
it looks like,It looks like the new policy improves the economy.
it looks like,It looks like the new policy improves the economy.
it looks like,It looks like the new policy improves the economy.
it looks like,It looks like the new policy improves the economy.
it looks like,It looks like the new policy improves the economy.
it looks like,It looks like the new policy improves the economy.
it looks like,It looks like the new policy improves the economy.
it looks like,It looks like the new policy improves the economy.
it looks like,It looks like the new policy improves the economy.
it looks like,It looks like the new policy improves the economy.
it would seem,It would seem the book is informative.
it would seem,It would seem that the book is informative.
it would seem,It would seem the book is informative.
it would seem,It would seem the book is informative.
it would seem,It would seem that the book is informative.
it would seem,It would seem the book is informative.
it would seem,It would seem the book is informative.
it would seem,It would seem the book is informative.
it would seem,It would seem the book is informative.
it would seem,It would seem the book is informative.
it would seem,It would seem the book is informative.
it would seem,It would seem the book is informative.
it would seem,It would seem the book is informative.
it would seem,it would seem the book is informative
it would seem,It would seem the book is informative.
it would seem,It would seem the book is informative.
it would seem,It would seem the book is informative.
it would seem,It would seem the book is informative.
it would seem,It would seem the book is informative.
it would seem,It would seem the book is informative.
it seems that,It seems that the experiment shows a significant effect.
it seems that,It seems that the experiment shows a significant effect.
it seems that,It seems that the experiment shows a significant effect.
it seems that,It seems that the experiment shows a significant effect.
it seems that,It seems that the experiment shows a significant effect.
it seems that,It seems that the experiment shows a significant effect.
it seems that,It seems that the experiment shows a significant effect.
it seems that,It seems that the experiment shows a significant effect.
it seems that,It seems that the experiment shows a significant effect.
it seems that,It seems that the experiment shows a significant effect.
it seems that,It seems that the experiment shows a significant effect.
it seems that,it seems that the experiment shows a significant effect.
it seems that,It seems that the experiment shows a significant effect.
it seems that,It seems that the experiment shows a significant effect.
it seems that,It seems that the experiment shows a significant effect.
it seems that,It seems that the experiment shows a significant effect.
it seems that,It seems that the experiment shows a significant effect.
it seems that,It seems that the experiment shows a significant effect.
it seems that,It seems that the experiment shows a significant effect.
it seems that,It seems that the experiment shows a significant effect.
it appears that,It appears that the new product is successful in the market.
it appears that,It appears that the new product is successful in the market.
it appears that,It appears that the new product is successful in the market.
it appears that,It appears that the new product is successful in the market.
it appears that,It appears that the new product is successful in the market.
it appears that,it appears that the new product is successful in the market.
it appears that,It appears that the new product is successful in the market.
it appears that,It appears that the new product is successful in the market.
it appears that,It appears that the new product is successful in the market.
it appears that,It appears that the new product is successful in the market.
it appears that,It appears that the new product is successful in the market.
it appears that,It appears that the new product is successful in the market.
it appears that,It appears that the new product is successful in the market.
it appears that,It appears that the new product is successful in the market.
it appears that,It appears that the new product is successful in the market.
it appears that,It appears that the new product is successful in the market.
it appears that,It appears that the new product is successful in the market.
it appears that,It appears that the new product is successful in the market.
it appears that,It appears that the new product is successful in the market.
it appears that,It appears that the new product is successful in the market.
reportedly,The new policy reportedly improves the economy.
reportedly,The new policy reportedly improves the economy.
reportedly,reportedly the new policy improves the economy.
reportedly,The new policy reportedly improves the economy.
reportedly,The new policy reportedly improves the economy.
reportedly,The new policy reportedly improves the economy.
reportedly,The new policy reportedly improves the economy.
reportedly,The new policy reportedly improves the economy.
reportedly,The new policy reportedly improves the economy.
reportedly,The new policy reportedly improves the economy.
reportedly,The new policy reportedly improves the economy.
reportedly,The new policy reportedly improves the economy.
reportedly,"Reportedly, the new policy improves the economy."
reportedly,The new policy reportedly improves the economy.
reportedly,The new policy reportedly improves the economy.
reportedly,The new policy reportedly improves the economy.
reportedly,The new policy reportedly improves the economy.
reportedly,The new policy reportedly improves the economy.
reportedly,"Reportedly, the new policy improves the economy."
reportedly,The new policy is reportedly improving the economy.
ostensibly,There is ostensibly a correlation between X and Y.
ostensibly,There is ostensibly a correlation between X and Y.
ostensibly,Ostensibly there is a correlation between X and Y.
ostensibly,There is ostensibly a correlation between X and Y.
ostensibly,Ostensibly there is a correlation between X and Y.
ostensibly,"Ostensibly, there is a correlation between X and Y."
ostensibly,"There is a correlation between X and Y, ostensibly."
ostensibly,Ostensibly there is a correlation between X and Y.
ostensibly,There is an ostensibly correlation between X and Y.
ostensibly,"There is a correlation between X and Y, ostensibly."
ostensibly,There is ostensibly a correlation between X and Y.
ostensibly,There is ostensibly a correlation between X and Y.
ostensibly,"Ostensibly, there is a correlation between X and Y."
ostensibly,Ostensibly there is a correlation between X and Y.
ostensibly,There is ostensibly a correlation between X and Y.
ostensibly,"Ostensibly, there is a correlation between X and Y."
ostensibly,There is ostensibly a correlation between X and Y.
ostensibly,There is ostensibly a correlation between X and Y.
ostensibly,There is ostensibly a correlation between X and Y.
ostensibly,Ostensibly there is a correlation between X and Y.
on the face of it,"On the face of it, the movie is good."
on the face of it,"On the face of it, the movie is good."
on the face of it,"On the face of it, the movie is good."
on the face of it,"On the face of it, the movie is good."
on the face of it,"On the face of it, the movie is good."
on the face of it,"On the face of it, the movie is good."
on the face of it,"On the face of it, the movie is good."
on the face of it,"On the face of it, the movie is good."
on the face of it,"On the face of it, the movie is good."
on the face of it,The movie is good on the face of it.
on the face of it,"On the face of it, the movie is good."
on the face of it,"On the face of it, the movie is good."
on the face of it,"On the face of it, the movie is good."
on the face of it,"On the face of it, the movie is good."
on the face of it,"On the face of it, the movie is good."
on the face of it,"On the face of it, the movie is good."
on the face of it,"On the face of it, the movie is good."
on the face of it,"On the face of it, the movie is good."
on the face of it,"On the face of it, the movie is good."
on the face of it,"On the face of it, the movie is good."
to all appearances,"To all appearances, the report is not accurate."
to all appearances,"To all appearances, the report is not accurate."
to all appearances,"To all appearances, the report is not accurate."
to all appearances,"To all appearances, the report is not accurate."
to all appearances,"To all appearances, the report is not accurate."
to all appearances,"To all appearances, the report is not accurate."
to all appearances,To all appearances the report is not accurate.
to all appearances,"To all appearances, the report is not accurate."
to all appearances,"To all appearances, the report is not accurate."
to all appearances,"To all appearances, the report is not accurate."
to all appearances,"To all appearances, the report is not accurate."
to all appearances,"To all appearances, the report is not accurate."
to all appearances,"To all appearances, the report is not accurate."
to all appearances,"To all appearances, the report is not accurate."
to all appearances,"The report is not accurate, to all appearances."
to all appearances,"To all appearances, the report is not accurate."
to all appearances,"To all appearances, the report is not accurate."
to all appearances,to all appearances the report is not accurate.
to all appearances,"To all appearances, the report is not accurate."
to all appearances,"To all appearances, the report is not accurate."
by all accounts,"By all accounts, the city is the oldest in the country."
by all accounts,"By all accounts, the city is the oldest in the country."
by all accounts,"By all accounts, the city is the oldest in the country."
by all accounts,By all accounts the city is the oldest in the country.
by all accounts,"The city is, by all accounts, the oldest in the country."
by all accounts,"By all accounts, the city is the oldest in the country."
by all accounts,By all accounts the city is the oldest in the country.
by all accounts,"The city is, by all accounts, the oldest in the country."
by all accounts,"By all accounts, the city is the oldest in the country."
by all accounts,"By all accounts, the city is the oldest in the country."
by all accounts,"By all accounts, the city is the oldest in the country."
by all accounts,"By all accounts, the city is the oldest in the country."
by all accounts,"By all accounts, the city is the oldest in the country."
by all accounts,"By all accounts, the city is the oldest in the country."
by all accounts,"By all accounts, the city is the oldest in the country."
by all accounts,"By all accounts, the city is the oldest in the country."
by all accounts,"The city is the oldest in the country, by all accounts."
by all accounts,By all accounts the city is the oldest in the country.
by all accounts,By all accounts the city is the oldest in the country.
by all accounts,"By all accounts, the city is the oldest in the country."
on the evidence,"On the evidence, the medication is effective in treating the disease."
on the evidence,"On the evidence, the medication is effective in treating the disease."
on the evidence,"On the evidence, the medication is effective in treating the disease."
on the evidence,"On the evidence, the medication is effective in treating the disease."
on the evidence,"On the evidence, the medication is effective in treating the disease."
on the evidence,"On the evidence, the medication is effective in treating the disease."
on the evidence,"On the evidence, the medication is effective in treating the disease."
on the evidence,"On the evidence, the medication is effective in treating the disease."
on the evidence,"On the evidence, the medication is effective in treating the disease."
on the evidence,"On the evidence, the medication is effective in treating the disease."
on the evidence,"On the evidence, the medication is effective in treating the disease."
on the evidence,"On the evidence, the medication is effective in treating the disease."
on the evidence,"On the evidence, the medication is effective in treating the disease."
on the evidence,"On the evidence, the medication is effective in treating the disease."
on the evidence,"On the evidence, the medication is effective in treating the disease."
on the evidence,"The medication is effective in treating the disease, on the evidence."
on the evidence,"On the evidence, the medication is effective in treating the disease."
on the evidence,"On the evidence, the medication is effective in treating the disease."
on the evidence,"On the evidence, the medication is effective in treating the disease."
on the evidence,"On the evidence, the medication is effective in treating the disease."
on balance,"On balance, it rains tomorrow."
on balance,"On balance, it rains tomorrow."
on balance,"On balance, it rains tomorrow."
on balance,"On balance, it rains tomorrow."
on balance,"On balance, it rains tomorrow."
on balance,"On balance, it may rain tomorrow."
on balance,"On balance, it rains tomorrow."
on balance,"On balance, it rains tomorrow."
on balance,"It rains tomorrow, on balance."
on balance,"On balance, it rains tomorrow."
on balance,"On balance, it rains tomorrow."
on balance,"On balance, it rains tomorrow."
on balance,"On balance, it rains tomorrow."
on balance,"On balance, it rains tomorrow."
on balance,On balance it rains tomorrow.
on balance,"On balance, it rains tomorrow."
on balance,"On balance, it rains tomorrow."
on balance,"On balance, it rains tomorrow."
on balance,"On balance, it rains tomorrow."
on balance,"On balance, it rains tomorrow."
possibly,"Possibly, the report is not accurate."
possibly,"Possibly, the report is not accurate."
possibly,The report is possibly not accurate.
possibly,The report is possibly not accurate.
possibly,The report is possibly not accurate.
possibly,The report is possibly not accurate.
possibly,Possibly the report is not accurate.
possibly,The report is possibly not accurate.
possibly,Possibly the report is not accurate.
possibly,Possibly the report is not accurate.
possibly,The report is possibly not accurate.
possibly,The report is possibly inaccurate.
possibly,The report is possibly not accurate.
possibly,Possibly the report is not accurate.
possibly,The report is possibly not accurate.
possibly,The report is possibly not accurate.
possibly,The report is possibly not accurate.
possibly,The report is possibly not accurate.
possibly,The report is possibly not accurate.
possibly,Possibly the report is not accurate.
perhaps,Perhaps the movie is good.
perhaps,Perhaps the movie is good.
perhaps,Perhaps the movie is good.
perhaps,Perhaps the movie is good.
perhaps,Perhaps the movie is good.
perhaps,The movie is perhaps good.
perhaps,Perhaps the movie is good.
perhaps,Perhaps the movie is good.
perhaps,Perhaps the movie is good.
perhaps,Perhaps the movie is good.
perhaps,Perhaps the movie is good.
perhaps,Perhaps the movie is good.
perhaps,Perhaps the movie is good.
perhaps,The movie is perhaps good.
perhaps,Perhaps the movie is good.
perhaps,Perhaps the movie is good.
perhaps,Perhaps the movie is good.
perhaps,Perhaps the movie is good.
perhaps,The movie is perhaps good.
perhaps,Perhaps the movie is good.
maybe,The city might be the oldest in the country.
maybe,Maybe the city is the oldest in the country.
maybe,Maybe the city is the oldest in the country.
maybe,The city maybe is the oldest in the country.
maybe,Maybe the city is the oldest in the country.
maybe,The city maybe is the oldest in the country.
maybe,The city is maybe the oldest in the country.
maybe,Maybe the city is the oldest in the country.
maybe,The city is maybe the oldest in the country.
maybe,Maybe the city is the oldest in the country.
maybe,The city is maybe the oldest in the country.
maybe,Maybe the city is the oldest in the country.
maybe,Maybe the city is the oldest in the country.
maybe,The city is maybe the oldest in the country.
maybe,The city might be the oldest in the country.
maybe,Maybe the city is the oldest in the country.
maybe,The city maybe is the oldest in the country.
maybe,Maybe the city is the oldest in the country.
maybe,The city may be the oldest in the country.
maybe,Maybe the city is the oldest in the country.
conceivably,The medication is conceivably effective in treating the disease.
conceivably,The medication is conceivably effective in treating the disease.
conceivably,The medication is conceivably effective in treating the disease.
conceivably,The medication is conceivably effective in treating the disease.
conceivably,The medication is conceivably effective in treating the disease.
conceivably,The medication is conceivably effective in treating the disease.
conceivably,The medication is conceivably effective in treating the disease.
conceivably,Conceivably the medication is effective in treating the disease.
conceivably,The medication is conceivably effective in treating the disease.
conceivably,Conceivably the medication is effective in treating the disease.
conceivably,The medication is conceivably effective in treating the disease.
conceivably,The medication conceivably is effective in treating the disease.
conceivably,The medication is conceivably effective in treating the disease.
conceivably,The medication is conceivably effective in treating the disease.
conceivably,The medication is conceivably effective in treating the disease.
conceivably,The medication is conceivably effective in treating the disease.
conceivably,The medication can conceivably be effective in treating the disease.
conceivably,The medication is conceivably effective in treating the disease.
conceivably,The medication is conceivably effective in treating the disease.
conceivably,The medication conceivably is effective in treating the disease.
potentially,The experiment potentially shows a significant effect.
potentially,The experiment potentially shows a significant effect.
potentially,The experiment potentially shows a significant effect.
potentially,The experiment potentially shows a significant effect.
potentially,The experiment potentially shows a significant effect.
potentially,The experiment potentially shows a significant effect.
potentially,The experiment potentially shows a significant effect.
potentially,The experiment potentially shows a significant effect.
potentially,The experiment potentially shows a significant effect.
potentially,The experiment potentially shows a significant effect.
potentially,The experiment shows a potentially significant effect.
potentially,The experiment potentially shows a significant effect.
potentially,The experiment shows a potentially significant effect.
potentially,The experiment potentially shows a significant effect.
potentially,The experiment shows a potentially significant effect.
potentially,The experiment shows a potentially significant effect.
potentially,The experiment potentially shows a significant effect.
potentially,The experiment shows a potentially significant effect.
potentially,The experiment potentially shows a significant effect.
potentially,The experiment potentially shows a significant effect.
it is possible that,It is possible that the new product is successful in the market.
it is possible that,It is possible that the new product is successful in the market.
it is possible that,It is possible that the new product is successful in the market.
it is possible that,It is possible that the new product is successful in the market.
it is possible that,It is possible that the new product is successful in the market.
it is possible that,It is possible that the new product is successful in the market.
it is possible that,It is possible that the new product is successful in the market.
it is possible that,It is possible that the new product is successful in the market.
it is possible that,It is possible that the new product is successful in the market.
it is possible that,It is possible that the problem has not been solved yet.
it is possible that,It is possible that the new product is successful in the market.
it is possible that,It is possible that the new product is successful in the market.
it is possible that,It is possible that the new product is successful in the market.
it is possible that,It is possible that the new product is successful in the market.
it is possible that,It is possible that the new product is successful in the market.
it is possible that,It is possible that the new product is successful in the market.
it is possible that,It is possible that the new product is successful in the market.
it is possible that,It is possible that the new product is successful in the market.
it is possible that,It is possible that the new product is successful in the market.
it is possible that,It is possible that the new product is successful in the market.
there is a chance that,There is a chance that the book is informative.
there is a chance that,There is a chance that the book is informative.
there is a chance that,there is a chance that the book is informative.
there is a chance that,There is a chance that the book is informative.
there is a chance that,There is a chance that the book is informative.
there is a chance that,There is a chance that the book is informative.
there is a chance that,There is a chance that the book is informative.
there is a chance that,There is a chance that the book is informative.
there is a chance that,There is a chance that the book is informative.
there is a chance that,There is a chance that the book is informative.
there is a chance that,There is a chance that the book is informative.
there is a chance that,There is a chance that the book is informative.
there is a chance that,There is a chance that the book is informative.
there is a chance that,There is a chance that the book is informative.
there is a chance that,There is a chance that the book is informative.
there is a chance that,There is a chance that the book is informative.
there is a chance that,There is a chance that the book is informative.
there is a chance that,There is a chance that the book is informative.
there is a chance that,there is a chance that the book is informative.
there is a chance that,There is a chance that the book is informative.
it may be that,It may be that the restaurant serves delicious food.
it may be that,It may be that the restaurant serves delicious food.
it may be that,It may be that the restaurant serves delicious food.
it may be that,It may be that the restaurant serves delicious food.
it may be that,It may be that the restaurant serves delicious food.
it may be that,It may be that the restaurant serves delicious food.
it may be that,It may be that the restaurant serves delicious food.
it may be that,It may be that the restaurant serves delicious food.
it may be that,It may be that the restaurant serves delicious food.
it may be that,It may be that the restaurant serves delicious food.
it may be that,It may be that the restaurant serves delicious food.
it may be that,It may be that the restaurant serves delicious food.
it may be that,It may be that the restaurant serves delicious food.
it may be that,It may be that the restaurant serves delicious food.
it may be that,It may be that the restaurant serves delicious food.
it may be that,It may be that the restaurant serves delicious food.
it may be that,It may be that the restaurant serves delicious food.
it may be that,It may be that the restaurant serves delicious food.
it may be that,It may be that the restaurant serves delicious food.
it may be that,It may be that the restaurant serves delicious food.
it might be that,It might be that the report is not accurate.
it might be that,It might be that the report is not accurate.
it might be that,It might be that the report is not accurate.
it might be that,It might be that the report is not accurate.
it might be that,It might be that the report is not accurate.
it might be that,It might be that the report is not accurate.
it might be that,It might be that the report is not accurate.
it might be that,It might be that the report is not accurate.
it might be that,It might be that the report is not accurate.
it might be that,It might be that the report is not accurate.
it might be that,It might be that the report is not accurate.
it might be that,It might be that the report is not accurate.
it might be that,It might be that the report is not accurate.
it might be that,It might be that the report is not accurate.
it might be that,It might be that the report is not accurate.
it might be that,It might be that the report is not accurate.
it might be that,It might be that the report is not accurate.
it might be that,It might be that the report is not accurate.
it might be that,It might be that the report is not accurate.
it might be that,It might be that the report is not accurate.
it could be that,It could be that the new policy improves the economy.
it could be that,It could be that the new policy improves the economy.
it could be that,It could be that the new policy improves the economy.
it could be that,It could be that the new policy improves the economy.
it could be that,It could be that the new policy improves the economy.
it could be that,It could be that the new policy improves the economy.
it could be that,It could be that the new policy improves the economy.
it could be that,It could be that the new policy improves the economy.
it could be that,It could be that the new policy improves the economy.
it could be that,It could be that the new policy improves the economy.
it could be that,It could be that the new policy improves the economy.
it could be that,It could be that the new policy improves the economy.
it could be that,It could be that the new policy improves the economy.
it could be that,It could be that the new policy improves the economy.
it could be that,It could be that the new policy improves the economy.
it could be that,It could be that the new policy improves the economy.
it could be that,It could be that the new policy improves the economy.
it could be that,It could be that the new policy improves the economy.
it could be that,It could be that the new policy improves the economy.
it could be that,It could be that the new policy improves the economy.
there is a possibility that,There is a possibility that the new product is successful in the market.
there is a possibility that,There is a possibility that the new product is successful in the market.
there is a possibility that,There is a possibility that the new product is successful in the market.
there is a possibility that,There is a possibility that the new product is successful in the market.
there is a possibility that,There is a possibility that the new product is successful in the market.
there is a possibility that,There is a possibility that the new product is successful in the market.
there is a possibility that,There is a possibility that the new product is successful in the market.
there is a possibility that,There is a possibility that the new product is successful in the market.
there is a possibility that,There is a possibility that the new product is successful in the market.
there is a possibility that,There is a possibility that the new product is successful in the market.
there is a possibility that,There is a possibility that the new product is successful in the market.
there is a possibility that,There is a possibility that the new product is successful in the market.
there is a possibility that,There is a possibility that the new product is successful in the market.
there is a possibility that,There is a possibility that the new product is successful in the market.
there is a possibility that,There is a possibility that the new product is successful in the market.
there is a possibility that,There is a possibility that the new product is successful in the market.
there is a possibility that,there is a possibility that the new product is successful in the market.
there is a possibility that,There is a possibility that the new product is successful in the market.
there is a possibility that,There is a possibility that the new product is successful in the market.
there is a possibility that,There is a possibility that the new product is successful in the market.
not impossible,It is not impossible that the experiment shows a significant effect.
not impossible,It is not impossible that the experiment shows a significant effect.
not impossible,It is not impossible that the experiment shows a significant effect.
not impossible,"The experiment shows a significant effect, not impossible."
not impossible,It is not impossible that the experiment shows a significant effect.
not impossible,"The experiment shows a significant effect, which is not impossible."
not impossible,It is not impossible that the experiment shows a significant effect.
not impossible,It is not impossible that the experiment shows a significant effect.
not impossible,"The experiment shows a significant effect, not impossible."
not impossible,"The experiment shows a significant effect, which is not impossible."
not impossible,"The experiment shows a significant effect, not impossible."
not impossible,"The experiment shows a significant effect, not impossible."
not impossible,It is not impossible that the experiment shows a significant effect.
not impossible,"The experiment shows a significant effect, not impossible."
not impossible,It is not impossible that the experiment shows a significant effect.
not impossible,It is not impossible that the experiment shows a significant effect.
not impossible,Not impossible that the experiment shows a significant effect.
not impossible,The experiment shows that a significant effect is not impossible.
not impossible,It is not impossible that the experiment shows a significant effect.
not impossible,It is not impossible that the experiment shows a significant effect.
not out of the question,"The medication is effectively treating the disease, not out of the question."
not out of the question,The medication being effective in treating the disease is not out of the question.
not out of the question,"Not out of the question, the medication is effective in treating the disease."
not out of the question,It is not out of the question that the medication is effective in treating the disease.
not out of the question,It is not out of the question that the medication is effective in treating the disease.
not out of the question,"The medication is effective in treating the disease, not out of the question."
not out of the question,The medication is not out of the question for treating the disease.
not out of the question,The medication is not out of the question for treating the disease.
not out of the question,The medication is not out of the question for treating the disease.
not out of the question,The medication is not out of the question for treating the disease.
not out of the question,"The medication is effective in treating the disease, not out of the question."
not out of the question,The medication is not out of the question for treating the disease.
not out of the question,The medication is not out of the question for treating the disease.
not out of the question,The medication is not out of the question for treating the disease.
not out of the question,Not out of the question that the medication is effective in treating the disease.
not out of the question,It is not out of the question that the medication is effective in treating the disease.
not out of the question,It is not out of the question that the medication is effective in treating the disease.
not out of the question,The medication being effective in treating the disease is not out of the question.
not out of the question,It is not out of the question that the medication is effective in treating the disease.
not out of the question,The medication is not out of the question for effectively treating the disease.
feasibly,It feasibly rains tomorrow.
feasibly,Feasibly it rains tomorrow.
feasibly,It feasibly rains tomorrow.
feasibly,It feasibly rains tomorrow.
feasibly,"Feasibly, it rains tomorrow."
feasibly,It feasibly rains tomorrow.
feasibly,It feasibly rains tomorrow.
feasibly,It feasibly rains tomorrow.
feasibly,Feasibly it rains tomorrow.
feasibly,It feasibly rains tomorrow.
feasibly,It feasibly will rain tomorrow.
feasibly,It feasibly rains tomorrow.
feasibly,It feasibly rains tomorrow.
feasibly,It feasibly rains tomorrow.
feasibly,It feasibly rains tomorrow.
feasibly,It feasibly rains tomorrow.
feasibly,It feasibly rains tomorrow.
feasibly,It rains feasibly tomorrow.
feasibly,It rains feasibly tomorrow.
feasibly,It feasibly rains tomorrow.
under some circumstances,Under some circumstances the experiment shows a significant effect.
under some circumstances,"Under some circumstances, the experiment shows a significant effect."
under some circumstances,"Under some circumstances, the experiment shows a significant effect."
under some circumstances,Under some circumstances the experiment shows a significant effect.
under some circumstances,"Under some circumstances, the experiment shows a significant effect."
under some circumstances,"Under some circumstances, the experiment shows a significant effect."
under some circumstances,"Under some circumstances, the experiment shows a significant effect."
under some circumstances,"Under some circumstances, the experiment shows a significant effect."
under some circumstances,"Under some circumstances, the experiment shows a significant effect."
under some circumstances,"Under some circumstances, the experiment shows a significant effect."
under some circumstances,"Under some circumstances, the experiment shows a significant effect."
under some circumstances,"Under some circumstances, the experiment shows a significant effect."
under some circumstances,"Under some circumstances, the experiment shows a significant effect."
under some circumstances,The experiment shows a significant effect under some circumstances.
under some circumstances,"Under some circumstances, the experiment shows a significant effect."
under some circumstances,Under some circumstances the experiment shows a significant effect.
under some circumstances,"Under some circumstances, the experiment shows a significant effect."
under some circumstances,"Under some circumstances, the experiment shows a significant effect."
under some circumstances,"Under some circumstances, the experiment shows a significant effect."
under some circumstances,Under some circumstances the experiment shows a significant effect.
in some cases,"In some cases, the experiment shows a significant effect."
in some cases,"In some cases, the experiment shows a significant effect."
in some cases,"In some cases, the experiment shows a significant effect."
in some cases,"In some cases, the experiment shows a significant effect."
in some cases,The experiment shows a significant effect in some cases.
in some cases,"In some cases, the experiment shows a significant effect."
in some cases,"In some cases, the experiment shows a significant effect."
in some cases,"In some cases, the experiment indicates a significant effect."
in some cases,The experiment shows a significant effect in some cases.
in some cases,"In some cases, the experiment shows a significant effect."
in some cases,"In some cases, the experiment shows a significant effect."
in some cases,"In some cases, the experiment shows a significant effect."
in some cases,"In some cases, the experiment shows a significant effect."
in some cases,"In some cases, the experiment shows a significant effect."
in some cases,"In some cases, the experiment shows a significant effect."
in some cases,"In some cases, the experiment shows a significant effect."
in some cases,"In some cases, the experiment shows a significant effect."
in some cases,"In some cases, the experiment shows a significant effect."
in some cases,"In some cases, the experiment shows a significant effect."
in some cases,The experiment shows a significant effect in some cases.
in certain conditions,In certain conditions the restaurant serves delicious food.
in certain conditions,"In certain conditions, the restaurant serves delicious food."
in certain conditions,The restaurant serves delicious food in certain conditions.
in certain conditions,"In certain conditions, the restaurant serves delicious food."
in certain conditions,The restaurant serves delicious food in certain conditions.
in certain conditions,"In certain conditions, the restaurant serves delicious food."
in certain conditions,"In certain conditions, the restaurant serves delicious food."
in certain conditions,"In certain conditions, the restaurant serves delicious food."
in certain conditions,"In certain conditions, the restaurant serves delicious food."
in certain conditions,"In certain conditions, the restaurant serves delicious food."
in certain conditions,"In certain conditions, the restaurant serves delicious food."
in certain conditions,"In certain conditions, the restaurant serves delicious food."
in certain conditions,"In certain conditions, the restaurant serves delicious food."
in certain conditions,"In certain conditions, the restaurant serves delicious food."
in certain conditions,"In certain conditions, the restaurant serves delicious food."
in certain conditions,"In certain conditions, the restaurant serves delicious food."
in certain conditions,"In certain conditions, the restaurant serves delicious food."
in certain conditions,"In certain conditions, the restaurant serves delicious food."
in certain conditions,"In certain conditions, the restaurant serves delicious food."
in certain conditions,"In certain conditions, the restaurant serves delicious food."
with some likelihood,The new policy improves the economy with some likelihood.
with some likelihood,The new policy improves the economy with some likelihood.
with some likelihood,"With some likelihood, the new policy improves the economy."
with some likelihood,The new policy improves the economy with some likelihood.
with some likelihood,The new policy improves the economy with some likelihood.
with some likelihood,The new policy improves the economy with some likelihood.
with some likelihood,The new policy improves the economy with some likelihood.
with some likelihood,The new policy improves the economy with some likelihood.
with some likelihood,The new policy improves the economy with some likelihood.
with some likelihood,The new policy improves the economy with some likelihood.
with some likelihood,The new policy improves the economy with some likelihood.
with some likelihood,The new policy improves the economy with some likelihood.
with some likelihood,The new policy improves the economy with some likelihood.
with some likelihood,The new policy improves the economy with some likelihood.
with some likelihood,The new policy improves the economy with some likelihood.
with some likelihood,The new policy improves the economy with some likelihood.
with some likelihood,The new policy improves the economy with some likelihood.
with some likelihood,The new policy improves the economy with some likelihood.
with some likelihood,The new policy improves the economy with some likelihood.
with some likelihood,The new policy improves the economy with some likelihood.
theoretically possible,The book is theoretically possible informative.
theoretically possible,"Theoretically possible, the book is informative."
theoretically possible,"Theoretically possible, the book is informative."
theoretically possible,The book is theoretically possible informative.
theoretically possible,It is theoretically possible that the book is informative.
theoretically possible,The book is theoretically possible informative.
theoretically possible,It is theoretically possible that the book is informative.
theoretically possible,The results are theoretically possible.
theoretically possible,It is theoretically possible that the book is informative.
theoretically possible,It is theoretically possible that the book is informative.
theoretically possible,The book is theoretically possible to be informative.
theoretically possible,It is theoretically possible that the book is informative.
theoretically possible,It is theoretically possible that the book is informative.
theoretically possible,"Theoretically possible, the book is informative."
theoretically possible,"Theoretically possible, the book is informative."
theoretically possible,"Theoretically possible, the book is informative."
theoretically possible,The book is theoretically possible to be informative.
theoretically possible,"Theoretically possible, the book is informative."
theoretically possible,"The book is, theoretically possible, informative."
theoretically possible,The book is theoretically possible to be informative.
it is unclear,It is unclear whether the medication is effective in treating the disease.
it is unclear,It is unclear whether the medication is effective in treating the disease.
it is unclear,It is unclear whether the medication is effective in treating the disease.
it is unclear,It is unclear that the medication is effective in treating the disease.
it is unclear,It is unclear whether the medication is effective in treating the disease.
it is unclear,It is unclear whether the medication is effective in treating the disease.
it is unclear,It is unclear whether the medication is effective in treating the disease.
it is unclear,It is unclear whether the medication is effective in treating the disease.
it is unclear,It is unclear whether the medication is effective in treating the disease.
it is unclear,It is unclear whether the medication is effective in treating the disease.
it is unclear,It is unclear whether the medication is effective in treating the disease.
it is unclear,It is unclear whether the medication is effective in treating the disease.
it is unclear,It is unclear whether the medication is effective in treating the disease.
it is unclear,It is unclear that the medication is effective in treating the disease.
it is unclear,It is unclear whether the medication is effective in treating the disease.
it is unclear,It is unclear whether the medication is effective in treating the disease.
it is unclear,It is unclear whether the medication is effective in treating the disease.
it is unclear,It is unclear whether the medication is effective in treating the disease.
it is unclear,It is unclear whether the medication is effective in treating the disease.
it is unclear,It is unclear that the medication is effective in treating the disease.
it is uncertain,It is uncertain whether the restaurant serves delicious food.
it is uncertain,It is uncertain whether the restaurant serves delicious food.
it is uncertain,It is uncertain whether the restaurant serves delicious food.
it is uncertain,It is uncertain that the restaurant serves delicious food.
it is uncertain,It is uncertain that the restaurant serves delicious food.
it is uncertain,It is uncertain whether the restaurant serves delicious food.
it is uncertain,It is uncertain the restaurant serves delicious food.
it is uncertain,It is uncertain whether the restaurant serves delicious food.
it is uncertain,It is uncertain if the restaurant serves delicious food.
it is uncertain,It is uncertain that the restaurant serves delicious food.
it is uncertain,It is uncertain that the restaurant serves delicious food.
it is uncertain,It is uncertain whether the restaurant serves delicious food.
it is uncertain,It is uncertain that the restaurant serves delicious food.
it is uncertain,It is uncertain whether the restaurant serves delicious food.
it is uncertain,It is uncertain whether the restaurant serves delicious food.
it is uncertain,It is uncertain that the restaurant serves delicious food.
it is uncertain,It is uncertain whether the restaurant serves delicious food.
it is uncertain,It is uncertain that the restaurant serves delicious food.
it is uncertain,It is uncertain whether the restaurant serves delicious food.
it is uncertain,It is uncertain whether the restaurant serves delicious food.
it remains to be seen,It remains to be seen whether it rains tomorrow.
it remains to be seen,It remains to be seen whether it rains tomorrow.
it remains to be seen,It remains to be seen whether it rains tomorrow.
it remains to be seen,It remains to be seen whether it rains tomorrow.
it remains to be seen,It remains to be seen if it rains tomorrow.
it remains to be seen,It remains to be seen whether it rains tomorrow.
it remains to be seen,It remains to be seen whether it rains tomorrow.
it remains to be seen,It remains to be seen whether it rains tomorrow.
it remains to be seen,It remains to be seen whether it rains tomorrow.
it remains to be seen,It remains to be seen whether it rains tomorrow.
it remains to be seen,It remains to be seen if it rains tomorrow.
it remains to be seen,It remains to be seen whether it rains tomorrow.
it remains to be seen,It remains to be seen whether it rains tomorrow.
it remains to be seen,It remains to be seen whether it rains tomorrow.
it remains to be seen,It remains to be seen whether it rains tomorrow.
it remains to be seen,It remains to be seen if it rains tomorrow.
it remains to be seen,It remains to be seen whether it rains tomorrow.
it remains to be seen,It remains to be seen whether it rains tomorrow.
it remains to be seen,It remains to be seen if it rains tomorrow.
it remains to be seen,It remains to be seen whether it rains tomorrow.
that is debatable,The book is informative that is debatable.
that is debatable,"The book is informative, that is debatable."
that is debatable,"The book is informative, that is debatable."
that is debatable,The book is informative that is debatable.
that is debatable,"The book is informative, that is debatable."
that is debatable,"The book is informative, that is debatable."
that is debatable,"The book is informative, that is debatable."
that is debatable,"The book is informative, that is debatable."
that is debatable,"The book is informative, that is debatable."
that is debatable,"The book is informative, that is debatable."
that is debatable,"The book is informative, that is debatable."
that is debatable,The book is informative that is debatable.
that is debatable,"The book is informative, that is debatable."
that is debatable,"The book is informative, that is debatable."
that is debatable,"The book is informative, that is debatable."
that is debatable,"The book is informative, that is debatable."
that is debatable,"The book is informative, that is debatable."
that is debatable,The book is informative that is debatable.
that is debatable,The book is informative that is debatable.
that is debatable,"The book is informative, that is debatable."
it is questionable whether,it is questionable whether it rains tomorrow.
it is questionable whether,It is questionable whether it rains tomorrow.
it is questionable whether,It is questionable whether it rains tomorrow.
it is questionable whether,It is questionable whether it rains tomorrow.
it is questionable whether,It is questionable whether it rains tomorrow.
it is questionable whether,It is questionable whether the stock will rise.
it is questionable whether,It is questionable whether it rains tomorrow.
it is questionable whether,It is questionable whether it rains tomorrow.
it is questionable whether,It is questionable whether it rains tomorrow.
it is questionable whether,It is questionable whether it rains tomorrow.
it is questionable whether,It is questionable whether it rains tomorrow.
it is questionable whether,It is questionable whether it rains tomorrow.
it is questionable whether,It is questionable whether it will rain tomorrow.
it is questionable whether,It is questionable whether it rains tomorrow.
it is questionable whether,it is questionable whether the planet will launch a new mission next year.
it is questionable whether,it is questionable whether it rains tomorrow.
it is questionable whether,It is questionable whether it rains tomorrow.
it is questionable whether,It is questionable whether it rains tomorrow.
it is questionable whether,It is questionable whether it rains tomorrow.
it is questionable whether,It is questionable whether it rains tomorrow
it is hard to say,It is hard to say the experiment shows a significant effect.
it is hard to say,It is hard to say that the experiment shows a significant effect.
it is hard to say,It is hard to say that the experiment shows a significant effect.
it is hard to say,It is hard to say the experiment shows a significant effect.
it is hard to say,It is hard to say whether the experiment shows a significant effect.
it is hard to say,It is hard to say that the experiment shows a significant effect.
it is hard to say,It is hard to say that the experiment shows a significant effect.
it is hard to say,It is hard to say that the experiment shows a significant effect.
it is hard to say,It is hard to say whether the experiment shows a significant effect.
it is hard to say,It is hard to say whether the experiment shows a significant effect.
it is hard to say,It is hard to say the experiment shows a significant effect.
it is hard to say,It is hard to say the experiment shows a significant effect.
it is hard to say,It is hard to say whether the experiment shows a significant effect.
it is hard to say,The experiment shows a significant effect; it is hard to say.
it is hard to say,It is hard to say whether the experiment shows a significant effect.
it is hard to say,It is hard to say that the experiment shows a significant effect.
it is hard to say,It is hard to say the experiment shows a significant effect.
it is hard to say,It is hard to say that the experiment shows a significant effect.
it is hard to say,It is hard to say whether the experiment shows a significant effect.
it is hard to say,It is hard to say the experiment shows a significant effect.
open to debate,"The city is the oldest in the country, open to debate."
open to debate,"The city is the oldest in the country, open to debate."
open to debate,"The city is the oldest in the country, open to debate."
open to debate,The claim that the city is the oldest in the country is open to debate.
open to debate,"The city is the oldest in the country, open to debate."
open to debate,"The city is the oldest in the country, open to debate."
open to debate,"The city is the oldest in the country, open to debate."
open to debate,"The city is the oldest in the country, open to debate."
open to debate,"The city is the oldest in the country, open to debate."
open to debate,"The city is the oldest in the country, open to debate."
open to debate,"The city is the oldest in the country, open to debate."
open to debate,"The city is the oldest in the country, open to debate."
open to debate,"The city is the oldest in the country, open to debate."
open to debate,"The city is the oldest in the country, open to debate."
open to debate,"The city is the oldest in the country, open to debate."
open to debate,"The city is the oldest in the country, open to debate."
open to debate,"The city is the oldest in the country, open to debate."
open to debate,"The city is the oldest in the country, open to debate."
open to debate,"The city is the oldest in the country, open to debate."
open to debate,"The city is the oldest in the country, open to debate."
open to question,The movie is good open to question
open to question,"The movie is good, open to question."
open to question,"The movie is good, open to question."
open to question,The movie is open to question.
open to question,"The movie is good, open to question."
open to question,"The movie is good, open to question."
open to question,The movie is open to question.
open to question,"The movie is good, open to question."
open to question,The movie is open to question.
open to question,"The movie is good, open to question."
open to question,"The movie is good, open to question."
open to question,"The movie is good, open to question."
open to question,"The movie is good, open to question."
open to question,"The movie is good, open to question."
open to question,"The movie is good, open to question."
open to question,"The movie is good, open to question."
open to question,"The movie is good, open to question."
open to question,"The movie is good, open to question."
open to question,"The movie is good, open to question."
open to question,The movie is good open to question.
yet to be determined,It is yet to be determined whether the medication is effective in treating the disease.
yet to be determined,The effectiveness of the medication in treating the disease is yet to be determined.
yet to be determined,The medication's effectiveness in treating the disease is yet to be determined.
yet to be determined,The medication is effective in treating the disease yet to be determined.
yet to be determined,"The medication is effective in treating the disease, yet to be determined."
yet to be determined,The medication is effective in treating the disease yet to be determined.
yet to be determined,The effectiveness of the medication in treating the disease is yet to be determined.
yet to be determined,The effectiveness of the medication in treating the disease is yet to be determined.
yet to be determined,The medication is effective in treating the disease yet to be determined.
yet to be determined,The effectiveness of the medication in treating the disease is yet to be determined.
yet to be determined,"The medication is effective in treating the disease, yet to be determined."
yet to be determined,The effectiveness of the medication in treating the disease is yet to be determined.
yet to be determined,"The medication is effective in treating the disease, yet to be determined."
yet to be determined,The medication is yet to be determined to be effective in treating the disease.
yet to be determined,The medication is effective in treating the disease yet to be determined.
yet to be determined,The medication is effective in treating the disease yet to be determined.
yet to be determined,The medication’s effectiveness in treating the disease is yet to be determined.
yet to be determined,The medication's effectiveness in treating the disease is yet to be determined.
yet to be determined,"The medication is effective in treating the disease, yet to be determined."
yet to be determined,The medication's effectiveness in treating the disease is yet to be determined.
remains unclear,It remains unclear whether the medication is effective in treating the disease.
remains unclear,The effectiveness of the medication in treating the disease remains unclear.
remains unclear,The medication remains unclear in treating the disease.
remains unclear,The effectiveness of the medication in treating the disease remains unclear.
remains unclear,The effectiveness of the medication in treating the disease remains unclear.
remains unclear,It remains unclear whether the medication is effective in treating the disease.
remains unclear,The effectiveness of the medication in treating the disease remains unclear.
remains unclear,The medication remains unclear in treating the disease.
remains unclear,The medication’s effectiveness in treating the disease remains unclear.
remains unclear,It remains unclear whether the medication is effective in treating the disease.
remains unclear,The medication’s effectiveness in treating the disease remains unclear.
remains unclear,The medication's effectiveness in treating the disease remains unclear.
remains unclear,The medication remains unclear in treating the disease.
remains unclear,It remains unclear whether the medication is effective in treating the disease.
remains unclear,It remains unclear whether the medication is effective in treating the disease.
remains unclear,The effectiveness of the medication remains unclear in treating the disease.
remains unclear,Whether the medication is effective in treating the disease remains unclear.
remains unclear,The medication's effectiveness in treating the disease remains unclear.
remains unclear,The effectiveness of the medication remains unclear.
remains unclear,The effectiveness of the medication in treating the disease remains unclear.
remains uncertain,Whether it rains tomorrow remains uncertain.
remains uncertain,It rains tomorrow remains uncertain.
remains uncertain,Whether it rains tomorrow remains uncertain.
remains uncertain,It rains tomorrow remains uncertain.
remains uncertain,It rains tomorrow remains uncertain.
remains uncertain,It rains tomorrow remains uncertain.
remains uncertain,It rains tomorrow remains uncertain.
remains uncertain,It remains uncertain whether it rains tomorrow.
remains uncertain,It rains tomorrow remains uncertain.
remains uncertain,It remains uncertain whether it rains tomorrow.
remains uncertain,It rains tomorrow remains uncertain.
remains uncertain,It rains tomorrow remains uncertain.
remains uncertain,It rains tomorrow remains uncertain.
remains uncertain,It remains uncertain whether it rains tomorrow.
remains uncertain,It rains tomorrow remains uncertain.
remains uncertain,It remains uncertain whether it rains tomorrow.
remains uncertain,It remains uncertain whether it rains tomorrow.
remains uncertain,It rains tomorrow remains uncertain.
remains uncertain,The forecast that it will rain tomorrow remains uncertain.
remains uncertain,It rains tomorrow remains uncertain.
unresolved,The book is unresolved.
unresolved,The book is unresolved informative.
unresolved,The book is unresolved informative.
unresolved,"The book is informative, unresolved."
unresolved,The book is unresolved.
unresolved,The book’s informativeness remains unresolved.
unresolved,The book is unresolved.
unresolved,"The book is informative, unresolved."
unresolved,The book’s informativeness remains unresolved.
unresolved,The book is unresolved.
unresolved,The book's informativity is unresolved.
unresolved,The book's completeness remains unresolved.
unresolved,The book is unresolved.
unresolved,The book is unresolved informative.
unresolved,The book’s usefulness remains unresolved.
unresolved,"The book is informative, unresolved."
unresolved,The book has unresolved informative aspects.
unresolved,"The book is informative, unresolved."
unresolved,The book's informativeness remains unresolved.
unresolved,"The book is informative, unresolved."
contested,The movie is contested.
contested,The movie is contested.
contested,The movie is contested.
contested,The movie is contested.
contested,The movie is contested good.
contested,The movie is contested.
contested,The movie is contested.
contested,The movie's quality is contested.
contested,The movie is contested.
contested,The movie is contested.
contested,The movie is contested.
contested,The movie is contested.
contested,The movie is contested.
contested,The movie is contested.
contested,The movie is contested.
contested,The movie is contested.
contested,The movie is contested.
contested,The movie is contested.
contested,The movie is contested.
contested,The movie is contested.
disputed,The new policy's improvement of the economy is disputed.
disputed,The new policy improves the economy is disputed.
disputed,The new policy is disputed to improve the economy.
disputed,"The new policy improves the economy, disputed."
disputed,The new policy's improvement of the economy is disputed.
disputed,The new policy is disputed to improve the economy.
disputed,The new policy's effect on the economy is disputed.
disputed,The new policy's impact on the economy is disputed.
disputed,The new policy's improvement of the economy is disputed.
disputed,The new policy is disputed as improving the economy.
disputed,"The new policy improves the economy, disputed."
disputed,The new policy is disputed as improving the economy.
disputed,"The new policy improves the economy, disputed."
disputed,The new policy is disputed to improve the economy.
disputed,The new policy’s effect on the economy is disputed.
disputed,The new policy has been disputed as improving the economy.
disputed,"The new policy improves the economy, disputed."
disputed,It is disputed that the new policy improves the economy.
disputed,The new policy is disputed as improving the economy.
disputed,The new policy is disputed for improving the economy.
not yet established,"The book is informative, not yet established."
not yet established,The efficacy of X is not yet established.
not yet established,"The book is informative, not yet established."
not yet established,The book's informativeness is not yet established.
not yet established,"The book is informative, not yet established."
not yet established,"The book is informative, not yet established."
not yet established,"The book is informative, not yet established."
not yet established,The book's informativeness is not yet established.
not yet established,The book's informativeness is not yet established.
not yet established,"The book is informative, not yet established."
not yet established,"The book is informative, not yet established."
not yet established,"The book is informative, not yet established."
not yet established,"The book is informative, not yet established."
not yet established,It is not yet established that the book is informative.
not yet established,"The book is informative, not yet established."
not yet established,The book's informativeness is not yet established.
not yet established,"The book is informative, not yet established."
not yet established,"The book is informative, not yet established."
not yet established,"The book is informative, not yet established."
not yet established,"The book is informative, not yet established."
inconclusive,"The experiment shows a significant effect, which is inconclusive."
inconclusive,The experiment shows an inconclusive effect.
inconclusive,The experiment is inconclusive.
inconclusive,The experiment shows an inconclusive effect.
inconclusive,The experiment's results are inconclusive regarding a significant effect.
inconclusive,The experiment shows an inconclusive effect.
inconclusive,The experiment shows a significant effect inconclusive.
inconclusive,The experiment is inconclusive about the significance of the effect.
inconclusive,The experiment shows an inconclusive significant effect.
inconclusive,The experiment inconclusive indicates a significant effect.
inconclusive,The experiment shows an inconclusive effect.
inconclusive,The experiment inconclusive indicates a significant effect.
inconclusive,The experiment shows an inconclusive effect.
inconclusive,The experiment shows an inconclusive effect.
inconclusive,The experiment results remain inconclusive.
inconclusive,"The experiment shows a significant effect, although it remains inconclusive."
inconclusive,The experiment shows an inconclusive effect.
inconclusive,"The experiment shows a significant effect, but the results are inconclusive."
inconclusive,The experiment shows an inconclusive effect.
inconclusive,The experiment shows an inconclusive significant effect.
ambiguous,The movie is ambiguous.
ambiguous,The movie is ambiguous.
ambiguous,The movie is ambiguous good.
ambiguous,The movie is ambiguous.
ambiguous,The movie is ambiguous.
ambiguous,The movie is ambiguous.
ambiguous,The movie is ambiguously good.
ambiguous,The movie is ambiguous.
ambiguous,The movie is ambiguous.
ambiguous,The movie is ambiguous.
ambiguous,"The movie is good, ambiguous."
ambiguous,The movie is ambiguous.
ambiguous,It is ambiguous whether the movie is good.
ambiguous,The movie is ambiguous.
ambiguous,The movie is ambiguous in its good quality.
ambiguous,The movie is ambiguous.
ambiguous,The movie is ambiguous.
ambiguous,The movie is ambiguous.
ambiguous,The movie is ambiguous regarding its quality.
ambiguous,The movie is ambiguously good.
equivocal,It is equivocal that it rains tomorrow.
equivocal,It rains tomorrow equivocal.
equivocal,The weather forecast is equivocal regarding rainfall tomorrow.
equivocal,It is equivocal that it rains tomorrow.
equivocal,It rains tomorrow—equivocal.
equivocal,It rains equivocal tomorrow.
equivocal,It rains tomorrow equivocal.
equivocal,It equivocal rains tomorrow.
equivocal,It equivocal rains tomorrow.
equivocal,It rains equivocal tomorrow.
equivocal,It rains equivocal tomorrow.
equivocal,It is equivocal whether it rains tomorrow.
equivocal,It is equivocal whether it rains tomorrow.
equivocal,It is equivocal whether it rains tomorrow.
equivocal,The rain tomorrow is equivocal.
equivocal,It is equivocal whether it will rain tomorrow.
equivocal,It is equivocal that it rains tomorrow.
equivocal,It is equivocal that it will rain tomorrow.
equivocal,It is equivocal that it rains tomorrow.
equivocal,It is equivocal that it rains tomorrow.
indeterminate,The new product's success is indeterminate in the market.
indeterminate,The new product's success in the market is indeterminate.
indeterminate,The new product is indeterminate in the market.
indeterminate,The new product's success in the market is indeterminate.
indeterminate,The new product is indeterminate in the market.
indeterminate,The new product's success in the market is indeterminate.
indeterminate,The success of the new product is indeterminate.
indeterminate,The new product's success in the market is indeterminate.
indeterminate,The new product’s success in the market is indeterminate.
indeterminate,The new product's success in the market is indeterminate.
indeterminate,The new product is indeterminate in its success in the market.
indeterminate,The new product's success in the market is indeterminate.
indeterminate,The new product's success in the market is indeterminate.
indeterminate,The new product is indeterminate in the market.
indeterminate,The new product's success in the market is indeterminate.
indeterminate,The new product is indeterminate in the market.
indeterminate,The new product's success in the market is indeterminate.
indeterminate,The new product's success is indeterminate in the market.
indeterminate,The new product's success in the market remains indeterminate.
indeterminate,The new product's success in the market is indeterminate.
speculative,The report is speculative.
speculative,The report is speculatively inaccurate.
speculative,"Speculative, the report is not accurate."
speculative,The report is speculative.
speculative,The report is speculative.
speculative,The report is speculative that it is not accurate.
speculative,The report is speculative.
speculative,The report is speculative.
speculative,The report is speculative in its accuracy.
speculative,The report is speculative.
speculative,The report is speculative.
speculative,The report is speculative.
speculative,The report is speculative regarding accuracy.
speculative,The report may be speculative.
speculative,The report is speculative about its lack of accuracy.
speculative,The report is speculative.
speculative,The report is speculative in its inaccuracy.
speculative,The report is speculative.
speculative,"Speculative, the report might not be accurate."
speculative,The report is speculative about its accuracy.
conjectural,The neighbor is conjectural home.
conjectural,conjecturally the neighbor is home.
conjectural,The neighbor is conjecturally home.
conjectural,The neighbor is conjectural home.
conjectural,The neighbor is conjecturally home.
conjectural,It is conjectural that the neighbor is home.
conjectural,The neighbor is conjecturally home.
conjectural,The neighbor is conjecturally home.
conjectural,The neighbor is conjecturally home.
conjectural,Conjectural evidence indicates the neighbor is home.
conjectural,It is conjectural that the neighbor is home.
conjectural,The neighbor is conjecturally home.
conjectural,The neighbor is conjectural home.
conjectural,The neighbor is conjecturally home.
conjectural,The neighbor is conjectured to be home.
conjectural,The neighbor is conjecturally home.
conjectural,Conjectural the neighbor is home.
conjectural,The neighbor is conjecturally home.
conjectural,It is conjectural that the neighbor is home.
conjectural,The neighbor is conjecturally home.
tentative,The book is tentative.
tentative,Tentatively the book is informative.
tentative,The book is tentatively informative.
tentative,The book is tentatively informative.
tentative,The book is tentatively informative.
tentative,The book is tentatively informative.
tentative,The book is tentatively informative.
tentative,The book is tentatively informative.
tentative,The book is tentatively informative.
tentative,The book is tentatively informative.
tentative,The book is tentative informative.
tentative,The book is tentatively informative.
tentative,The book is tentatively informative.
tentative,The book is tentatively informative.
tentative,The book is tentatively informative.
tentative,The book is tentatively informative.
tentative,The book is tentatively informative.
tentative,The book is tentatively informative.
tentative,The book is tentatively informative.
tentative,The book is tentatively informative.
at issue,The effectiveness of the medication is at issue in treating the disease.
at issue,The effectiveness of the medication in treating the disease is at issue.
at issue,The effectiveness of the medication in treating the disease is at issue.
at issue,The medication's effectiveness in treating the disease is at issue.
at issue,It is at issue whether the medication is effective in treating the disease.
at issue,The medication is at issue in treating the disease.
at issue,The effectiveness of the medication in treating the disease is at issue.
at issue,The medication is effective in treating the disease at issue.
at issue,The medication is effective in treating the disease at issue.
at issue,The medication is at issue for its effectiveness in treating the disease.
at issue,The medication is effective at issue in treating the disease.
at issue,The effectiveness of the medication is at issue.
at issue,The medication's effectiveness in treating the disease is at issue.
at issue,The medication’s effectiveness at issue for treating the disease.
at issue,The effectiveness of the medication is at issue.
at issue,The effectiveness of the medication in treating the disease is at issue.
at issue,The effectiveness of the medication in treating the disease is at issue.
at issue,The medication is effective at issue in treating the disease.
at issue,The effectiveness of the medication is at issue.
at issue,The medication is effective in treating the disease at issue.
under debate,The movie is good under debate.
under debate,The movie is good under debate.
under debate,The movie is good under debate.
under debate,The movie is good under debate.
under debate,The movie is good under debate.
under debate,The movie is good under debate.
under debate,The movie is good under debate.
under debate,"The movie is good, under debate."
under debate,The movie is good under debate.
under debate,The movie is under debate.
under debate,The movie is good under debate.
under debate,The movie is good under debate.
under debate,The movie is good under debate.
under debate,"The movie is good, under debate."
under debate,The movie is good under debate.
under debate,The movie's quality is under debate.
under debate,The movie is good under debate.
under debate,The movie is good under debate.
under debate,The movie is good under debate.
under debate,The movie is good under debate.
in question,The new policy improves the economy in question.
in question,The new policy improves the economy in question.
in question,The new policy improving the economy is in question.
in question,The new policy improves the economy in question.
in question,The new policy is in question.
in question,The new policy improves the economy in question.
in question,The new policy in question improves the economy.
in question,The new policy is in question as improving the economy.
in question,The new policy is in question.
in question,"The new policy improves the economy, in question."
in question,The new policy in question improves the economy.
in question,The new policy improves the economy in question.
in question,The new policy improves the economy in question.
in question,The new policy improves the economy in question.
in question,The new policy in question improves the economy.
in question,The new policy is in question regarding its impact on the economy.
in question,The new policy improves the economy in question.
in question,The new policy improves the economy in question.
in question,The new policy is in question about its impact on the economy.
in question,The new policy (in question) improves the economy.
far from settled,The new policy is far from settled in terms of its impact on the economy.
far from settled,"Far from settled, the new policy improves the economy."
far from settled,"Far from settled, the new policy improves the economy."
far from settled,"The new policy improves the economy, a claim that is far from settled."
far from settled,"The new policy improves the economy, far from settled."
far from settled,The new policy far from settled improves the economy.
far from settled,The new policy improves the economy far from settled.
far from settled,The new policy is far from settled.
far from settled,The new policy improves the economy far from settled.
far from settled,The new policy improves the economy far from settled.
far from settled,"Far from settled, the new policy improves the economy."
far from settled,"The new policy improves the economy, far from settled."
far from settled,The new policy improves the economy far from settled.
far from settled,The new policy is far from settled that it improves the economy.
far from settled,"The new policy improves the economy, far from settled."
far from settled,The new policy is far from settled in how it improves the economy.
far from settled,The new policy is far from settled in improving the economy.
far from settled,"Far from settled, the new policy improves the economy."
far from settled,The new policy is far from settled on its impact on the economy.
far from settled,The new policy’s impact on the economy is far from settled.
by no means certain,The movie is good by no means certain.
by no means certain,"The movie is good, by no means certain."
by no means certain,"The movie is good, by no means certain."
by no means certain,"By no means certain, the movie is good."
by no means certain,"The movie is good, by no means certain."
by no means certain,"The movie is good, by no means certain."
by no means certain,"By no means certain, the movie is good."
by no means certain,"By no means certain, the movie is good."
by no means certain,"By no means certain, the movie is good."
by no means certain,The movie is good by no means certain.
by no means certain,"The movie is good, by no means certain."
by no means certain,"The movie is good, by no means certain."
by no means certain,"The movie is good, by no means certain."
by no means certain,"By no means certain, the movie is good."
by no means certain,"The movie is good, by no means certain."
by no means certain,"By no means certain, the movie is good."
by no means certain,The movie is good by no means certain.
by no means certain,"The movie is good, by no means certain."
by no means certain,"The movie is good, by no means certain."
by no means certain,"The movie is good, by no means certain."
roughly,The neighbor is roughly home.
roughly,The neighbor is roughly home.
roughly,The neighbor is roughly at home.
roughly,The neighbor is roughly at home.
roughly,The neighbor is roughly home.
roughly,The neighbor is roughly at home.
roughly,The neighbor is home roughly.
roughly,The neighbor is roughly home.
roughly,The neighbor is roughly home.
roughly,The neighbor is roughly at home.
roughly,The neighbor is roughly home.
roughly,The neighbor is roughly at home.
roughly,"Roughly, the neighbor is home."
roughly,The neighbor is roughly home.
roughly,The neighbor is roughly home.
roughly,The neighbor is roughly home.
roughly,The neighbor is roughly home.
roughly,The neighbor is roughly home.
roughly,The neighbor is roughly home.
roughly,The neighbor is roughly home.
approximately,The restaurant serves approximately delicious food.
approximately,The restaurant serves food that is approximately delicious.
approximately,The restaurant serves approximately delicious food.
approximately,The restaurant serves approximately delicious food.
approximately,The restaurant's food is approximately delicious.
approximately,The restaurant serves food that is approximately delicious.
approximately,The restaurant serves food that is approximately delicious.
approximately,The restaurant serves approximately delicious food.
approximately,The restaurant serves approximately delicious food.
approximately,The restaurant serves approximately delicious food.
approximately,The restaurant serves approximately delicious food.
approximately,The restaurant serves approximately delicious food.
approximately,The restaurant serves approximately delicious food.
approximately,The restaurant serves food approximately described as delicious.
approximately,The restaurant serves approximately delicious food.
approximately,Approximately the restaurant serves delicious food.
approximately,The restaurant serves approximately delicious food.
approximately,The restaurant serves approximately delicious food.
approximately,The restaurant serves approximately delicious food.
approximately,The restaurant serves food that is approximately delicious.
about,The city is about the oldest in the country.
about,The city is about the oldest in the country.
about,The city is about the oldest in the country.
about,The city is about the oldest in the country.
about,The city is about the oldest in the country.
about,The city is about the oldest in the country.
about,The city is about the oldest in the country.
about,The city is about the oldest in the country.
about,The city is about the oldest in the country.
about,The city is about the oldest in the country.
about,The city is about the oldest in the country.
about,The city is about the oldest in the country.
about,The city is about the oldest in the country.
about,The city is about the oldest in the country.
about,The city is about the oldest in the country.
about,The city is about the oldest in the country.
about,The city is about the oldest in the country.
about,The city is about the oldest in the country.
about,The city is about the oldest in the country.
about,The city is about the oldest in the country.
around,The city is around the oldest in the country.
around,The city is around the oldest in the country.
around,The city is around the oldest in the country.
around,The city is around the oldest in the country.
around,The city is around the oldest in the country.
around,The city is around the oldest in the country.
around,The city is around the oldest in the country.
around,The city is around the oldest in the country.
around,The city is around the oldest in the country.
around,The city is around the oldest in the country.
around,The city is around the oldest in the country.
around,The city is around the oldest in the country.
around,The city is around the oldest in the country.
around,The city is around the oldest in the country.
around,The city is around the oldest in the country.
around,The city is around the oldest in the country.
around,The city is around the oldest in the country.
around,The city is around the oldest in the country.
around,The city is around the oldest in the country.
around,The city is around the oldest in the country.
more or less,The neighbor is more or less at home.
more or less,The neighbor is more or less home.
more or less,The neighbor is more or less home.
more or less,The neighbor is more or less home.
more or less,The neighbor is more or less home.
more or less,The neighbor is more or less home.
more or less,The neighbor is more or less home.
more or less,The neighbor is more or less home.
more or less,The neighbor is more or less home.
more or less,"The neighbor is home, more or less."
more or less,The neighbor is more or less home.
more or less,The neighbor is more or less home.
more or less,more or less the neighbor is home.
more or less,"The neighbor is home, more or less."
more or less,The neighbor is more or less home.
more or less,The neighbor is more or less home.
more or less,The neighbor is more or less home.
more or less,The neighbor is more or less home.
more or less,The neighbor is more or less home.
more or less,The neighbor is more or less home.
give or take,"It rains tomorrow, give or take."
give or take,"It rains tomorrow, give or take."
give or take,"It rains tomorrow, give or take."
give or take,It rains give or take tomorrow.
give or take,"It rains tomorrow, give or take."
give or take,"It rains tomorrow, give or take."
give or take,"It rains tomorrow, give or take."
give or take,"It rains tomorrow, give or take."
give or take,"It rains tomorrow, give or take."
give or take,"It rains tomorrow, give or take."
give or take,It rains tomorrow give or take.
give or take,"It may rain tomorrow, give or take."
give or take,"It will rain tomorrow, give or take."
give or take,"It rains tomorrow, give or take."
give or take,"It rains tomorrow, give or take."
give or take,"It rains tomorrow, give or take."
give or take,"It rains tomorrow, give or take."
give or take,"It rains tomorrow, give or take."
give or take,"It rains tomorrow, give or take."
give or take,"It rains tomorrow, give or take."
in the ballpark of,The neighbor is in the ballpark of home.
in the ballpark of,The neighbor is home in the ballpark of.
in the ballpark of,"The neighbor is home, in the ballpark of."
in the ballpark of,"The neighbor is home, in the ballpark of."
in the ballpark of,"The neighbor is home, in the ballpark of."
in the ballpark of,The neighbor is home in the ballpark of a few minutes.
in the ballpark of,"The neighbor is home, in the ballpark of."
in the ballpark of,The neighbor is in the ballpark of home.
in the ballpark of,The neighbor is home in the ballpark of.
in the ballpark of,"The neighbor is home, in the ballpark of."
in the ballpark of,"The neighbor is home, in the ballpark of."
in the ballpark of,"The neighbor is home, in the ballpark of certainty."
in the ballpark of,"The neighbor is home, in the ballpark of."
in the ballpark of,"The neighbor is home, in the ballpark of."
in the ballpark of,The neighbor is home in the ballpark of.
in the ballpark of,"The neighbor is home, in the ballpark of."
in the ballpark of,The neighbor is home in the ballpark of.
in the ballpark of,The neighbor is in the ballpark of home.
in the ballpark of,The neighbor is in the ballpark of being home.
in the ballpark of,"The neighbor is home, in the ballpark of."
somewhere around,The neighbor is somewhere around home.
somewhere around,The neighbor is somewhere around home.
somewhere around,The neighbor is somewhere around home.
somewhere around,The neighbor is somewhere around home.
somewhere around,The neighbor is somewhere around home.
somewhere around,The neighbor is somewhere around home.
somewhere around,The neighbor is somewhere around home.
somewhere around,The neighbor is somewhere around home.
somewhere around,The neighbor is somewhere around home.
somewhere around,The neighbor is somewhere around home.
somewhere around,The neighbor is somewhere around home.
somewhere around,The neighbor is somewhere around home.
somewhere around,The neighbor is somewhere around home.
somewhere around,The neighbor is somewhere around home.
somewhere around,The neighbor is home somewhere around.
somewhere around,The neighbor is somewhere around home.
somewhere around,The neighbor is somewhere around home.
somewhere around,The neighbor is somewhere around home.
somewhere around,The neighbor is somewhere around home.
somewhere around,The neighbor is somewhere around home.
or so,"The restaurant serves delicious food, or so."
or so,The restaurant serves delicious food or so.
or so,The restaurant serves delicious food or so.
or so,The restaurant serves delicious food or so.
or so,The restaurant serves delicious food or so.
or so,The restaurant serves delicious food or so.
or so,The restaurant serves delicious food or so.
or so,The restaurant serves delicious food or so.
or so,The restaurant serves delicious food or so.
or so,The restaurant serves delicious food or so.
or so,"The restaurant serves delicious food, or so."
or so,The restaurant serves delicious food or so.
or so,"The restaurant serves delicious food, or so."
or so,The restaurant serves delicious food or so.
or so,"The restaurant serves delicious food, or so."
or so,"The restaurant serves delicious food, or so."
or so,The restaurant serves delicious food or so.
or so,The restaurant serves delicious food or so.
or so,"The restaurant serves delicious food, or so."
or so,The restaurant serves delicious food or so.
in the region of,In the region of rain tomorrow.
in the region of,It rains in the region of tomorrow.
in the region of,It rains in the region of tomorrow.
in the region of,It rains in the region of 70%.
in the region of,It rains in the region of tomorrow.
in the region of,It will rain in the region of tomorrow.
in the region of,It rains in the region of tomorrow.
in the region of,In the region of rains tomorrow.
in the region of,It rains in the region of tomorrow.
in the region of,"In the region of tomorrow, it rains."
in the region of,It rains in the region of tomorrow.
in the region of,In the region of rain is expected tomorrow.
in the region of,It rains in the region of the next day.
in the region of,It rains in the region of tomorrow.
in the region of,"In the region of tomorrow, it rains."
in the region of,The rainfall will be in the region of 5 mm.
in the region of,In the region of rain it rains tomorrow.
in the region of,In the region of tomorrow it rains.
in the region of,It rains in the region of tomorrow.
in the region of,In the region of rain tomorrow.
of the order of,The restaurant serves food of the order of deliciousness.
of the order of,"The restaurant serves food that is delicious, of the order of."
of the order of,The restaurant serves food of the order of deliciousness.
of the order of,The restaurant serves food of the order of delicious.
of the order of,The restaurant's food quality is of the order of delicious.
of the order of,The restaurant serves food of the order of delicious.
of the order of,The restaurant serves food of the order of deliciousness.
of the order of,The restaurant serves food of the order of deliciousness.
of the order of,The restaurant serves food of the order of deliciousness.
of the order of,The restaurant serves food of the order of delicious.
of the order of,The restaurant serves food of the order of delicious.
of the order of,The restaurant serves food of the order of deliciousness.
of the order of,The restaurant serves food of the order of deliciousness.
of the order of,The restaurant serves food of the order of deliciousness.
of the order of,The restaurant serves food of the order of deliciousness.
of the order of,The restaurant serves food of the order of deliciousness.
of the order of,The restaurant serves food of the order of deliciousness.
of the order of,The restaurant's average wait time is of the order of fifteen minutes.
of the order of,The restaurant serves food of the order of delicious.
of the order of,The restaurant offers food of the order of deliciousness.
in the vicinity of,"In the vicinity of the market, the new product is successful."
in the vicinity of,The new product is successful in the vicinity of the market.
in the vicinity of,The new product is successful in the vicinity of the market.
in the vicinity of,The new product is successful in the vicinity of the market.
in the vicinity of,The new product is successful in the vicinity of the market.
in the vicinity of,The new product is successful in the vicinity of the market.
in the vicinity of,The new product is successful in the vicinity of the market.
in the vicinity of,The new product is successful in the vicinity of the market.
in the vicinity of,The new product is successful in the vicinity of the market.
in the vicinity of,The new product is successful in the vicinity of the market.
in the vicinity of,The new product is successful in the vicinity of the market.
in the vicinity of,The new product is successful in the vicinity of the market.
in the vicinity of,The new product is successful in the vicinity of the market.
in the vicinity of,The new product is successful in the vicinity of the market.
in the vicinity of,The new product is successful in the vicinity of the market.
in the vicinity of,The new product is successful in the vicinity of the market.
in the vicinity of,The new product is successful in the vicinity of the market.
in the vicinity of,The new product is successful in the vicinity of the market.
in the vicinity of,The new product is successful in the vicinity of the market.
in the vicinity of,The new product is successful in the vicinity of the market.
upwards of,"The new policy improves the economy, upwards of 5%."
upwards of,The new policy improves the economy upwards of ten percent.
upwards of,The new policy improves the economy upwards of 5%.
upwards of,The new policy improves the economy upwards of.
upwards of,The new policy improves the economy upwards of.
upwards of,The new policy improves the economy upwards of 5%.
upwards of,The new policy improves the economy upwards of 5%.
upwards of,"The new policy improves the economy, upwards of 3%."
upwards of,The new policy improves the economy upwards of 5 percent.
upwards of,The new policy improves the economy upwards of 10%.
upwards of,The new policy improves the economy upwards of 2%.
upwards of,The new policy improves the economy upwards of five percent.
upwards of,The new policy improves the economy upwards of a modest amount.
upwards of,The new policy improves the economy by upwards of 10%.
upwards of,The new policy improves the economy upwards of.
upwards of,The new policy improves the economy upwards of 5%.
upwards of,Upwards of the new policy improves the economy.
upwards of,The new policy improves the economy upwards of 5%.
upwards of,The new policy improves the economy by upwards of 10%.
upwards of,The new policy improves the economy upwards of thirty percent.
close to,The experiment shows a significant effect close to significance.
close to,The experiment shows an effect close to significant.
close to,The experiment shows an effect close to significant.
close to,The experiment shows a significant effect close to what was anticipated.
close to,The experiment shows a significant effect close to the expected level.
close to,The experiment shows a significant effect close to what we predicted.
close to,The experiment shows an effect close to significant.
close to,The experiment shows a significant effect close to the expected magnitude.
close to,The experiment shows an effect close to significant.
close to,The experiment shows a significant effect close to the 0.05 threshold.
close to,The experiment shows a close to significant effect.
close to,The experiment shows an effect close to significant.
close to,The experiment shows a significant effect close to significance.
close to,The experiment shows a significant effect close to 0.05.
close to,The experiment shows an effect close to significant.
close to,The experiment shows a significant effect close to a large effect.
close to,The experiment shows an effect close to significant.
close to,The experiment shows an effect that is close to significant.
close to,The experiment shows the effect is close to significant.
close to,The experiment shows a significant effect close to the expected magnitude.
nearly,The report is nearly not accurate.
nearly,The report is nearly accurate.
nearly,Nearly the report is not accurate.
nearly,The report is nearly inaccurate.
nearly,The report is nearly inaccurate.
nearly,The report is nearly inaccurate.
nearly,The report is nearly inaccurate.
nearly,Nearly the report is not accurate.
nearly,The report is nearly not accurate.
nearly,The report is nearly inaccurate.
nearly,The report is nearly accurate.
nearly,The report is nearly inaccurate.
nearly,The report is not nearly accurate.
nearly,The report is nearly inaccurate.
nearly,The report is nearly inaccurate.
nearly,The report is not nearly accurate.
nearly,The report is nearly inaccurate.
nearly,The report is nearly inaccurate.
nearly,The report is nearly inaccurate.
nearly,The report is nearly inaccurate.
almost,The neighbor is almost home.
almost,The neighbor is almost home.
almost,The neighbor is almost home.
almost,The neighbor is almost home.
almost,The neighbor is almost home.
almost,The neighbor is almost home.
almost,The neighbor is almost home.
almost,The neighbor is almost home.
almost,The neighbor is almost home.
almost,The neighbor is almost home.
almost,The neighbor is almost home.
almost,The neighbor is almost home.
almost,The neighbor is almost home.
almost,The neighbor is almost home.
almost,The neighbor is almost home.
almost,The neighbor is almost home.
almost,The neighbor is almost home.
almost,The neighbor is almost home.
almost,The neighbor is almost home.
almost,The neighbor is almost home.
practically,The new policy practically improves the economy.
practically,The new policy practically improves the economy.
practically,The new policy practically improves the economy.
practically,The new policy practically improves the economy.
practically,The new policy practically improves the economy.
practically,The new policy practically improves the economy.
practically,The new policy practically improves the economy.
practically,The new policy practically improves the economy.
practically,The new policy practically improves the economy.
practically,The new policy practically improves the economy.
practically,The new policy practically improves the economy.
practically,The new policy practically improves the economy.
practically,The new policy practically improves the economy.
practically,The new policy practically improves the economy.
practically,The new policy practically improves the economy.
practically,The new policy practically improves the economy.
practically,The new policy practically improves the economy.
practically,The new policy practically improves the economy.
practically,The new policy practically improves the economy.
practically,The new policy practically improves the economy.
effectively,The experiment effectively shows a significant effect.
effectively,The experiment effectively shows a significant effect.
effectively,The experiment effectively demonstrates a significant effect.
effectively,The experiment shows a significant effect effectively.
effectively,"Effectively, the experiment shows a significant effect."
effectively,The experiment effectively shows a significant effect.
effectively,The experiment effectively demonstrates a significant effect.
effectively,The experiment effectively shows a significant effect.
effectively,The experiment shows effectively a significant effect.
effectively,The experiment effectively shows a significant effect.
effectively,The experiment effectively shows a significant effect.
effectively,The experiment effectively shows a significant effect.
effectively,The experiment effectively shows a significant effect.
effectively,The experiment effectively shows a significant effect.
effectively,The experiment shows a significant effect effectively.
effectively,The experiment effectively shows a significant effect.
effectively,The experiment effectively shows a significant effect.
effectively,The experiment effectively shows a significant effect.
effectively,The experiment effectively shows a significant effect.
effectively,The experiment effectively shows a significant effect.
essentially,Essentially the medication is effective in treating the disease.
essentially,The medication is essentially effective in treating the disease.
essentially,The medication is essentially effective in treating the disease.
essentially,The medication is essentially effective in treating the disease.
essentially,"Essentially, the medication is effective in treating the disease."
essentially,"Essentially, the medication is effective in treating the disease."
essentially,The medication is essentially effective in treating the disease.
essentially,The medication is essentially effective in treating the disease.
essentially,Essentially the medication is effective in treating the disease.
essentially,The medication is essentially effective in treating the disease.
essentially,"Essentially, the medication is effective in treating the disease."
essentially,"Essentially, the medication is effective in treating the disease."
essentially,The medication is essentially effective in treating the disease.
essentially,The medication is essentially effective in treating the disease.
essentially,The medication is essentially effective in treating the disease.
essentially,"Essentially, the medication is effective in treating the disease."
essentially,Essentially the medication is effective in treating the disease.
essentially,The medication is essentially effective in treating the disease.
essentially,The medication is essentially effective in treating the disease.
essentially,The medication is essentially effective in treating the disease.
broadly,Broadly the report is not accurate.
broadly,"Broadly, the report is not accurate."
broadly,"Broadly, the report is not accurate."
broadly,"Broadly, the report is not accurate."
broadly,"Broadly, the report is not accurate."
broadly,"Broadly, the report is not accurate."
broadly,The report is not broadly accurate.
broadly,The report is broadly not accurate.
broadly,"Broadly, the report is not accurate."
broadly,"Broadly, the test results are inconclusive."
broadly,"Broadly, the report is not accurate."
broadly,"Broadly, the report is not accurate."
broadly,"Broadly, the report is not accurate."
broadly,The report is broadly inaccurate.
broadly,"Broadly, the report is not accurate."
broadly,"Broadly, the report is not accurate."
broadly,"Broadly, the report is not accurate."
broadly,The report is broadly inaccurate.
broadly,The report is broadly not accurate.
broadly,The report is broadly not accurate.
loosely,The experiment shows a loosely significant effect.
loosely,The experiment shows the effect loosely.
loosely,"Loosely, the experiment shows a significant effect."
loosely,"The experiment shows a significant effect, loosely."
loosely,The experiment loosely shows a significant effect.
loosely,The experiment shows a loosely significant effect.
loosely,The experiment loosely shows a significant effect.
loosely,"Loosely, the experiment shows a significant effect."
loosely,The experiment shows a loosely significant effect.
loosely,The experiment loosely shows a significant effect.
loosely,The experiment shows a loosely significant effect.
loosely,The experiment loosely shows a significant effect.
loosely,"Loosely, the experiment shows a significant effect."
loosely,The experiment shows a significant effect loosely.
loosely,The experiment shows a significant effect loosely.
loosely,The experiment loosely shows a significant effect.
loosely,The experiment loosely shows a significant effect.
loosely,The experiment loosely shows a significant effect.
loosely,The experiment shows a loosely significant effect.
loosely,The experiment loosely shows a significant effect.
sort of,The experiment shows a sort of significant effect.
sort of,The experiment shows a significant effect sort of.
sort of,The experiment sort of shows a significant effect.
sort of,The experiment shows a significant effect sort of.
sort of,The experiment shows a sort of significant effect.
sort of,The experiment sort of shows a significant effect.
sort of,The experiment sort of shows a significant effect.
sort of,The experiment sort of shows a significant effect.
sort of,The experiment shows a sort of significant effect.
sort of,The experiment shows a significant effect sort of.
sort of,The experiment sort of shows a significant effect.
sort of,The experiment sort of shows a significant effect.
sort of,The experiment shows a sort of significant effect.
sort of,The experiment sort of shows a significant effect.
sort of,The experiment sort of shows a significant effect.
sort of,The experiment shows a sort of significant effect.
sort of,The experiment sort of shows a significant effect.
sort of,The experiment shows a significant effect sort of.
sort of,The experiment sort of shows a significant effect.
sort of,"The experiment shows a significant effect, sort of."
kind of,The movie is kind of good.
kind of,The movie is kind of good.
kind of,The movie is kind of good.
kind of,The movie is kind of good.
kind of,The movie is kind of good.
kind of,The movie is kind of good.
kind of,The movie is kind of good.
kind of,The movie is kind of good.
kind of,The movie is kind of good.
kind of,The movie is kind of good.
kind of,The movie is kind of good.
kind of,The movie is kind of good.
kind of,The movie is kind of good.
kind of,The movie is kind of good.
kind of,The movie is kind of good.
kind of,The movie is kind of good.
kind of,The movie is kind of good.
kind of,The movie is kind of good.
kind of,The movie is kind of good.
kind of,The movie is kind of good.
somewhat,The report is somewhat not accurate.
somewhat,The report is somewhat inaccurate.
somewhat,The report is somewhat inaccurate.
somewhat,The report is somewhat inaccurate.
somewhat,The report is somewhat inaccurate.
somewhat,The report is somewhat inaccurate.
somewhat,The report is somewhat inaccurate.
somewhat,The report is somewhat inaccurate.
somewhat,The report is somewhat inaccurate.
somewhat,The report is somewhat inaccurate.
somewhat,The report is somewhat inaccurate.
somewhat,The report is somewhat not accurate.
somewhat,The report is somewhat inaccurate.
somewhat,The report is somewhat inaccurate.
somewhat,The report is somewhat inaccurate.
somewhat,The report is somewhat inaccurate.
somewhat,The report is somewhat inaccurate.
somewhat,The report is somewhat inaccurate.
somewhat,The report is somewhat inaccurate.
somewhat,The report is somewhat not accurate.
rather,The experiment shows a rather significant effect.
rather,"The experiment shows a significant effect, rather."
rather,The experiment shows rather significant effect.
rather,The experiment shows a significant effect rather.
rather,The experiment shows rather a significant effect.
rather,"The experiment shows a significant effect, rather."
rather,"The experiment shows a significant effect, rather."
rather,The experiment shows rather a significant effect.
rather,The experiment shows a rather significant effect.
rather,The experiment shows a significant effect rather.
rather,The experiment shows rather a significant effect.
rather,"The experiment shows a significant effect, rather."
rather,"The experiment shows a significant effect, rather."
rather,The experiment shows a rather significant effect.
rather,The experiment shows rather significant effect.
rather,The experiment shows a rather significant effect.
rather,The experiment shows a rather significant effect.
rather,"The experiment shows a significant effect, rather."
rather,The experiment shows a rather significant effect.
rather,The experiment shows a rather significant effect.
fairly,The book is fairly informative.
fairly,The book is fairly informative.
fairly,The book is fairly informative.
fairly,The book is fairly informative.
fairly,The book is fairly informative.
fairly,The book is fairly informative.
fairly,The book is fairly informative.
fairly,The book is fairly informative.
fairly,The book is fairly informative.
fairly,Fairly informative.
fairly,The book is fairly informative.
fairly,The book is fairly informative.
fairly,The book is fairly informative.
fairly,The book is fairly informative.
fairly,The book is fairly informative.
fairly,The book is fairly informative.
fairly,The book is fairly informative.
fairly,The book is fairly informative.
fairly,The book is fairly informative.
fairly,The book is fairly informative.
quite,The new policy quite improves the economy.
quite,The new policy quite improves the economy.
quite,The new policy quite improves the economy.
quite,The new policy is quite improving the economy.
quite,The new policy is quite good for the economy.
quite,The new policy quite improves the economy.
quite,The new policy quite improves the economy.
quite,The new policy quite improves the economy.
quite,The new policy quite improves the economy.
quite,The new policy quite improves the economy.
quite,The new policy is quite good for the economy.
quite,The new policy quite improves the economy.
quite,The new policy quite improves the economy.
quite,The new policy quite improves the economy.
quite,The new policy quite improves the economy.
quite,The new policy quite improves the economy.
quite,The new policy quite improves the economy.
quite,The new policy quite improves the economy.
quite,The new policy quite improves the economy.
quite,The new policy quite improves the economy.
to some extent,The report is not accurate to some extent.
to some extent,The report is not accurate to some extent.
to some extent,The report is not accurate to some extent.
to some extent,The report is not accurate to some extent.
to some extent,The report is not accurate to some extent.
to some extent,The report is not accurate to some extent.
to some extent,The report is not accurate to some extent.
to some extent,The report is not accurate to some extent.
to some extent,The report is not accurate to some extent.
to some extent,The report is not accurate to some extent.
to some extent,The report is not accurate to some extent.
to some extent,The report is not accurate to some extent.
to some extent,The report is not accurate to some extent.
to some extent,"To some extent, the report is not accurate."
to some extent,The report is not accurate to some extent.
to some extent,The report is not accurate to some extent.
to some extent,The report is not accurate to some extent.
to some extent,The report is not accurate to some extent.
to some extent,The report is not accurate to some extent.
to some extent,"The report is not accurate, to some extent."
to a certain degree,The report is not accurate to a certain degree.
to a certain degree,"The report is, to a certain degree, not accurate."
to a certain degree,The report is not accurate to a certain degree.
to a certain degree,The report is not accurate to a certain degree.
to a certain degree,The report is not accurate to a certain degree.
to a certain degree,The report is not accurate to a certain degree.
to a certain degree,The report is not accurate to a certain degree.
to a certain degree,The report is not accurate to a certain degree.
to a certain degree,The report is not accurate to a certain degree.
to a certain degree,The report is not accurate to a certain degree.
to a certain degree,The report is to a certain degree not accurate.
to a certain degree,The report is not accurate to a certain degree.
to a certain degree,The report is not accurate to a certain degree.
to a certain degree,The report is not accurate to a certain degree.
to a certain degree,The report is not accurate to a certain degree.
to a certain degree,The report is not accurate to a certain degree.
to a certain degree,The report is not accurate to a certain degree.
to a certain degree,The report is not accurate to a certain degree.
to a certain degree,The report is not accurate to a certain degree.
to a certain degree,The report is not accurate to a certain degree.
in a way,"The neighbor is home, in a way."
in a way,"In a way, the neighbor is home."
in a way,"The neighbor is home, in a way."
in a way,The neighbor is home in a way.
in a way,The neighbor is home in a way.
in a way,The neighbor is home in a way.
in a way,"The neighbor is home, in a way."
in a way,"The neighbor is home, in a way."
in a way,The neighbor is home in a way.
in a way,The neighbor is home in a way.
in a way,"The neighbor is home, in a way."
in a way,"The neighbor is home, in a way."
in a way,"The neighbor is, in a way, home."
in a way,"The neighbor is home, in a way."
in a way,"The neighbor is home, in a way."
in a way,"The neighbor is home, in a way."
in a way,The neighbor is home in a way.
in a way,The neighbor is home in a way.
in a way,"The neighbor is home, in a way."
in a way,"The neighbor is home, in a way."
in some ways,The book is informative in some ways.
in some ways,The book is informative in some ways.
in some ways,The book is informative in some ways.
in some ways,The book is informative in some ways.
in some ways,The book is informative in some ways.
in some ways,The book is informative in some ways.
in some ways,The book is informative in some ways.
in some ways,The book is informative in some ways.
in some ways,"In some ways, the book is informative."
in some ways,The book is informative in some ways.
in some ways,The book is informative in some ways.
in some ways,"In some ways, the book is informative."
in some ways,The book is informative in some ways.
in some ways,The book is informative in some ways.
in some ways,The book is informative in some ways.
in some ways,The book is informative in some ways.
in some ways,The book is informative in some ways.
in some ways,The book is informative in some ways.
in some ways,The book is informative in some ways.
in some ways,"The book is informative, in some ways."
largely,The book is largely informative.
largely,The book is largely informative.
largely,The book is largely informative.
largely,The book is largely informative.
largely,The book is largely informative.
largely,The book is largely informative.
largely,The book is largely informative.
largely,The book is largely informative.
largely,The book is largely informative.
largely,The book is largely informative.
largely,The book is largely informative.
largely,The book is largely informative.
largely,The book is largely informative.
largely,The book is largely informative.
largely,The book is largely informative.
largely,The book is largely informative.
largely,The book is largely informative.
largely,The book is largely informative.
largely,The book is largely informative.
largely,The book is largely informative.
mostly,The book is mostly informative.
mostly,The book is mostly informative.
mostly,The book is mostly informative.
mostly,The book is mostly informative.
mostly,The book is mostly informative.
mostly,The book is mostly informative.
mostly,The book is mostly informative.
mostly,The book is mostly informative.
mostly,The book is mostly informative.
mostly,The book is mostly informative.
mostly,The book is mostly informative.
mostly,The book is mostly informative.
mostly,The book is mostly informative.
mostly,The book is mostly informative.
mostly,"Mostly, the book is informative."
mostly,The book is mostly informative.
mostly,The book is mostly informative.
mostly,The book is mostly informative.
mostly,The book is mostly informative.
mostly,The book is mostly informative.
mainly,The new policy mainly improves the economy.
mainly,The new policy mainly improves the economy.
mainly,The new policy mainly improves the economy.
mainly,The new policy mainly improves the economy.
mainly,The new policy mainly improves the economy.
mainly,mainly the new policy improves the economy.
mainly,The new policy mainly improves the economy.
mainly,The new policy mainly improves the economy.
mainly,The new policy mainly improves the economy.
mainly,The new policy mainly improves the economy.
mainly,The new policy mainly improves the economy.
mainly,The new policy mainly improves the economy.
mainly,The new policy mainly improves the economy.
mainly,The new policy mainly improves the economy.
mainly,The new policy mainly improves the economy.
mainly,The new policy mainly improves the economy.
mainly,The new policy mainly improves the economy.
mainly,The new policy mainly improves the economy.
mainly,The new policy mainly improves the economy.
mainly,The new policy mainly improves the economy.
chiefly,It chiefly rains tomorrow.
chiefly,Chiefly it rains tomorrow.
chiefly,It chiefly rains tomorrow.
chiefly,It rains chiefly tomorrow.
chiefly,It chiefly rains tomorrow.
chiefly,It chiefly rains tomorrow.
chiefly,It chiefly rains tomorrow.
chiefly,It will chiefly rain tomorrow.
chiefly,It rains chiefly tomorrow.
chiefly,It chiefly rains tomorrow.
chiefly,It chiefly rains tomorrow.
chiefly,It chiefly rains tomorrow.
chiefly,It will chiefly rain tomorrow.
chiefly,"Chiefly, it rains tomorrow."
chiefly,It chiefly rains tomorrow.
chiefly,It chiefly rains tomorrow.
chiefly,"chiefly, it will rain tomorrow."
chiefly,It chiefly rains tomorrow.
chiefly,It chiefly rains tomorrow.
chiefly,It chiefly rains tomorrow.
primarily,The experiment primarily shows a significant effect.
primarily,The experiment primarily shows a significant effect.
primarily,The experiment primarily shows a significant effect.
primarily,The experiment primarily shows a significant effect.
primarily,"Primarily, the experiment shows a significant effect."
primarily,The experiment primarily shows a significant effect.
primarily,The experiment shows a primarily significant effect.
primarily,The experiment primarily shows a significant effect.
primarily,The experiment primarily shows a significant effect.
primarily,The experiment primarily shows a significant effect.
primarily,The experiment primarily shows a significant effect.
primarily,The experiment primarily shows a significant effect.
primarily,The experiment primarily shows a significant effect.
primarily,"Initially, it appears that the experiment shows a significant effect primarily."
primarily,The experiment primarily shows a significant effect.
primarily,The experiment primarily shows a significant effect.
primarily,"Primarily, the experiment shows a significant effect."
primarily,The experiment primarily shows a significant effect.
primarily,The experiment primarily shows a significant effect.
primarily,The experiment shows a significant effect primarily.
predominantly,The restaurant predominantly serves delicious food.
predominantly,The restaurant serves predominantly delicious food.
predominantly,The restaurant serves predominantly delicious food.
predominantly,The restaurant serves predominantly delicious food.
predominantly,The restaurant serves predominantly delicious food.
predominantly,The restaurant predominantly serves delicious food.
predominantly,The restaurant predominantly serves delicious food.
predominantly,The restaurant predominantly serves delicious food.
predominantly,The restaurant predominantly serves delicious food.
predominantly,The restaurant predominantly serves delicious food.
predominantly,The restaurant serves food that is predominantly delicious.
predominantly,The restaurant predominantly serves delicious food.
predominantly,The restaurant serves food that is predominantly delicious.
predominantly,The restaurant predominantly serves delicious food.
predominantly,The restaurant serves food that is predominantly delicious.
predominantly,The restaurant serves predominantly delicious food.
predominantly,"Predominantly, the restaurant serves delicious food."
predominantly,"Predominantly, the restaurant serves delicious food."
predominantly,The restaurant predominantly serves delicious food.
predominantly,The restaurant predominantly serves delicious food.
entirely,The report is entirely inaccurate.
entirely,The report is entirely inaccurate.
entirely,The report is not entirely accurate.
entirely,The report is entirely inaccurate.
entirely,The report is entirely inaccurate.
entirely,The report is entirely inaccurate.
entirely,The report is entirely inaccurate.
entirely,This report is not entirely accurate.
entirely,The report is entirely inaccurate.
entirely,The report is entirely not accurate.
entirely,The report is entirely inaccurate.
entirely,The report is entirely inaccurate.
entirely,The report is entirely not accurate.
entirely,The report is not entirely accurate.
entirely,The report is entirely inaccurate.
entirely,The report is entirely inaccurate.
entirely,The report is entirely inaccurate.
entirely,The report is entirely inaccurate.
entirely,The report is not entirely accurate.
entirely,The report is not entirely accurate.
completely,The report is not completely accurate.
completely,The report is completely inaccurate.
completely,The report is completely accurate.
completely,The report is completely inaccurate.
completely,The report is completely inaccurate.
completely,The report is completely not accurate.
completely,The report is not completely accurate.
completely,The report is completely inaccurate.
completely,The report is completely inaccurate.
completely,The report is not completely accurate.
completely,The report is completely inaccurate.
completely,The report is completely not accurate.
completely,The report is completely inaccurate.
completely,The report is completely inaccurate.
completely,The report is not completely accurate.
completely,The report is completely inaccurate.
completely,The report is not completely accurate.
completely,The report is completely not accurate.
completely,The report is completely inaccurate.
completely,The report is completely inaccurate.
wholly,The medication is wholly effective in treating the disease.
wholly,The medication is wholly effective in treating the disease.
wholly,The medication is wholly effective in treating the disease.
wholly,It is wholly effective in treating the disease.
wholly,Wholly the medication is effective in treating the disease.
wholly,The medication is wholly effective in treating the disease.
wholly,The medication is wholly effective in treating the disease.
wholly,The medication is wholly effective in treating the disease.
wholly,The medication is wholly effective in treating the disease.
wholly,The medication is wholly effective in treating the disease.
wholly,The medication is wholly effective in treating the disease.
wholly,The medication is wholly effective in treating the disease.
wholly,The medication is wholly effective in treating the disease.
wholly,The medication is wholly effective in treating the disease.
wholly,The medication is wholly effective in treating the disease.
wholly,The medication is wholly effective in treating the disease.
wholly,The medication is wholly effective in treating the disease.
wholly,The medication is wholly effective in treating the disease.
wholly,The medication is wholly effective in treating the disease.
wholly,The medication is wholly effective in treating the disease.
fully,The movie is fully good.
fully,The movie is fully good.
fully,The movie is fully good.
fully,The movie is fully good.
fully,The movie is fully good.
fully,The movie is fully good.
fully,The movie is fully good.
fully,The movie is fully good.
fully,The movie is fully good.
fully,The movie is fully good.
fully,The movie is fully good.
fully,The movie is fully good.
fully,The movie is fully good.
fully,The movie is fully good.
fully,The movie is fully good.
fully,The movie is fully good.
fully,The movie is fully good.
fully,The movie is fully good.
fully,The movie is fully good.
fully,The movie is fully good.
partially,There is partially a correlation between X and Y.
partially,There is a partially correlation between X and Y.
partially,There is partially a correlation between X and Y.
partially,"There is a correlation between X and Y, partially."
partially,There is a partially correlation between X and Y.
partially,There is partially a correlation between X and Y.
partially,There is partially a correlation between X and Y.
partially,There is partially a correlation between X and Y.
partially,The correlation between X and Y is partially.
partially,"There is a correlation between X and Y, partially."
partially,There is a partially correlation between X and Y.
partially,There is partially a correlation between X and Y.
partially,There is partially a correlation between X and Y.
partially,There is partially a correlation between X and Y.
partially,There is partially a correlation between X and Y.
partially,There is partially a correlation between X and Y.
partially,There is a partially correlation between X and Y.
partially,"Partially, there is a correlation between X and Y."
partially,There is a correlation between X and Y partially.
partially,There is a partially correlation between X and Y.
marginally,The city is marginally the oldest in the country.
marginally,The city is marginally the oldest in the country.
marginally,The city is marginally the oldest in the country.
marginally,The city is marginally the oldest in the country.
marginally,The city is marginally the oldest in the country.
marginally,"Marginally, the city is the oldest in the country."
marginally,The city is marginally the oldest in the country.
marginally,The city is marginally the oldest in the country.
marginally,"Marginally, the city is the oldest in the country."
marginally,The city is marginally the oldest in the country.
marginally,The city is marginally the oldest in the country.
marginally,The city is marginally the oldest in the country.
marginally,The city is marginally the oldest in the country.
marginally,The city is marginally the oldest in the country.
marginally,The city is marginally the oldest in the country.
marginally,The city is marginally the oldest in the country.
marginally,The city is marginally the oldest in the country.
marginally,The city is marginally the oldest in the country.
marginally,The city is marginally the oldest in the country.
marginally,The city is marginally the oldest in the country.
slightly,The neighbor is slightly home.
slightly,The neighbor is slightly at home.
slightly,The neighbor is slightly home.
slightly,The neighbor is slightly home.
slightly,The neighbor is slightly home.
slightly,The neighbor is slightly home.
slightly,The neighbor is slightly home.
slightly,The neighbor is slightly home.
slightly,The neighbor is slightly home.
slightly,The neighbor is slightly home.
slightly,The neighbor is slightly home.
slightly,The neighbor is slightly home.
slightly,The neighbor is slightly home.
slightly,The neighbor is slightly home.
slightly,The neighbor is slightly home.
slightly,The neighbor is slightly home.
slightly,The neighbor is slightly home.
slightly,The neighbor is slightly home.
slightly,The neighbor is slightly home.
slightly,The neighbor is slightly home.
barely,It barely rains tomorrow.
barely,It barely rains tomorrow.
barely,It barely rains tomorrow.
barely,It barely rains tomorrow.
barely,It barely rains tomorrow.
barely,It barely rains tomorrow.
barely,It barely rains tomorrow.
barely,It rains barely tomorrow.
barely,It barely rains tomorrow.
barely,It barely rains tomorrow.
barely,It barely rains tomorrow.
barely,It barely rains tomorrow.
barely,It barely rains tomorrow.
barely,It barely rains tomorrow.
barely,It barely rains tomorrow.
barely,It barely rains tomorrow.
barely,It barely rains tomorrow.
barely,It barely rains tomorrow.
barely,It rains tomorrow barely.
barely,It barely rains tomorrow.
hardly,The restaurant hardly serves delicious food.
hardly,The restaurant hardly serves delicious food.
hardly,The restaurant hardly serves delicious food.
hardly,The restaurant hardly serves delicious food.
hardly,The restaurant hardly serves delicious food.
hardly,The restaurant serves hardly delicious food.
hardly,The restaurant hardly serves any good food.
hardly,The restaurant hardly offers delicious food.
hardly,The restaurant hardly serves delicious food.
hardly,The restaurant hardly serves delicious food.
hardly,The restaurant hardly serves delicious food.
hardly,Hardly does the restaurant serve delicious food.
hardly,The restaurant hardly serves delicious food.
hardly,The restaurant hardly serves delicious food.
hardly,The restaurant hardly serves delicious food.
hardly,The restaurant hardly serves delicious food.
hardly,The restaurant hardly serves delicious food.
hardly,Hardly any food at the restaurant fails to be delicious.
hardly,The restaurant hardly serves delicious food.
hardly,The restaurant serves hardly delicious food.
scarcely,The new policy scarcely improves the economy.
scarcely,The new policy scarcely improves the economy.
scarcely,The new policy scarcely improves the economy.
scarcely,The new policy scarcely improves the economy.
scarcely,The new policy scarcely improves the economy.
scarcely,The new policy scarcely improves the economy.
scarcely,Scarcely improve the economy.
scarcely,The new policy scarcely improves the economy.
scarcely,The new policy scarcely improves the economy.
scarcely,The new policy scarcely improves the economy.
scarcely,The new policy scarcely improves the economy.
scarcely,The new policy scarcely improves the economy.
scarcely,The new policy scarcely improves the economy.
scarcely,The new policy scarcely improves the economy.
scarcely,The new policy scarcely improves the economy.
scarcely,The new policy scarcely improves the economy.
scarcely,The new policy scarcely improves the economy.
scarcely,The new policy scarcely improves the economy.
scarcely,The new policy scarcely improves the economy.
scarcely,The new policy scarcely improves the economy.
virtually,It virtually rains tomorrow.
virtually,It will virtually rain tomorrow.
virtually,It will virtually rain tomorrow.
virtually,It virtually rains tomorrow.
virtually,It is virtually raining tomorrow.
virtually,It virtually rains tomorrow.
virtually,It virtually rains tomorrow.
virtually,Virtually it rains tomorrow.
virtually,It will virtually rain tomorrow.
virtually,It will virtually rain tomorrow.
virtually,It virtually rains tomorrow.
virtually,It virtually rains tomorrow.
virtually,It is virtually raining tomorrow.
virtually,It virtually rains tomorrow.
virtually,It will virtually rain tomorrow.
virtually,It virtually rains tomorrow.
virtually,It virtually rains tomorrow.
virtually,Virtually it rains tomorrow.
virtually,It virtually rains tomorrow.
virtually,It will virtually rain tomorrow.
nearly,The experiment shows nearly a significant effect.
nearly,The experiment shows nearly a significant effect.
nearly,The experiment shows a nearly significant effect.
nearly,The experiment shows nearly significant effect.
nearly,The experiment shows a nearly significant effect.
nearly,The experiment shows nearly a significant effect.
nearly,The experiment shows nearly a significant effect.
nearly,The experiment shows a nearly significant effect.
nearly,The experiment shows a nearly significant effect.
nearly,The experiment nearly shows a significant effect.
nearly,The experiment shows a significant effect nearly.
nearly,The experiment shows a nearly significant effect.
nearly,The experiment shows a nearly significant effect.
nearly,The experiment nearly shows a significant effect.
nearly,The experiment shows nearly a significant effect.
nearly,The experiment shows a nearly significant effect.
nearly,The experiment shows a significant effect nearly.
nearly,The experiment shows nearly a significant effect.
nearly,The experiment shows nearly a significant effect.
nearly,The experiment shows nearly a significant effect.
fundamentally,"Fundamentally, the new policy improves the economy."
fundamentally,The new policy fundamentally improves the economy.
fundamentally,The new policy fundamentally improves the economy.
fundamentally,"Fundamentally, the new policy improves the economy."
fundamentally,The new policy fundamentally improves the economy.
fundamentally,The new policy fundamentally improves the economy.
fundamentally,"Fundamentally, the new policy improves the economy."
fundamentally,The new policy fundamentally improves the economy.
fundamentally,"Fundamentally, the new policy improves the economy."
fundamentally,"Fundamentally, the new policy improves the economy."
fundamentally,"Fundamentally, the new policy improves the economy."
fundamentally,"Fundamentally, the new policy improves the economy."
fundamentally,Fundamentally the new policy improves the economy.
fundamentally,The new policy fundamentally improves the economy.
fundamentally,The new policy fundamentally improves the economy.
fundamentally,The new policy fundamentally improves the economy.
fundamentally,"Fundamentally, the new policy improves the economy."
fundamentally,"Fundamentally, the new policy improves the economy."
fundamentally,"Fundamentally, the new policy improves the economy."
fundamentally,The new policy fundamentally improves the economy.
technically,"Technically, the restaurant serves delicious food."
technically,"Technically, the restaurant serves delicious food."
technically,"Technically, the restaurant serves delicious food."
technically,"Technically, the restaurant serves delicious food."
technically,"Technically, the restaurant serves delicious food."
technically,"Technically, the restaurant serves delicious food."
technically,"Technically, the restaurant serves delicious food."
technically,Technically the restaurant serves delicious food.
technically,"Technically, the movie was long."
technically,"Technically, the restaurant serves delicious food."
technically,"Technically, the restaurant serves delicious food."
technically,"Technically, the restaurant serves delicious food."
technically,"Technically, the restaurant serves delicious food."
technically,"Technically, the restaurant serves delicious food."
technically,"Technically, the restaurant serves delicious food."
technically,"Technically, the restaurant serves delicious food."
technically,"Technically, the restaurant serves delicious food."
technically,"Technically, the restaurant serves delicious food."
technically,"Technically, the restaurant serves delicious food."
technically,"Technically, the restaurant serves delicious food."
in part,The report is not accurate in part.
in part,The report is not accurate in part.
in part,"In part, the report is not accurate."
in part,The report is not accurate in part.
in part,The report is not accurate in part.
in part,The report is not accurate in part.
in part,"The report is not accurate, in part."
in part,The report is not accurate in part.
in part,"The report is not accurate, in part."
in part,The report is not accurate in part.
in part,The report is not accurate in part.
in part,The report is inaccurate in part.
in part,"The report is not accurate, in part."
in part,The report is not accurate in part.
in part,The report is not accurate in part.
in part,The report is not accurate in part.
in part,The report is not accurate in part.
in part,The report is not accurate in part.
in part,The report is not accurate in part.
in part,The report is not accurate in part.
to a degree,"The city is the oldest in the country, to a degree."
to a degree,"The city is the oldest in the country, to a degree."
to a degree,"To a degree, the city is the oldest in the country."
to a degree,The city is the oldest in the country to a degree.
to a degree,The city is the oldest in the country to a degree.
to a degree,The city is the oldest in the country to a degree.
to a degree,The city is the oldest in the country to a degree.
to a degree,"The city is the oldest in the country, to a degree."
to a degree,The city is the oldest in the country to a degree.
to a degree,"To a degree, the city is the oldest in the country."
to a degree,The city is the oldest in the country to a degree.
to a degree,The city is the oldest in the country to a degree.
to a degree,"The city is the oldest in the country, to a degree."
to a degree,The city is the oldest in the country to a degree.
to a degree,The city is to a degree the oldest in the country.
to a degree,The city is the oldest in the country to a degree.
to a degree,"The city is, to a degree, the oldest in the country."
to a degree,"The city is the oldest in the country, to a degree."
to a degree,"The city is the oldest in the country, to a degree."
to a degree,The city is the oldest in the country to a degree.
for the most part,The report is not accurate for the most part.
for the most part,for the most part the report is not accurate.
for the most part,"For the most part, the report is not accurate."
for the most part,"For the most part, the report is not accurate."
for the most part,"For the most part, the report is not accurate."
for the most part,"The report is not accurate, for the most part."
for the most part,"For the most part, the report is not accurate."
for the most part,"For the most part, the report is not accurate."
for the most part,"For the most part, the report is not accurate."
for the most part,The report is for the most part accurate.
for the most part,"For the most part, the report is not accurate."
for the most part,The report is not accurate for the most part.
for the most part,"For the most part, the report is not accurate."
for the most part,The report is not accurate for the most part.
for the most part,The report is not accurate for the most part.
for the most part,The report is not accurate for the most part.
for the most part,The report is for the most part not accurate.
for the most part,The report is not accurate for the most part.
for the most part,"The report is, for the most part, not accurate."
for the most part,"For the most part, the report is not accurate."
by and large,"By and large, the movie is good."
by and large,"By and large, the movie is good."
by and large,By and large the movie is good.
by and large,"By and large, the movie is good."
by and large,"By and large, the movie is good."
by and large,The movie is good by and large.
by and large,"By and large, the movie is good."
by and large,"By and large, the movie is good."
by and large,"By and large, the movie is good."
by and large,"By and large, the movie is good."
by and large,"By and large, the movie is good."
by and large,"By and large, the movie is good."
by and large,"By and large, the movie is good."
by and large,"By and large, the movie is good."
by and large,"By and large, the movie is good."
by and large,"By and large, the movie is good."
by and large,"By and large, the movie is good."
by and large,"By and large, the movie is good."
by and large,"By and large, the movie is good."
by and large,"By and large, the movie is good."
on the whole,On the whole the new policy improves the economy.
on the whole,"On the whole, the new policy improves the economy."
on the whole,"On the whole, the new policy improves the economy."
on the whole,"On the whole, the new policy improves the economy."
on the whole,"On the whole, the new policy improves the economy."
on the whole,"On the whole, the new policy improves the economy."
on the whole,"On the whole, the new policy improves the economy."
on the whole,"On the whole, the new policy improves the economy."
on the whole,"On the whole, the new policy improves the economy."
on the whole,"On the whole, the new policy improves the economy."
on the whole,"On the whole, the new policy improves the economy."
on the whole,On the whole the new policy improves the economy.
on the whole,"On the whole, the new policy improves the economy."
on the whole,"On the whole, the new policy improves the economy."
on the whole,"On the whole, the new policy improves the economy."
on the whole,"On the whole, the new policy improves the economy."
on the whole,"On the whole, the new policy improves the economy."
on the whole,"On the whole, the new policy improves the economy."
on the whole,"On the whole, the new policy improves the economy."
on the whole,"On the whole, the new policy improves the economy."
in general,In general the new policy improves the economy.
in general,"In general, the new policy improves the economy."
in general,"In general, the new policy improves the economy."
in general,"In general, the new policy improves the economy."
in general,The new policy improves the economy in general.
in general,"In general, the new policy improves the economy."
in general,"In general, the new policy improves the economy."
in general,"In general, the new policy improves the economy."
in general,"In general, the new policy improves the economy."
in general,"In general, the new policy improves the economy."
in general,A new policy generally improves the economy.
in general,"In general, the new policy improves the economy."
in general,"In general, the new policy improves the economy."
in general,"In general, the new policy improves the economy."
in general,"In general, the new policy improves the economy."
in general,The new policy improves the economy in general.
in general,"In general, the new policy improves the economy."
in general,"In general, the new policy improves the economy."
in general,"In general, the new policy improves the economy."
in general,"In general, the new policy improves the economy."
broadly speaking,"Broadly speaking, the book is informative."
broadly speaking,"Broadly speaking, the book is informative."
broadly speaking,"Broadly speaking, the book is informative."
broadly speaking,"Broadly speaking, the book is informative."
broadly speaking,"Broadly speaking, the book is informative."
broadly speaking,"Broadly speaking, the book is informative."
broadly speaking,"Broadly speaking, the book is informative."
broadly speaking,"Broadly speaking, the book is informative."
broadly speaking,"Broadly speaking, the book is informative."
broadly speaking,"Broadly speaking, the book is informative."
broadly speaking,"Broadly speaking, the book is informative."
broadly speaking,"Broadly speaking, the book is informative."
broadly speaking,"Broadly speaking, the book is informative."
broadly speaking,"Broadly speaking, the book is informative."
broadly speaking,"Broadly speaking, the book is informative."
broadly speaking,"Broadly speaking, the book is informative."
broadly speaking,"Broadly speaking, the book is informative."
broadly speaking,"Broadly speaking, the book is informative."
broadly speaking,"Broadly speaking, the book is informative."
broadly speaking,"Broadly speaking, the book is informative."
generally speaking,"Generally speaking, the restaurant serves delicious food."
generally speaking,"Generally speaking, the restaurant serves delicious food."
generally speaking,"generally speaking, the restaurant serves delicious food."
generally speaking,"Generally speaking, the restaurant serves delicious food."
generally speaking,"Generally speaking, the restaurant serves delicious food."
generally speaking,"Generally speaking, the restaurant serves delicious food."
generally speaking,"Generally speaking, the city has excellent public transportation."
generally speaking,"Generally speaking, the restaurant serves delicious food."
generally speaking,"Generally speaking, the restaurant serves delicious food."
generally speaking,"Generally speaking, the restaurant serves delicious food."
generally speaking,"Generally speaking, the restaurant serves delicious food."
generally speaking,"Generally speaking, the restaurant serves delicious food."
generally speaking,"Generally speaking, the restaurant serves delicious food."
generally speaking,"Generally speaking, the restaurant serves delicious food."
generally speaking,"generally speaking, the restaurant serves delicious food."
generally speaking,"Generally speaking, the restaurant serves delicious food."
generally speaking,"generally speaking, the restaurant serves delicious food"
generally speaking,"Generally speaking, the restaurant serves delicious food."
generally speaking,"Generally speaking, the restaurant serves delicious food."
generally speaking,"Generally speaking, the restaurant serves delicious food."
loosely speaking,"Loosely speaking, the restaurant serves delicious food."
loosely speaking,"loosely speaking, the restaurant serves delicious food."
loosely speaking,"Loosely speaking, the restaurant serves delicious food."
loosely speaking,"Loosely speaking, the restaurant serves delicious food."
loosely speaking,"The restaurant serves delicious food, loosely speaking."
loosely speaking,"Loosely speaking, the restaurant serves delicious food."
loosely speaking,"The restaurant serves delicious food, loosely speaking."
loosely speaking,"Loosely speaking, the restaurant serves delicious food."
loosely speaking,"loosely speaking, the restaurant serves delicious food"
loosely speaking,"Loosely speaking, the restaurant serves delicious food."
loosely speaking,"Loosely speaking, the restaurant serves delicious food."
loosely speaking,"Loosely speaking, the restaurant serves delicious food."
loosely speaking,"loosely speaking, the restaurant serves delicious food."
loosely speaking,"Loosely speaking, the restaurant serves delicious food."
loosely speaking,"loosely speaking, the restaurant serves delicious food."
loosely speaking,"Loosely speaking, the restaurant serves delicious food."
loosely speaking,"Loosely speaking, the restaurant serves delicious food."
loosely speaking,"Loosely speaking, the restaurant serves delicious food."
loosely speaking,"Loosely speaking, the restaurant serves delicious food."
loosely speaking,"Loosely speaking, the restaurant serves delicious food."
as a rule,"As a rule, the city is the oldest in the country."
as a rule,"As a rule, the city is the oldest in the country."
as a rule,"As a rule, the city is the oldest in the country."
as a rule,As a rule the city is the oldest in the country.
as a rule,"As a rule, the city is the oldest in the country."
as a rule,"As a rule, the city is the oldest in the country."
as a rule,"As a rule, the city is the oldest in the country."
as a rule,"As a rule, the city is the oldest in the country."
as a rule,"As a rule, the city is the oldest in the country."
as a rule,"As a rule, the city is the oldest in the country."
as a rule,"As a rule, the city is the oldest in the country."
as a rule,"As a rule, the city is the oldest in the country."
as a rule,"The city is, as a rule, the oldest in the country."
as a rule,"As a rule, the city is the oldest in the country."
as a rule,As a rule the city is the oldest in the country.
as a rule,"The city is, as a rule, the oldest in the country."
as a rule,"As a rule, the city is the oldest in the country."
as a rule,"As a rule, the city is the oldest in the country."
as a rule,"As a rule, the city is the oldest in the country."
as a rule,"As a rule, the city is the oldest in the country."
typically,The report is typically not accurate.
typically,The report is typically not accurate.
typically,The report is typically not accurate.
typically,The report is typically not accurate.
typically,"Typically, the report is not accurate."
typically,The report is typically not accurate.
typically,The report is typically not accurate.
typically,Typically the report is not accurate.
typically,The report is typically not accurate.
typically,"Typically, the report is not accurate."
typically,"Typically, the report is not accurate."
typically,The report is typically not accurate.
typically,The report is typically not accurate.
typically,"Typically, the report is not accurate."
typically,"Typically, the report is not accurate."
typically,The report typically is not accurate.
typically,The report is typically not accurate.
typically,The report is typically not accurate.
typically,The report is typically not accurate.
typically,The report is typically not accurate.
usually,Usually the neighbor is home.
usually,The neighbor is usually home.
usually,The neighbor is usually home.
usually,The neighbor is usually home.
usually,The neighbor is usually home.
usually,The neighbor is usually home.
usually,The neighbor is usually home.
usually,The neighbor is usually home.
usually,The neighbor is usually home.
usually,The neighbor is usually home.
usually,The neighbor is usually home.
usually,The neighbor is usually home.
usually,The neighbor is usually home.
usually,The neighbor is usually home.
usually,The neighbor is usually home.
usually,The neighbor is usually home.
usually,Usually the neighbor is home.
usually,The neighbor is usually home.
usually,The neighbor is usually home.
usually,The neighbor is usually home.
normally,The restaurant normally serves delicious food.
normally,Normally the restaurant serves delicious food.
normally,"Normally, the restaurant serves delicious food."
normally,The restaurant normally serves delicious food.
normally,The restaurant normally serves delicious food.
normally,The restaurant normally serves delicious food.
normally,Normally the restaurant serves delicious food.
normally,The restaurant serves food that is normally delicious.
normally,The restaurant normally serves delicious food.
normally,The restaurant normally serves delicious food.
normally,The restaurant normally serves delicious food.
normally,The restaurant normally serves delicious food.
normally,The restaurant normally serves delicious food.
normally,The restaurant normally serves delicious food.
normally,"Normally, the restaurant serves delicious food."
normally,The restaurant normally serves delicious food.
normally,"Normally, the restaurant serves delicious food."
normally,The restaurant normally serves delicious food.
normally,The restaurant normally serves delicious food.
normally,The restaurant normally serves delicious food.
ordinarily,The restaurant ordinarily serves delicious food.
ordinarily,"Ordinarily, the restaurant serves delicious food."
ordinarily,"Ordinarily, the restaurant serves delicious food."
ordinarily,"Ordinarily, the restaurant serves delicious food."
ordinarily,The restaurant ordinarily serves delicious food.
ordinarily,"Ordinarily, the restaurant serves delicious food."
ordinarily,"Ordinarily, the restaurant serves delicious food."
ordinarily,"Ordinarily, the restaurant serves delicious food."
ordinarily,"Ordinarily, the restaurant serves delicious food."
ordinarily,"Ordinarily, the restaurant serves delicious food."
ordinarily,Ordinarily the restaurant serves delicious food.
ordinarily,"Ordinarily, the restaurant serves delicious food."
ordinarily,Ordinarily the restaurant serves delicious food.
ordinarily,Ordinarily the restaurant serves delicious food.
ordinarily,"Ordinarily, the restaurant serves delicious food."
ordinarily,"Ordinarily, the restaurant serves delicious food."
ordinarily,"Ordinarily, the restaurant serves delicious food."
ordinarily,Ordinarily the restaurant serves delicious food.
ordinarily,"Ordinarily, the restaurant serves delicious food."
ordinarily,"Ordinarily, the restaurant serves delicious food."
in most cases,"In most cases, the neighbor is home."
in most cases,In most cases the neighbor is home.
in most cases,"In most cases, the neighbor is home."
in most cases,"In most cases, the neighbor is home."
in most cases,"In most cases, the neighbor is home."
in most cases,"In most cases, the neighbor is home."
in most cases,"In most cases, the neighbor is home."
in most cases,In most cases the neighbor is home.
in most cases,"In most cases, the neighbor is home."
in most cases,"In most cases, the neighbor is home."
in most cases,"In most cases, the neighbor is home."
in most cases,in most cases the neighbor is home.
in most cases,The neighbor is home in most cases.
in most cases,"In most cases, the neighbor is home."
in most cases,"In most cases, the neighbor is home."
in most cases,"In most cases, the neighbor is home."
in most cases,The neighbor is home in most cases.
in most cases,"In most cases, the neighbor is home."
in most cases,"In most cases, the neighbor is home."
in most cases,"In most cases, the neighbor is home."
more often than not,"More often than not, the book is informative."
more often than not,"More often than not, the book is informative."
more often than not,The book is often informative.
more often than not,The book is more often than not informative.
more often than not,"The book is, more often than not, informative."
more often than not,"More often than not, the book is informative."
more often than not,"More often than not, the book is informative."
more often than not,"The book is informative, more often than not."
more often than not,The book is more often than not informative.
more often than not,"The book is informative, more often than not."
more often than not,The book is more often than not informative.
more often than not,The book is more often than not informative.
more often than not,The book is more often than not informative.
more often than not,"More often than not, the book is informative."
more often than not,"More often than not, the book is informative."
more often than not,"More often than not, the book is informative."
more often than not,The book is informative more often than not.
more often than not,"The book is informative, more often than not."
more often than not,"More often than not, the book is informative."
more often than not,"More often than not, the book is informative."
it is suggested that,It is suggested that the new policy improves the economy.
it is suggested that,It is suggested that the new policy improves the economy.
it is suggested that,It is suggested that the new policy improves the economy.
it is suggested that,It is suggested that the new policy improves the economy.
it is suggested that,It is suggested that the new policy improves the economy.
it is suggested that,It is suggested that the new policy improves the economy.
it is suggested that,It is suggested that the new policy improves the economy.
it is suggested that,It is suggested that the new policy improves the economy.
it is suggested that,It is suggested that the new policy improves the economy.
it is suggested that,It is suggested that the new policy improves the economy.
it is suggested that,It is suggested that the new policy improves the economy.
it is suggested that,It is suggested that the new policy improves the economy.
it is suggested that,It is suggested that the new policy improves the economy.
it is suggested that,It is suggested that the new policy improves the economy.
it is suggested that,It is suggested that the new policy improves the economy.
it is suggested that,It is suggested that the new policy improves the economy.
it is suggested that,It is suggested that the new policy improves the economy.
it is suggested that,It is suggested that the new policy improves the economy.
it is suggested that,It is suggested that the new policy improves the economy.
it is suggested that,It is suggested that the new policy improves the economy.
it has been argued that,It has been argued that the report is not accurate.
it has been argued that,It has been argued that the report is not accurate.
it has been argued that,It has been argued that the report is not accurate.
it has been argued that,It has been argued that the report is not accurate.
it has been argued that,It has been argued that the report is not accurate.
it has been argued that,It has been argued that the report is not accurate.
it has been argued that,It has been argued that the report is not accurate.
it has been argued that,It has been argued that the report is not accurate.
it has been argued that,It has been argued that the report is not accurate.
it has been argued that,It has been argued that the report is not accurate.
it has been argued that,It has been argued that the report is not accurate.
it has been argued that,It has been argued that the report is not accurate.
it has been argued that,It has been argued that the report is not accurate.
it has been argued that,It has been argued that the report is not accurate.
it has been argued that,It has been argued that the report is not accurate.
it has been argued that,It has been argued that the report is not accurate.
it has been argued that,It has been argued that the report is not accurate.
it has been argued that,It has been argued that the report is not accurate.
it has been argued that,It has been argued that the report is not accurate.
it has been argued that,It has been argued that the report is not accurate.
it could be argued that,It could be argued that the report is not accurate.
it could be argued that,It could be argued that the report is not accurate.
it could be argued that,It could be argued that the report is not accurate.
it could be argued that,It could be argued that the report is not accurate.
it could be argued that,It could be argued that the report is not accurate.
it could be argued that,It could be argued that the report is not accurate.
it could be argued that,It could be argued that the report is not accurate.
it could be argued that,It could be argued that the report is not accurate.
it could be argued that,It could be argued that the report is not accurate.
it could be argued that,It could be argued that the report is not accurate.
it could be argued that,It could be argued that the report is not accurate.
it could be argued that,It could be argued that the report is not accurate.
it could be argued that,It could be argued that the report is not accurate.
it could be argued that,It could be argued that the report is not accurate.
it could be argued that,It could be argued that the report is not accurate.
it could be argued that,It could be argued that the report is not accurate.
it could be argued that,It could be argued that the report is not accurate.
it could be argued that,It could be argued that the report is not accurate.
it could be argued that,It could be argued that the report is not accurate.
it could be argued that,it could be argued that the report is not accurate.
it is worth noting that,It is worth noting that the medication is effective in treating the disease.
it is worth noting that,It is worth noting that the medication is effective in treating the disease.
it is worth noting that,It is worth noting that the medication is effective in treating the disease.
it is worth noting that,It is worth noting that the medication is effective in treating the disease.
it is worth noting that,It is worth noting that the medication is effective in treating the disease.
it is worth noting that,It is worth noting that the medication is effective in treating the disease.
it is worth noting that,It is worth noting that the medication is effective in treating the disease.
it is worth noting that,It is worth noting that the medication is effective in treating the disease.
it is worth noting that,It is worth noting that the medication is effective in treating the disease.
it is worth noting that,It is worth noting that the medication is effective in treating the disease.
it is worth noting that,It is worth noting that the medication is effective in treating the disease.
it is worth noting that,It is worth noting that the medication is effective in treating the disease.
it is worth noting that,It is worth noting that the medication is effective in treating the disease.
it is worth noting that,It is worth noting that the medication is effective in treating the disease.
it is worth noting that,It is worth noting that the medication is effective in treating the disease.
it is worth noting that,It is worth noting that the medication is effective in treating the disease.
it is worth noting that,It is worth noting that the medication is effective in treating the disease.
it is worth noting that,It is worth noting that the medication is effective in treating the disease.
it is worth noting that,It is worth noting that the medication is effective in treating the disease.
it is worth noting that,It is worth noting that the medication is effective in treating the disease.
it should be noted that,It should be noted that the city is the oldest in the country.
it should be noted that,It should be noted that the city is the oldest in the country.
it should be noted that,It should be noted that the city is the oldest in the country.
it should be noted that,It should be noted that the city is the oldest in the country.
it should be noted that,It should be noted that the city is the oldest in the country.
it should be noted that,It should be noted that the city is the oldest in the country.
it should be noted that,It should be noted that the city is the oldest in the country.
it should be noted that,It should be noted that the city is the oldest in the country.
it should be noted that,It should be noted that the city is the oldest in the country.
it should be noted that,It should be noted that the city is the oldest in the country.
it should be noted that,It should be noted that the city is the oldest in the country.
it should be noted that,It should be noted that the city is the oldest in the country.
it should be noted that,It should be noted that the city is the oldest in the country.
it should be noted that,It should be noted that the city is the oldest in the country.
it should be noted that,It should be noted that the city is the oldest in the country.
it should be noted that,It should be noted that the city is the oldest in the country.
it should be noted that,It should be noted that the city is the oldest in the country.
it should be noted that,It should be noted that the city is the oldest in the country.
it should be noted that,It should be noted that the city is the oldest in the country.
it should be noted that,It should be noted that the city is the oldest in the country.
it is important to note that,It is important to note that the experiment shows a significant effect.
it is important to note that,It is important to note that the experiment shows a significant effect.
it is important to note that,It is important to note that the experiment shows a significant effect.
it is important to note that,It is important to note that the experiment shows a significant effect.
it is important to note that,It is important to note that the experiment shows a significant effect.
it is important to note that,It is important to note that the experiment shows a significant effect.
it is important to note that,It is important to note that the experiment shows a significant effect.
it is important to note that,It is important to note that the experiment shows a significant effect.
it is important to note that,It is important to note that the experiment shows a significant effect.
it is important to note that,It is important to note that the experiment shows a significant effect.
it is important to note that,It is important to note that the experiment shows a significant effect.
it is important to note that,It is important to note that the experiment shows a significant effect.
it is important to note that,It is important to note that the experiment shows a significant effect.
it is important to note that,It is important to note that the experiment shows a significant effect.
it is important to note that,It is important to note that the experiment shows a significant effect.
it is important to note that,It is important to note that the experiment shows a significant effect.
it is important to note that,It is important to note that the experiment shows a significant effect.
it is important to note that,It is important to note that the experiment shows a significant effect.
it is important to note that,It is important to note that the experiment shows a significant effect.
it is important to note that,It is important to note that the experiment shows a significant effect.
it is reasonable to assume that,It is reasonable to assume that the book is informative.
it is reasonable to assume that,It is reasonable to assume that the book is informative.
it is reasonable to assume that,It is reasonable to assume that the book is informative.
it is reasonable to assume that,It is reasonable to assume that the book is informative.
it is reasonable to assume that,It is reasonable to assume that the book is informative.
it is reasonable to assume that,It is reasonable to assume that the book is informative.
it is reasonable to assume that,It is reasonable to assume that the book is informative.
it is reasonable to assume that,It is reasonable to assume that the book is informative.
it is reasonable to assume that,It is reasonable to assume that the book is informative.
it is reasonable to assume that,It is reasonable to assume that the book is informative.
it is reasonable to assume that,It is reasonable to assume that the book is informative.
it is reasonable to assume that,It is reasonable to assume that the book is informative.
it is reasonable to assume that,It is reasonable to assume that the book is informative.
it is reasonable to assume that,It is reasonable to assume that the book is informative.
it is reasonable to assume that,It is reasonable to assume that the book is informative.
it is reasonable to assume that,It is reasonable to assume that the book is informative.
it is reasonable to assume that,It is reasonable to assume that the book is informative.
it is reasonable to assume that,It is reasonable to assume that the book is informative.
it is reasonable to assume that,It is reasonable to assume that the book is informative.
it is reasonable to assume that,It is reasonable to assume that the book is informative.
there is reason to believe that,There is reason to believe that the new policy improves the economy.
there is reason to believe that,There is reason to believe that the new policy improves the economy.
there is reason to believe that,There is reason to believe that the new policy improves the economy.
there is reason to believe that,There is reason to believe that the new policy improves the economy.
there is reason to believe that,There is reason to believe that the new policy improves the economy.
there is reason to believe that,There is reason to believe that the new policy improves the economy.
there is reason to believe that,There is reason to believe that the new policy improves the economy.
there is reason to believe that,There is reason to believe that the new policy improves the economy.
there is reason to believe that,There is reason to believe that the new policy improves the economy.
there is reason to believe that,There is reason to believe that the new policy improves the economy.
there is reason to believe that,There is reason to believe that the new policy improves the economy.
there is reason to believe that,There is reason to believe that the new policy improves the economy.
there is reason to believe that,There is reason to believe that the new policy improves the economy.
there is reason to believe that,There is reason to believe that the new policy improves the economy.
there is reason to believe that,There is reason to believe that the new policy improves the economy.
there is reason to believe that,There is reason to believe that the new policy improves the economy.
there is reason to believe that,There is reason to believe that the new policy improves the economy.
there is reason to believe that,There is reason to believe that the new policy improves the economy.
there is reason to believe that,There is reason to believe that the new policy improves the economy.
there is reason to believe that,There is reason to believe that the new policy improves the economy.
preliminary findings suggest,Preliminary findings suggest the restaurant serves delicious food.
preliminary findings suggest,Preliminary findings suggest the restaurant serves delicious food.
preliminary findings suggest,Preliminary findings suggest the restaurant serves delicious food.
preliminary findings suggest,Preliminary findings suggest the restaurant serves delicious food.
preliminary findings suggest,Preliminary findings suggest the restaurant serves delicious food.
preliminary findings suggest,preliminary findings suggest the restaurant serves delicious food.
preliminary findings suggest,Premature findings suggest that the restaurant serves delicious food.
preliminary findings suggest,Preliminary findings suggest the restaurant serves delicious food.
preliminary findings suggest,Preliminary findings suggest the restaurant serves delicious food.
preliminary findings suggest,Preliminary findings suggest the restaurant serves delicious food.
preliminary findings suggest,Preliminary findings suggest the restaurant serves delicious food.
preliminary findings suggest,Preliminary findings suggest the restaurant serves delicious food.
preliminary findings suggest,Preliminary findings suggest the restaurant serves delicious food.
preliminary findings suggest,Preliminary findings suggest the restaurant serves delicious food.
preliminary findings suggest,Preliminary findings suggest the restaurant serves delicious food.
preliminary findings suggest,Preliminary findings suggest the restaurant serves delicious food.
preliminary findings suggest,Preliminary findings suggest the restaurant serves delicious food.
preliminary findings suggest,Preliminary findings suggest the restaurant serves delicious food.
preliminary findings suggest,Preliminary findings suggest that the restaurant serves delicious food.
preliminary findings suggest,Preliminary findings suggest the restaurant serves delicious food.
available evidence points to,Available evidence points to the neighbor being home.
available evidence points to,Available evidence points to the neighbor being home.
available evidence points to,Available evidence points to the neighbor being home.
available evidence points to,Available evidence points to the neighbor being home.
available evidence points to,Available evidence points to the neighbor being home.
available evidence points to,Available evidence points to the neighbor being home.
available evidence points to,Available evidence points to the neighbor being home.
available evidence points to,Available evidence points to the neighbor being home.
available evidence points to,Available evidence points to the neighbor being home.
available evidence points to,Available evidence points to the neighbor being home.
available evidence points to,Available evidence points to the neighbor being home.
available evidence points to,Available evidence points to the neighbor being home.
available evidence points to,Available evidence points to the neighbor being home.
available evidence points to,available evidence points to the neighbor being home.
available evidence points to,Available evidence points to the neighbor being home.
available evidence points to,Available evidence points to the neighbor being home.
available evidence points to,available evidence points to the neighbor being home.
available evidence points to,Available evidence points to the neighbor being at home.
available evidence points to,Available evidence points to the neighbor being home.
available evidence points to,Available evidence points to the neighbor being home.
it is widely believed that,It is widely believed that the movie is good.
it is widely believed that,It is widely believed that the movie is good.
it is widely believed that,It is widely believed that the movie is good.
it is widely believed that,It is widely believed that the movie is good.
it is widely believed that,It is widely believed that the movie is good.
it is widely believed that,It is widely believed that the movie is good.
it is widely believed that,It is widely believed that the movie is good.
it is widely believed that,It is widely believed that the movie is good.
it is widely believed that,It is widely believed that the movie is good.
it is widely believed that,It is widely believed that the movie is good.
it is widely believed that,It is widely believed that the movie is good.
it is widely believed that,It is widely believed that the movie is good.
it is widely believed that,It is widely believed that the movie is good.
it is widely believed that,It is widely believed that the movie is good.
it is widely believed that,It is widely believed that the movie is good.
it is widely believed that,It is widely believed that the movie is good.
it is widely believed that,It is widely believed that the movie is good.
it is widely believed that,It is widely believed that the movie is good.
it is widely believed that,It is widely believed that the movie is good.
it is widely believed that,It is widely believed that the movie is good.
it is generally accepted that,It is generally accepted that there is a correlation between X and Y.
it is generally accepted that,It is generally accepted that there is a correlation between X and Y.
it is generally accepted that,It is generally accepted that there is a correlation between X and Y.
it is generally accepted that,It is generally accepted that there is a correlation between X and Y.
it is generally accepted that,it is generally accepted that there is a correlation between X and Y.
it is generally accepted that,It is generally accepted that there is a correlation between X and Y.
it is generally accepted that,It is generally accepted that there is a correlation between X and Y.
it is generally accepted that,It is generally accepted that there is a correlation between X and Y.
it is generally accepted that,It is generally accepted that there is a correlation between X and Y.
it is generally accepted that,It is generally accepted that there is a correlation between X and Y.
it is generally accepted that,It is generally accepted that there is a correlation between X and Y.
it is generally accepted that,It is generally accepted that there is a correlation between X and Y.
it is generally accepted that,it is generally accepted that there is a correlation between X and Y.
it is generally accepted that,It is generally accepted that there is a correlation between X and Y.
it is generally accepted that,It is generally accepted that there is a correlation between X and Y.
it is generally accepted that,It is generally accepted that there is a correlation between X and Y.
it is generally accepted that,It is generally accepted that there is a correlation between X and Y.
it is generally accepted that,it is generally accepted that there is a correlation between X and Y.
it is generally accepted that,it is generally accepted that there is a correlation between X and Y.
it is generally accepted that,It is generally accepted that there is a correlation between X and Y.
it remains unclear whether,It remains unclear whether the new product is successful in the market.
it remains unclear whether,It remains unclear whether the new product is successful in the market.
it remains unclear whether,It remains unclear whether the new product is successful in the market.
it remains unclear whether,It remains unclear whether the new product is successful in the market.
it remains unclear whether,It remains unclear whether the new product is successful in the market.
it remains unclear whether,It remains unclear whether the new product is successful in the market.
it remains unclear whether,It remains unclear whether the new product is successful in the market.
it remains unclear whether,It remains unclear whether the new product is successful in the market.
it remains unclear whether,It remains unclear whether the new product is successful in the market.
it remains unclear whether,It remains unclear whether the new product is successful in the market.
it remains unclear whether,It remains unclear whether the new product is successful in the market.
it remains unclear whether,It remains unclear whether the new product is successful in the market.
it remains unclear whether,It remains unclear whether the new product is successful in the market.
it remains unclear whether,It remains unclear whether the new product is successful in the market.
it remains unclear whether,It remains unclear whether the new product is successful in the market.
it remains unclear whether,It remains unclear whether the new product is successful in the market.
it remains unclear whether,It remains unclear whether the new product is successful in the market.
it remains unclear whether,It remains unclear whether the new product is successful in the market.
it remains unclear whether,It remains unclear whether the new product is successful in the market.
it remains unclear whether,It remains unclear whether the new product is successful in the market.
further research is needed,Further research is needed to determine whether it rains tomorrow.
further research is needed,"It rains tomorrow, further research is needed."
further research is needed,Further research is needed to determine if it rains tomorrow.
further research is needed,Further research is needed to determine whether it rains tomorrow.
further research is needed,Further research is needed to confirm whether it rains tomorrow.
further research is needed,"It may rain tomorrow, further research is needed."
further research is needed,"Further research is needed, it rains tomorrow."
further research is needed,"It rains tomorrow, further research is needed."
further research is needed,"It rains tomorrow, further research is needed."
further research is needed,Further research is needed; it rains tomorrow.
further research is needed,Further research is needed to determine if it rains tomorrow.
further research is needed,Further research is needed to determine whether it rains tomorrow.
further research is needed,"It rains tomorrow, further research is needed."
further research is needed,Further research is needed to determine whether it rains tomorrow.
further research is needed,Further research is needed to determine if it rains tomorrow.
further research is needed,"It rains tomorrow, further research is needed."
further research is needed,Further research is needed; it rains tomorrow.
further research is needed,Further research is needed to confirm it rains tomorrow.
further research is needed,Further research is needed to determine if it rains tomorrow.
further research is needed,"It rains tomorrow, further research is needed."
under certain conditions,"Under certain conditions, the restaurant serves delicious food."
under certain conditions,"Under certain conditions, the restaurant serves delicious food."
under certain conditions,"under certain conditions, the restaurant serves delicious food."
under certain conditions,"Under certain conditions, the restaurant serves delicious food."
under certain conditions,"Under certain conditions, the restaurant serves delicious food."
under certain conditions,"Under certain conditions, the restaurant serves delicious food."
under certain conditions,The restaurant serves delicious food under certain conditions.
under certain conditions,"Under certain conditions, the restaurant serves delicious food."
under certain conditions,The restaurant serves delicious food under certain conditions.
under certain conditions,The restaurant serves delicious food under certain conditions.
under certain conditions,The restaurant serves delicious food under certain conditions.
under certain conditions,"Under certain conditions, the restaurant serves delicious food."
under certain conditions,The restaurant serves delicious food under certain conditions.
under certain conditions,"Under certain conditions, the restaurant serves delicious food."
under certain conditions,"Under certain conditions, the restaurant serves delicious food."
under certain conditions,The restaurant serves delicious food under certain conditions.
under certain conditions,Under certain conditions the restaurant serves delicious food.
under certain conditions,"Under certain conditions, the restaurant serves delicious food."
under certain conditions,"Under certain conditions, the restaurant serves delicious food."
under certain conditions,"Under certain conditions, the restaurant serves delicious food."
depending on,The movie is good depending on personal taste.
depending on,The movie is good depending on.
depending on,The movie is good depending on which aspects you prioritize.
depending on,"Depending on personal preference, the movie is good."
depending on,The movie is good depending on your personal taste.
depending on,The movie is good depending on one's perspective.
depending on,"Depending on the movie, it is good."
depending on,The movie is good depending on.
depending on,"Depending on the viewer, the movie is good."
depending on,The movie is good depending on how you experience it.
depending on,"The movie is good, depending on your taste."
depending on,The movie is good depending on the viewer.
depending on,"Depending on the audience, the movie is good."
depending on,"Depending on the viewer, the movie is good."
depending on,The movie is good depending on preferences.
depending on,"The movie is good, depending on what you like."
depending on,"The movie is good, depending on."
depending on,The movie is good depending on the viewer.
depending on,The movie is good depending on the viewer's taste.
depending on,The movie is good depending on.
subject to,The movie is subject to being good.
subject to,The movie is subject to being good.
subject to,The movie is good subject to your particular taste.
subject to,The movie is subject to being good.
subject to,The movie is subject to being good.
subject to,The movie is subject to good.
subject to,"The movie is good, subject to."
subject to,"The movie is good, subject to taste."
subject to,The movie is subject to going well.
subject to,The movie is good subject to.
subject to,The movie is good subject to its genre.
subject to,The movie is good subject to personal preference.
subject to,The movie is good subject to personal preference.
subject to,The movie is subject to being good.
subject to,"The movie is good, subject to its cinematic style."
subject to,The movie is good subject to individual preferences.
subject to,"Subject to opinions, the movie is good."
subject to,The movie is good subject to personal preference.
subject to,"The movie is good, subject to viewer preference."
subject to,"The movie is good, subject to individual preferences."
contingent upon,The medication is effective contingent upon the patient's specific health profile.
contingent upon,The medication's effectiveness in treating the disease is contingent upon individual patient factors.
contingent upon,"The medication is effective in treating the disease, contingent upon patient adherence."
contingent upon,The medication’s effectiveness in treating the disease is contingent upon patient-specific factors.
contingent upon,The medication is effective in treating the disease contingent upon proper administration.
contingent upon,"The medication is effective in treating the disease, contingent upon patient compliance."
contingent upon,"The medication is effective in treating the disease, contingent upon patient adherence."
contingent upon,"The medication is effective in treating the disease, contingent upon patient adherence."
contingent upon,The medication is effective in treating the disease contingent upon.
contingent upon,The medication is effective in treating the disease contingent upon individual patient response.
contingent upon,The medication's effectiveness is contingent upon treating the disease.
contingent upon,The medication's effectiveness in treating the disease is contingent upon...
contingent upon,The medication is effective in treating the disease contingent upon the patient following the prescribed dosage.
contingent upon,"The medication is effective in treating the disease, contingent upon patient adherence."
contingent upon,The effectiveness of the medication in treating the disease is contingent upon patient compliance.
contingent upon,The medication is effective in treating the disease contingent upon individual patient response.
contingent upon,The medication’s effectiveness in treating the disease is contingent upon specific patient factors.
contingent upon,The medication is effective in treating the disease contingent upon proper dosage.
contingent upon,The medication is effective in treating the disease contingent upon individual response.
contingent upon,The medication is effective in treating the disease contingent upon proper dosage.
assuming that,Assuming that it rains tomorrow.
assuming that,Assuming that it rains tomorrow.
assuming that,Assuming that it rains tomorrow.
assuming that,Assuming that it rains tomorrow.
assuming that,Assuming that it rains tomorrow.
assuming that,Assuming that it rains tomorrow.
assuming that,Assuming that it rains tomorrow.
assuming that,"It rains tomorrow, assuming that the forecast is accurate."
assuming that,Assuming that it rains tomorrow.
assuming that,Assuming that it rains tomorrow.
assuming that,Assuming that it rains tomorrow.
assuming that,Assuming that it rains tomorrow.
assuming that,Assuming that it rains tomorrow.
assuming that,Assuming that it rains tomorrow.
assuming that,"Assuming that he studied diligently, he will pass the exam."
assuming that,Assuming that it rains tomorrow.
assuming that,Assuming that it rains tomorrow.
assuming that,Assuming that it rains tomorrow.
assuming that,Assuming that it rains tomorrow.
assuming that,"Assuming that it rains tomorrow, the event will be postponed."
it is worth considering that,It is worth considering that there is a correlation between X and Y.
it is worth considering that,It is worth considering that there is a correlation between X and Y.
it is worth considering that,It is worth considering that there is a correlation between X and Y.
it is worth considering that,It is worth considering that there is a correlation between X and Y.
it is worth considering that,It is worth considering that there is a correlation between X and Y.
it is worth considering that,It is worth considering that there is a correlation between X and Y.
it is worth considering that,it is worth considering that there is a correlation between X and Y.
it is worth considering that,It is worth considering that X and Y are correlated.
it is worth considering that,It is worth considering that there is a correlation between X and Y.
it is worth considering that,It is worth considering that there is a correlation between X and Y.
it is worth considering that,It is worth considering that there is a correlation between X and Y.
it is worth considering that,It is worth considering that there is a correlation between X and Y.
it is worth considering that,It is worth considering that there is a correlation between X and Y.
it is worth considering that,It is worth considering that there is a correlation between X and Y.
it is worth considering that,It is worth considering that there is a correlation between X and Y.
it is worth considering that,It is worth considering that there is a correlation between X and Y.
it is worth considering that,It is worth considering that there is a correlation between X and Y.
it is worth considering that,It is worth considering that there is a correlation between X and Y.
it is worth considering that,It is worth considering that there is a correlation between X and Y.
it is worth considering that,It is worth considering that there is a correlation between X and Y.
it has been observed that,It has been observed that the medication is effective in treating the disease.
it has been observed that,It has been observed that the medication is effective in treating the disease.
it has been observed that,It has been observed that the medication is effective in treating the disease.
it has been observed that,It has been observed that the medication is effective in treating the disease.
it has been observed that,It has been observed that the medication is effective in treating the disease.
it has been observed that,It has been observed that the medication is effective in treating the disease.
it has been observed that,It has been observed that the medication is effective in treating the disease.
it has been observed that,It has been observed that the medication is effective in treating the disease.
it has been observed that,It has been observed that the medication is effective in treating the disease.
it has been observed that,It has been observed that the medication is effective in treating the disease.
it has been observed that,It has been observed that the medication is effective in treating the disease.
it has been observed that,It has been observed that the medication is effective in treating the disease.
it has been observed that,It has been observed that the medication is effective in treating the disease.
it has been observed that,It has been observed that the medication is effective in treating the disease.
it has been observed that,It has been observed that the medication is effective in treating the disease.
it has been observed that,It has been observed that the medication is effective in treating the disease.
it has been observed that,It has been observed that the medication is effective in treating the disease.
it has been observed that,It has been observed that the medication is effective in treating the disease.
it has been observed that,It has been observed that the medication is effective in treating the disease.
it has been observed that,It has been observed that the medication is effective in treating the disease.
it is commonly held that,it is commonly held that the city is the oldest in the country.
it is commonly held that,It is commonly held that the city is the oldest in the country.
it is commonly held that,It is commonly held that the city is the oldest in the country.
it is commonly held that,It is commonly held that the city is the oldest in the country.
it is commonly held that,It is commonly held that the city is the oldest in the country.
it is commonly held that,It is commonly held that the city is the oldest in the country.
it is commonly held that,It is commonly held that the city is the oldest in the country.
it is commonly held that,It is commonly held that the city is the oldest in the country.
it is commonly held that,It is commonly held that the city is the oldest in the country.
it is commonly held that,It is commonly held that the city is the oldest in the country.
it is commonly held that,It is commonly held that the city is the oldest in the country.
it is commonly held that,It is commonly held that the city is the oldest in the country.
it is commonly held that,It is commonly held that the city is the oldest in the country.
it is commonly held that,It is commonly held that the city is the oldest in the country.
it is commonly held that,It is commonly held that the city is the oldest in the country.
it is commonly held that,It is commonly held that the city is the oldest in the country.
it is commonly held that,It is commonly held that the city is the oldest in the country.
it is commonly held that,It is commonly held that the city is the oldest in the country.
it is commonly held that,It is commonly held that the city is the oldest in the country.
it is commonly held that,It is commonly held that the city is the oldest in the country.
it is often assumed that,It is often assumed that the city is the oldest in the country.
it is often assumed that,It is often assumed that the city is the oldest in the country.
it is often assumed that,It is often assumed that the city is the oldest in the country.
it is often assumed that,It is often assumed that the city is the oldest in the country.
it is often assumed that,It is often assumed that the city is the oldest in the country.
it is often assumed that,It is often assumed that the city is the oldest in the country.
it is often assumed that,It is often assumed that the city is the oldest in the country.
it is often assumed that,It is often assumed that the city is the oldest in the country.
it is often assumed that,It is often assumed that the city is the oldest in the country.
it is often assumed that,It is often assumed that the city is the oldest in the country.
it is often assumed that,It is often assumed that the city is the oldest in the country.
it is often assumed that,It is often assumed that the city is the oldest in the country.
it is often assumed that,It is often assumed that the city is the oldest in the country.
it is often assumed that,It is often assumed that the city is the oldest in the country.
it is often assumed that,It is often assumed that the city is the oldest in the country.
it is often assumed that,It is often assumed that the city is the oldest in the country.
it is often assumed that,It is often assumed that the city is the oldest in the country.
it is often assumed that,It is often assumed that the city is the oldest in the country.
it is often assumed that,It is often assumed that the city is the oldest in the country.
it is often assumed that,It is often assumed that the city is the oldest in the country.
evidence is consistent with,Evidence is consistent with the medication being effective in treating the disease.
evidence is consistent with,Evidence is consistent with the medication being effective in treating the disease.
evidence is consistent with,Evidence is consistent with the medication’s effectiveness in treating the disease.
evidence is consistent with,Evidence is consistent with the medication being effective in treating the disease.
evidence is consistent with,Evidence is consistent with the medication being effective in treating the disease.
evidence is consistent with,Evidence is consistent with the medication being effective in treating the disease.
evidence is consistent with,Evidence is consistent with the medication being effective in treating the disease.
evidence is consistent with,Evidence is consistent with the medication being effective in treating the disease.
evidence is consistent with,Evidence is consistent with the medication being effective in treating the disease.
evidence is consistent with,Evidence is consistent with the medication being effective in treating the disease.
evidence is consistent with,Evidence is consistent with the medication being effective in treating the disease.
evidence is consistent with,Evidence is consistent with the medication being effective in treating the disease.
evidence is consistent with,Evidence is consistent with the medication being effective in treating the disease.
evidence is consistent with,Evidence is consistent with the medication being effective in treating the disease.
evidence is consistent with,Evidence is consistent with the medication being effective in treating the disease.
evidence is consistent with,Evidence is consistent with the medication being effective in treating the disease.
evidence is consistent with,Evidence is consistent with the medication being effective in treating the disease.
evidence is consistent with,Evidence is consistent with the medication being effective in treating the disease.
evidence is consistent with,Evidence is consistent with the medication being effective in treating the disease.
evidence is consistent with,Evidence is consistent with the medication being effective in treating the disease.
data are consistent with,The data are consistent with a significant effect.
data are consistent with,Data are consistent with a significant effect.
data are consistent with,Data are consistent with a significant effect.
data are consistent with,Data are consistent with a significant effect from the experiment.
data are consistent with,Data are consistent with a significant effect.
data are consistent with,Data are consistent with a significant effect.
data are consistent with,Data are consistent with a significant effect.
data are consistent with,Data are consistent with a significant effect.
data are consistent with,Data are consistent with a significant effect.
data are consistent with,The data are consistent with a significant effect.
data are consistent with,Data are consistent with a significant effect.
data are consistent with,data are consistent with a significant effect.
data are consistent with,data are consistent with a significant effect.
data are consistent with,Data are consistent with a significant effect from the experiment.
data are consistent with,Data are consistent with the significant effect demonstrated by the experiment.
data are consistent with,The data are consistent with a significant effect.
data are consistent with,Data are consistent with a significant effect from the experiment.
data are consistent with,Data are consistent with a significant effect in the experiment.
data are consistent with,Data are consistent with the experiment showing a significant effect.
data are consistent with,Data are consistent with a significant effect.
it cannot be ruled out that,It cannot be ruled out that the city is the oldest in the country.
it cannot be ruled out that,It cannot be ruled out that the city is the oldest in the country.
it cannot be ruled out that,It cannot be ruled out that the city is the oldest in the country.
it cannot be ruled out that,It cannot be ruled out that the city is the oldest in the country.
it cannot be ruled out that,It cannot be ruled out that the city is the oldest in the country.
it cannot be ruled out that,It cannot be ruled out that the city is the oldest in the country.
it cannot be ruled out that,It cannot be ruled out that the city is the oldest in the country.
it cannot be ruled out that,It cannot be ruled out that the city is the oldest in the country.
it cannot be ruled out that,It cannot be ruled out that the city is the oldest in the country.
it cannot be ruled out that,It cannot be ruled out that the city is the oldest in the country.
it cannot be ruled out that,It cannot be ruled out that the city is the oldest in the country.
it cannot be ruled out that,It cannot be ruled out that the city is the oldest in the country.
it cannot be ruled out that,It cannot be ruled out that the city is the oldest in the country.
it cannot be ruled out that,It cannot be ruled out that the city is the oldest in the country.
it cannot be ruled out that,It cannot be ruled out that the city is the oldest in the country.
it cannot be ruled out that,It cannot be ruled out that the city is the oldest in the country.
it cannot be ruled out that,It cannot be ruled out that the city is the oldest in the country.
it cannot be ruled out that,It cannot be ruled out that the city is the oldest in the country.
it cannot be ruled out that,The city is the oldest in the country – it cannot be ruled out that this is true.
it cannot be ruled out that,It cannot be ruled out that the city is the oldest in the country.
it would be premature to conclude,It would be premature to conclude that the city is the oldest in the country.
it would be premature to conclude,It would be premature to conclude that the city is the oldest in the country.
it would be premature to conclude,It would be premature to conclude that the city is the oldest in the country.
it would be premature to conclude,It would be premature to conclude that the city is the oldest in the country.
it would be premature to conclude,It would be premature to conclude that the city is the oldest in the country.
it would be premature to conclude,It would be premature to conclude that the city is the oldest in the country.
it would be premature to conclude,It would be premature to conclude that the city is the oldest in the country.
it would be premature to conclude,It would be premature to conclude that the city is the oldest in the country.
it would be premature to conclude,It would be premature to conclude that the city is the oldest in the country.
it would be premature to conclude,It would be premature to conclude that the city is the oldest in the country.
it would be premature to conclude,It would be premature to conclude that the city is the oldest in the country.
it would be premature to conclude,It would be premature to conclude that the city is the oldest in the country.
it would be premature to conclude,It would be premature to conclude that the city is the oldest in the country.
it would be premature to conclude,It would be premature to conclude that the city is the oldest in the country.
it would be premature to conclude,It would be premature to conclude that the city is the oldest in the country.
it would be premature to conclude,It would be premature to conclude that the city is the oldest in the country.
it would be premature to conclude,It would be premature to conclude that the city is the oldest in the country.
it would be premature to conclude,It would be premature to conclude that the city is the oldest in the country.
it would be premature to conclude,It would be premature to conclude that the city is the oldest in the country.
it would be premature to conclude,It would be premature to conclude that the city is the oldest in the country.
cautious interpretation suggests,Cautious interpretation suggests the city is the oldest in the country.
cautious interpretation suggests,Cautious interpretation suggests the city is the oldest in the country.
cautious interpretation suggests,cautious interpretation suggests the city is the oldest in the country.
cautious interpretation suggests,cautious interpretation suggests the city is the oldest in the country.
cautious interpretation suggests,Cautious interpretation suggests the city is the oldest in the country.
cautious interpretation suggests,Cautious interpretation suggests the city is the oldest in the country.
cautious interpretation suggests,Cautious interpretation suggests the city is the oldest in the country.
cautious interpretation suggests,cautious interpretation suggests the city is the oldest in the country.
cautious interpretation suggests,cautious interpretation suggests that the city is the oldest in the country.
cautious interpretation suggests,Cautious interpretation suggests the city is the oldest in the country.
cautious interpretation suggests,cautious interpretation suggests the city is the oldest in the country.
cautious interpretation suggests,Cautious interpretation suggests the city is the oldest in the country.
cautious interpretation suggests,Cautious interpretation suggests the city is the oldest in the country.
cautious interpretation suggests,Cautious interpretation suggests the city is the oldest in the country.
cautious interpretation suggests,cautious interpretation suggests the city is the oldest in the country.
cautious interpretation suggests,Cautious interpretation suggests the city is the oldest in the country.
cautious interpretation suggests,Cautious interpretation suggests the city is the oldest in the country.
cautious interpretation suggests,cautious interpretation suggests the city is the oldest in the country.
cautious interpretation suggests,Cautious interpretation suggests the city is the oldest in the country.
cautious interpretation suggests,cautious interpretation suggests the city is the oldest in the country.
tentative evidence points to,Tentative evidence points to the book being informative.
tentative evidence points to,Tentative evidence points to the book being informative.
tentative evidence points to,Tentative evidence points to the book being informative.
tentative evidence points to,Tentative evidence points to the book being informative.
tentative evidence points to,Tentative evidence points to the book being informative.
tentative evidence points to,Tentative evidence points to the book being informative.
tentative evidence points to,Tentative evidence points to the book being informative.
tentative evidence points to,Tentative evidence points to the book being informative.
tentative evidence points to,Tentative evidence points to the book being informative.
tentative evidence points to,Tentative evidence points to the book being informative.
tentative evidence points to,Tentative evidence points to the book being informative.
tentative evidence points to,Tentative evidence points to the book being informative.
tentative evidence points to,Tentative evidence points to the book being informative.
tentative evidence points to,Tentative evidence points to the book being informative.
tentative evidence points to,Tentative evidence points to the book being informative.
tentative evidence points to,Tentative evidence points to the book being informative.
tentative evidence points to,Tentative evidence points to the book being informative.
tentative evidence points to,Tentative evidence points to the book being informative.
tentative evidence points to,Tentative evidence points to the book being informative.
tentative evidence points to,Tentative evidence points to the book being informative.
on current evidence,"On current evidence, the movie is good."
on current evidence,"On current evidence, the movie is good."
on current evidence,"On current evidence, the movie is good."
on current evidence,"On current evidence, the movie is good."
on current evidence,The movie is good on current evidence.
on current evidence,The movie is good on current evidence.
on current evidence,"On current evidence, the movie is good."
on current evidence,"On current evidence, the movie is good."
on current evidence,"On current evidence, the movie is good."
on current evidence,"On current evidence, the movie is good."
on current evidence,"On current evidence, the movie is good."
on current evidence,"On current evidence, the movie is good."
on current evidence,"On current evidence, the movie is good."
on current evidence,"On current evidence, the movie is good."
on current evidence,"On current evidence, the movie is good."
on current evidence,"On current evidence, the movie is good."
on current evidence,"On current evidence, the movie is good."
on current evidence,"On current evidence, the movie is good."
on current evidence,"On current evidence, the movie is good."
on current evidence,On current evidence the movie is good.
as currently understood,It rains tomorrow as currently understood.
as currently understood,It rains tomorrow as currently understood.
as currently understood,It rains tomorrow as currently understood.
as currently understood,It rains tomorrow as currently understood.
as currently understood,It rains tomorrow as currently understood.
as currently understood,It rains tomorrow as currently understood.
as currently understood,"It rains tomorrow, as currently understood."
as currently understood,It rains tomorrow as currently understood.
as currently understood,"It rains tomorrow, as currently understood."
as currently understood,It rains tomorrow as currently understood.
as currently understood,It rains tomorrow as currently understood.
as currently understood,"It is expected that rain will occur tomorrow, as currently understood."
as currently understood,It rains tomorrow as currently understood.
as currently understood,It rains tomorrow as currently understood.
as currently understood,"It rains tomorrow, as currently understood."
as currently understood,"It rains tomorrow, as currently understood."
as currently understood,It rains tomorrow as currently understood.
as currently understood,It rains tomorrow as currently understood.
as currently understood,"It rains tomorrow, as currently understood."
as currently understood,It rains tomorrow as currently understood.
pending further investigation,"It rains tomorrow, pending further investigation."
pending further investigation,"It rains tomorrow, pending further investigation."
pending further investigation,"Pending further investigation, it rains tomorrow."
pending further investigation,It rains tomorrow pending further investigation.
pending further investigation,"It rains tomorrow, pending further investigation."
pending further investigation,"It rains tomorrow, pending further investigation."
pending further investigation,"It rains tomorrow, pending further investigation."
pending further investigation,"It rains tomorrow, pending further investigation."
pending further investigation,"It rains tomorrow, pending further investigation."
pending further investigation,"It rains tomorrow, pending further investigation."
pending further investigation,"Pending further investigation, it rains tomorrow."
pending further investigation,"It might rain tomorrow, pending further investigation."
pending further investigation,"Pending further investigation, it may rain tomorrow."
pending further investigation,It rains tomorrow pending further investigation.
pending further investigation,It rains tomorrow pending further investigation.
pending further investigation,"It rains tomorrow, pending further investigation."
pending further investigation,It rains tomorrow pending further investigation.
pending further investigation,"Pending further investigation, it rains tomorrow."
pending further investigation,"It rains tomorrow, pending further investigation."
pending further investigation,It rains tomorrow pending further investigation.
with the caveat that,"There is a correlation between X and Y, with the caveat that it does not prove causation."
with the caveat that,"There is a correlation between X and Y, with the caveat that this relationship is not causal."
with the caveat that,"There is a correlation between X and Y, with the caveat that other factors may also play a role."
with the caveat that,"There is a correlation between X and Y, with the caveat that."
with the caveat that,"There is a correlation between X and Y, with the caveat that."
with the caveat that,"There is a correlation between X and Y, with the caveat that this is not causation."
with the caveat that,"There is a correlation between X and Y, with the caveat that the relationship may be influenced by other variables."
with the caveat that,There is a correlation between X and Y with the caveat that.
with the caveat that,"There is a correlation between X and Y, with the caveat that."
with the caveat that,"There is a correlation between X and Y, with the caveat that."
with the caveat that,With the caveat that there is a correlation between X and Y.
with the caveat that,"There is a correlation between X and Y, with the caveat that."
with the caveat that,There is a correlation between X and Y with the caveat that.
with the caveat that,"There is a correlation between X and Y, with the caveat that."
with the caveat that,"There is a correlation between X and Y, with the caveat that."
with the caveat that,"There is a correlation between X and Y, with the caveat that this does not imply causation."
with the caveat that,"There is a correlation between X and Y, with the caveat that it does not imply causation."
with the caveat that,"There is a correlation between X and Y, with the caveat that."
with the caveat that,"There is a correlation between X and Y, with the caveat that it does not necessarily imply causation."
with the caveat that,"There is a correlation between X and Y, with the caveat that it may not necessarily indicate causation."
with the qualification that,"The report is not accurate, with the qualification that it may contain some errors."
with the qualification that,The report is not accurate with the qualification that it may contain some correct elements.
with the qualification that,"The report is not accurate, with the qualification that it does not reflect recent data."
with the qualification that,The report is not accurate with the qualification that its figures are outdated.
with the qualification that,"The report is not accurate, with the qualification that it fails to reflect recent data."
with the qualification that,The report is not accurate with the qualification that it is based on preliminary findings.
with the qualification that,The report is not accurate with the qualification that it was drawn from incomplete data.
with the qualification that,"The report is not accurate, with the qualification that."
with the qualification that,"The report is not accurate, with the qualification that its data set is incomplete."
with the qualification that,The report is not accurate with the qualification that it may not fully reflect the latest data.
with the qualification that,"The report is not accurate, with the qualification that it may contain errors."
with the qualification that,With the qualification that the report is not accurate.
with the qualification that,The report is not accurate with the qualification that it is based on incomplete data.
with the qualification that,"The report is not accurate, with the qualification that it may contain errors."
with the qualification that,"The report is not accurate, with the qualification that it contains multiple sources of error."
with the qualification that,The report is not accurate with the qualification that it was based on incomplete data.
with the qualification that,"The report is not accurate, with the qualification that it may contain some errors."
with the qualification that,"The report is not accurate, with the qualification that."
with the qualification that,"The report is not accurate, with the qualification that it is incomplete."
with the qualification that,The report is not accurate with the qualification that it may contain errors.
notwithstanding,"Notwithstanding the forecast, it rains tomorrow."
notwithstanding,"It rains tomorrow, notwithstanding."
notwithstanding,"Notwithstanding, it rains tomorrow."
notwithstanding,"Notwithstanding, it rains tomorrow."
notwithstanding,"Notwithstanding, it rains tomorrow."
notwithstanding,"Notwithstanding, it rains tomorrow."
notwithstanding,"Notwithstanding, it rains tomorrow."
notwithstanding,"Notwithstanding, it rains tomorrow."
notwithstanding,"Notwithstanding, it rains tomorrow."
notwithstanding,"Notwithstanding, it will rain tomorrow."
notwithstanding,"Notwithstanding, it will rain tomorrow."
notwithstanding,"Notwithstanding, it rains tomorrow."
notwithstanding,"Notwithstanding the forecast, it rains tomorrow."
notwithstanding,"Notwithstanding, it rains tomorrow."
notwithstanding,"Notwithstanding, it rains tomorrow."
notwithstanding,"Notwithstanding, it rains tomorrow."
notwithstanding,"Notwithstanding, it rains tomorrow."
notwithstanding,"Notwithstanding, it rains tomorrow."
notwithstanding,Notwithstanding it rains tomorrow.
notwithstanding,"Notwithstanding, it rains tomorrow."
subject to revision,"The city is the oldest in the country, subject to revision."
subject to revision,"The city is the oldest in the country, subject to revision."
subject to revision,"The city is the oldest in the country, subject to revision."
subject to revision,"The city is the oldest in the country, subject to revision."
subject to revision,"The city is the oldest in the country, subject to revision."
subject to revision,"The city is the oldest in the country, subject to revision."
subject to revision,The city is subject to revision being the oldest in the country.
subject to revision,"The city is the oldest in the country, subject to revision."
subject to revision,"The city is the oldest in the country, subject to revision."
subject to revision,"The city is the oldest in the country, subject to revision."
subject to revision,"The city is the oldest in the country, subject to revision."
subject to revision,"The city is the oldest in the country, subject to revision."
subject to revision,"The city is the oldest in the country, subject to revision."
subject to revision,"The city is the oldest in the country, subject to revision."
subject to revision,"The city is the oldest in the country, subject to revision."
subject to revision,"The city is the oldest in the country, subject to revision."
subject to revision,"The city is the oldest in the country, subject to revision."
subject to revision,"The city is the oldest in the country, subject to revision."
subject to revision,"The city is the oldest in the country, subject to revision."
subject to revision,"The city is the oldest in the country, subject to revision."
in theory,"In theory, the restaurant serves delicious food."
in theory,"In theory, the restaurant serves delicious food."
in theory,"In theory, the restaurant serves delicious food."
in theory,"In theory, the restaurant serves delicious food."
in theory,In theory the restaurant serves delicious food.
in theory,"In theory, the restaurant serves delicious food."
in theory,"In theory, the restaurant serves delicious food."
in theory,"In theory, the restaurant serves delicious food."
in theory,"In theory, the restaurant serves delicious food."
in theory,"In theory, the restaurant serves delicious food."
in theory,In theory the restaurant serves delicious food.
in theory,"The restaurant serves delicious food, in theory."
in theory,"In theory, the new software will increase productivity."
in theory,"In theory, the restaurant serves delicious food."
in theory,"In theory, the restaurant serves delicious food."
in theory,"In theory, the restaurant serves delicious food."
in theory,"In theory, the restaurant serves delicious food."
in theory,"In theory, the restaurant serves delicious food."
in theory,"In theory, the restaurant serves delicious food."
in theory,In theory the restaurant serves delicious food.
theoretically,"Theoretically, the new product is successful in the market."
theoretically,"Theoretically, the new product is successful in the market."
theoretically,"Theoretically, the new product is successful in the market."
theoretically,"Theoretically, the new product is successful in the market."
theoretically,"Theoretically, the new product is successful in the market."
theoretically,"Theoretically, the new product is successful in the market."
theoretically,"Theoretically, the new product is successful in the market."
theoretically,"Theoretically, the new product is successful in the market."
theoretically,"Theoretically, the new product is successful in the market."
theoretically,Theoretically the new product is successful in the market.
theoretically,The new product is theoretically successful in the market.
theoretically,"Theoretically, the new product is successful in the market."
theoretically,The new product is theoretically successful in the market.
theoretically,"Theoretically, the new product is successful in the market."
theoretically,"Theoretically, the new product is successful in the market."
theoretically,The new product is theoretically successful in the market.
theoretically,The new product is theoretically successful in the market.
theoretically,"Theoretically, the new product is successful in the market."
theoretically,The new product is theoretically successful in the market.
theoretically,"Theoretically, the new product is successful in the market."
hypothetically,"Hypothetically, the restaurant serves delicious food."
hypothetically,"Hypothetically, the restaurant serves delicious food."
hypothetically,"Hypothetically, the restaurant serves delicious food."
hypothetically,"Hypothetically, the restaurant serves delicious food."
hypothetically,"Hypothetically, the restaurant serves delicious food."
hypothetically,"Hypothetically, the restaurant serves delicious food."
hypothetically,"Hypothetically, the restaurant serves delicious food."
hypothetically,"Hypothetically, the restaurant serves delicious food."
hypothetically,"Hypothetically, the restaurant serves delicious food."
hypothetically,"Hypothetically, the restaurant serves delicious food."
hypothetically,Hypothetically the restaurant serves delicious food.
hypothetically,"Hypothetically, the restaurant serves delicious food."
hypothetically,"Hypothetically, the restaurant serves delicious food."
hypothetically,"Hypothetically, the restaurant serves delicious food."
hypothetically,"Hypothetically, the restaurant serves delicious food."
hypothetically,"Hypothetically, the restaurant serves delicious food."
hypothetically,"Hypothetically, the restaurant serves delicious food."
hypothetically,"Hypothetically, the restaurant serves delicious food."
hypothetically,"Hypothetically, the restaurant serves delicious food."
hypothetically,"Hypothetically, the restaurant serves delicious food."
in principle,"In principle, the neighbor is home."
in principle,The neighbor is home in principle.
in principle,"In principle, the neighbor is home."
in principle,"In principle, the neighbor is home."
in principle,"In principle, the neighbor is home."
in principle,The neighbor is home in principle.
in principle,"In principle, the neighbor is home."
in principle,"In principle, the neighbor is home."
in principle,"In principle, the neighbor is home."
in principle,"In principle, the neighbor is home."
in principle,"In principle, the neighbor is home."
in principle,"In principle, the neighbor is home."
in principle,"In principle, the neighbor is home."
in principle,"In principle, the neighbor is home."
in principle,"In principle, the neighbor is home."
in principle,"In principle, the neighbor is home."
in principle,In principle the neighbor is home.
in principle,"In principle, the neighbor is home."
in principle,"In principle, the neighbor is home."
in principle,"In principle, the neighbor is home."
on paper,"On paper, the movie is good."
on paper,The movie is good on paper.
on paper,The movie looks good on paper.
on paper,"On paper, the movie is good."
on paper,The movie is good on paper.
on paper,"On paper, the movie is good."
on paper,"On paper, the movie is good."
on paper,"On paper, the movie looks good."
on paper,"The movie is good, on paper."
on paper,The movie is good on paper.
on paper,"On paper, the movie is good."
on paper,"The movie is good, on paper."
on paper,"On paper, the movie is good."
on paper,The movie is good on paper.
on paper,The movie is good on paper.
on paper,The movie is good on paper.
on paper,"On paper, the movie is good."
on paper,"On paper, the movie is good."
on paper,"On paper, the movie is good."
on paper,"On paper, the movie is good."
ideally,Ideally the medication is effective in treating the disease.
ideally,"Ideally, the medication is effective in treating the disease."
ideally,"Ideally, the medication is effective in treating the disease."
ideally,"Ideally, the medication is effective in treating the disease."
ideally,"Ideally, the medication is effective in treating the disease."
ideally,"Ideally, the medication is effective in treating the disease."
ideally,"Ideally, the medication is effective in treating the disease."
ideally,"Ideally, the medication is effective in treating the disease."
ideally,"Ideally, the medication is effective in treating the disease."
ideally,"Ideally, the medication is effective in treating the disease."
ideally,"Ideally, the medication is effective in treating the disease."
ideally,"Ideally, the medication is effective in treating the disease."
ideally,"Ideally, the medication is effective in treating the disease."
ideally,"Ideally, the medication is effective in treating the disease."
ideally,"Ideally, the medication is effective in treating the disease."
ideally,Ideally the medication is effective in treating the disease.
ideally,"Ideally, the medication is effective in treating the disease."
ideally,"Ideally, the medication is effective in treating the disease."
ideally,"Ideally, the medication is effective in treating the disease."
ideally,"Ideally, the medication is effective in treating the disease."
in an ideal world,In an ideal world the restaurant serves delicious food.
in an ideal world,"In an ideal world, the restaurant serves delicious food."
in an ideal world,"In an ideal world, the restaurant serves delicious food."
in an ideal world,"In an ideal world, the restaurant serves delicious food."
in an ideal world,In an ideal world the restaurant serves delicious food.
in an ideal world,"In an ideal world, the restaurant serves delicious food."
in an ideal world,"In an ideal world, the restaurant serves delicious food."
in an ideal world,"In an ideal world, the restaurant serves delicious food."
in an ideal world,"In an ideal world, the restaurant serves delicious food."
in an ideal world,In an ideal world the restaurant serves delicious food.
in an ideal world,"In an ideal world, the restaurant serves delicious food."
in an ideal world,In an ideal world the restaurant serves delicious food.
in an ideal world,"In an ideal world, the restaurant serves delicious food."
in an ideal world,"In an ideal world, the restaurant serves delicious food."
in an ideal world,"In an ideal world, the restaurant serves delicious food."
in an ideal world,"In an ideal world, the restaurant serves delicious food."
in an ideal world,In an ideal world the restaurant serves delicious food.
in an ideal world,"In an ideal world, the restaurant serves delicious food."
in an ideal world,In an ideal world the restaurant serves delicious food.
in an ideal world,In an ideal world the restaurant serves delicious food.
under normal circumstances,"Under normal circumstances, the restaurant serves delicious food."
under normal circumstances,"Under normal circumstances, the restaurant serves delicious food."
under normal circumstances,"Under normal circumstances, the restaurant serves delicious food."
under normal circumstances,The restaurant serves delicious food under normal circumstances.
under normal circumstances,"Under normal circumstances, the restaurant serves delicious food."
under normal circumstances,"Under normal circumstances, the restaurant serves delicious food."
under normal circumstances,"Under normal circumstances, the restaurant serves delicious food."
under normal circumstances,"Under normal circumstances, the restaurant serves delicious food."
under normal circumstances,"Under normal circumstances, the restaurant serves delicious food."
under normal circumstances,"Under normal circumstances, the restaurant serves delicious food."
under normal circumstances,"Under normal circumstances, the restaurant serves delicious food."
under normal circumstances,The restaurant serves delicious food under normal circumstances.
under normal circumstances,"Under normal circumstances, the restaurant serves delicious food."
under normal circumstances,"Under normal circumstances, the restaurant serves delicious food."
under normal circumstances,"Under normal circumstances, the restaurant serves delicious food."
under normal circumstances,The restaurant serves delicious food under normal circumstances.
under normal circumstances,"Under normal circumstances, the restaurant serves delicious food."
under normal circumstances,"Under normal circumstances, the restaurant serves delicious food."
under normal circumstances,Under normal circumstances the restaurant serves delicious food.
under normal circumstances,"Under normal circumstances, the restaurant serves delicious food."
all things being equal,"All things being equal, the report is not accurate."
all things being equal,"All things being equal, the report is not accurate."
all things being equal,"All things being equal, the report is not accurate."
all things being equal,"All things being equal, the report is not accurate."
all things being equal,"All things being equal, the report is not accurate."
all things being equal,"All things being equal, the report is not accurate."
all things being equal,"All things being equal, the report is not accurate."
all things being equal,"All things being equal, the report is not accurate."
all things being equal,"All things being equal, the report is not accurate."
all things being equal,"All things being equal, the report is not accurate."
all things being equal,"All things being equal, the report is not accurate."
all things being equal,"All things being equal, the report is not accurate."
all things being equal,"All things being equal, the report is not accurate."
all things being equal,"All things being equal, the report is not accurate."
all things being equal,"All things being equal, the report is not accurate."
all things being equal,"All things being equal, the report is not accurate."
all things being equal,"All things being equal, the report is not accurate."
all things being equal,"All things being equal, the report is not accurate."
all things being equal,"All things being equal, the report is not accurate."
all things being equal,"All things being equal, the report is not accurate."
all else being equal,"The book is informative, all else being equal."
all else being equal,"The book is informative, all else being equal."
all else being equal,"All else being equal, the book is informative."
all else being equal,"All else being equal, the book is informative."
all else being equal,"All else being equal, the book is informative."
all else being equal,"All else being equal, the book is informative."
all else being equal,"The book is informative, all else being equal."
all else being equal,"All else being equal, the book is informative."
all else being equal,"All else being equal, the book is informative."
all else being equal,"All else being equal, the book is informative."
all else being equal,"All else being equal, the book is informative."
all else being equal,"All else being equal, the book is informative."
all else being equal,"The book is informative, all else being equal."
all else being equal,"All else being equal, the book is informative."
all else being equal,"All else being equal, the book is informative."
all else being equal,"All else being equal, the book is informative."
all else being equal,"All else being equal, the book is informative."
all else being equal,"All else being equal, the book is informative."
all else being equal,"All else being equal, the book is informative."
all else being equal,"All else being equal, the book is informative."
under certain assumptions,"Under certain assumptions, the city is the oldest in the country."
under certain assumptions,"Under certain assumptions, the city is the oldest in the country."
under certain assumptions,"Under certain assumptions, the city is the oldest in the country."
under certain assumptions,"Under certain assumptions, the city is the oldest in the country."
under certain assumptions,"Under certain assumptions, the city is the oldest in the country."
under certain assumptions,"Under certain assumptions, the city is the oldest in the country."
under certain assumptions,"Under certain assumptions, the city is the oldest in the country."
under certain assumptions,"Under certain assumptions, the city is the oldest in the country."
under certain assumptions,"Under certain assumptions, the city is the oldest in the country."
under certain assumptions,"Under certain assumptions, the city is the oldest in the country."
under certain assumptions,"Under certain assumptions, the city is the oldest in the country."
under certain assumptions,"Under certain assumptions, the city is the oldest in the country."
under certain assumptions,"Under certain assumptions, the city is the oldest in the country."
under certain assumptions,"Under certain assumptions, the city is the oldest in the country."
under certain assumptions,"Under certain assumptions, the city is the oldest in the country."
under certain assumptions,"Under certain assumptions, the city is the oldest in the country."
under certain assumptions,"Under certain assumptions, the city is the oldest in the country."
under certain assumptions,"Under certain assumptions, the city is the oldest in the country."
under certain assumptions,The city is the oldest in the country under certain assumptions.
under certain assumptions,"Under certain assumptions, the city is the oldest in the country."
given certain conditions,"Given certain conditions, the movie is good."
given certain conditions,"Given certain conditions, the movie is good."
given certain conditions,"Given certain conditions, the movie is good."
given certain conditions,"Given certain conditions, the movie is good."
given certain conditions,"Given certain conditions, the movie is good."
given certain conditions,"The movie is good, given certain conditions."
given certain conditions,"The movie is good, given certain conditions."
given certain conditions,The movie is good given certain conditions.
given certain conditions,The movie is good given certain conditions.
given certain conditions,"Given certain conditions, the movie is good."
given certain conditions,"Given certain conditions, the movie is good."
given certain conditions,The movie is good given certain conditions.
given certain conditions,The movie is good given certain conditions.
given certain conditions,"Given certain conditions, the movie is good."
given certain conditions,The movie is good given certain conditions.
given certain conditions,"Given certain conditions, the movie is good."
given certain conditions,The movie is good given certain conditions.
given certain conditions,The movie is good given certain conditions.
given certain conditions,"Given certain conditions, the movie is good."
given certain conditions,"Given certain conditions, the movie is good."
in certain circumstances,"In certain circumstances, the experiment shows a significant effect."
in certain circumstances,In certain circumstances the experiment shows a significant effect.
in certain circumstances,In certain circumstances the experiment shows a significant effect.
in certain circumstances,"In certain circumstances, the experiment shows a significant effect."
in certain circumstances,"In certain circumstances, the experiment shows a significant effect."
in certain circumstances,In certain circumstances the experiment shows a significant effect.
in certain circumstances,"In certain circumstances, the experiment shows a significant effect."
in certain circumstances,"In certain circumstances, the experiment shows a significant effect."
in certain circumstances,"In certain circumstances, the experiment shows a significant effect."
in certain circumstances,"In certain circumstances, the experiment shows a significant effect."
in certain circumstances,"In certain circumstances, the experiment shows a significant effect."
in certain circumstances,In certain circumstances the experiment shows a significant effect.
in certain circumstances,"In certain circumstances, the experiment shows a significant effect."
in certain circumstances,In certain circumstances the experiment shows a significant effect.
in certain circumstances,"In certain circumstances, the experiment shows a significant effect."
in certain circumstances,In certain circumstances the experiment shows a significant effect.
in certain circumstances,"In certain circumstances, the experiment shows a significant effect."
in certain circumstances,In certain circumstances the experiment shows a significant effect.
in certain circumstances,The experiment shows a significant effect in certain circumstances.
in certain circumstances,"In certain circumstances, the experiment shows a significant effect."
if conditions hold,"If conditions hold, the report is not accurate."
if conditions hold,The report is not accurate if conditions hold.
if conditions hold,"If conditions hold, the report is not accurate."
if conditions hold,The report is not accurate if conditions hold.
if conditions hold,"If conditions hold, the report is not accurate."
if conditions hold,"If conditions hold, the report is not accurate."
if conditions hold,"If conditions hold, the report is not accurate."
if conditions hold,"If conditions hold, the report is not accurate."
if conditions hold,"If conditions hold, the report is not accurate."
if conditions hold,The report is not accurate if conditions hold.
if conditions hold,The report is not accurate if conditions hold.
if conditions hold,The report is not accurate if conditions hold.
if conditions hold,"If conditions hold, the report is not accurate."
if conditions hold,The report is not accurate if conditions hold.
if conditions hold,"If conditions hold, the report is not accurate."
if conditions hold,The report is not accurate if conditions hold.
if conditions hold,The report is not accurate if conditions hold.
if conditions hold,The report is accurate if conditions hold.
if conditions hold,"If conditions hold, the report is not accurate."
if conditions hold,"If conditions hold, the report is not accurate."
ceteris paribus,"The neighbor is home, ceteris paribus."
ceteris paribus,"Ceteris paribus, the neighbor is home."
ceteris paribus,"The neighbor is home, ceteris paribus."
ceteris paribus,"The neighbor is home, ceteris paribus."
ceteris paribus,"The neighbor is home, ceteris paribus."
ceteris paribus,"Ceteris paribus, the neighbor is home."
ceteris paribus,"Ceteris paribus, the neighbor is home."
ceteris paribus,"Ceteris paribus, the neighbor is home."
ceteris paribus,"The neighbor is home, ceteris paribus."
ceteris paribus,"Ceteris paribus, the neighbor is home."
ceteris paribus,"Ceteris paribus, the neighbor is home."
ceteris paribus,"The neighbor is home, ceteris paribus."
ceteris paribus,"The neighbor is home, ceteris paribus."
ceteris paribus,"Ceteris paribus, the neighbor is home."
ceteris paribus,"The neighbor is home, ceteris paribus."
ceteris paribus,"The neighbor is home, ceteris paribus."
ceteris paribus,"Ceteris paribus, the neighbor is home."
ceteris paribus,"The neighbor is home, ceteris paribus."
ceteris paribus,"Ceteris paribus, the neighbor is home."
ceteris paribus,"Ceteris paribus, the neighbor is home."
in a best-case scenario,"In a best-case scenario, the book is informative."
in a best-case scenario,"In a best‑case scenario, the book is informative."
in a best-case scenario,"In a best-case scenario, the book is informative."
in a best-case scenario,"In a best‑case scenario, the book is informative."
in a best-case scenario,"In a best‑case scenario, the book is informative."
in a best-case scenario,"In a best-case scenario, the book is informative."
in a best-case scenario,"In a best-case scenario, the book is informative."
in a best-case scenario,"In a best-case scenario, the book is informative."
in a best-case scenario,"In a best-case scenario, the book is informative."
in a best-case scenario,"In a best-case scenario, the book is informative."
in a best-case scenario,"In a best‑case scenario, the book is informative."
in a best-case scenario,"In a best-case scenario, the book is informative."
in a best-case scenario,"In a best-case scenario, the book is informative."
in a best-case scenario,"In a best‑case scenario, the book is informative."
in a best-case scenario,"In a best-case scenario, the book is informative."
in a best-case scenario,"In a best-case scenario, the book is informative."
in a best-case scenario,"In a best-case scenario, the book is informative."
in a best-case scenario,"In a best-case scenario, the book is informative."
in a best-case scenario,"In a best-case scenario, the book is informative."
in a best-case scenario,"In a best‑case scenario, the book is informative."
in a worst-case scenario,"In a worst‑case scenario, the movie is good."
in a worst-case scenario,"In a worst‑case scenario, the movie is good."
in a worst-case scenario,"In a worst-case scenario, the movie is good."
in a worst-case scenario,"In a worst-case scenario, the movie is good."
in a worst-case scenario,"In a worst‑case scenario, the movie is good."
in a worst-case scenario,"In a worst case scenario, the movie is good."
in a worst-case scenario,"In a worst-case scenario, the movie is good."
in a worst-case scenario,"In a worst-case scenario, the movie is good."
in a worst-case scenario,"In a worst-case scenario, the movie is good."
in a worst-case scenario,"In a worst-case scenario, the movie is good."
in a worst-case scenario,"In a worst-case scenario, the movie is good."
in a worst-case scenario,"In a worst‑case scenario, the movie is good."
in a worst-case scenario,"In a worst-case scenario, the movie is good."
in a worst-case scenario,"In a worst-case scenario, the movie is good."
in a worst-case scenario,"In a worst-case scenario, the movie is good."
in a worst-case scenario,"The movie is good, in a worst-case scenario."
in a worst-case scenario,"In a worst-case scenario, the movie is good."
in a worst-case scenario,"In a worst-case scenario, the movie is good."
in a worst-case scenario,"In a worst-case scenario, the movie is good."
in a worst-case scenario,"In a worst-case scenario, the movie is good."
under optimal conditions,"Under optimal conditions, there is a correlation between X and Y."
under optimal conditions,Under optimal conditions there is a correlation between X and Y.
under optimal conditions,"Under optimal conditions, there is a correlation between X and Y."
under optimal conditions,"Under optimal conditions, there is a correlation between X and Y."
under optimal conditions,"Under optimal conditions, there is a correlation between X and Y."
under optimal conditions,"Under optimal conditions, there is a correlation between X and Y."
under optimal conditions,There is a correlation between X and Y under optimal conditions.
under optimal conditions,Under optimal conditions there is a correlation between X and Y.
under optimal conditions,"Under optimal conditions, there is a correlation between X and Y."
under optimal conditions,"Under optimal conditions, there is a correlation between X and Y."
under optimal conditions,"Under optimal conditions, there is a correlation between X and Y."
under optimal conditions,"Under optimal conditions, there is a correlation between X and Y."
under optimal conditions,"Under optimal conditions, there is a correlation between X and Y."
under optimal conditions,"Under optimal conditions, there is a correlation between X and Y."
under optimal conditions,"Under optimal conditions, there is a correlation between X and Y."
under optimal conditions,"Under optimal conditions, there is a correlation between X and Y."
under optimal conditions,"Under optimal conditions, there is a correlation between X and Y."
under optimal conditions,"Under optimal conditions, there is a correlation between X and Y."
under optimal conditions,"Under optimal conditions, there is a correlation between X and Y."
under optimal conditions,"Under optimal conditions, there is a correlation between X and Y."
holding everything else constant,"The city is the oldest in the country, holding everything else constant."
holding everything else constant,"The city is the oldest in the country, holding everything else constant."
holding everything else constant,"Holding everything else constant, the city is the oldest in the country."
holding everything else constant,"Holding everything else constant, the city is the oldest in the country."
holding everything else constant,"Holding everything else constant, the city is the oldest in the country."
holding everything else constant,"Holding everything else constant, the city is the oldest in the country."
holding everything else constant,"Holding everything else constant, the city is the oldest in the country."
holding everything else constant,"Holding everything else constant, the city is the oldest in the country."
holding everything else constant,"Holding everything else constant, the city is the oldest in the country."
holding everything else constant,"Holding everything else constant, the city is the oldest in the country."
holding everything else constant,"Holding everything else constant, the city is the oldest in the country."
holding everything else constant,"Holding everything else constant, the city is the oldest in the country."
holding everything else constant,"Holding everything else constant, the city is the oldest in the country."
holding everything else constant,"The city is the oldest in the country, holding everything else constant."
holding everything else constant,"Holding everything else constant, the city is the oldest in the country."
holding everything else constant,"Holding everything else constant, the city is the oldest in the country."
holding everything else constant,"The city is the oldest in the country, holding everything else constant."
holding everything else constant,"Holding everything else constant, the city is the oldest in the country."
holding everything else constant,"The city is the oldest in the country, holding everything else constant."
holding everything else constant,"Holding everything else constant, the city is the oldest in the country."
