hedging_word,all_scores,count,mean,std,alpha_param,beta_param
about,"[0.4, 0.8, 0.3, 0.85, 0.5, 0.35, 0.48, 0.25, 0.5, 0.5, 0.82, 0.65, 0.23, 0.6, 0.6, 0.42, 0.4, 0.56, 0.44, 0.58, 0.48, 0.26, 0.35, 0.4, 0.56, 0.74, 0.4, 0.33, 0.78, 0.35, 0.58, 0.6, 0.52, 0.67, 0.78, 0.3, 0.5, 0.6, 0.4, 0.73, 0.5, 0.61, 0.78, 0.27, 0.85, 0.67, 0.47, 0.4, 0.45, 0.6, 0.7, 0.35, 0.6, 0.61, 0.4, 0.64, 0.78, 0.42, 0.3, 0.78, 0.85, 0.85, 0.85, 0.85, 0.75, 0.85, 0.75, 0.75, 0.6, 0.85, 0.6, 0.85, 0.75, 0.75, 0.85, 0.85, 0.85, 0.85, 0.5, 0.7, 0.75, 0.75, 0.85, 0.85, 0.85, 0.75, 0.85, 0.75, 0.65, 0.85, 0.7, 0.85, 0.85, 0.85, 0.85, 0.75, 0.85, 0.85, 0.85, 0.6, 0.85, 0.8, 0.85, 0.75, 0.75, 0.85, 0.35, 0.85, 0.85, 0.85, 0.5, 0.85, 0.75, 0.85, 0.7, 0.85, 0.85, 0.85, 0.85, 0.75, 0.8, 0.85, 0.95, 0.8, 0.8, 0.8, 0.85, 0.85, 0.8, 0.9, 0.8, 0.85, 0.85, 0.85, 0.8, 0.8, 0.7, 0.8, 0.8, 0.8, 0.9, 0.85, 0.8, 0.8, 0.8, 0.9, 0.8, 0.9, 0.9, 0.85, 0.8, 0.85, 0.7, 0.8, 0.7, 0.7, 0.8, 0.8, 0.8, 0.7, 0.85, 0.8, 0.85, 0.7, 0.8, 0.8, 0.8, 0.85, 0.85, 0.8, 0.8, 0.7, 0.8, 0.8, 0.85, 0.8, 0.8, 0.85, 0.8, 0.9]",180,0.7082777777777778,0.17430761618967883,5.024372994252782,2.136693883639245
absolutely,"[1.0, 0.98, 0.95, 1.0, 1.0, 1.0, 1.0, 0.9, 1.0, 1.0, 1.0, 0.95, 1.0, 1.0, 0.9, 0.9, 1.0, 1.0, 1.0, 1.0, 0.95, 1.0, 0.95, 0.9, 1.0, 1.0, 0.95, 0.95, 0.9, 1.0, 0.99, 1.0, 0.98, 1.0, 1.0, 1.0, 0.9, 1.0, 0.8, 0.95, 0.9, 1.0, 1.0, 0.95, 0.95, 0.9, 0.8, 1.0, 1.0, 0.95, 1.0, 0.8, 0.8, 0.8, 0.8, 0.95, 0.9, 1.0, 1.0, 1.0, 0.9, 0.95, 1.0, 0.95, 0.9, 0.95, 0.95, 0.95, 0.95, 1.0, 0.95, 0.95, 0.95, 0.85, 0.9, 0.95, 1.0, 0.95, 0.85, 0.95, 0.95, 0.95, 0.95, 0.95, 0.85, 0.85, 0.9, 0.85, 0.95, 0.95, 0.9, 0.95, 0.95, 1.0, 0.95, 0.85, 0.95, 0.9, 0.95, 0.95, 0.95, 0.95, 0.95, 0.95, 0.9, 0.95, 0.95, 0.9, 0.95, 0.85, 0.95, 1.0, 0.95, 0.95, 0.95, 0.95, 0.9, 1.0, 1.0, 1.0, 1.0, 1.0, 1.0, 1.0, 1.0, 1.0, 0.95, 1.0, 1.0, 1.0, 1.0, 1.0, 1.0, 1.0, 1.0, 1.0, 1.0, 1.0, 1.0, 1.0, 1.0, 1.0, 1.0, 1.0, 1.0, 1.0, 1.0, 1.0, 1.0, 1.0, 1.0, 1.0, 1.0, 1.0, 1.0, 1.0, 1.0, 1.0, 1.0, 1.0, 1.0, 1.0, 1.0, 1.0, 1.0, 1.0, 0.98, 1.0, 1.0, 1.0, 0.95, 1.0, 1.0, 1.0, 1.0, 1.0, 1.0, 1.0, 1.0, 1.0]",180,0.9635,0.050634584140793644,4.135773976189073,0.14414563711488668
all but certain,"[0.55, 0.84, 0.78, 0.87, 0.7, 0.68, 0.75, 0.71, 0.75, 0.75, 0.4, 0.28, 0.85, 0.85, 0.65, 0.87, 0.6, 0.46, 0.96, 0.68, 0.57, 0.85, 0.85, 0.78, 0.45, 0.88, 0.87, 0.8, 0.87, 0.75, 0.85, 0.78, 0.85, 0.85, 0.8, 0.8, 0.87, 0.85, 0.75, 0.78, 0.9, 0.76, 0.85, 0.8, 0.73, 0.8, 0.9, 0.87, 0.82, 0.92, 0.95, 0.98, 0.98, 0.85, 0.85, 0.67, 0.82, 0.95, 0.85, 0.8, 0.75, 0.75, 0.75, 0.95, 0.9, 0.85, 0.85, 0.75, 0.9, 0.75, 0.85, 0.85, 0.85, 0.85, 0.85, 0.6, 0.6, 0.85, 0.75, 0.85, 0.95, 0.75, 0.85, 0.9, 0.65, 0.75, 0.85, 0.85, 0.85, 0.95, 0.9, 0.85, 0.85, 0.85, 0.85, 0.85, 0.85, 0.85, 0.85, 0.85, 0.85, 0.85, 0.9, 0.85, 0.85, 0.85, 0.85, 0.5, 0.95, 0.95, 0.85, 0.95, 0.95, 0.95, 0.95, 0.85, 0.85, 0.85, 0.9, 0.95, 0.95, 0.95, 0.95, 0.95, 0.95, 0.95, 0.95, 0.95, 0.95, 0.95, 0.95, 0.98, 0.95, 0.95, 0.95, 0.95, 0.95, 0.95, 0.95, 0.95, 0.9, 0.95, 0.95, 0.95, 0.95, 0.95, 0.95, 0.95, 0.95, 0.95, 0.95, 0.95, 0.95, 0.95, 0.95, 0.95, 0.95, 0.95, 0.95, 0.95, 0.95, 0.95, 0.95, 0.95, 0.95, 0.95, 0.95, 0.95, 0.9, 0.95, 0.95, 0.95, 0.95, 0.95, 0.95, 0.95, 0.95, 0.7, 0.9, 0.9]",180,0.8550555555555556,0.11780632515664673,8.949646622501719,1.5574634156978298
all else being equal,"[0.76, 0.78, 0.78, 0.78, 0.6, 0.72, 0.68, 0.8, 0.75, 0.87, 0.7, 0.85, 0.6, 0.75, 0.56, 0.85, 0.78, 0.8, 0.85, 0.7, 0.7, 0.78, 0.6, 0.6, 0.85, 0.73, 0.78, 0.83, 0.83, 0.78, 0.85, 0.85, 0.81, 0.78, 0.86, 0.7, 0.78, 0.82, 0.85, 0.87, 0.87, 0.62, 0.68, 0.6, 0.87, 0.7, 0.68, 0.85, 0.78, 0.78, 0.6, 0.78, 0.8, 0.7, 0.68, 0.85, 0.72, 0.8, 0.95, 0.7, 0.65, 0.85, 0.75, 0.7, 0.8, 0.75, 0.7, 0.6, 0.6, 0.85, 0.7, 0.6, 0.85, 0.75, 0.85, 0.75, 0.75, 0.75, 0.85, 0.75, 0.85, 0.75, 0.85, 0.75, 0.7, 0.85, 0.85, 0.7, 0.75, 0.85, 0.7, 0.75, 0.6, 0.65, 0.7, 0.75, 0.85, 0.85, 0.85, 0.75, 0.75, 0.75, 0.75, 0.85, 0.85, 0.85, 0.75, 0.75, 0.85, 0.65, 0.85, 0.85, 0.7, 0.7, 0.6, 0.75, 0.75, 0.85, 0.85, 0.75, 0.8, 0.85, 0.85, 0.9, 0.8, 0.85, 0.9, 0.75, 0.8, 0.85, 0.95, 0.7, 0.8, 0.8, 0.75, 0.7, 0.8, 0.8, 0.85, 0.7, 0.8, 0.85, 0.7, 0.8, 0.7, 0.8, 0.8, 0.8, 0.75, 0.7, 0.8, 0.8, 0.7, 0.7, 0.7, 0.7, 0.75, 0.8, 0.7, 0.75, 0.8, 0.7, 0.8, 0.8, 0.75, 0.85, 0.8, 0.9, 0.7, 0.8, 0.75, 0.75, 0.8, 0.75, 0.7, 0.7, 0.8, 0.8, 0.8, 0.8]",180,0.7673333333333333,0.07710454663060481,22.09504959156015,6.6976211123905465
all things being equal,"[0.78, 0.65, 0.4, 0.75, 0.95, 0.85, 0.85, 0.68, 0.75, 0.7, 0.67, 0.4, 0.75, 0.9, 0.7, 0.85, 0.85, 0.7, 0.75, 0.85, 0.6, 0.76, 0.75, 0.75, 0.65, 0.85, 0.85, 0.78, 0.83, 0.6, 0.7, 0.91, 0.58, 0.85, 0.42, 0.78, 0.85, 0.78, 0.72, 0.8, 0.68, 0.67, 0.86, 0.8, 0.89, 0.78, 0.85, 0.92, 0.6, 0.96, 0.85, 0.8, 0.75, 0.85, 0.85, 0.6, 0.8, 0.76, 0.7, 0.6, 0.85, 0.6, 0.7, 0.6, 0.75, 0.75, 0.4, 0.75, 0.75, 0.85, 0.7, 0.8, 0.85, 0.6, 0.7, 0.75, 0.75, 0.7, 0.85, 0.5, 0.75, 0.4, 0.75, 0.85, 0.7, 0.75, 0.75, 0.75, 0.85, 0.4, 0.75, 0.6, 0.7, 0.75, 0.8, 0.3, 0.85, 0.85, 0.4, 0.5, 0.7, 0.7, 0.5, 0.7, 0.6, 0.85, 0.6, 0.6, 0.7, 0.7, 0.85, 0.85, 0.6, 0.65, 0.85, 0.85, 0.75, 0.3, 0.75, 0.7, 0.85, 0.8, 0.7, 0.75, 0.8, 0.7, 0.8, 0.9, 0.85, 0.8, 0.7, 0.8, 0.8, 0.85, 0.7, 0.85, 0.8, 0.85, 0.75, 0.8, 0.85, 0.8, 0.8, 0.85, 0.8, 0.8, 0.8, 0.85, 0.8, 0.7, 0.7, 0.8, 0.7, 0.8, 0.85, 0.7, 0.8, 0.8, 0.8, 0.7, 0.9, 0.75, 0.8, 0.8, 0.8, 0.9, 0.8, 0.8, 0.75, 0.7, 0.8, 0.8, 0.9, 0.75, 0.8, 0.85, 0.9, 0.9, 0.8, 0.7]",180,0.7464444444444445,0.12163068975944363,9.916482479077592,3.4160694009016375
almost,"[0.75, 0.81, 0.8, 0.85, 0.7, 0.85, 0.78, 0.58, 0.68, 0.8, 0.85, 0.87, 0.85, 0.8, 0.8, 0.85, 0.85, 0.5, 0.8, 0.95, 0.82, 0.95, 0.8, 0.95, 0.6, 0.78, 0.4, 0.78, 0.75, 0.85, 0.65, 0.87, 0.6, 0.85, 0.7, 0.8, 0.85, 0.5, 0.73, 0.7, 0.8, 0.85, 0.58, 0.85, 0.8, 0.6, 0.8, 0.85, 0.85, 0.8, 0.75, 0.85, 0.85, 0.8, 0.82, 0.87, 0.85, 0.76, 0.85, 0.73, 0.85, 0.85, 0.9, 0.75, 0.85, 0.85, 0.85, 0.75, 0.7, 0.6, 0.75, 0.75, 0.6, 0.85, 0.75, 0.85, 0.75, 0.75, 0.75, 0.85, 0.7, 0.65, 0.85, 0.85, 0.85, 0.75, 0.85, 0.85, 0.85, 0.85, 0.65, 0.75, 0.75, 0.75, 0.85, 0.75, 0.75, 0.65, 0.85, 0.75, 0.75, 0.75, 0.75, 0.85, 0.85, 0.75, 0.75, 0.85, 0.85, 0.65, 0.85, 0.85, 0.85, 0.75, 0.85, 0.85, 0.85, 0.85, 0.85, 0.75, 0.95, 0.95, 0.98, 0.95, 0.95, 0.95, 0.95, 0.9, 0.95, 0.95, 0.95, 0.85, 0.95, 0.9, 0.85, 0.95, 0.95, 0.95, 0.95, 0.95, 0.85, 0.95, 0.95, 0.85, 0.95, 0.95, 0.95, 0.95, 0.95, 0.95, 0.95, 0.85, 0.9, 0.95, 0.95, 0.95, 0.95, 0.95, 0.95, 0.95, 0.95, 0.95, 0.95, 0.9, 0.95, 0.85, 0.9, 0.85, 0.9, 0.95, 0.95, 0.8, 0.95, 0.95, 0.95, 0.95, 0.95, 0.95, 0.95, 0.8]",180,0.8307777777777777,0.10609982487971491,10.055283637149213,2.055310697552715
almost certainly,"[0.8, 0.85, 0.7, 0.85, 0.85, 0.6, 0.8, 0.75, 0.88, 0.75, 0.85, 0.66, 0.88, 0.31, 0.6, 0.6, 0.73, 0.5, 0.63, 0.82, 0.7, 0.42, 0.65, 0.85, 0.76, 0.6, 0.86, 0.7, 0.6, 0.85, 0.75, 0.92, 0.7, 0.85, 0.85, 0.85, 0.58, 0.8, 0.85, 0.86, 0.73, 0.85, 0.85, 0.73, 0.92, 0.85, 0.95, 0.49, 0.8, 0.95, 0.95, 0.82, 0.95, 0.86, 0.68, 0.85, 0.43, 0.6, 0.67, 0.6, 0.85, 0.85, 0.85, 0.85, 0.85, 0.85, 0.85, 0.85, 0.85, 0.85, 0.85, 0.85, 0.9, 0.85, 0.85, 0.95, 0.85, 0.85, 0.85, 0.85, 0.85, 0.85, 0.85, 0.85, 0.9, 0.85, 0.85, 0.9, 0.7, 0.75, 0.85, 0.85, 0.85, 0.85, 0.85, 0.85, 0.85, 0.9, 0.9, 0.85, 0.85, 0.85, 0.85, 0.85, 0.85, 0.9, 0.85, 0.9, 0.85, 0.85, 0.85, 0.7, 0.9, 0.75, 0.85, 0.85, 0.85, 0.95, 0.85, 0.9, 0.95, 0.98, 0.95, 0.98, 0.95, 0.95, 0.98, 0.99, 0.95, 0.98, 0.98, 0.98, 0.98, 1.0, 0.98, 0.95, 0.95, 0.95, 0.98, 0.98, 0.98, 0.95, 0.98, 0.98, 0.98, 0.98, 0.95, 0.95, 0.98, 0.98, 0.95, 0.98, 0.95, 0.95, 0.95, 0.95, 0.95, 0.98, 0.95, 0.95, 0.95, 0.95, 0.95, 0.95, 0.98, 0.95, 0.95, 0.98, 0.98, 0.98, 0.95, 0.97, 0.98, 0.95, 0.98, 0.95, 0.95, 0.95, 0.98, 0.98]",180,0.8556111111111111,0.12362202199037053,6.462269676745163,1.100719044523734
almost definitely,"[0.78, 0.78, 0.85, 0.78, 0.87, 0.58, 0.85, 0.69, 0.78, 0.58, 0.78, 0.85, 0.78, 0.73, 0.68, 0.6, 0.75, 0.8, 0.78, 0.75, 0.71, 0.68, 0.68, 0.85, 0.6, 0.85, 0.78, 0.92, 0.78, 0.78, 0.68, 0.6, 0.56, 0.45, 0.66, 0.42, 0.76, 0.66, 0.6, 0.55, 0.81, 0.76, 0.88, 0.81, 0.75, 0.84, 0.62, 0.85, 0.52, 0.27, 0.6, 0.35, 0.55, 0.85, 0.63, 0.95, 0.55, 0.67, 0.27, 0.78, 0.85, 0.85, 0.85, 0.85, 0.75, 0.85, 0.85, 0.85, 0.9, 0.95, 0.95, 0.9, 0.9, 0.9, 0.95, 0.9, 0.85, 0.95, 0.95, 0.95, 0.9, 0.95, 0.85, 0.95, 0.95, 0.95, 0.95, 0.85, 0.95, 0.95, 0.95, 0.95, 0.95, 0.95, 0.95, 0.95, 0.95, 0.95, 0.95, 0.95, 0.95, 0.85, 0.95, 0.95, 0.85, 0.85, 0.95, 0.95, 0.85, 0.85, 0.9, 0.85, 0.85, 0.95, 0.95, 0.75, 0.85, 0.9, 0.9, 0.9, 0.9, 0.95, 0.98, 0.95, 0.95, 0.95, 0.98, 0.95, 0.95, 0.95, 0.95, 0.95, 0.95, 0.95, 0.95, 0.95, 0.95, 0.95, 0.95, 0.95, 0.95, 0.95, 0.95, 0.95, 0.95, 0.95, 0.95, 0.95, 0.95, 0.95, 0.95, 0.95, 0.95, 0.95, 0.9, 0.95, 0.95, 0.95, 0.95, 0.95, 0.95, 0.95, 0.95, 0.95, 0.95, 0.95, 0.95, 0.95, 0.95, 0.95, 0.95, 0.85, 0.9, 0.85, 0.9, 0.85, 0.85, 0.95, 0.97, 0.95]",180,0.8483333333333333,0.14112445256266223,6.593624507354703,1.2286340798027033
ambiguous,"[0.6, 0.75, 0.8, 0.6, 0.7, 0.95, 0.75, 0.76, 0.78, 0.81, 0.6, 0.6, 0.6, 0.5, 0.75, 0.57, 0.5, 0.85, 0.8, 0.86, 0.6, 0.8, 0.8, 0.65, 0.5, 0.6, 0.6, 0.6, 0.6, 0.8, 0.8, 0.8, 0.7, 0.65, 0.8, 0.8, 0.85, 0.85, 0.85, 0.3, 0.3, 0.4, 0.45, 0.55, 0.3, 0.62, 0.66, 0.43, 0.6, 0.36, 0.22, 0.6, 0.55, 0.3, 0.3, 0.4, 0.6, 0.55, 0.85, 0.78, 0.7, 0.75, 0.7, 0.75, 0.75, 0.85, 0.75, 0.6, 0.7, 0.7, 0.5, 0.85, 0.75, 0.6, 0.5, 0.7, 0.75, 0.85, 0.7, 0.75, 0.7, 0.7, 0.6, 0.7, 0.6, 0.6, 0.4, 0.85, 0.85, 0.75, 0.7, 0.85, 0.3, 0.85, 0.7, 0.6, 0.7, 0.7, 0.7, 0.75, 0.3, 0.7, 0.7, 0.7, 0.85, 0.7, 0.85, 0.75, 0.7, 0.5, 0.4, 0.4, 0.7, 0.3, 0.45, 0.3, 0.3, 0.6, 0.75, 0.7, 0.75, 0.7, 0.7, 0.8, 0.8, 0.8, 0.7, 0.8, 0.75, 0.7, 0.7, 0.7, 0.8, 0.7, 0.8, 0.7, 0.7, 0.75, 0.8, 0.7, 0.7, 0.7, 0.7, 0.7, 0.7, 0.85, 0.6, 0.8, 0.8, 0.6, 0.8, 0.7, 0.7, 0.8, 0.75, 0.7, 0.7, 0.8, 0.85, 0.3, 0.5, 0.5, 0.6, 0.6, 0.6, 0.6, 0.7, 0.6, 0.6, 0.5, 0.5, 0.6, 0.5, 0.5, 0.6, 0.8, 0.6, 0.7, 0.8, 0.7]",180,0.6586111111111111,0.1506385072833079,6.319539843461669,3.324687979933667
apparently,"[0.68, 0.6, 0.6, 0.6, 0.57, 0.24, 0.6, 0.6, 0.54, 0.63, 0.6, 0.6, 0.47, 0.6, 0.6, 0.45, 0.45, 0.45, 0.65, 0.85, 0.35, 0.3, 0.6, 0.5, 0.58, 0.68, 0.4, 0.6, 0.73, 0.85, 0.3, 0.6, 0.65, 0.44, 0.6, 0.64, 0.44, 0.85, 0.6, 0.6, 0.2, 0.85, 0.58, 0.7, 0.45, 0.52, 0.4, 0.55, 0.48, 0.22, 0.67, 0.4, 0.68, 0.6, 0.58, 0.58, 0.48, 0.6, 0.55, 0.48, 0.85, 0.85, 0.85, 0.75, 0.75, 0.7, 0.75, 0.75, 0.75, 0.85, 0.85, 0.85, 0.85, 0.85, 0.85, 0.85, 0.75, 0.85, 0.85, 0.75, 0.75, 0.75, 0.85, 0.9, 0.75, 0.85, 0.85, 0.75, 0.75, 0.75, 0.85, 0.85, 0.75, 0.85, 0.75, 0.75, 0.85, 0.75, 0.7, 0.85, 0.75, 0.75, 0.75, 0.65, 0.7, 0.85, 0.75, 0.6, 0.45, 0.6, 0.65, 0.85, 0.75, 0.7, 0.75, 0.75, 0.85, 0.75, 0.75, 0.65, 0.7, 0.75, 0.7, 0.8, 0.85, 0.6, 0.7, 0.8, 0.8, 0.9, 0.7, 0.8, 0.8, 0.8, 0.8, 0.8, 0.7, 0.8, 0.7, 0.8, 0.8, 0.85, 0.8, 0.7, 0.7, 0.85, 0.8, 0.8, 0.8, 0.8, 0.8, 0.7, 0.8, 0.8, 0.8, 0.8, 0.8, 0.8, 0.8, 0.85, 0.85, 0.85, 0.75, 0.7, 0.8, 0.8, 0.75, 0.7, 0.75, 0.8, 0.7, 0.8, 0.7, 0.7, 0.7, 0.75, 0.8, 0.7, 0.7, 0.7]",180,0.6986666666666667,0.14301281993816733,7.27055174074119,3.1991349653070085
approximately,"[0.3, 0.2, 0.41, 0.3, 0.27, 0.25, 0.3, 0.6, 0.26, 0.22, 0.55, 0.2, 0.51, 0.06, 0.06, 0.5, 0.7, 0.6, 0.28, 0.48, 0.6, 0.76, 0.46, 0.3, 0.41, 0.52, 0.62, 0.4, 0.3, 0.25, 0.6, 0.12, 0.3, 0.2, 0.23, 0.4, 0.68, 0.56, 0.2, 0.27, 0.45, 0.42, 0.28, 0.22, 0.25, 0.66, 0.35, 0.5, 0.34, 0.7, 0.65, 0.32, 0.22, 0.47, 0.4, 0.2, 0.42, 0.4, 0.4, 0.7, 0.7, 0.6, 0.3, 0.65, 0.5, 0.35, 0.3, 0.3, 0.2, 0.75, 0.3, 0.3, 0.6, 0.3, 0.5, 0.3, 0.3, 0.3, 0.3, 0.7, 0.3, 0.2, 0.3, 0.7, 0.7, 0.4, 0.6, 0.7, 0.7, 0.7, 0.3, 0.65, 0.3, 0.6, 0.3, 0.3, 0.3, 0.7, 0.15, 0.3, 0.3, 0.1, 0.7, 0.1, 0.85, 0.15, 0.5, 0.1, 0.5, 0.1, 0.3, 0.3, 0.3, 0.4, 0.3, 0.3, 0.3, 0.3, 0.85, 0.2, 0.7, 0.7, 0.6, 0.6, 0.6, 0.6, 0.6, 0.5, 0.6, 0.5, 0.7, 0.6, 0.8, 0.7, 0.6, 0.6, 0.6, 0.75, 0.6, 0.7, 0.7, 0.6, 0.5, 0.6, 0.6, 0.6, 0.7, 0.6, 0.7, 0.6, 0.6, 0.6, 0.6, 0.6, 0.6, 0.6, 0.7, 0.6, 0.7, 0.6, 0.65, 0.6, 0.7, 0.75, 0.7, 0.7, 0.65, 0.6, 0.6, 0.7, 0.7, 0.6, 0.6, 0.6, 0.7, 0.75, 0.8, 0.85, 0.7, 0.7]",180,0.4832222222222222,0.19686051338040103,2.7270531660645907,2.968907958489401
around,"[0.65, 0.54, 0.6, 0.35, 0.6, 0.67, 0.3, 0.27, 0.3, 0.67, 0.73, 0.7, 0.55, 0.2, 0.88, 0.26, 0.68, 0.68, 0.24, 0.45, 0.41, 0.69, 0.2, 0.6, 0.46, 0.68, 0.78, 0.67, 0.45, 0.45, 0.2, 0.56, 0.68, 0.54, 0.22, 0.6, 0.5, 0.79, 0.6, 0.4, 0.36, 0.32, 0.7, 0.08, 0.4, 0.42, 0.25, 0.46, 0.41, 0.85, 0.61, 0.78, 0.65, 0.35, 0.4, 0.88, 0.4, 0.62, 0.6, 0.3, 0.85, 0.7, 0.85, 0.75, 0.65, 0.85, 0.85, 0.75, 0.75, 0.85, 0.85, 0.7, 0.6, 0.7, 0.6, 0.75, 0.7, 0.75, 0.75, 0.85, 0.7, 0.85, 0.85, 0.85, 0.85, 0.85, 0.75, 0.85, 0.85, 0.5, 0.9, 0.75, 0.7, 0.75, 0.85, 0.65, 0.6, 0.85, 0.75, 0.85, 0.75, 0.85, 0.85, 0.85, 0.85, 0.75, 0.65, 0.85, 0.75, 0.75, 0.75, 0.85, 0.75, 0.85, 0.75, 0.4, 0.75, 0.75, 0.7, 0.7, 0.7, 0.8, 0.85, 0.8, 0.8, 0.8, 0.7, 0.75, 0.8, 0.8, 0.7, 0.8, 0.85, 0.9, 0.8, 0.8, 0.9, 0.8, 0.8, 0.8, 0.8, 0.85, 0.8, 0.7, 0.8, 0.95, 0.85, 0.7, 0.8, 0.9, 0.8, 0.8, 0.8, 0.85, 0.7, 0.8, 0.7, 0.8, 0.8, 0.8, 0.8, 0.8, 0.8, 0.7, 0.9, 0.7, 0.7, 0.7, 0.8, 0.8, 0.6, 0.7, 0.8, 0.8, 0.9, 0.8, 0.7, 0.8, 0.9, 0.8]",180,0.6882777777777778,0.18113478884078307,4.381554137537382,2.0757071927042148
as a rule,"[0.7, 0.28, 0.5, 0.5, 0.8, 0.95, 0.44, 0.85, 0.85, 0.6, 0.6, 0.57, 0.6, 0.6, 0.4, 0.92, 0.65, 0.4, 0.67, 0.7, 0.87, 0.4, 0.8, 0.55, 0.6, 0.75, 0.85, 0.4, 0.6, 0.6, 0.77, 0.83, 0.58, 0.63, 0.67, 0.6, 0.87, 0.85, 0.52, 0.8, 0.6, 0.2, 0.8, 0.46, 0.7, 0.74, 0.5, 0.85, 0.76, 0.25, 0.55, 0.3, 0.45, 0.56, 0.76, 0.74, 0.42, 0.8, 0.35, 0.82, 0.85, 0.85, 0.85, 0.9, 0.85, 0.85, 0.85, 0.75, 0.9, 0.85, 0.75, 0.85, 0.85, 0.85, 0.85, 0.85, 0.65, 0.85, 0.85, 0.85, 0.9, 0.85, 0.85, 0.85, 0.85, 0.75, 0.85, 0.85, 0.9, 0.85, 0.85, 0.85, 0.85, 0.85, 0.85, 0.9, 0.85, 0.85, 0.65, 0.85, 0.85, 0.85, 0.85, 0.85, 0.85, 0.85, 0.85, 0.9, 0.85, 0.85, 0.75, 0.9, 0.75, 0.85, 0.9, 0.85, 0.85, 0.85, 0.85, 0.85, 0.95, 0.95, 0.95, 0.95, 0.95, 0.85, 0.95, 0.8, 0.95, 0.95, 0.85, 0.95, 0.9, 0.95, 0.95, 0.95, 0.95, 0.95, 0.85, 0.95, 0.95, 0.95, 0.95, 0.95, 0.95, 0.95, 0.85, 0.95, 0.95, 0.95, 0.9, 0.85, 0.95, 0.95, 0.9, 1.0, 0.95, 0.95, 0.95, 0.95, 0.9, 0.8, 0.95, 0.9, 0.95, 0.95, 0.85, 1.0, 0.9, 0.85, 0.95, 0.95, 0.85, 0.95, 0.95, 0.9, 0.9, 0.95, 0.95, 0.95]",180,0.7990555555555555,0.1674836549976087,4.12418980091895,1.0598728126741737
as currently understood,"[0.55, 0.59, 0.34, 0.26, 0.71, 0.45, 0.2, 0.5, 0.95, 0.8, 0.85, 0.6, 0.6, 0.85, 0.69, 0.22, 0.5, 0.78, 0.8, 0.56, 0.88, 0.7, 0.36, 0.85, 0.68, 0.6, 0.55, 0.4, 0.6, 0.6, 0.5, 0.5, 0.6, 0.12, 0.4, 0.5, 0.6, 0.28, 0.75, 0.86, 0.65, 0.5, 0.6, 0.22, 0.58, 0.6, 0.35, 0.85, 0.48, 0.85, 0.3, 0.75, 0.44, 0.2, 0.5, 0.66, 0.45, 0.61, 0.4, 0.3, 0.6, 0.7, 0.75, 0.85, 0.75, 0.7, 0.6, 0.3, 0.9, 0.8, 0.75, 0.6, 0.7, 0.7, 0.75, 0.75, 0.6, 0.7, 0.85, 0.6, 0.85, 0.3, 0.6, 0.2, 0.7, 0.75, 0.75, 0.7, 0.3, 0.2, 0.7, 0.6, 0.75, 0.6, 0.75, 0.3, 0.85, 0.7, 0.75, 0.7, 0.6, 0.5, 0.75, 0.75, 0.6, 0.75, 0.75, 0.75, 0.7, 0.6, 0.75, 0.1, 0.7, 0.85, 0.7, 0.7, 0.6, 0.35, 0.65, 0.6, 0.8, 0.8, 0.9, 0.95, 0.9, 0.95, 0.8, 0.9, 0.85, 0.95, 0.95, 0.85, 0.85, 0.9, 0.8, 0.9, 0.9, 0.9, 0.8, 0.95, 0.8, 0.7, 0.8, 0.85, 0.85, 0.95, 0.9, 0.9, 0.9, 0.85, 0.95, 0.95, 0.85, 0.85, 0.95, 0.8, 0.8, 0.95, 0.95, 0.9, 0.95, 0.9, 0.8, 0.7, 0.8, 0.7, 0.6, 0.8, 0.6, 0.8, 0.8, 0.7, 0.7, 0.7, 0.7, 0.8, 0.7, 0.8, 0.85, 0.9]",180,0.6806666666666666,0.1998182507513599,3.260483782385338,1.5761171633566824
as good as certain,"[0.8, 0.98, 0.8, 0.95, 0.95, 0.85, 0.8, 0.9, 0.8, 0.92, 0.9, 0.98, 0.98, 0.9, 0.9, 0.8, 0.87, 0.95, 0.95, 0.95, 0.85, 0.98, 0.85, 0.8, 0.9, 0.85, 0.85, 0.85, 0.95, 0.85, 0.8, 0.8, 0.9, 0.98, 0.96, 0.98, 0.95, 0.95, 0.8, 0.9, 0.8, 0.9, 0.95, 0.8, 0.8, 0.95, 0.95, 0.98, 0.9, 0.8, 0.98, 0.9, 0.98, 0.96, 0.75, 0.8, 0.95, 0.87, 0.95, 0.8, 0.95, 0.95, 0.85, 0.85, 0.95, 0.85, 0.95, 0.95, 0.9, 0.95, 0.95, 0.9, 0.85, 0.85, 0.85, 0.95, 0.9, 0.85, 0.95, 0.95, 0.95, 0.85, 0.95, 0.95, 0.85, 0.75, 0.95, 0.95, 0.85, 0.95, 0.95, 0.95, 0.95, 0.85, 0.85, 0.85, 0.95, 0.95, 0.85, 0.85, 0.85, 0.85, 0.95, 0.95, 0.9, 0.85, 0.95, 0.95, 0.75, 0.85, 0.75, 0.85, 0.65, 0.85, 0.75, 0.95, 0.9, 0.9, 0.75, 0.85, 0.95, 0.95, 0.95, 0.95, 0.95, 0.95, 0.95, 0.95, 0.95, 0.95, 0.95, 0.95, 0.95, 0.95, 0.95, 0.95, 0.95, 0.95, 0.98, 0.95, 0.95, 0.97, 0.95, 0.95, 0.95, 0.95, 0.95, 0.95, 0.95, 0.95, 0.95, 0.95, 0.95, 0.95, 0.95, 0.95, 0.95, 0.95, 0.9, 0.95, 0.95, 0.95, 0.95, 0.95, 0.95, 0.95, 0.95, 0.95, 0.95, 0.95, 0.95, 0.95, 0.95, 0.95, 0.95, 0.85, 0.95, 0.95, 0.95, 0.95]",180,0.908611111111111,0.06346270898802511,21.844824670579598,2.2085238513761176
assuming that,"[0.5, 0.3, 0.2, 0.25, 0.2, 0.8, 0.25, 0.2, 0.6, 0.6, 0.2, 0.2, 0.8, 0.6, 0.6, 0.7, 0.45, 0.2, 0.2, 0.9, 0.4, 0.4, 0.3, 0.6, 0.2, 0.5, 0.2, 0.2, 0.3, 0.2, 0.25, 0.55, 0.2, 0.6, 0.3, 0.2, 0.6, 0.2, 0.52, 0.3, 0.41, 0.3, 0.16, 0.3, 0.5, 0.75, 0.3, 0.2, 0.25, 0.6, 0.2, 0.78, 0.5, 0.68, 0.8, 0.7, 0.63, 0.5, 0.58, 0.6, 0.6, 0.3, 0.7, 0.5, 0.7, 0.3, 0.5, 0.3, 0.3, 0.5, 0.3, 0.7, 0.6, 0.7, 0.5, 0.25, 0.3, 0.3, 0.75, 0.3, 0.7, 0.7, 0.7, 0.3, 0.3, 0.8, 0.5, 0.3, 0.3, 0.3, 0.2, 0.7, 0.5, 0.5, 0.5, 0.3, 0.3, 0.4, 0.3, 0.5, 0.3, 0.3, 0.7, 0.2, 0.2, 0.7, 0.7, 0.2, 0.7, 0.7, 0.7, 0.3, 0.7, 0.3, 0.7, 0.7, 0.7, 0.7, 0.6, 0.6, 0.8, 0.6, 0.5, 0.5, 0.7, 0.5, 0.6, 0.5, 0.5, 0.7, 0.6, 0.6, 0.6, 0.7, 0.7, 0.6, 0.7, 0.75, 0.7, 0.7, 0.5, 0.3, 0.3, 0.2, 0.4, 0.6, 0.6, 0.8, 0.6, 0.7, 0.6, 0.6, 0.6, 0.6, 0.7, 0.5, 0.5, 0.5, 0.8, 0.8, 0.7, 0.7, 0.7, 0.5, 0.7, 0.6, 0.4, 0.8, 0.6, 0.7, 0.7, 0.6, 0.7, 0.9, 0.8, 0.7, 0.85, 0.7]",178,0.5101685393258427,0.1993993078073397,2.931884262844448,2.8371887521065333
assuredly,"[0.8, 0.8, 0.8, 0.95, 0.95, 0.9, 1.0, 0.98, 0.95, 0.99, 1.0, 1.0, 0.9, 1.0, 0.8, 1.0, 1.0, 0.9, 1.0, 0.8, 0.99, 1.0, 0.97, 0.6, 1.0, 1.0, 0.98, 0.98, 0.98, 1.0, 1.0, 1.0, 0.95, 1.0, 0.95, 1.0, 1.0, 0.95, 0.9, 0.9, 0.98, 1.0, 1.0, 1.0, 0.95, 0.95, 1.0, 0.95, 0.9, 0.8, 1.0, 0.98, 0.96, 0.95, 1.0, 1.0, 0.9, 0.9, 0.9, 1.0, 0.95, 0.95, 0.9, 0.85, 0.9, 0.95, 0.9, 0.95, 0.95, 0.95, 0.95, 0.95, 0.95, 0.95, 0.95, 0.9, 0.9, 0.95, 0.95, 0.9, 0.95, 0.95, 0.95, 0.95, 0.9, 0.95, 0.9, 0.95, 0.9, 0.9, 0.85, 0.95, 0.95, 0.95, 0.9, 0.95, 0.95, 0.9, 0.95, 0.95, 0.9, 0.95, 0.95, 0.95, 0.95, 0.9, 0.85, 0.85, 0.95, 0.9, 0.95, 0.95, 0.95, 0.9, 0.95, 0.95, 0.95, 0.95, 0.85, 0.95, 0.95, 0.95, 0.95, 0.95, 0.95, 0.95, 0.95, 0.95, 0.95, 0.95, 0.95, 0.95, 0.95, 0.95, 0.9, 0.95, 0.95, 0.95, 0.95, 0.95, 0.95, 0.95, 0.95, 0.95, 0.95, 0.95, 0.95, 0.95, 0.95, 0.95, 0.95, 0.95, 1.0, 0.95, 0.95, 0.95, 0.95, 0.95, 0.95, 0.95, 0.95, 0.95, 0.95, 0.95, 0.92, 0.95, 0.95, 0.95, 0.95, 0.95, 0.95, 0.95, 0.95, 0.95, 0.95, 0.95, 0.95, 0.9, 0.8, 0.8]",180,0.9394999999999999,0.05124315672468969,6.808572439395146,0.418257999462878
at issue,"[0.5, 0.48, 0.6, 0.5, 0.35, 0.42, 0.85, 0.6, 0.29, 0.7, 0.3, 0.81, 0.56, 0.5, 0.22, 0.62, 0.42, 0.42, 0.6, 0.35, 0.08, 0.36, 0.58, 0.73, 0.6, 0.6, 0.75, 0.78, 0.5, 0.55, 0.8, 0.95, 0.95, 0.7, 0.94, 0.8, 0.98, 0.8, 0.8, 0.76, 0.76, 0.2, 0.49, 0.85, 0.85, 0.3, 0.75, 0.68, 0.51, 0.67, 0.22, 0.44, 0.25, 0.85, 0.68, 0.2, 0.68, 0.3, 0.38, 0.23, 0.85, 0.75, 0.75, 0.3, 0.75, 0.75, 0.75, 0.7, 0.75, 0.75, 0.3, 0.7, 0.7, 0.6, 0.6, 0.3, 0.75, 0.85, 0.6, 0.4, 0.75, 0.6, 0.3, 0.6, 0.3, 0.75, 0.3, 0.75, 0.75, 0.75, 0.85, 0.9, 0.9, 0.85, 0.9, 0.95, 0.85, 0.9, 0.85, 0.85, 0.85, 0.75, 0.75, 0.2, 0.3, 0.7, 0.6, 0.75, 0.65, 0.75, 0.7, 0.6, 0.7, 0.6, 0.75, 0.75, 0.75, 0.3, 0.3, 0.3, 0.6, 0.7, 0.7, 0.75, 0.8, 0.7, 0.7, 0.7, 0.8, 0.7, 0.5, 0.75, 0.7, 0.7, 0.6, 0.8, 0.6, 0.6, 0.8, 0.7, 0.7, 0.8, 0.75, 0.7, 0.7, 0.6, 0.7, 0.8, 0.7, 0.8, 0.95, 0.95, 0.95, 0.95, 0.98, 0.95, 0.85, 0.95, 1.0, 0.8, 0.7, 0.8, 0.95, 0.95, 0.95, 0.95, 0.95, 0.95, 0.8, 0.8, 0.7, 0.8, 0.7, 0.8, 0.8, 0.75, 0.7, 0.7, 0.8, 0.7]",180,0.6706666666666666,0.20439232427423054,2.686596912958592,1.3173011063819773
available evidence points to,"[0.88, 0.78, 0.85, 0.68, 0.82, 0.85, 0.75, 0.78, 0.9, 0.8, 0.8, 0.75, 0.78, 0.78, 0.83, 0.74, 0.82, 0.81, 0.8, 0.85, 0.92, 0.85, 0.78, 0.7, 0.82, 0.85, 0.78, 0.75, 0.84, 0.8, 0.85, 0.85, 0.87, 0.85, 0.85, 0.65, 0.85, 0.75, 0.83, 0.78, 0.76, 0.8, 0.85, 0.61, 0.81, 0.6, 0.95, 0.8, 0.95, 0.7, 0.78, 0.78, 0.58, 0.6, 0.68, 0.73, 0.75, 0.87, 0.85, 0.88, 0.85, 0.85, 0.75, 0.85, 0.85, 0.85, 0.85, 0.7, 0.7, 0.85, 0.85, 0.85, 0.85, 0.85, 0.85, 0.75, 0.75, 0.75, 0.85, 0.85, 0.85, 0.85, 0.85, 0.85, 0.85, 0.85, 0.75, 0.85, 0.75, 0.85, 0.85, 0.85, 0.85, 0.85, 0.75, 0.85, 0.85, 0.75, 0.85, 0.75, 0.75, 0.85, 0.85, 0.85, 0.85, 0.85, 0.85, 0.85, 0.75, 0.75, 0.75, 0.85, 0.85, 0.85, 0.85, 0.85, 0.85, 0.85, 0.85, 0.85, 0.85, 0.9, 0.9, 0.85, 0.85, 0.85, 0.85, 0.95, 0.85, 0.85, 0.95, 0.8, 0.85, 0.85, 0.9, 0.9, 0.95, 0.8, 0.9, 0.9, 0.9, 0.8, 0.95, 0.85, 0.8, 0.8, 0.95, 0.85, 0.8, 0.85, 0.85, 0.85, 0.85, 0.85, 0.95, 0.85, 0.9, 0.85, 0.85, 0.9, 0.85, 0.9, 0.9, 0.85, 0.85, 0.85, 0.9, 0.85, 0.95, 0.85, 0.85, 0.85, 0.85, 0.8, 0.85, 0.85, 0.85, 0.85, 0.85, 0.85]",180,0.8274999999999999,0.06583544300417181,27.390859367659232,5.717404279374042
barely,"[0.25, 0.58, 0.6, 0.65, 0.3, 0.21, 0.25, 0.48, 0.3, 0.35, 0.35, 0.6, 0.6, 0.3, 0.3, 0.52, 0.25, 0.3, 0.4, 0.63, 0.2, 0.73, 0.4, 0.6, 0.28, 0.6, 0.41, 0.58, 0.5, 0.28, 0.4, 0.8, 0.45, 0.4, 0.2, 0.6, 0.5, 0.3, 0.5, 0.55, 0.5, 0.2, 0.4, 0.4, 0.32, 0.23, 0.4, 0.4, 0.3, 0.25, 0.35, 0.4, 0.6, 0.4, 0.6, 0.4, 0.3, 0.75, 0.2, 0.2, 0.85, 0.75, 0.85, 0.85, 0.85, 0.85, 0.85, 0.85, 0.75, 0.85, 0.75, 0.85, 0.85, 0.85, 0.85, 0.85, 0.6, 0.85, 0.85, 0.75, 0.85, 0.75, 0.85, 0.75, 0.75, 0.85, 0.75, 0.85, 0.85, 0.75, 0.85, 0.75, 0.75, 0.85, 0.85, 0.85, 0.9, 0.85, 0.7, 0.75, 0.85, 0.9, 0.85, 0.6, 0.85, 0.85, 0.85, 0.85, 0.75, 0.75, 0.85, 0.75, 0.85, 0.85, 0.2, 0.7, 0.5, 0.3, 0.75, 0.1, 0.85, 0.85, 0.7, 0.7, 0.75, 0.7, 0.8, 0.7, 0.8, 0.7, 0.8, 0.75, 0.8, 0.85, 0.75, 0.85, 0.85, 0.7, 0.85, 0.8, 0.95, 0.6, 0.8, 0.8, 0.85, 0.75, 0.7, 0.8, 0.7, 0.85, 0.8, 0.8, 0.6, 0.75, 0.9, 0.9, 0.85, 0.85, 0.8, 0.85, 0.8, 0.9, 0.7, 0.8, 0.85, 0.9, 0.7, 0.7, 0.8, 0.7, 0.9, 0.9, 0.75, 0.7, 0.6, 0.7, 0.5, 0.4, 0.3, 0.3]",180,0.6491666666666667,0.21924840047560462,2.9111994919239037,1.636017548834686
beyond a shadow of a doubt,"[0.98, 1.0, 0.99, 0.99, 0.99, 1.0, 1.0, 0.99, 1.0, 1.0, 0.98, 1.0, 0.98, 1.0, 0.98, 1.0, 0.95, 1.0, 0.99, 1.0, 1.0, 0.98, 1.0, 1.0, 1.0, 0.99, 1.0, 1.0, 1.0, 1.0, 1.0, 0.99, 0.99, 1.0, 0.99, 1.0, 1.0, 1.0, 1.0, 1.0, 0.98, 0.99, 1.0, 0.99, 1.0, 0.99, 0.95, 0.99, 0.99, 0.98, 0.95, 0.98, 0.99, 1.0, 0.98, 0.9, 0.99, 0.95, 0.99, 1.0, 0.95, 0.95, 0.95, 0.95, 0.95, 0.95, 0.95, 0.95, 0.95, 0.95, 0.95, 0.95, 0.95, 0.95, 0.95, 0.95, 0.95, 0.95, 0.95, 0.95, 0.95, 0.95, 0.95, 0.95, 0.95, 0.95, 0.95, 0.95, 0.95, 0.95, 0.95, 0.95, 0.95, 0.95, 0.95, 0.95, 0.95, 0.95, 0.95, 0.95, 1.0, 0.95, 0.95, 0.95, 0.95, 0.95, 0.95, 0.95, 0.95, 0.95, 0.95, 0.95, 0.95, 0.95, 0.95, 0.95, 0.95, 0.95, 0.95, 0.95, 0.97, 0.95, 1.0, 1.0, 1.0, 0.98, 0.98, 1.0, 0.98, 1.0, 0.98, 1.0, 1.0, 1.0, 0.98, 1.0, 1.0, 1.0, 1.0, 0.98, 0.98, 1.0, 1.0, 0.98, 1.0, 0.99, 0.99, 0.98, 1.0, 0.98, 1.0, 1.0, 0.98, 1.0, 0.98, 1.0, 1.0, 1.0, 0.98, 1.0, 1.0, 0.95, 1.0, 1.0, 0.98, 0.98, 1.0, 1.0, 1.0, 1.0, 1.0, 1.0, 0.98, 1.0, 1.0, 1.0, 1.0, 1.0, 1.0, 0.98]",180,0.9772777777777778,0.022701702225838,9.127612777135125,0.20322375117161945
beyond doubt,"[1.0, 1.0, 1.0, 1.0, 1.0, 1.0, 1.0, 1.0, 1.0, 1.0, 1.0, 1.0, 1.0, 1.0, 1.0, 1.0, 1.0, 1.0, 1.0, 1.0, 1.0, 1.0, 0.95, 1.0, 1.0, 1.0, 1.0, 1.0, 1.0, 1.0, 1.0, 1.0, 1.0, 1.0, 1.0, 1.0, 1.0, 1.0, 1.0, 0.9, 1.0, 1.0, 1.0, 1.0, 1.0, 1.0, 1.0, 0.95, 0.98, 0.95, 0.9, 1.0, 0.99, 1.0, 1.0, 1.0, 1.0, 0.98, 1.0, 0.9, 0.95, 0.95, 0.95, 0.95, 0.95, 0.95, 0.95, 0.95, 0.95, 0.95, 0.95, 0.9, 0.95, 0.95, 0.95, 0.95, 0.95, 0.95, 0.95, 0.95, 0.95, 0.95, 0.95, 0.95, 0.95, 0.95, 0.85, 0.95, 0.95, 1.0, 0.95, 0.95, 0.95, 0.95, 0.95, 0.95, 0.85, 0.95, 0.95, 0.85, 0.95, 0.95, 0.95, 0.95, 0.95, 0.95, 0.95, 0.95, 0.85, 0.95, 0.95, 0.95, 0.95, 0.85, 1.0, 1.0, 0.95, 0.95, 0.85, 0.95, 1.0, 1.0, 1.0, 1.0, 1.0, 1.0, 1.0, 1.0, 1.0, 1.0, 1.0, 1.0, 1.0, 1.0, 1.0, 1.0, 1.0, 1.0, 1.0, 1.0, 1.0, 1.0, 1.0, 1.0, 1.0, 1.0, 1.0, 1.0, 1.0, 1.0, 1.0, 0.98, 0.95, 1.0, 0.95, 1.0, 1.0, 1.0, 1.0, 1.0, 1.0, 1.0, 1.0, 1.0, 1.0, 1.0, 0.95, 1.0, 0.95, 0.95, 0.95, 1.0, 1.0, 1.0, 1.0, 1.0, 1.0, 0.95, 1.0, 0.95]",180,0.9754444444444443,0.034981300119130684,5.8505967549305495,0.138778284792348
beyond question,"[1.0, 0.8, 0.95, 1.0, 1.0, 1.0, 1.0, 1.0, 0.95, 1.0, 1.0, 0.9, 1.0, 0.9, 0.99, 0.98, 1.0, 1.0, 0.99, 1.0, 1.0, 0.95, 1.0, 1.0, 0.98, 0.98, 1.0, 1.0, 1.0, 1.0, 1.0, 0.95, 0.95, 1.0, 1.0, 1.0, 0.98, 1.0, 1.0, 0.95, 0.95, 1.0, 1.0, 1.0, 0.95, 1.0, 1.0, 1.0, 1.0, 1.0, 0.9, 0.99, 1.0, 0.95, 1.0, 1.0, 0.8, 0.95, 1.0, 1.0, 0.95, 0.95, 0.95, 0.95, 0.95, 0.95, 0.95, 0.95, 0.95, 0.95, 0.95, 0.95, 0.95, 0.95, 0.95, 0.95, 0.95, 0.95, 0.85, 0.95, 0.95, 0.95, 0.95, 0.95, 0.9, 0.85, 0.95, 0.95, 0.95, 0.85, 0.95, 0.95, 0.95, 0.95, 0.95, 0.95, 0.95, 0.95, 0.95, 0.95, 0.95, 0.95, 0.95, 0.95, 0.85, 0.95, 0.95, 0.95, 0.95, 0.95, 0.95, 0.95, 0.95, 0.95, 0.95, 0.95, 0.95, 0.95, 0.95, 0.95, 0.98, 1.0, 1.0, 1.0, 1.0, 1.0, 0.98, 0.95, 1.0, 1.0, 1.0, 0.98, 0.95, 0.95, 0.98, 1.0, 0.98, 1.0, 0.95, 0.95, 1.0, 0.95, 1.0, 1.0, 1.0, 0.98, 0.95, 0.95, 1.0, 0.95, 1.0, 1.0, 1.0, 0.95, 0.95, 1.0, 1.0, 0.95, 1.0, 0.95, 0.95, 0.95, 1.0, 1.0, 1.0, 1.0, 1.0, 1.0, 1.0, 0.95, 0.95, 1.0, 1.0, 1.0, 1.0, 1.0, 1.0, 1.0, 1.0, 1.0]",180,0.9681666666666667,0.03627786285509848,5.894723755147585,0.18200167886981197
broadly,"[0.67, 0.6, 0.27, 0.8, 0.76, 0.75, 0.35, 0.5, 0.78, 0.71, 0.83, 0.5, 0.57, 0.61, 0.78, 0.58, 0.75, 0.85, 0.7, 0.85, 0.6, 0.78, 0.6, 0.82, 0.75, 0.7, 0.48, 0.6, 0.61, 0.7, 0.5, 0.55, 0.6, 0.66, 0.6, 0.6, 0.66, 0.81, 0.67, 0.7, 0.64, 0.58, 0.65, 0.6, 0.78, 0.78, 0.81, 0.6, 0.78, 0.6, 0.65, 0.6, 0.43, 0.6, 0.82, 0.9, 0.78, 0.69, 0.75, 0.51, 0.85, 0.85, 0.85, 0.75, 0.85, 0.85, 0.85, 0.85, 0.9, 0.85, 0.85, 0.75, 0.65, 0.85, 0.75, 0.85, 0.85, 0.85, 0.75, 0.85, 0.85, 0.75, 0.85, 0.85, 0.85, 0.85, 0.85, 0.85, 0.7, 0.85, 0.85, 0.85, 0.85, 0.85, 0.85, 0.85, 0.85, 0.85, 0.85, 0.85, 0.85, 0.7, 0.85, 0.7, 0.85, 0.85, 0.85, 0.85, 0.85, 0.85, 0.85, 0.4, 0.6, 0.7, 0.85, 0.85, 0.85, 0.9, 0.85, 0.85, 0.8, 0.85, 0.85, 0.8, 0.9, 0.8, 0.9, 0.85, 0.9, 0.8, 0.85, 0.8, 0.95, 0.95, 0.8, 0.85, 0.9, 0.9, 0.9, 0.8, 0.9, 0.85, 0.85, 0.8, 0.9, 0.7, 0.8, 0.8, 0.8, 0.9, 0.85, 0.9, 0.75, 0.85, 0.95, 0.85, 0.95, 0.85, 0.7, 0.8, 0.8, 0.85, 0.85, 0.85, 0.85, 0.8, 0.85, 0.9, 0.85, 0.75, 0.8, 0.5, 0.7, 0.6, 0.85, 0.9, 0.85, 0.8, 0.9, 0.9]",180,0.7716666666666667,0.12437175456402202,9.502520870152264,2.8559566475701774
broadly speaking,"[0.8, 0.6, 0.6, 0.6, 0.8, 0.65, 0.6, 0.6, 0.85, 0.8, 0.68, 0.78, 0.6, 0.58, 0.7, 0.6, 0.6, 0.87, 0.78, 0.3, 0.4, 0.78, 0.4, 0.8, 0.6, 0.6, 0.83, 0.7, 0.68, 0.75, 0.78, 0.5, 0.7, 0.5, 0.75, 0.68, 0.6, 0.78, 0.87, 0.85, 0.5, 0.68, 0.6, 0.8, 0.78, 0.7, 0.75, 0.55, 0.68, 0.65, 0.74, 0.5, 0.6, 0.63, 0.76, 0.85, 0.37, 0.8, 0.85, 0.87, 0.6, 0.85, 0.3, 0.6, 0.65, 0.75, 0.65, 0.7, 0.7, 0.7, 0.6, 0.6, 0.7, 0.6, 0.6, 0.6, 0.7, 0.7, 0.7, 0.5, 0.85, 0.75, 0.6, 0.75, 0.7, 0.7, 0.85, 0.6, 0.7, 0.6, 0.7, 0.6, 0.6, 0.85, 0.75, 0.7, 0.7, 0.7, 0.7, 0.6, 0.6, 0.6, 0.75, 0.75, 0.6, 0.7, 0.85, 0.6, 0.7, 0.6, 0.7, 0.7, 0.6, 0.4, 0.6, 0.7, 0.7, 0.7, 0.6, 0.75, 0.8, 0.8, 0.75, 0.8, 0.7, 0.8, 0.8, 0.75, 0.8, 0.8, 0.7, 0.75, 0.7, 0.75, 0.8, 0.8, 0.7, 0.8, 0.75, 0.8, 0.7, 0.7, 0.7, 0.65, 0.75, 0.8, 0.7, 0.8, 0.8, 0.8, 0.75, 0.8, 0.8, 0.8, 0.8, 0.75, 0.8, 0.8, 0.8, 0.7, 0.85, 0.85, 0.8, 0.75, 0.75, 0.8, 0.7, 0.75, 0.8, 0.8, 0.85, 0.8, 0.8, 0.75, 0.7, 0.8, 0.8, 0.8, 0.8, 0.8]",180,0.7050000000000001,0.10936432487587329,12.488987236062815,5.266727306230731
by all accounts,"[0.77, 0.88, 0.8, 0.85, 0.87, 0.97, 0.8, 0.7, 0.6, 0.85, 0.8, 0.8, 0.8, 0.96, 0.87, 0.95, 0.65, 0.87, 0.85, 0.6, 0.7, 0.85, 0.78, 0.85, 0.86, 0.85, 0.8, 0.75, 0.7, 0.7, 0.75, 0.85, 0.78, 0.83, 0.7, 0.85, 0.78, 0.85, 0.85, 0.85, 0.85, 0.87, 0.92, 0.92, 0.8, 0.78, 0.7, 0.95, 0.85, 0.6, 0.88, 0.78, 0.85, 0.85, 0.8, 0.67, 0.85, 0.78, 0.78, 0.6, 0.85, 0.85, 0.95, 0.9, 0.9, 0.85, 0.9, 0.9, 0.9, 0.85, 0.9, 0.85, 0.9, 0.9, 0.75, 0.85, 0.9, 0.85, 0.85, 0.85, 0.85, 0.85, 0.85, 0.85, 0.9, 0.85, 0.9, 0.9, 0.85, 0.85, 0.85, 0.9, 0.75, 0.9, 0.9, 0.85, 0.85, 0.85, 0.85, 0.95, 0.85, 0.85, 0.9, 0.85, 0.85, 0.9, 0.9, 0.95, 0.85, 0.9, 0.85, 0.85, 0.95, 0.85, 0.95, 0.95, 0.95, 0.85, 0.85, 0.85, 0.85, 0.95, 0.9, 0.85, 0.95, 0.85, 0.95, 0.95, 0.95, 0.9, 0.95, 0.95, 0.95, 0.9, 0.95, 0.95, 0.9, 0.85, 0.95, 0.95, 0.95, 0.95, 0.98, 0.9, 0.85, 0.95, 0.95, 0.95, 0.85, 0.95, 0.95, 0.95, 0.9, 0.95, 0.95, 0.95, 0.95, 0.95, 0.95, 0.95, 0.95, 0.85, 0.95, 0.95, 0.95, 0.95, 0.85, 0.85, 0.9, 0.95, 0.95, 0.95, 0.95, 0.95, 0.95, 0.98, 0.95, 0.95, 0.95, 0.95]",180,0.8694999999999999,0.07953528217785556,16.352167048167466,2.4639765766038875
by and large,"[0.65, 0.78, 0.76, 0.74, 0.78, 0.7, 0.78, 0.7, 0.81, 0.78, 0.78, 0.75, 0.7, 0.87, 0.58, 0.75, 0.87, 0.75, 0.65, 0.75, 0.4, 0.77, 0.75, 0.6, 0.58, 0.75, 0.6, 0.6, 0.85, 0.78, 0.6, 0.75, 0.71, 0.7, 0.6, 0.53, 0.6, 0.62, 0.8, 0.88, 0.55, 0.67, 0.85, 0.6, 0.8, 0.63, 0.85, 0.8, 0.7, 0.58, 0.75, 0.76, 0.6, 0.6, 0.85, 0.8, 0.72, 0.78, 0.45, 0.68, 0.75, 0.65, 0.7, 0.65, 0.85, 0.7, 0.6, 0.75, 0.7, 0.7, 0.85, 0.75, 0.85, 0.8, 0.7, 0.75, 0.7, 0.6, 0.7, 0.75, 0.7, 0.75, 0.75, 0.75, 0.75, 0.75, 0.7, 0.65, 0.6, 0.7, 0.75, 0.75, 0.7, 0.7, 0.75, 0.75, 0.85, 0.6, 0.75, 0.7, 0.75, 0.75, 0.6, 0.75, 0.4, 0.65, 0.85, 0.75, 0.7, 0.75, 0.75, 0.75, 0.75, 0.75, 0.75, 0.7, 0.65, 0.7, 0.75, 0.6, 0.85, 0.85, 0.75, 0.8, 0.7, 0.8, 0.8, 0.85, 0.8, 0.8, 0.8, 0.7, 0.8, 0.9, 0.7, 0.85, 0.85, 0.9, 0.8, 0.8, 0.75, 0.8, 0.8, 0.75, 0.75, 0.8, 0.75, 0.7, 0.8, 0.8, 0.8, 0.7, 0.8, 0.8, 0.85, 0.7, 0.85, 0.8, 0.75, 0.8, 0.8, 0.8, 0.85, 0.8, 0.7, 0.8, 0.8, 0.8, 0.8, 0.8, 0.8, 0.8, 0.8, 0.8, 0.8, 0.7, 0.8, 0.7, 0.8, 0.8]",180,0.7378888888888888,0.08764187792050157,19.14997910573195,6.828427126955013
by no means certain,"[0.23, 0.22, 0.25, 0.6, 0.67, 0.45, 0.4, 0.2, 0.55, 0.22, 0.5, 0.4, 0.4, 0.64, 0.3, 0.58, 0.45, 0.44, 0.5, 0.72, 0.85, 0.45, 0.42, 0.25, 0.28, 0.3, 0.2, 0.56, 0.26, 0.6, 0.6, 0.67, 0.55, 0.25, 0.44, 0.3, 0.35, 0.3, 0.3, 0.2, 0.4, 0.41, 0.06, 0.4, 0.6, 0.2, 0.58, 0.16, 0.72, 0.42, 0.4, 0.43, 0.35, 0.31, 0.28, 0.25, 0.31, 0.34, 0.03, 0.15, 0.5, 0.5, 0.3, 0.25, 0.2, 0.85, 0.6, 0.5, 0.3, 0.5, 0.6, 0.4, 0.6, 0.4, 0.6, 0.3, 0.5, 0.4, 0.3, 0.6, 0.3, 0.85, 0.3, 0.5, 0.1, 0.3, 0.6, 0.5, 0.3, 0.4, 0.1, 0.25, 0.85, 0.15, 0.4, 0.4, 0.5, 0.3, 0.1, 0.4, 0.3, 0.3, 0.25, 0.9, 0.5, 0.1, 0.85, 0.4, 0.2, 0.75, 0.5, 0.3, 0.1, 0.85, 0.2, 0.4, 0.7, 0.3, 0.85, 0.4, 0.2, 0.3, 0.3, 0.3, 0.5, 0.4, 0.3, 0.3, 0.3, 0.3, 0.2, 0.3, 0.2, 0.3, 0.2, 0.3, 0.4, 0.4, 0.3, 0.4, 0.3, 0.4, 0.4, 0.3, 0.3, 0.3, 0.3, 0.3, 0.4, 0.3, 0.3, 0.3, 0.3, 0.4, 0.3, 0.3, 0.4, 0.3, 0.4, 0.3, 0.4, 0.4, 0.3, 0.4, 0.3, 0.3, 0.3, 0.3, 0.3, 0.3, 0.3, 0.3, 0.3, 0.4, 0.3, 0.3, 0.3, 0.3, 0.3, 0.3]",180,0.3822222222222222,0.16912702509440633,2.7706250778621935,4.357416152290207
categorically,"[1.0, 1.0, 1.0, 0.95, 0.9, 0.95, 0.95, 1.0, 0.9, 1.0, 0.96, 0.95, 1.0, 0.9, 1.0, 0.95, 1.0, 1.0, 1.0, 1.0, 1.0, 0.95, 0.95, 0.9, 0.85, 0.95, 0.9, 0.9, 0.9, 1.0, 1.0, 1.0, 0.95, 1.0, 0.9, 0.95, 1.0, 0.95, 0.95, 0.95, 0.99, 1.0, 0.95, 1.0, 1.0, 0.95, 0.9, 0.9, 1.0, 1.0, 1.0, 1.0, 1.0, 0.98, 0.9, 0.9, 0.97, 0.98, 1.0, 0.95, 0.9, 0.9, 0.95, 0.95, 0.95, 0.95, 0.95, 0.9, 0.95, 0.85, 0.95, 0.95, 0.95, 0.9, 0.95, 0.95, 0.95, 0.95, 0.95, 0.95, 0.9, 0.9, 0.95, 0.9, 0.95, 0.95, 0.95, 0.95, 0.95, 0.9, 0.95, 0.95, 0.85, 0.85, 0.95, 0.95, 0.95, 0.85, 0.95, 0.95, 0.95, 0.95, 0.95, 0.95, 0.85, 0.95, 0.95, 0.95, 0.9, 0.95, 0.9, 0.85, 0.9, 0.95, 0.95, 0.9, 0.95, 0.95, 0.85, 0.95, 1.0, 1.0, 0.95, 1.0, 1.0, 1.0, 1.0, 1.0, 1.0, 1.0, 0.98, 1.0, 1.0, 0.95, 1.0, 1.0, 1.0, 1.0, 1.0, 1.0, 1.0, 1.0, 1.0, 1.0, 1.0, 1.0, 1.0, 1.0, 1.0, 1.0, 1.0, 1.0, 1.0, 1.0, 1.0, 0.95, 1.0, 1.0, 0.98, 1.0, 0.95, 1.0, 1.0, 1.0, 1.0, 1.0, 1.0, 0.95, 0.95, 1.0, 1.0, 1.0, 1.0, 1.0, 1.0, 0.95, 0.95, 0.95, 0.95, 0.95]",180,0.9602222222222222,0.04145888935044979,4.795261249757135,0.18302230046140616
cautious interpretation suggests,"[0.4, 0.65, 0.86, 0.59, 0.7, 0.78, 0.6, 0.68, 0.69, 0.48, 0.42, 0.74, 0.76, 0.6, 0.5, 0.4, 0.73, 0.55, 0.8, 0.72, 0.83, 0.6, 0.85, 0.85, 0.74, 0.86, 0.43, 0.67, 0.36, 0.56, 0.56, 0.3, 0.83, 0.85, 0.58, 0.36, 0.6, 0.43, 0.69, 0.6, 0.78, 0.57, 0.55, 0.56, 0.68, 0.7, 0.56, 0.73, 0.5, 0.67, 0.73, 0.68, 0.86, 0.58, 0.67, 0.68, 0.76, 0.36, 0.31, 0.6, 0.7, 0.7, 0.7, 0.75, 0.7, 0.7, 0.7, 0.65, 0.65, 0.75, 0.6, 0.6, 0.7, 0.7, 0.75, 0.75, 0.3, 0.75, 0.75, 0.7, 0.75, 0.4, 0.75, 0.7, 0.6, 0.7, 0.7, 0.7, 0.6, 0.75, 0.75, 0.65, 0.6, 0.7, 0.65, 0.7, 0.75, 0.65, 0.75, 0.7, 0.65, 0.6, 0.65, 0.3, 0.7, 0.3, 0.85, 0.7, 0.75, 0.6, 0.7, 0.75, 0.75, 0.7, 0.85, 0.75, 0.75, 0.45, 0.85, 0.75, 0.7, 0.8, 0.7, 0.8, 0.8, 0.8, 0.75, 0.8, 0.85, 0.8, 0.85, 0.75, 0.8, 0.8, 0.7, 0.7, 0.8, 0.7, 0.75, 0.85, 0.8, 0.8, 0.85, 0.8, 0.85, 0.7, 0.8, 0.8, 0.8, 0.7, 0.85, 0.8, 0.8, 0.8, 0.8, 0.7, 0.7, 0.75, 0.8, 0.8, 0.7, 0.7, 0.6, 0.7, 0.7, 0.7, 0.85, 0.7, 0.7, 0.8, 0.7, 0.7, 0.8, 0.7, 0.8, 0.7, 0.8, 0.6, 0.7, 0.75]",180,0.6882222222222222,0.1269652426434344,9.361491270907166,4.301880034529836
certainly,"[0.8, 0.6, 0.96, 0.95, 0.88, 0.9, 0.9, 0.85, 0.98, 0.98, 0.8, 0.8, 0.8, 0.8, 0.8, 0.6, 1.0, 0.95, 0.78, 0.95, 0.8, 0.8, 0.8, 0.8, 0.8, 0.8, 0.8, 0.8, 0.9, 0.9, 0.8, 0.8, 0.8, 0.9, 0.8, 0.8, 0.7, 0.8, 0.85, 0.6, 0.8, 0.8, 0.6, 0.8, 0.7, 0.88, 0.8, 0.8, 0.8, 0.9, 0.8, 0.8, 0.95, 0.9, 0.85, 0.9, 0.9, 0.8, 0.6, 0.6, 0.95, 0.95, 0.9, 0.95, 0.95, 0.9, 0.9, 0.95, 0.95, 0.95, 0.95, 0.95, 0.9, 0.95, 0.9, 0.9, 0.95, 0.95, 0.85, 0.85, 0.95, 0.9, 0.9, 0.95, 0.85, 0.95, 0.95, 0.95, 0.9, 0.95, 0.9, 0.95, 0.9, 0.85, 0.95, 0.95, 0.95, 0.85, 0.95, 0.95, 0.95, 0.95, 0.9, 0.95, 0.95, 0.9, 0.95, 0.9, 0.95, 0.95, 0.95, 0.85, 0.9, 0.9, 0.9, 0.85, 0.85, 0.95, 0.95, 0.9, 0.95, 0.95, 0.98, 0.95, 0.95, 0.95, 0.95, 0.95, 0.95, 0.95, 0.95, 0.95, 0.95, 0.95, 0.95, 0.95, 0.9, 0.95, 0.95, 0.95, 0.95, 0.95, 0.95, 0.95, 0.95, 0.95, 0.95, 0.95, 0.95, 0.95, 0.95, 0.95, 0.95, 0.95, 0.95, 0.95, 0.95, 0.95, 0.95, 0.95, 0.95, 0.95, 0.95, 0.95, 0.95, 0.98, 0.95, 1.0, 0.95, 0.95, 0.95, 0.95, 0.95, 0.95, 0.95, 1.0, 1.0, 0.95, 0.95, 0.95]",180,0.897611111111111,0.08336242084942436,9.739164945781392,1.1058585007664465
ceteris paribus,"[0.95, 0.98, 0.8, 0.6, 0.41, 0.75, 0.94, 0.87, 0.85, 0.58, 0.6, 0.95, 0.75, 0.87, 0.8, 0.95, 0.85, 0.8, 0.98, 0.8, 0.48, 0.4, 0.6, 0.83, 0.98, 0.6, 0.55, 0.87, 0.92, 0.6, 0.8, 0.7, 0.95, 0.7, 0.85, 0.7, 0.56, 0.8, 0.85, 0.6, 0.71, 0.98, 0.7, 0.25, 0.7, 0.8, 0.95, 0.6, 0.85, 0.8, 0.95, 0.8, 0.6, 0.8, 0.6, 0.97, 0.85, 0.8, 0.6, 0.6, 0.85, 0.85, 0.85, 0.85, 0.85, 0.75, 0.85, 0.7, 0.7, 0.75, 0.75, 0.85, 0.75, 0.9, 0.75, 0.75, 0.75, 0.75, 0.8, 0.85, 0.85, 0.85, 0.75, 0.75, 0.75, 0.75, 0.7, 0.85, 0.75, 0.75, 0.85, 0.9, 0.85, 0.85, 0.75, 0.9, 0.85, 0.85, 0.75, 0.85, 0.9, 0.85, 0.75, 0.75, 0.85, 0.6, 0.85, 0.9, 0.75, 0.85, 0.9, 0.85, 0.85, 0.75, 0.8, 0.9, 0.85, 0.9, 0.85, 0.85, 0.95, 0.95, 0.95, 0.95, 0.95, 0.95, 0.95, 0.95, 0.95, 0.95, 0.95, 0.95, 0.95, 0.95, 0.95, 0.95, 0.95, 0.95, 0.95, 0.95, 0.95, 0.95, 0.95, 0.95, 0.95, 0.95, 1.0, 0.9, 0.95, 0.85, 0.9, 0.7, 0.8, 0.85, 0.7, 0.8, 0.8, 0.75, 0.85, 0.95, 0.85, 0.8, 0.9, 0.85, 0.85, 0.7, 0.8, 0.9, 0.85, 0.85, 0.8, 0.9, 0.9, 0.8, 0.8, 0.85, 0.8, 0.85, 0.8, 0.85]",180,0.8173888888888888,0.12354200315362333,6.760369629042778,1.511550083560528
chiefly,"[0.4, 0.6, 0.8, 0.68, 0.6, 0.6, 0.8, 0.33, 0.8, 0.35, 0.6, 0.4, 0.3, 0.2, 0.85, 0.6, 0.6, 0.4, 0.5, 0.45, 0.7, 0.6, 0.2, 0.8, 0.6, 0.5, 0.25, 0.55, 0.5, 0.5, 0.5, 0.28, 0.29, 0.6, 0.6, 0.6, 0.55, 0.85, 0.28, 0.6, 0.6, 0.8, 0.2, 0.78, 0.58, 0.6, 0.2, 0.8, 0.8, 0.8, 0.5, 0.75, 0.8, 0.6, 0.75, 0.7, 0.3, 0.25, 0.48, 0.6, 0.85, 0.85, 0.75, 0.85, 0.85, 0.85, 0.85, 0.85, 0.85, 0.9, 0.85, 0.85, 0.85, 0.9, 0.85, 0.75, 0.75, 0.85, 0.85, 0.85, 0.85, 0.75, 0.85, 0.85, 0.85, 0.85, 0.9, 0.85, 0.75, 0.85, 0.85, 0.85, 0.75, 0.85, 0.85, 0.75, 0.85, 0.75, 0.85, 0.75, 0.75, 0.85, 0.75, 0.75, 0.7, 0.85, 0.85, 0.85, 0.85, 0.85, 0.85, 0.85, 0.85, 0.6, 0.75, 0.75, 0.85, 0.85, 0.7, 0.85, 0.9, 0.95, 0.95, 0.95, 0.94, 0.95, 0.8, 0.9, 0.75, 0.85, 0.95, 0.8, 0.9, 0.8, 0.7, 0.8, 0.95, 0.85, 0.85, 0.8, 0.8, 0.9, 0.8, 0.75, 0.9, 0.9, 0.95, 0.95, 1.0, 0.85, 0.95, 1.0, 0.9, 0.95, 0.8, 0.9, 0.8, 0.8, 0.95, 0.7, 0.6, 0.6, 0.9, 0.85, 0.85, 0.9, 0.8, 0.75, 0.8, 0.9, 0.95, 0.85, 0.9, 0.85, 0.9, 0.75, 0.8, 0.7, 0.8, 0.75]",180,0.7410555555555555,0.1843019781114746,3.364305352608144,1.1932397157055776
clearly,"[0.8, 0.8, 0.8, 0.8, 0.8, 0.88, 0.87, 0.8, 0.78, 0.87, 0.8, 0.85, 0.87, 0.87, 0.76, 0.8, 0.8, 0.95, 0.9, 0.98, 0.92, 0.95, 0.85, 0.8, 0.9, 0.8, 0.8, 0.86, 0.87, 0.7, 0.8, 0.8, 0.8, 0.8, 0.9, 0.92, 0.78, 0.8, 0.8, 0.8, 0.8, 0.85, 0.76, 0.7, 0.95, 0.8, 0.8, 0.7, 0.6, 0.98, 0.4, 0.8, 0.99, 0.8, 0.8, 0.95, 0.98, 0.8, 0.85, 0.8, 0.95, 0.85, 0.95, 0.9, 0.95, 0.95, 0.9, 0.9, 0.95, 0.95, 0.95, 0.85, 0.9, 0.95, 0.85, 0.85, 0.85, 0.95, 0.9, 0.75, 0.95, 0.9, 0.9, 0.9, 0.95, 0.95, 0.9, 0.95, 0.95, 0.95, 0.9, 0.85, 0.85, 0.95, 0.95, 0.95, 0.95, 0.85, 0.85, 0.85, 0.9, 0.95, 0.95, 0.95, 0.9, 0.95, 0.95, 0.95, 0.9, 0.95, 0.95, 0.95, 0.95, 0.85, 0.95, 0.95, 0.95, 0.95, 0.95, 0.95, 0.95, 1.0, 1.0, 0.95, 1.0, 0.95, 0.95, 0.95, 0.95, 0.95, 1.0, 0.95, 0.95, 0.95, 1.0, 0.95, 0.95, 1.0, 0.95, 0.95, 0.95, 0.95, 0.95, 0.95, 0.95, 0.95, 1.0, 0.95, 0.95, 0.95, 0.98, 0.95, 0.95, 0.95, 0.95, 1.0, 0.95, 0.95, 0.95, 0.95, 0.95, 0.95, 0.85, 0.95, 0.95, 1.0, 0.95, 0.95, 0.95, 0.95, 1.0, 0.95, 0.95, 0.95, 0.95, 0.95, 0.95, 0.95, 0.95, 0.95]",180,0.9001111111111112,0.08229343762745123,6.51873408778664,0.7027350121514437
close to,"[0.78, 0.7, 0.78, 0.85, 0.81, 0.6, 0.56, 0.68, 0.8, 0.83, 0.58, 0.31, 0.71, 0.67, 0.5, 0.54, 0.3, 0.6, 0.57, 0.66, 0.63, 0.6, 0.6, 0.44, 0.73, 0.44, 0.56, 0.85, 0.8, 0.82, 0.85, 0.72, 0.7, 0.85, 0.85, 0.85, 0.85, 0.85, 0.85, 0.85, 0.81, 0.86, 0.85, 0.81, 0.8, 0.6, 0.52, 0.68, 0.7, 0.87, 0.85, 0.75, 0.68, 0.63, 0.6, 0.68, 0.75, 0.48, 0.6, 0.53, 0.6, 0.75, 0.75, 0.4, 0.6, 0.6, 0.7, 0.7, 0.75, 0.6, 0.6, 0.7, 0.7, 0.75, 0.7, 0.6, 0.75, 0.65, 0.6, 0.6, 0.6, 0.75, 0.75, 0.6, 0.6, 0.5, 0.6, 0.85, 0.85, 0.75, 0.85, 0.75, 0.75, 0.85, 0.75, 0.85, 0.85, 0.75, 0.75, 0.85, 0.85, 0.75, 0.85, 0.75, 0.75, 0.6, 0.75, 0.75, 0.85, 0.85, 0.85, 0.75, 0.65, 0.75, 0.6, 0.6, 0.6, 0.4, 0.75, 0.75, 0.7, 0.8, 0.8, 0.8, 0.75, 0.8, 0.7, 0.75, 0.7, 0.8, 0.8, 0.8, 0.8, 0.7, 0.85, 0.75, 0.8, 0.8, 0.8, 0.85, 0.8, 0.7, 0.75, 0.7, 0.8, 0.85, 0.8, 0.95, 0.85, 0.95, 0.95, 0.95, 0.95, 0.9, 0.95, 0.85, 0.95, 0.95, 0.95, 0.95, 0.95, 0.95, 0.8, 0.85, 0.95, 0.8, 0.85, 0.8, 0.85, 0.85, 0.85, 0.95, 0.95, 0.95, 0.75, 0.8, 0.85, 0.85, 0.85, 0.8]",180,0.7459444444444445,0.13088034069426513,7.50799914991338,2.5617276017070583
completely,"[0.5, 0.68, 0.85, 0.8, 0.58, 0.6, 0.75, 0.85, 0.22, 0.6, 0.85, 0.7, 0.78, 0.6, 0.42, 1.0, 1.0, 1.0, 0.9, 0.98, 0.95, 1.0, 0.99, 0.95, 0.9, 1.0, 1.0, 0.95, 0.9, 0.9, 0.9, 0.8, 1.0, 1.0, 0.9, 0.9, 1.0, 1.0, 1.0, 0.95, 0.95, 1.0, 0.99, 0.9, 1.0, 0.9, 1.0, 0.98, 0.8, 1.0, 1.0, 0.2, 0.2, 0.08, 0.5, 0.2, 0.6, 0.5, 0.6, 0.8, 0.6, 0.7, 0.6, 0.85, 0.3, 0.3, 0.6, 0.3, 0.6, 0.7, 0.3, 0.7, 0.7, 0.5, 0.4, 0.9, 0.85, 0.95, 0.9, 0.95, 0.95, 0.95, 1.0, 0.9, 0.95, 0.95, 0.85, 0.95, 0.9, 0.95, 1.0, 0.85, 0.9, 0.95, 0.95, 0.9, 0.95, 0.9, 0.95, 0.95, 0.85, 0.95, 0.95, 0.95, 0.95, 0.85, 0.95, 0.9, 1.0, 1.0, 0.95, 0.85, 0.85, 0.85, 0.85, 0.85, 0.85, 0.9, 0.85, 0.75, 0.8, 0.75, 0.8, 0.7, 0.7, 0.7, 0.7, 0.7, 0.7, 0.8, 0.7, 0.7, 0.75, 0.7, 1.0, 1.0, 1.0, 1.0, 1.0, 1.0, 1.0, 1.0, 1.0, 1.0, 1.0, 1.0, 1.0, 1.0, 1.0, 1.0, 1.0, 1.0, 1.0, 1.0, 1.0, 1.0, 1.0, 1.0, 1.0, 1.0, 1.0, 1.0, 1.0, 1.0, 1.0, 1.0, 1.0, 1.0, 0.95, 1.0, 1.0, 1.0, 1.0, 1.0, 1.0, 1.0, 1.0, 1.0, 1.0]",179,0.8505586592178771,0.20047909285216753,1.1263932613549565,0.1669977878496451
conceivably,"[0.6, 0.57, 0.3, 0.44, 0.26, 0.4, 0.65, 0.68, 0.57, 0.45, 0.4, 0.5, 0.32, 0.31, 0.44, 0.36, 0.45, 0.25, 0.6, 0.6, 0.34, 0.31, 0.35, 0.47, 0.57, 0.43, 0.45, 0.5, 0.4, 0.58, 0.4, 0.43, 0.35, 0.4, 0.58, 0.35, 0.31, 0.35, 0.52, 0.6, 0.5, 0.59, 0.48, 0.4, 0.67, 0.6, 0.22, 0.58, 0.6, 0.48, 0.49, 0.25, 0.44, 0.2, 0.28, 0.68, 0.36, 0.49, 0.35, 0.35, 0.3, 0.3, 0.3, 0.3, 0.3, 0.5, 0.3, 0.6, 0.3, 0.3, 0.4, 0.3, 0.2, 0.3, 0.3, 0.6, 0.4, 0.3, 0.3, 0.3, 0.6, 0.2, 0.2, 0.6, 0.3, 0.3, 0.2, 0.3, 0.3, 0.4, 0.6, 0.3, 0.3, 0.3, 0.3, 0.3, 0.3, 0.3, 0.3, 0.3, 0.3, 0.3, 0.3, 0.6, 0.3, 0.3, 0.2, 0.3, 0.2, 0.3, 0.2, 0.2, 0.6, 0.3, 0.3, 0.2, 0.3, 0.4, 0.7, 0.3, 0.6, 0.6, 0.7, 0.7, 0.6, 0.6, 0.5, 0.65, 0.7, 0.6, 0.7, 0.75, 0.7, 0.6, 0.7, 0.7, 0.75, 0.65, 0.6, 0.6, 0.6, 0.6, 0.7, 0.6, 0.6, 0.7, 0.6, 0.6, 0.6, 0.6, 0.7, 0.6, 0.6, 0.7, 0.6, 0.7, 0.6, 0.7, 0.6, 0.6, 0.6, 0.7, 0.6, 0.7, 0.7, 0.6, 0.75, 0.6, 0.6, 0.6, 0.75, 0.6, 0.6, 0.7, 0.7, 0.7, 0.6, 0.6, 0.6, 0.6]",180,0.47527777777777774,0.16420661292528707,4.197802604405211,4.649152004278126
conclusively shown,"[0.8, 0.6, 1.0, 0.2, 0.12, 0.2, 0.4, 0.2, 0.2, 0.06, 0.5, 0.3, 0.04, 0.2, 0.1, 0.06, 0.08, 0.8, 0.2, 0.75, 0.95, 0.2, 0.8, 0.7, 1.0, 1.0, 1.0, 0.8, 0.98, 0.95, 0.95, 0.6, 0.05, 0.2, 0.2, 0.2, 0.2, 0.04, 0.2, 0.95, 1.0, 0.95, 0.85, 0.85, 0.85, 0.95, 0.95, 0.95, 0.95, 0.95, 0.95, 0.95, 0.95, 0.95, 0.95, 0.95, 0.95, 0.95, 0.95, 1.0, 1.0, 1.0, 0.95, 1.0, 1.0, 1.0, 0.95, 0.95, 0.95, 1.0, 1.0, 1.0, 1.0, 1.0, 1.0, 1.0, 0.95, 1.0, 0.45, 0.85, 0.85, 0.5, 0.75, 0.95, 1.0, 0.95, 0.95, 0.9, 0.95, 0.95, 0.95, 1.0, 1.0, 1.0, 1.0, 0.2, 0.9, 1.0, 1.0, 1.0, 0.95, 0.7, 0.85, 1.0, 0.95, 1.0, 1.0, 1.0, 0.95, 1.0, 0.95, 1.0, 1.0, 1.0, 1.0, 1.0, 1.0, 1.0, 1.0, 1.0, 1.0, 1.0, 1.0, 1.0, 1.0, 0.95, 1.0, 1.0, 1.0, 1.0, 1.0, 1.0, 1.0, 1.0, 1.0, 1.0, 0.95, 0.95, 0.98, 0.7, 1.0, 0.9, 1.0, 0.95, 1.0, 1.0, 1.0, 1.0, 1.0, 0.75, 1.0, 1.0, 1.0, 1.0, 1.0, 1.0, 0.95]",157,0.8271337579617833,0.29242463443113587,0.6636408219012068,0.12947680750847537
conjectural,"[0.1, 0.02, 0.37, 0.03, 0.2, 0.2, 0.3, 0.2, 0.03, 0.08, 0.2, 0.25, 0.64, 0.28, 0.23, 0.36, 0.73, 0.23, 0.42, 0.64, 0.34, 0.2, 0.34, 0.3, 0.34, 0.22, 0.71, 0.06, 0.5, 0.2, 0.45, 0.6, 0.61, 0.2, 0.2, 0.23, 0.22, 0.67, 0.13, 0.6, 0.78, 0.67, 0.74, 0.35, 0.2, 0.63, 0.2, 0.52, 0.6, 0.6, 0.67, 0.41, 0.2, 0.28, 0.3, 0.4, 0.27, 0.2, 0.36, 0.7, 0.7, 0.1, 0.1, 0.3, 0.3, 0.1, 0.1, 0.6, 0.1, 0.1, 0.6, 0.1, 0.2, 0.3, 0.3, 0.3, 0.3, 0.3, 0.75, 0.2, 0.3, 0.2, 0.7, 0.2, 0.2, 0.7, 0.3, 0.3, 0.2, 0.3, 0.7, 0.3, 0.6, 0.5, 0.3, 0.2, 0.3, 0.3, 0.2, 0.3, 0.5, 0.3, 0.3, 0.3, 0.6, 0.3, 0.6, 0.3, 0.3, 0.5, 0.6, 0.2, 0.4, 0.4, 0.3, 0.3, 0.3, 0.4, 0.2, 0.6, 0.05, 0.05, 0.1, 0.05, 0.7, 0.6, 0.6, 0.6, 0.6, 0.7, 0.6, 0.4, 0.6, 0.5, 0.5, 0.6, 0.6, 0.5, 0.6, 0.7, 0.6, 0.6, 0.6, 0.6, 0.6, 0.6, 0.6, 0.5, 0.6, 0.6, 0.5, 0.6, 0.7, 0.4, 0.5, 0.6, 0.6, 0.6, 0.7, 0.75, 0.6, 0.65, 0.7, 0.6, 0.7, 0.6, 0.8, 0.75, 0.7, 0.6, 0.6, 0.7, 0.6, 0.7, 0.6]",175,0.4214857142857143,0.21052605830274265,1.8963602838259095,2.677258179014406
contested,"[0.52, 0.61, 0.85, 0.42, 0.6, 0.6, 0.8, 0.36, 0.42, 0.7, 0.6, 0.71, 0.78, 0.35, 0.68, 0.86, 0.6, 0.6, 0.4, 0.14, 0.5, 0.13, 0.3, 0.5, 0.86, 0.52, 0.4, 0.4, 0.2, 0.2, 0.6, 0.6, 0.62, 0.69, 0.6, 0.47, 0.6, 0.55, 0.56, 0.4, 0.65, 0.55, 0.36, 0.74, 0.5, 0.27, 0.3, 0.3, 0.86, 0.58, 0.81, 0.81, 0.3, 0.4, 0.2, 0.74, 0.2, 0.95, 0.42, 0.6, 0.1, 0.7, 0.7, 0.3, 0.3, 0.3, 0.4, 0.3, 0.3, 0.25, 0.3, 0.3, 0.7, 0.4, 0.75, 0.7, 0.3, 0.3, 0.3, 0.3, 0.3, 0.7, 0.3, 0.3, 0.3, 0.75, 0.3, 0.3, 0.7, 0.2, 0.3, 0.3, 0.3, 0.5, 0.6, 0.7, 0.7, 0.75, 0.7, 0.7, 0.3, 0.3, 0.3, 0.3, 0.3, 0.5, 0.3, 0.7, 0.7, 0.3, 0.7, 0.7, 0.3, 0.3, 0.4, 0.1, 0.2, 0.25, 0.3, 0.8, 0.7, 0.7, 0.8, 0.5, 0.7, 0.6, 0.6, 0.6, 0.75, 0.5, 0.7, 0.7, 0.6, 0.6, 0.75, 0.6, 0.6, 0.8, 0.6, 0.7, 0.7, 0.6, 0.6, 0.7, 0.6, 0.7, 0.5, 0.6, 0.6, 0.5, 0.75, 0.8, 0.7, 0.5, 0.6, 0.7, 0.7, 0.5, 0.75, 0.75, 0.5, 0.8, 0.75, 0.6, 0.6, 0.6, 0.7, 0.6, 0.7, 0.6, 0.5, 0.7, 0.7, 0.5, 0.4, 0.5, 0.5, 0.5, 0.5]",179,0.5295530726256983,0.19201030357900875,3.190778272352986,2.8596380187624137
contingent upon,"[0.85, 0.6, 0.62, 0.73, 0.76, 0.3, 0.85, 0.87, 0.85, 0.78, 0.62, 0.78, 0.85, 0.8, 0.87, 0.68, 0.78, 0.85, 0.62, 0.72, 0.6, 0.75, 0.45, 0.65, 0.6, 0.8, 0.8, 0.52, 0.48, 0.68, 0.5, 0.72, 0.8, 0.72, 0.43, 0.74, 0.8, 0.7, 0.5, 0.43, 0.61, 0.67, 0.73, 0.65, 0.78, 0.87, 0.73, 0.78, 0.7, 0.95, 0.85, 0.78, 0.85, 0.53, 0.58, 0.85, 0.58, 0.5, 0.47, 0.7, 0.7, 0.7, 0.75, 0.65, 0.75, 0.6, 0.7, 0.7, 0.7, 0.7, 0.85, 0.75, 0.7, 0.6, 0.7, 0.85, 0.6, 0.75, 0.75, 0.7, 0.75, 0.85, 0.6, 0.75, 0.7, 0.6, 0.6, 0.1, 0.6, 0.7, 0.7, 0.6, 0.7, 0.6, 0.6, 0.7, 0.75, 0.75, 0.6, 0.6, 0.3, 0.4, 0.75, 0.75, 0.85, 0.85, 0.7, 0.75, 0.85, 0.65, 0.7, 0.75, 0.85, 0.85, 0.75, 0.75, 0.75, 0.6, 0.6, 0.7, 0.8, 0.8, 0.7, 0.8, 0.8, 0.7, 0.85, 0.8, 0.85, 0.8, 0.9, 0.95, 0.9, 0.85, 0.9, 0.85, 0.85, 0.9, 0.8, 0.8, 0.75, 0.9, 0.95, 0.95, 0.8, 0.85, 0.8, 0.8, 0.7, 0.8, 0.85, 0.85, 0.8, 0.8, 0.75, 0.8, 0.95, 0.95, 0.95, 0.5, 0.6, 0.7, 0.95, 0.8, 0.95, 0.8, 0.8, 0.9, 0.75, 0.8, 0.75, 0.95, 0.9, 0.85, 0.85, 0.85, 0.9, 0.8, 0.75, 0.8]",180,0.7353333333333333,0.13592645070036957,7.065685437867976,2.582393714174787
data are consistent with,"[0.82, 0.87, 0.85, 0.85, 0.85, 0.85, 0.8, 0.85, 0.95, 0.6, 0.85, 0.9, 0.85, 0.92, 0.95, 0.87, 0.86, 0.87, 0.8, 0.95, 0.95, 0.95, 0.96, 0.85, 0.92, 0.85, 0.85, 0.86, 0.96, 0.8, 0.95, 0.92, 0.85, 0.95, 0.66, 0.8, 0.95, 0.85, 0.8, 0.8, 0.8, 0.88, 0.98, 0.95, 0.95, 0.7, 0.87, 0.6, 0.85, 0.95, 0.7, 0.98, 0.92, 0.79, 0.95, 0.87, 0.9, 0.85, 0.8, 0.85, 0.75, 0.75, 0.85, 0.85, 0.85, 0.75, 0.75, 0.75, 0.75, 0.85, 0.75, 0.85, 0.85, 0.85, 0.85, 0.85, 0.85, 0.85, 0.75, 0.75, 0.75, 0.85, 0.85, 0.85, 0.85, 0.75, 0.75, 0.85, 0.85, 0.85, 0.85, 0.75, 0.85, 0.85, 0.75, 0.85, 0.85, 0.85, 0.75, 0.85, 0.85, 0.65, 0.75, 0.75, 0.75, 0.85, 0.65, 0.85, 0.85, 0.85, 0.75, 0.75, 0.85, 0.85, 0.75, 0.75, 0.85, 0.85, 0.85, 0.75, 0.85, 0.95, 0.95, 0.95, 0.95, 0.9, 0.95, 0.95, 0.95, 0.9, 0.85, 0.95, 0.95, 0.95, 0.9, 0.95, 0.95, 0.9, 0.95, 0.9, 0.95, 0.95, 0.95, 0.9, 0.95, 0.95, 0.95, 0.95, 0.95, 0.95, 0.95, 0.95, 0.95, 0.95, 0.95, 0.9, 0.9, 0.95, 0.8, 0.95, 0.95, 0.95, 0.95, 0.95, 0.95, 0.95, 0.85, 0.95, 0.9, 0.95, 0.94, 0.95, 0.95, 0.95, 0.95, 0.95, 0.95, 0.85, 0.95, 0.95]",180,0.8667777777777779,0.08092284085991731,15.061504831097764,2.317328304525541
definitely,"[0.9, 0.9, 0.95, 0.95, 0.8, 1.0, 1.0, 1.0, 0.8, 0.8, 0.95, 0.8, 0.9, 0.95, 0.9, 0.85, 0.9, 0.8, 0.95, 0.98, 0.95, 0.9, 1.0, 0.8, 0.9, 0.95, 0.8, 0.95, 0.8, 0.95, 0.9, 1.0, 0.95, 0.8, 0.95, 0.8, 0.85, 1.0, 0.95, 0.9, 0.99, 0.98, 0.9, 0.9, 0.9, 0.9, 0.8, 0.9, 0.8, 0.8, 0.96, 0.9, 0.98, 0.9, 0.8, 1.0, 0.95, 0.9, 0.95, 0.9, 0.95, 0.95, 0.95, 0.95, 0.95, 0.9, 0.95, 0.9, 0.95, 0.95, 0.95, 0.95, 0.95, 0.95, 0.95, 0.95, 0.95, 0.95, 0.95, 0.95, 0.95, 0.95, 0.95, 0.95, 0.95, 0.95, 0.95, 0.95, 0.95, 0.95, 0.95, 0.95, 0.9, 0.95, 0.95, 0.95, 0.95, 0.95, 0.95, 0.95, 0.95, 0.95, 0.95, 0.95, 0.95, 0.95, 0.95, 0.95, 0.95, 0.95, 0.95, 0.95, 0.95, 0.95, 0.95, 0.95, 0.95, 0.95, 0.95, 0.95, 1.0, 1.0, 1.0, 1.0, 1.0, 0.95, 1.0, 1.0, 0.95, 0.95, 1.0, 1.0, 1.0, 1.0, 1.0, 1.0, 1.0, 0.95, 1.0, 1.0, 1.0, 1.0, 1.0, 1.0, 1.0, 1.0, 1.0, 1.0, 1.0, 1.0, 1.0, 1.0, 0.95, 1.0, 1.0, 1.0, 1.0, 1.0, 1.0, 1.0, 1.0, 1.0, 1.0, 1.0, 1.0, 1.0, 1.0, 1.0, 1.0, 1.0, 1.0, 1.0, 1.0, 1.0, 1.0, 1.0, 1.0, 1.0, 1.0, 1.0]",180,0.9493888888888888,0.05511769113944459,4.171181681099973,0.20384745496781106
demonstrably,"[0.9, 0.9, 0.92, 0.8, 0.9, 0.98, 0.98, 1.0, 0.95, 0.95, 0.95, 0.8, 0.95, 0.95, 0.98, 0.8, 0.95, 0.95, 0.97, 0.95, 0.9, 0.98, 0.95, 0.98, 0.95, 0.8, 0.95, 0.98, 0.95, 0.95, 0.98, 0.92, 0.98, 0.95, 0.8, 0.8, 0.98, 0.98, 1.0, 0.98, 0.9, 0.98, 0.9, 0.9, 0.95, 0.95, 0.98, 0.9, 0.98, 0.8, 0.88, 0.95, 0.92, 0.98, 0.9, 0.95, 0.8, 1.0, 0.95, 0.8, 0.9, 0.95, 0.95, 0.95, 0.95, 0.95, 0.85, 0.85, 0.95, 0.95, 0.95, 0.95, 0.95, 0.95, 0.95, 0.95, 0.85, 0.85, 0.95, 0.95, 0.95, 0.95, 0.95, 0.95, 0.95, 0.95, 0.85, 0.95, 0.9, 0.95, 0.95, 0.95, 0.95, 0.95, 0.95, 0.9, 0.95, 0.95, 0.95, 0.95, 0.95, 0.95, 0.95, 0.9, 0.85, 0.95, 0.85, 0.95, 0.95, 0.85, 0.95, 0.95, 0.95, 0.95, 0.95, 0.95, 0.85, 0.95, 0.95, 0.95, 0.95, 0.95, 0.95, 0.95, 0.95, 0.95, 0.95, 0.95, 0.95, 0.95, 0.95, 0.95, 0.95, 0.9, 0.95, 0.95, 0.95, 0.85, 0.95, 0.95, 0.95, 0.95, 0.95, 0.95, 0.95, 0.95, 0.98, 0.95, 0.95, 0.95, 0.95, 0.95, 0.85, 0.95, 0.95, 0.95, 0.95, 0.95, 0.95, 0.95, 0.95, 0.85, 0.95, 0.95, 0.95, 0.95, 0.95, 0.95, 0.95, 0.95, 0.95, 0.95, 0.95, 0.95, 0.95, 0.95, 0.95, 0.95, 0.95, 0.95]",180,0.9346666666666668,0.04378482740757476,23.25332954075211,1.6191278964342761
depending on,"[0.6, 0.49, 0.5, 0.05, 0.2, 0.34, 0.4, 0.48, 0.59, 0.18, 0.4, 0.59, 0.57, 0.87, 0.77, 0.35, 0.5, 0.35, 0.55, 0.4, 0.21, 0.43, 0.29, 0.7, 0.5, 0.5, 0.3, 0.22, 0.67, 0.68, 0.55, 0.4, 0.25, 0.35, 0.6, 0.25, 0.5, 0.5, 0.6, 0.6, 0.75, 0.25, 0.25, 0.43, 0.4, 0.7, 0.6, 0.5, 0.42, 0.5, 0.35, 0.67, 0.47, 0.31, 0.56, 0.4, 0.2, 0.45, 0.38, 0.6, 0.7, 0.5, 0.3, 0.5, 0.8, 0.6, 0.7, 0.5, 0.3, 0.1, 0.5, 0.7, 0.6, 0.6, 0.3, 0.7, 0.7, 0.6, 0.5, 0.3, 0.4, 0.3, 0.3, 0.7, 0.3, 0.3, 0.2, 0.6, 0.5, 0.4, 0.4, 0.6, 0.4, 0.3, 0.6, 0.3, 0.6, 0.7, 0.6, 0.7, 0.7, 0.3, 0.5, 0.7, 0.3, 0.4, 0.6, 0.6, 0.7, 0.7, 0.85, 0.4, 0.7, 0.6, 0.5, 0.4, 0.6, 0.6, 0.3, 0.6, 0.5, 0.7, 0.6, 0.5, 0.6, 0.5, 0.3, 0.5, 0.5, 0.4, 0.5, 0.5, 0.6, 0.7, 0.6, 0.7, 0.6, 0.7, 0.7, 0.5, 0.7, 0.6, 0.7, 0.5, 0.7, 0.75, 0.6, 0.6, 0.75, 0.5, 0.75, 0.5, 0.7, 0.6, 0.7, 0.75, 0.75, 0.7, 0.75, 0.5, 0.6, 0.6, 0.5, 0.5, 0.6, 0.6, 0.7, 0.5, 0.5, 0.5, 0.6, 0.7, 0.7, 0.7, 0.7, 0.5, 0.6, 0.6, 0.6, 0.6]",180,0.5245555555555556,0.16018850777971355,4.502701522627025,4.140391943985885
disputed,"[0.31, 0.75, 0.73, 0.34, 0.28, 0.73, 0.78, 0.58, 0.6, 0.46, 0.5, 0.35, 0.3, 0.67, 0.34, 0.68, 0.28, 0.87, 0.6, 0.2, 0.67, 0.58, 0.6, 0.25, 0.3, 0.06, 0.63, 0.6, 0.4, 0.35, 0.6, 0.43, 0.6, 0.6, 0.6, 0.73, 0.76, 0.6, 0.47, 0.67, 0.6, 0.88, 0.57, 0.6, 0.6, 0.6, 0.23, 0.87, 0.6, 0.63, 0.43, 0.61, 0.31, 0.67, 0.85, 0.76, 0.78, 0.55, 0.55, 0.6, 0.7, 0.75, 0.3, 0.45, 0.75, 0.6, 0.7, 0.3, 0.6, 0.75, 0.7, 0.3, 0.75, 0.75, 0.75, 0.75, 0.5, 0.35, 0.2, 0.35, 0.35, 0.3, 0.5, 0.6, 0.5, 0.6, 0.75, 0.7, 0.85, 0.65, 0.4, 0.1, 0.75, 0.5, 0.3, 0.4, 0.4, 0.3, 0.7, 0.45, 0.5, 0.75, 0.6, 0.75, 0.5, 0.65, 0.6, 0.5, 0.3, 0.45, 0.75, 0.75, 0.4, 0.7, 0.7, 0.75, 0.7, 0.6, 0.7, 0.75, 0.7, 0.5, 0.6, 0.7, 0.6, 0.6, 0.6, 0.7, 0.6, 0.6, 0.6, 0.6, 0.5, 0.7, 0.4, 0.6, 0.6, 0.6, 0.5, 0.5, 0.5, 0.6, 0.6, 0.5, 0.5, 0.8, 0.6, 0.7, 0.5, 0.65, 0.6, 0.7, 0.7, 0.5, 0.6, 0.6, 0.7, 0.7, 0.6, 0.6, 0.75, 0.75, 0.5, 0.5, 0.6, 0.6, 0.7, 0.7, 0.6, 0.6, 0.5, 0.5, 0.6, 0.5, 0.5, 0.5, 0.5, 0.6, 0.6, 0.6]",180,0.5705,0.1572304571851989,4.994187202546892,3.825696117121583
effectively,"[0.9, 0.95, 0.98, 0.98, 0.8, 0.98, 0.92, 0.8, 0.8, 0.95, 0.95, 0.94, 0.95, 0.95, 0.8, 0.92, 0.85, 0.95, 0.8, 0.95, 0.95, 0.95, 0.95, 0.92, 0.95, 0.92, 0.8, 0.7, 0.95, 0.92, 0.86, 0.8, 0.8, 0.85, 0.96, 0.95, 0.96, 0.8, 0.86, 0.8, 0.9, 0.8, 0.95, 0.98, 0.95, 0.95, 0.8, 0.95, 0.75, 0.86, 0.95, 0.6, 0.85, 0.7, 0.95, 0.9, 0.92, 0.95, 0.85, 0.9, 0.85, 0.85, 0.85, 0.85, 0.85, 0.85, 0.85, 0.85, 0.85, 0.9, 0.85, 0.85, 0.85, 0.85, 0.85, 0.85, 0.9, 0.85, 0.85, 0.85, 0.85, 0.85, 0.9, 0.85, 0.85, 0.85, 0.9, 0.85, 0.85, 0.85, 0.85, 0.85, 0.85, 0.9, 0.85, 0.85, 0.85, 0.85, 0.85, 0.85, 0.85, 0.85, 0.95, 0.85, 0.9, 0.85, 0.95, 0.9, 0.85, 0.85, 0.85, 0.85, 0.85, 0.85, 0.85, 0.85, 0.85, 0.85, 0.85, 0.85, 0.95, 0.95, 0.95, 0.95, 0.95, 0.95, 0.95, 0.95, 0.95, 0.95, 0.95, 0.95, 0.95, 0.95, 0.95, 0.95, 0.97, 0.95, 0.95, 0.95, 0.95, 0.95, 0.95, 0.95, 0.98, 0.95, 0.95, 1.0, 0.95, 0.95, 0.95, 0.95, 0.95, 0.95, 0.95, 0.95, 0.95, 0.95, 0.95, 0.95, 0.95, 0.95, 0.95, 0.95, 0.95, 0.95, 0.95, 0.95, 0.95, 0.98, 0.95, 0.95, 0.95, 0.95, 0.95, 0.95, 0.9, 0.95, 0.95, 0.95]",180,0.8992222222222221,0.06287956350176771,17.82792373963699,1.992826552944574
entirely,"[1.0, 1.0, 0.9, 1.0, 0.95, 1.0, 0.8, 0.8, 0.9, 0.95, 1.0, 1.0, 0.9, 1.0, 1.0, 1.0, 1.0, 0.95, 0.8, 0.8, 1.0, 1.0, 1.0, 0.8, 0.95, 1.0, 1.0, 1.0, 1.0, 0.95, 0.9, 1.0, 0.95, 1.0, 1.0, 1.0, 0.9, 1.0, 1.0, 0.73, 0.73, 0.68, 0.76, 0.6, 0.49, 0.55, 0.72, 0.85, 0.83, 0.73, 0.85, 0.78, 0.67, 0.85, 0.6, 0.1, 0.06, 0.3, 0.85, 0.9, 0.85, 0.9, 0.95, 1.0, 0.95, 0.95, 0.95, 0.9, 0.95, 0.95, 0.95, 1.0, 1.0, 0.95, 0.85, 1.0, 0.9, 0.95, 0.95, 0.9, 0.95, 0.95, 0.95, 0.9, 1.0, 0.95, 0.95, 0.95, 0.95, 1.0, 0.95, 0.9, 0.85, 0.85, 0.95, 0.95, 0.95, 1.0, 0.4, 0.7, 0.7, 0.3, 0.6, 0.3, 0.7, 0.4, 0.75, 0.75, 0.75, 0.5, 0.3, 0.2, 0.4, 0.9, 0.9, 0.5, 0.85, 0.85, 0.85, 1.0, 1.0, 1.0, 1.0, 1.0, 1.0, 1.0, 1.0, 1.0, 1.0, 1.0, 1.0, 1.0, 0.95, 1.0, 1.0, 1.0, 1.0, 1.0, 1.0, 1.0, 1.0, 1.0, 1.0, 1.0, 1.0, 1.0, 1.0, 1.0, 1.0, 1.0, 1.0, 1.0, 1.0, 1.0, 1.0, 1.0, 1.0, 1.0, 0.6, 0.6, 0.8, 0.6, 0.6, 0.7, 0.7, 0.6, 0.8, 0.6, 0.7, 0.75, 0.7, 0.7, 0.7, 1.0, 1.0, 1.0, 1.0, 1.0, 1.0]",179,0.8618994413407821,0.19495242493622572,1.1063048455890099,0.15047670789276935
equivocal,"[0.5, 0.2, 0.22, 0.3, 0.52, 0.35, 0.6, 0.22, 0.2, 0.67, 0.5, 0.75, 0.2, 0.2, 0.6, 0.2, 0.16, 0.2, 0.85, 0.75, 0.58, 0.45, 0.28, 0.3, 0.34, 0.23, 0.2, 0.05, 0.6, 0.65, 0.2, 0.03, 0.37, 0.2, 0.2, 0.26, 0.3, 0.5, 0.22, 0.64, 0.7, 0.2, 0.56, 0.66, 0.3, 0.52, 0.2, 0.4, 0.65, 0.6, 0.69, 0.6, 0.25, 0.6, 0.34, 0.2, 0.25, 0.7, 0.6, 0.3, 0.7, 0.4, 0.7, 0.5, 0.3, 0.7, 0.6, 0.7, 0.3, 0.6, 0.3, 0.7, 0.1, 0.3, 0.1, 0.3, 0.1, 0.2, 0.7, 0.6, 0.3, 0.75, 0.75, 0.75, 0.55, 0.2, 0.45, 0.3, 0.75, 0.2, 0.6, 0.75, 0.2, 0.3, 0.3, 0.45, 0.5, 0.1, 0.3, 0.7, 0.7, 0.5, 0.3, 0.7, 0.7, 0.4, 0.6, 0.3, 0.4, 0.7, 0.6, 0.6, 0.3, 0.3, 0.3, 0.3, 0.6, 0.7, 0.65, 0.6, 0.5, 0.6, 0.5, 0.75, 0.75, 0.6, 0.7, 0.6, 0.6, 0.5, 0.5, 0.6, 0.7, 0.6, 0.6, 0.2, 0.3, 0.3, 0.05, 0.05, 0.1, 0.3, 0.5, 0.25, 0.1, 0.5, 0.5, 0.6, 0.75, 0.5, 0.6, 0.6, 0.6, 0.6, 0.5, 0.6, 0.5, 0.6, 0.7, 0.75, 0.6, 0.7, 0.7]",163,0.45773006134969324,0.20728244745442295,2.222366198684832,2.7046207484941265
essentially,"[0.8, 0.8, 0.6, 0.85, 0.8, 0.8, 0.78, 0.78, 0.75, 0.75, 0.7, 0.45, 0.9, 0.8, 0.86, 0.78, 0.58, 0.8, 0.6, 0.7, 0.85, 0.85, 0.85, 0.78, 0.82, 0.82, 0.8, 0.82, 0.8, 0.86, 0.8, 0.71, 0.87, 0.6, 0.8, 0.86, 0.75, 0.7, 0.86, 0.87, 0.87, 0.65, 0.87, 0.85, 0.6, 0.85, 0.95, 0.8, 0.8, 0.9, 0.85, 0.85, 0.8, 0.7, 0.8, 0.8, 0.88, 0.8, 0.8, 0.8, 0.85, 0.85, 0.85, 0.85, 0.85, 0.85, 0.85, 0.85, 0.85, 0.75, 0.6, 0.85, 0.85, 0.7, 0.85, 0.75, 0.85, 0.85, 0.85, 0.85, 0.85, 0.85, 0.85, 0.75, 0.75, 0.85, 0.75, 0.85, 0.75, 0.85, 0.85, 0.85, 0.65, 0.85, 0.75, 0.75, 0.85, 0.85, 0.85, 0.85, 0.85, 0.85, 0.85, 0.85, 0.85, 0.85, 0.85, 0.75, 0.85, 0.85, 0.85, 0.85, 0.85, 0.85, 0.85, 0.85, 0.85, 0.95, 0.85, 0.85, 0.95, 0.95, 0.95, 0.95, 0.95, 0.95, 0.95, 0.95, 0.95, 0.95, 0.95, 0.95, 0.95, 0.95, 0.95, 0.95, 0.95, 0.95, 0.95, 0.85, 0.95, 0.95, 0.95, 0.95, 0.95, 0.95, 0.95, 0.95, 0.95, 0.95, 0.95, 0.85, 0.95, 0.95, 0.95, 0.95, 0.95, 0.85, 0.95, 0.95, 0.95, 0.85, 0.95, 0.95, 0.95, 0.95, 0.95, 0.95, 0.85, 0.95, 0.9, 0.85, 0.95, 0.9, 0.95, 0.9, 0.95, 0.95, 0.95, 0.95]",180,0.8501111111111112,0.09098833190695317,13.193983043684138,2.335819598158459
evidence is consistent with,"[0.85, 0.85, 0.85, 0.95, 0.85, 0.5, 0.8, 0.98, 0.7, 0.87, 0.85, 0.95, 0.83, 0.82, 0.85, 0.95, 0.8, 0.75, 0.85, 0.95, 0.95, 0.8, 0.94, 0.8, 0.84, 0.85, 0.78, 0.85, 0.95, 0.87, 0.6, 0.8, 0.85, 0.87, 0.78, 0.9, 0.83, 0.85, 0.87, 0.7, 0.8, 0.87, 0.83, 0.8, 0.96, 0.85, 0.85, 0.78, 0.78, 0.85, 0.9, 0.85, 0.96, 0.8, 0.8, 0.85, 0.6, 0.78, 0.8, 0.95, 0.6, 0.75, 0.75, 0.75, 0.75, 0.85, 0.75, 0.75, 0.85, 0.75, 0.85, 0.85, 0.85, 0.75, 0.75, 0.85, 0.85, 0.75, 0.45, 0.75, 0.75, 0.6, 0.45, 0.65, 0.7, 0.75, 0.75, 0.75, 0.85, 0.75, 0.75, 0.75, 0.6, 0.7, 0.85, 0.4, 0.75, 0.65, 0.85, 0.85, 0.75, 0.75, 0.6, 0.75, 0.75, 0.85, 0.75, 0.85, 0.75, 0.85, 0.7, 0.75, 0.75, 0.6, 0.75, 0.75, 0.6, 0.7, 0.75, 0.75, 0.85, 0.85, 0.85, 0.95, 0.9, 0.95, 0.9, 0.95, 0.85, 0.85, 0.9, 0.9, 0.9, 0.9, 0.95, 0.9, 0.95, 0.85, 0.9, 0.95, 0.85, 0.95, 0.85, 0.85, 0.9, 0.85, 0.9, 0.85, 0.95, 0.95, 0.8, 0.9, 0.85, 0.85, 0.95, 0.9, 0.9, 0.8, 0.85, 0.95, 0.85, 0.9, 0.9, 0.9, 0.9, 0.95, 0.85, 0.75, 0.95, 0.85, 0.9, 0.95, 0.85, 0.9, 0.9, 0.85, 0.95, 0.9, 0.95, 0.95]",180,0.8213333333333334,0.1040160244064987,11.152053651439424,2.4410614346764654
evidently,"[0.8, 0.6, 0.95, 0.8, 0.85, 0.85, 0.9, 0.9, 0.89, 0.8, 0.8, 0.85, 0.98, 0.95, 0.85, 0.87, 0.85, 0.95, 0.95, 0.8, 0.8, 0.8, 0.8, 0.92, 0.8, 0.87, 0.8, 0.95, 0.92, 0.95, 0.91, 0.96, 0.92, 0.83, 0.87, 0.85, 0.85, 0.96, 0.8, 0.8, 0.88, 0.86, 0.95, 0.75, 0.85, 0.8, 0.9, 0.82, 0.85, 0.95, 0.85, 0.8, 0.95, 0.85, 0.85, 0.85, 0.85, 0.82, 0.85, 0.6, 0.95, 0.85, 0.9, 0.95, 0.9, 0.9, 0.9, 0.85, 0.95, 0.9, 0.85, 0.95, 0.95, 0.9, 0.9, 0.95, 0.95, 0.95, 0.9, 0.95, 0.9, 0.95, 0.95, 0.95, 0.9, 0.85, 0.95, 0.85, 0.85, 0.95, 0.95, 0.9, 0.95, 0.85, 0.9, 0.85, 0.85, 0.85, 0.9, 0.9, 0.85, 0.85, 0.85, 0.9, 0.95, 0.85, 0.85, 0.9, 0.95, 0.85, 0.85, 0.85, 0.95, 0.85, 0.85, 0.85, 0.85, 0.85, 0.85, 0.85, 0.95, 0.95, 0.95, 0.95, 0.95, 0.95, 0.95, 0.95, 0.95, 0.95, 0.95, 0.95, 0.95, 0.95, 0.95, 0.95, 0.95, 0.95, 0.95, 0.97, 0.95, 0.95, 0.95, 0.95, 0.95, 0.95, 0.95, 0.95, 0.95, 0.95, 0.95, 0.98, 0.95, 0.95, 0.95, 0.95, 0.95, 0.95, 0.95, 0.95, 0.95, 0.95, 0.95, 0.95, 0.95, 0.95, 0.95, 0.95, 0.95, 0.95, 0.95, 0.95, 0.95, 0.95, 0.95, 0.95, 0.9, 0.95, 0.95, 0.95]",180,0.9007222222222222,0.06252137905953588,23.84989086122689,2.642354282641037
fairly,"[0.7, 0.65, 0.67, 0.75, 0.67, 0.61, 0.6, 0.75, 0.6, 0.32, 0.7, 0.58, 0.58, 0.67, 0.73, 0.58, 0.85, 0.6, 0.71, 0.52, 0.63, 0.61, 0.7, 0.45, 0.65, 0.6, 0.7, 0.67, 0.57, 0.73, 0.78, 0.58, 0.58, 0.6, 0.65, 0.65, 0.6, 0.6, 0.52, 0.75, 0.68, 0.6, 0.58, 0.85, 0.55, 0.75, 0.68, 0.75, 0.6, 0.52, 0.55, 0.6, 0.55, 0.38, 0.6, 0.68, 0.5, 0.6, 0.67, 0.3, 0.75, 0.75, 0.75, 0.6, 0.85, 0.7, 0.75, 0.75, 0.85, 0.75, 0.65, 0.75, 0.85, 0.75, 0.85, 0.75, 0.85, 0.75, 0.85, 0.85, 0.75, 0.85, 0.85, 0.75, 0.85, 0.85, 0.65, 0.5, 0.65, 0.85, 0.75, 0.7, 0.85, 0.85, 0.85, 0.85, 0.85, 0.75, 0.85, 0.85, 0.75, 0.65, 0.75, 0.75, 0.65, 0.85, 0.85, 0.85, 0.75, 0.85, 0.75, 0.85, 0.85, 0.75, 0.7, 0.75, 0.75, 0.5, 0.7, 0.4, 0.75, 0.7, 0.7, 0.7, 0.7, 0.7, 0.6, 0.7, 0.7, 0.8, 0.7, 0.7, 0.7, 0.7, 0.7, 0.7, 0.7, 0.7, 0.7, 0.7, 0.7, 0.7, 0.7, 0.7, 0.75, 0.7, 0.7, 0.75, 0.7, 0.75, 0.75, 0.75, 0.7, 0.8, 0.6, 0.7, 0.75, 0.7, 0.8, 0.7, 0.7, 0.8, 0.7, 0.8, 0.7, 0.7, 0.7, 0.7, 0.7, 0.7, 0.75, 0.7, 0.75, 0.7, 0.7, 0.6, 0.8, 0.8, 0.7, 0.8]",180,0.7011111111111111,0.10387433053074217,13.418706319476449,5.747315087078988
far from settled,"[0.68, 0.75, 0.8, 0.58, 0.7, 0.5, 0.78, 0.7, 0.68, 0.82, 0.67, 0.75, 0.63, 0.58, 0.75, 0.28, 0.56, 0.56, 0.28, 0.7, 0.73, 0.4, 0.69, 0.85, 0.31, 0.73, 0.95, 0.23, 0.58, 0.22, 0.54, 0.25, 0.38, 0.82, 0.6, 0.85, 0.2, 0.28, 0.6, 0.5, 0.15, 0.22, 0.6, 0.78, 0.6, 0.54, 0.56, 0.6, 0.67, 0.67, 0.75, 0.6, 0.71, 0.46, 0.35, 0.4, 0.43, 0.52, 0.7, 0.41, 0.6, 0.45, 0.6, 0.65, 0.7, 0.65, 0.6, 0.75, 0.6, 0.6, 0.6, 0.75, 0.45, 0.65, 0.65, 0.6, 0.6, 0.7, 0.75, 0.6, 0.65, 0.6, 0.7, 0.6, 0.75, 0.6, 0.6, 0.45, 0.85, 0.2, 0.3, 0.75, 0.75, 0.85, 0.3, 0.6, 0.65, 0.65, 0.45, 0.4, 0.85, 0.45, 0.2, 0.3, 0.7, 0.7, 0.45, 0.6, 0.3, 0.45, 0.6, 0.3, 0.7, 0.75, 0.6, 0.6, 0.4, 0.7, 0.65, 0.6, 0.7, 0.6, 0.6, 0.6, 0.5, 0.3, 0.6, 0.6, 0.6, 0.6, 0.5, 0.6, 0.6, 0.6, 0.6, 0.5, 0.4, 0.5, 0.4, 0.4, 0.5, 0.3, 0.4, 0.6, 0.3, 0.5, 0.3, 0.5, 0.3, 0.4, 0.3, 0.3, 0.6, 0.3, 0.2, 0.3, 0.2, 0.3, 0.3, 0.2, 0.4, 0.4, 0.4, 0.3, 0.3, 0.6, 0.5, 0.6, 0.3, 0.7, 0.4, 0.7, 0.4, 0.25, 0.7, 0.6, 0.3, 0.6, 0.5, 0.4]",180,0.5365555555555556,0.17510416652896202,3.922188536930424,3.4039743224721195
feasibly,"[0.5, 0.4, 0.6, 0.72, 0.7, 0.4, 0.65, 0.51, 0.75, 0.23, 0.45, 0.4, 0.73, 0.6, 0.4, 0.68, 0.5, 0.5, 0.85, 0.4, 0.57, 0.67, 0.68, 0.3, 0.67, 0.55, 0.35, 0.41, 0.7, 0.3, 0.36, 0.38, 0.84, 0.5, 0.7, 0.6, 0.53, 0.3, 0.52, 0.37, 0.3, 0.4, 0.42, 0.48, 0.3, 0.5, 0.3, 0.64, 0.11, 0.8, 0.2, 0.65, 0.58, 0.7, 0.32, 0.58, 0.3, 0.6, 0.2, 0.46, 0.45, 0.75, 0.6, 0.3, 0.3, 0.75, 0.4, 0.2, 0.4, 0.4, 0.6, 0.7, 0.4, 0.2, 0.4, 0.3, 0.3, 0.3, 0.6, 0.85, 0.75, 0.75, 0.3, 0.3, 0.3, 0.2, 0.75, 0.7, 0.25, 0.45, 0.6, 0.3, 0.15, 0.3, 0.3, 0.4, 0.7, 0.75, 0.3, 0.3, 0.3, 0.1, 0.3, 0.2, 0.5, 0.2, 0.1, 0.3, 0.1, 0.5, 0.1, 0.3, 0.35, 0.6, 0.6, 0.1, 0.3, 0.6, 0.2, 0.2, 0.7, 0.7, 0.7, 0.6, 0.8, 0.7, 0.7, 0.7, 0.7, 0.7, 0.7, 0.7, 0.8, 0.6, 0.7, 0.7, 0.75, 0.8, 0.7, 0.6, 0.6, 0.7, 0.6, 0.6, 0.7, 0.7, 0.7, 0.75, 0.7, 0.5, 0.6, 0.7, 0.6, 0.6, 0.7, 0.7, 0.7, 0.7, 0.7, 0.6, 0.7, 0.7, 0.6, 0.6, 0.6, 0.7, 0.6, 0.6, 0.6, 0.6, 0.6, 0.7, 0.7, 0.6, 0.6, 0.4, 0.5, 0.6, 0.4, 0.4]",180,0.5172777777777777,0.19180091111924583,3.1045042721657192,2.9605898055990383
for certain,"[0.4, 0.7, 0.95, 0.8, 0.94, 0.7, 0.98, 0.8, 0.8, 0.6, 0.8, 0.8, 1.0, 0.8, 0.4, 0.5, 0.6, 0.8, 0.6, 0.95, 0.8, 0.65, 0.2, 0.6, 0.5, 0.08, 0.6, 0.76, 0.3, 0.6, 0.2, 0.6, 0.8, 0.6, 0.6, 0.2, 0.75, 0.9, 0.9, 0.8, 0.98, 0.8, 0.8, 0.98, 0.9, 1.0, 0.7, 0.8, 0.95, 0.95, 0.95, 0.8, 0.7, 0.7, 0.8, 0.2, 0.7, 0.8, 0.95, 0.9, 0.95, 0.95, 0.95, 0.9, 0.95, 0.95, 0.9, 0.95, 0.9, 0.95, 0.95, 0.9, 0.95, 0.85, 0.95, 0.95, 0.95, 0.85, 0.95, 0.95, 0.95, 0.95, 0.95, 0.9, 0.85, 0.9, 0.85, 0.85, 0.95, 0.9, 0.85, 0.95, 0.9, 0.9, 0.95, 0.95, 0.95, 0.85, 0.9, 0.95, 0.9, 0.95, 0.75, 0.9, 0.9, 0.85, 0.9, 0.9, 0.85, 0.9, 0.95, 0.9, 0.9, 0.9, 0.95, 0.95, 1.0, 0.95, 0.95, 0.95, 0.95, 0.95, 0.95, 0.95, 0.95, 0.95, 1.0, 0.95, 0.95, 0.95, 0.95, 1.0, 0.95, 0.95, 0.95, 0.95, 0.95, 0.95, 0.95, 0.95, 0.85, 0.95, 0.95, 0.95, 0.98, 0.95, 0.95, 0.95, 0.98, 0.95, 1.0, 0.95, 1.0, 1.0, 0.95, 0.95, 0.95, 0.95, 0.95, 0.95, 0.95, 1.0, 0.95, 0.95, 0.95, 0.95, 0.95, 0.98, 0.95, 0.95, 0.95, 0.95, 0.95, 0.95, 0.95, 1.0, 1.0, 1.0]",178,0.8610112359550561,0.17200760986445165,2.742153871432981,0.4689093785306956
for the most part,"[0.6, 0.85, 0.86, 0.77, 0.76, 0.6, 0.73, 0.6, 0.76, 0.78, 0.65, 0.85, 0.6, 0.55, 0.68, 0.85, 0.77, 0.58, 0.68, 0.35, 0.4, 0.8, 0.75, 0.72, 0.5, 0.85, 0.3, 0.67, 0.6, 0.68, 0.68, 0.78, 0.85, 0.78, 0.85, 0.55, 0.6, 0.75, 0.51, 0.85, 0.68, 0.78, 0.85, 0.75, 0.69, 0.52, 0.8, 0.58, 0.75, 0.81, 0.75, 0.67, 0.68, 0.75, 0.76, 0.58, 0.7, 0.6, 0.85, 0.5, 0.7, 0.75, 0.3, 0.4, 0.2, 0.75, 0.5, 0.7, 0.7, 0.4, 0.4, 0.7, 0.3, 0.4, 0.7, 0.6, 0.3, 0.6, 0.75, 0.75, 0.85, 0.75, 0.75, 0.6, 0.7, 0.85, 0.7, 0.6, 0.75, 0.75, 0.75, 0.65, 0.75, 0.7, 0.85, 0.75, 0.85, 0.6, 0.75, 0.75, 0.75, 0.65, 0.85, 0.75, 0.75, 0.75, 0.75, 0.75, 0.4, 0.6, 0.6, 0.85, 0.65, 0.75, 0.85, 0.85, 0.8, 0.85, 0.75, 0.75, 0.8, 0.7, 0.7, 0.75, 0.7, 0.7, 0.6, 0.7, 0.7, 0.7, 0.7, 0.75, 0.8, 0.7, 0.7, 0.7, 0.7, 0.7, 0.75, 0.7, 0.8, 0.8, 0.75, 0.8, 0.8, 0.85, 0.8, 0.8, 0.8, 0.8, 0.7, 0.8, 0.75, 0.8, 0.65, 0.75, 0.85, 0.7, 0.8, 0.75, 0.8, 0.8, 0.8, 0.85, 0.8, 0.7, 0.75, 0.7, 0.7, 0.7, 0.75, 0.8, 0.85, 0.7, 0.7, 0.7, 0.7, 0.8, 0.8, 0.6]",180,0.7027222222222222,0.12709065249111473,9.419210117220219,4.060980249640501
fully,"[0.2, 0.2, 0.2, 0.6, 0.2, 0.2, 0.8, 0.2, 0.2, 0.2, 0.6, 0.2, 0.59, 0.06, 0.5, 0.5, 0.05, 0.6, 0.2, 0.6, 0.5, 0.6, 0.5, 0.2, 0.76, 0.2, 0.22, 0.6, 0.6, 0.12, 0.6, 0.2, 0.2, 0.2, 0.2, 0.2, 0.6, 0.5, 0.6, 0.6, 0.6, 0.6, 0.45, 0.2, 0.6, 0.6, 0.2, 0.2, 0.5, 0.06, 0.35, 0.2, 0.2, 0.4, 0.2, 0.2, 0.5, 0.2, 0.85, 0.85, 0.85, 0.85, 0.5, 0.9, 0.85, 0.85, 0.85, 0.85, 0.75, 0.7, 0.85, 0.85, 0.75, 0.85, 0.95, 0.85, 0.75, 0.85, 0.85, 0.85, 0.85, 0.7, 0.85, 0.85, 0.75, 0.85, 0.85, 0.85, 0.75, 0.85, 0.9, 0.85, 0.85, 0.85, 0.85, 0.85, 0.85, 0.9, 0.85, 0.85, 0.75, 0.85, 0.75, 0.6, 0.85, 0.85, 0.85, 0.95, 0.85, 0.85, 0.9, 0.85, 0.85, 0.85, 0.9, 0.75, 0.85, 0.85, 0.8, 0.95, 0.95, 0.85, 0.85, 0.9, 0.95, 0.85, 0.95, 0.95, 0.9, 0.95, 0.75, 1.0, 0.95, 0.95, 0.85, 0.85, 0.8, 0.9, 0.9, 0.98, 0.9, 0.95, 0.95, 0.8, 0.8, 0.95, 0.9, 0.9, 0.9, 0.9, 0.95, 0.85, 1.0, 0.95, 0.7, 0.85, 0.85, 0.85, 0.9, 0.9, 0.95, 0.85, 1.0, 0.9, 0.95, 0.95, 0.95, 0.9, 0.95, 0.9, 0.8, 0.95, 0.95, 0.7, 0.8, 0.95, 0.95, 0.95]",178,0.7021910112359551,0.26752344752447754,1.556282377631833,0.7004761978052942
fundamentally,"[0.85, 0.8, 0.95, 0.85, 0.66, 0.87, 0.85, 0.95, 0.8, 0.95, 0.8, 0.85, 0.78, 0.8, 0.75, 0.9, 0.7, 0.8, 0.8, 0.7, 0.8, 0.85, 0.85, 0.85, 0.8, 0.8, 0.67, 0.8, 0.8, 0.8, 0.8, 0.7, 0.85, 0.8, 0.95, 0.95, 0.8, 0.8, 0.7, 0.8, 0.8, 0.87, 0.8, 0.8, 0.8, 0.8, 0.8, 0.8, 0.6, 0.7, 0.8, 0.9, 0.95, 0.95, 0.8, 0.7, 0.76, 0.85, 0.8, 0.86, 0.85, 0.65, 0.85, 0.85, 0.75, 0.7, 0.85, 0.85, 0.85, 0.85, 0.85, 0.85, 0.85, 0.85, 0.65, 0.65, 0.75, 0.75, 0.85, 0.75, 0.85, 0.85, 0.7, 0.75, 0.85, 0.85, 0.85, 0.85, 0.75, 0.85, 0.85, 0.85, 0.85, 0.85, 0.85, 0.85, 0.85, 0.75, 0.75, 0.85, 0.85, 0.85, 0.9, 0.85, 0.85, 0.85, 0.85, 0.85, 0.85, 0.85, 0.85, 0.85, 0.85, 0.85, 0.85, 0.85, 0.85, 0.75, 0.85, 0.85, 0.85, 0.8, 0.8, 0.9, 0.9, 0.9, 0.9, 0.95, 0.9, 0.8, 0.85, 0.85, 0.9, 0.85, 0.9, 0.85, 0.9, 0.85, 0.8, 0.9, 0.85, 0.85, 0.95, 0.8, 0.85, 0.95, 0.85, 0.7, 0.75, 0.85, 0.8, 0.95, 0.8, 0.9, 0.9, 0.85, 0.95, 0.85, 0.95, 0.95, 0.8, 0.85, 0.95, 0.85, 0.7, 0.85, 0.85, 0.85, 0.95, 0.7, 0.9, 0.95, 0.9, 0.8, 0.85, 0.8, 0.85, 0.85, 0.85, 0.8]",180,0.8306666666666668,0.06912629343776826,22.48764332895318,4.579181459660606
further research is needed,"[0.16, 0.6, 0.7, 0.6, 0.6, 0.72, 0.06, 0.3, 0.34, 0.85, 0.6, 0.6, 0.3, 0.6, 0.4, 0.43, 0.36, 0.75, 0.7, 0.25, 0.35, 0.43, 0.45, 0.43, 0.13, 0.6, 0.2, 0.55, 0.7, 0.5, 0.55, 0.45, 0.56, 0.47, 0.85, 0.48, 0.55, 0.6, 0.4, 0.6, 0.43, 0.8, 0.8, 0.6, 0.82, 0.61, 0.6, 0.6, 0.2, 0.3, 0.2, 0.2, 0.45, 0.5, 0.36, 0.6, 0.8, 0.5, 0.81, 0.65, 0.7, 0.85, 0.7, 0.7, 0.7, 0.85, 0.85, 0.6, 0.85, 0.9, 0.85, 0.7, 0.6, 0.4, 0.4, 0.25, 0.6, 0.7, 0.3, 0.4, 0.3, 0.4, 0.3, 0.6, 0.6, 0.6, 0.7, 0.3, 0.5, 0.4, 0.85, 0.85, 0.6, 0.4, 0.7, 0.85, 0.85, 0.85, 0.85, 0.7, 0.85, 0.6, 0.6, 0.85, 0.85, 0.6, 0.4, 0.4, 0.6, 0.25, 0.1, 0.4, 0.4, 0.4, 0.3, 0.6, 0.6, 0.85, 0.6, 0.7, 0.3, 0.3, 0.3, 0.3, 0.3, 0.3, 0.2, 0.3, 0.3, 0.3, 0.3, 0.3, 0.3, 0.3, 0.1, 0.1, 0.2, 0.5, 0.3, 0.3, 0.2, 0.1, 0.2, 0.5, 0.2, 0.3, 0.3, 0.3, 0.2, 0.3, 0.3, 0.3, 0.3, 0.3, 0.3, 0.3, 0.5, 0.3, 0.3, 0.3, 0.3, 0.3, 0.3, 0.3, 0.6, 0.5, 0.5, 0.2, 0.5, 0.2, 0.3, 0.2, 0.3, 0.2, 0.3, 0.2, 0.3, 0.3, 0.5]",179,0.4712290502793296,0.21388570028724732,2.2532506883354437,2.485984109244521
generally speaking,"[0.5, 0.85, 0.78, 0.8, 0.85, 0.48, 0.8, 0.8, 0.8, 0.7, 0.85, 0.8, 0.72, 0.8, 0.71, 0.6, 0.85, 0.76, 0.78, 0.8, 0.8, 0.6, 0.85, 0.81, 0.7, 0.6, 0.8, 0.85, 0.95, 0.65, 0.7, 0.6, 0.8, 0.8, 0.85, 0.8, 0.58, 0.7, 0.65, 0.78, 0.72, 0.6, 0.73, 0.86, 0.77, 0.81, 0.62, 0.73, 0.68, 0.65, 0.66, 0.87, 0.6, 0.6, 0.85, 0.85, 0.83, 0.7, 0.78, 0.75, 0.75, 0.75, 0.75, 0.75, 0.75, 0.75, 0.75, 0.85, 0.7, 0.75, 0.75, 0.85, 0.85, 0.75, 0.75, 0.75, 0.75, 0.75, 0.75, 0.75, 0.7, 0.75, 0.85, 0.75, 0.75, 0.7, 0.75, 0.75, 0.75, 0.75, 0.85, 0.75, 0.75, 0.7, 0.75, 0.85, 0.75, 0.75, 0.75, 0.6, 0.7, 0.75, 0.65, 0.75, 0.75, 0.65, 0.75, 0.85, 0.75, 0.7, 0.6, 0.6, 0.7, 0.75, 0.75, 0.85, 0.75, 0.7, 0.75, 0.75, 0.9, 0.9, 0.95, 0.95, 0.95, 0.95, 0.9, 0.9, 0.85, 0.85, 0.9, 0.95, 0.85, 0.85, 0.9, 0.85, 0.95, 0.95, 0.95, 0.8, 0.85, 0.85, 0.9, 0.8, 0.95, 0.9, 0.9, 0.9, 0.95, 0.85, 0.8, 0.9, 0.85, 0.85, 0.95, 0.9, 0.9, 0.8, 0.85, 0.85, 0.9, 0.85, 0.95, 0.9, 0.95, 0.85, 0.9, 0.85, 0.85, 0.85, 0.85, 0.85, 0.75, 0.85, 0.85, 0.8, 0.9, 0.8, 0.85, 0.8]",180,0.7889444444444444,0.09594846546293151,12.795469297045123,3.414162982295939
give or take,"[0.3, 0.2, 0.23, 0.2, 0.55, 0.27, 0.6, 0.23, 0.4, 0.35, 0.38, 0.1, 0.63, 0.37, 0.3, 0.47, 0.3, 0.4, 0.4, 0.46, 0.6, 0.23, 0.2, 0.3, 0.7, 0.3, 0.35, 0.2, 0.6, 0.35, 0.3, 0.25, 0.65, 0.5, 0.67, 0.43, 0.25, 0.71, 0.75, 0.36, 0.22, 0.2, 0.28, 0.44, 0.68, 0.23, 0.28, 0.34, 0.6, 0.23, 0.5, 0.6, 0.2, 0.2, 0.4, 0.3, 0.35, 0.6, 0.23, 0.46, 0.5, 0.6, 0.6, 0.4, 0.6, 0.6, 0.7, 0.85, 0.6, 0.7, 0.7, 0.7, 0.6, 0.4, 0.3, 0.6, 0.7, 0.6, 0.6, 0.6, 0.5, 0.6, 0.6, 0.7, 0.6, 0.4, 0.4, 0.6, 0.6, 0.6, 0.6, 0.4, 0.6, 0.85, 0.85, 0.6, 0.6, 0.6, 0.7, 0.6, 0.7, 0.6, 0.4, 0.6, 0.3, 0.5, 0.5, 0.6, 0.7, 0.7, 0.6, 0.7, 0.6, 0.6, 0.6, 0.5, 0.5, 0.5, 0.6, 0.7, 0.5, 0.6, 0.3, 0.6, 0.5, 0.5, 0.4, 0.4, 0.5, 0.5, 0.5, 0.3, 0.3, 0.5, 0.5, 0.6, 0.5, 0.6, 0.5, 0.6, 0.5, 0.6, 0.3, 0.6, 0.6, 0.5, 0.4, 0.3, 0.6, 0.4, 0.7, 0.5, 0.6, 0.6, 0.6, 0.5, 0.3, 0.6, 0.6, 0.5, 0.3, 0.3, 0.5, 0.5, 0.6, 0.6, 0.4, 0.6, 0.5, 0.6, 0.6, 0.5, 0.3, 0.5, 0.65, 0.6, 0.5, 0.6, 0.6, 0.6]",180,0.49433333333333335,0.15587780114207697,4.628420439200692,4.771781726457106
given certain conditions,"[0.7, 0.85, 0.63, 0.55, 0.85, 0.6, 0.6, 0.5, 0.75, 0.6, 0.55, 0.8, 0.85, 0.68, 0.6, 0.85, 0.82, 0.5, 0.6, 0.8, 0.75, 0.48, 0.6, 0.73, 0.6, 0.6, 0.8, 0.6, 0.78, 0.75, 0.75, 0.75, 0.85, 0.6, 0.75, 0.6, 0.55, 0.8, 0.6, 0.7, 0.6, 0.6, 0.6, 0.76, 0.5, 0.68, 0.6, 0.8, 0.6, 0.75, 0.6, 0.6, 0.6, 0.85, 0.75, 0.52, 0.67, 0.58, 0.58, 0.75, 0.4, 0.7, 0.2, 0.4, 0.3, 0.6, 0.3, 0.3, 0.4, 0.6, 0.7, 0.3, 0.3, 0.6, 0.4, 0.2, 0.4, 0.6, 0.3, 0.4, 0.3, 0.7, 0.3, 0.2, 0.6, 0.7, 0.3, 0.4, 0.6, 0.3, 0.2, 0.3, 0.7, 0.7, 0.5, 0.6, 0.6, 0.6, 0.3, 0.6, 0.6, 0.6, 0.2, 0.2, 0.5, 0.4, 0.6, 0.2, 0.3, 0.7, 0.6, 0.3, 0.4, 0.6, 0.7, 0.4, 0.6, 0.3, 0.6, 0.3, 0.7, 0.7, 0.7, 0.6, 0.6, 0.7, 0.7, 0.7, 0.7, 0.7, 0.7, 0.7, 0.7, 0.7, 0.6, 0.7, 0.6, 0.7, 0.7, 0.7, 0.7, 0.75, 0.6, 0.7, 0.7, 0.75, 0.7, 0.6, 0.7, 0.7, 0.7, 0.7, 0.7, 0.75, 0.75, 0.7, 0.75, 0.7, 0.75, 0.7, 0.7, 0.7, 0.7, 0.7, 0.7, 0.6, 0.7, 0.6, 0.6, 0.75, 0.7, 0.7, 0.6, 0.7, 0.7, 0.7, 0.7, 0.6, 0.7, 0.7]",180,0.6031111111111112,0.1604552166282227,5.295040837841375,3.565819836699413
hardly,"[0.2, 0.3, 0.4, 0.28, 0.84, 0.36, 0.35, 0.28, 0.6, 0.14, 0.7, 0.26, 0.6, 0.1, 0.35, 0.28, 0.3, 0.54, 0.41, 0.46, 0.73, 0.6, 0.68, 0.58, 0.78, 0.35, 0.22, 0.4, 0.4, 0.37, 0.22, 0.21, 0.67, 0.43, 0.14, 0.3, 0.3, 0.2, 0.53, 0.58, 0.2, 0.24, 0.78, 0.45, 0.9, 0.05, 0.23, 0.25, 0.55, 0.58, 0.25, 0.42, 0.76, 0.41, 0.85, 0.2, 0.18, 0.98, 0.58, 0.88, 0.85, 0.85, 0.85, 0.85, 0.85, 0.85, 0.9, 0.85, 0.85, 0.85, 0.85, 0.85, 0.7, 0.85, 0.85, 0.85, 0.85, 0.85, 0.85, 0.85, 0.85, 0.85, 0.65, 0.85, 0.85, 0.75, 0.85, 0.85, 0.85, 0.85, 0.85, 0.85, 0.85, 0.85, 0.85, 0.85, 0.85, 0.75, 0.75, 0.85, 0.85, 0.85, 0.75, 0.75, 0.75, 0.7, 0.75, 0.85, 0.85, 0.85, 0.5, 0.85, 0.85, 0.85, 0.75, 1.0, 0.85, 0.75, 0.75, 0.75, 0.7, 0.65, 0.7, 0.6, 0.8, 0.6, 0.7, 0.7, 0.7, 0.8, 0.6, 0.6, 0.8, 0.8, 0.7, 0.7, 0.6, 0.8, 0.7, 0.6, 0.7, 0.85, 0.75, 0.6, 0.7, 0.75, 0.75, 0.6, 0.7, 0.65, 0.75, 0.7, 0.7, 0.8, 0.6, 0.7, 0.6, 0.7, 0.85, 0.7, 0.7, 0.7, 0.6, 0.5, 0.6, 0.6, 0.6, 0.7, 0.8, 0.9, 0.95, 0.8, 0.7, 0.6, 0.4, 0.4, 0.5, 0.98, 0.95, 0.95]",180,0.652,0.22195695278339195,2.3576718942316877,1.2884105752605546
highly likely,"[0.87, 0.85, 0.85, 0.75, 0.87, 0.87, 0.92, 0.85, 0.88, 0.7, 0.7, 0.87, 0.8, 0.87, 0.8, 0.8, 0.85, 0.8, 0.9, 0.85, 0.85, 0.85, 0.9, 0.87, 0.85, 0.87, 0.87, 0.87, 0.85, 0.85, 0.78, 0.85, 0.85, 0.85, 0.88, 0.85, 0.85, 0.8, 0.85, 0.88, 0.87, 0.85, 0.88, 0.85, 0.87, 0.68, 0.73, 0.87, 0.63, 0.92, 0.7, 0.68, 0.7, 0.67, 0.75, 0.82, 0.78, 0.6, 0.6, 0.58, 0.85, 0.85, 0.85, 0.85, 0.75, 0.85, 0.9, 0.85, 0.75, 0.75, 0.85, 0.85, 0.75, 0.65, 0.75, 0.75, 0.85, 0.85, 0.85, 0.85, 0.85, 0.85, 0.85, 0.85, 0.9, 0.85, 0.85, 0.85, 0.85, 0.85, 0.85, 0.85, 0.85, 0.85, 0.85, 0.95, 0.85, 0.75, 0.85, 0.75, 0.85, 0.85, 0.75, 0.85, 0.85, 0.6, 0.75, 0.75, 0.6, 0.6, 0.6, 0.6, 0.75, 0.75, 0.85, 0.85, 0.85, 0.75, 0.85, 0.85, 0.95, 0.95, 0.95, 0.95, 0.95, 0.95, 0.95, 0.95, 0.95, 0.95, 0.95, 0.95, 0.95, 0.95, 0.98, 0.95, 0.95, 0.95, 0.95, 0.95, 0.95, 0.95, 0.95, 0.95, 0.95, 0.95, 0.95, 0.95, 0.95, 0.95, 0.95, 0.95, 0.95, 0.95, 0.95, 0.95, 0.98, 0.95, 0.95, 0.95, 0.95, 0.95, 0.95, 0.95, 0.95, 0.7, 0.75, 0.7, 0.7, 0.7, 0.8, 0.7, 0.7, 0.7, 0.95, 0.95, 0.9, 0.8, 0.88, 0.8]",180,0.8424444444444443,0.0962267127512604,11.698567675034296,2.1902875216011486
holding everything else constant,"[0.98, 0.7, 0.87, 0.85, 0.8, 0.5, 0.78, 0.78, 0.8, 0.95, 0.95, 0.9, 0.7, 0.8, 0.88, 0.85, 0.83, 0.75, 0.78, 0.6, 0.76, 0.52, 0.92, 0.85, 0.95, 0.86, 0.95, 0.8, 0.6, 0.8, 0.95, 0.55, 0.95, 0.6, 0.85, 0.5, 0.1, 0.9, 0.8, 0.85, 0.72, 0.94, 0.6, 0.25, 0.95, 0.88, 0.64, 0.82, 0.76, 0.78, 0.78, 0.7, 0.7, 0.78, 0.6, 0.7, 0.7, 0.86, 0.78, 0.74, 0.85, 0.75, 0.85, 0.85, 0.75, 0.9, 0.85, 0.85, 0.95, 0.85, 0.85, 0.85, 0.85, 0.85, 0.85, 0.85, 0.85, 0.95, 0.85, 0.85, 0.85, 0.85, 0.95, 0.85, 0.9, 0.9, 0.95, 0.85, 0.9, 0.9, 0.95, 0.85, 0.9, 0.95, 0.95, 0.95, 0.95, 0.9, 0.9, 0.9, 0.9, 0.7, 0.85, 0.85, 0.95, 0.95, 0.95, 0.95, 0.85, 0.75, 0.95, 0.85, 0.85, 0.9, 0.9, 0.85, 0.85, 0.9, 0.85, 0.9, 0.95, 0.95, 0.95, 0.95, 0.9, 0.95, 0.95, 0.95, 0.95, 0.95, 0.95, 0.95, 0.95, 0.95, 0.98, 0.95, 0.95, 0.95, 0.95, 0.95, 0.95, 0.95, 1.0, 0.95, 0.95, 0.95, 0.95, 0.95, 0.95, 0.95, 0.85, 0.95, 0.98, 0.95, 0.95, 1.0, 0.95, 0.95, 1.0, 0.95, 0.95, 0.95, 0.95, 0.95, 0.95, 0.95, 0.95, 0.95, 1.0, 0.95, 0.95, 0.95, 0.95, 0.95, 0.95, 0.95, 0.95, 0.95, 0.95, 0.95]",180,0.8641666666666665,0.12712144237346865,5.498037141825487,0.8954051267351383
hypothetically,"[0.4, 0.3, 0.25, 0.58, 0.2, 0.35, 0.55, 0.22, 0.4, 0.5, 0.4, 0.2, 0.32, 0.2, 0.3, 0.4, 0.6, 0.56, 0.6, 0.5, 0.6, 0.55, 0.22, 0.76, 0.6, 0.2, 0.36, 0.6, 0.5, 0.3, 0.22, 0.3, 0.6, 0.3, 0.4, 0.6, 0.7, 0.4, 0.23, 0.43, 0.6, 0.38, 0.4, 0.75, 0.3, 0.45, 0.4, 0.6, 0.76, 0.53, 0.3, 0.2, 0.2, 0.58, 0.35, 0.3, 0.43, 0.14, 0.3, 0.22, 0.3, 0.3, 0.3, 0.2, 0.3, 0.4, 0.3, 0.3, 0.3, 0.1, 0.3, 0.1, 0.1, 0.1, 0.2, 0.3, 0.1, 0.3, 0.6, 0.2, 0.2, 0.3, 0.2, 0.3, 0.3, 0.3, 0.4, 0.3, 0.3, 0.1, 0.3, 0.6, 0.4, 0.3, 0.1, 0.1, 0.1, 0.5, 0.5, 0.85, 0.3, 0.3, 0.6, 0.2, 0.3, 0.3, 0.2, 0.4, 0.3, 0.3, 0.3, 0.3, 0.3, 0.3, 0.2, 0.7, 0.3, 0.7, 0.3, 0.3, 0.6, 0.7, 0.7, 0.7, 0.75, 0.6, 0.7, 0.7, 0.7, 0.6, 0.6, 0.6, 0.6, 0.6, 0.6, 0.7, 0.7, 0.6, 0.7, 0.7, 0.6, 0.7, 0.6, 0.6, 0.7, 0.7, 0.6, 0.6, 0.6, 0.75, 0.6, 0.6, 0.6, 0.6, 0.6, 0.6, 0.6, 0.6, 0.6, 0.7, 0.6, 0.6, 0.5, 0.6, 0.6, 0.5, 0.7, 0.7, 0.5, 0.7, 0.7, 0.7, 0.5, 0.7, 0.6, 0.75, 0.7, 0.7, 0.6, 0.7]",180,0.4538333333333333,0.19334274402383622,2.690537954584717,3.275501374846083
ideally,"[0.67, 0.6, 0.4, 0.4, 0.85, 0.31, 0.85, 0.69, 0.48, 0.6, 0.68, 0.75, 0.59, 0.6, 0.73, 0.5, 0.4, 0.32, 0.6, 0.73, 0.71, 0.8, 0.68, 0.4, 0.36, 0.78, 0.78, 0.74, 0.56, 0.6, 0.55, 0.61, 0.7, 0.58, 0.7, 0.58, 0.58, 0.56, 0.6, 0.55, 0.73, 0.49, 0.2, 0.6, 0.6, 0.75, 0.6, 0.43, 0.35, 0.68, 0.4, 0.6, 0.55, 0.08, 0.6, 0.78, 0.68, 0.35, 0.6, 0.61, 0.75, 0.75, 0.75, 0.7, 0.7, 0.3, 0.5, 0.7, 0.7, 0.7, 0.6, 0.5, 0.75, 0.7, 0.6, 0.75, 0.7, 0.6, 0.7, 0.7, 0.75, 0.6, 0.6, 0.7, 0.3, 0.7, 0.6, 0.75, 0.7, 0.7, 0.75, 0.6, 0.75, 0.6, 0.7, 0.7, 0.5, 0.7, 0.5, 0.75, 0.7, 0.75, 0.6, 0.75, 0.7, 0.6, 0.6, 0.75, 0.75, 0.6, 0.7, 0.7, 0.7, 0.6, 0.5, 0.75, 0.7, 0.75, 0.7, 0.6, 0.8, 0.8, 0.8, 0.8, 0.8, 0.8, 0.7, 0.7, 0.7, 0.7, 0.7, 0.7, 0.7, 0.6, 0.7, 0.7, 0.7, 0.7, 0.7, 0.75, 0.7, 0.7, 0.7, 0.7, 0.7, 0.7, 0.7, 0.8, 0.7, 0.7, 0.7, 0.6, 0.7, 0.7, 0.8, 0.7, 0.7, 0.7, 0.8, 0.7, 0.7, 0.6, 0.6, 0.7, 0.7, 0.7, 0.8, 0.7, 0.7, 0.7, 0.7, 0.7, 0.7, 0.7, 0.6, 0.7, 0.8, 0.7, 0.7, 0.7]",180,0.6505555555555556,0.12368742962368318,9.22574348308323,5.06385127679106
if conditions hold,"[0.78, 0.4, 0.6, 0.65, 0.5, 0.85, 0.76, 0.85, 0.58, 0.78, 0.65, 0.8, 0.75, 0.7, 0.65, 0.85, 0.85, 0.81, 0.85, 0.61, 0.55, 0.55, 0.98, 0.88, 0.75, 0.75, 0.92, 0.7, 0.85, 0.85, 0.68, 0.41, 0.45, 0.35, 0.95, 0.6, 0.78, 0.95, 0.75, 0.95, 0.67, 0.6, 0.6, 0.85, 0.75, 0.87, 0.95, 0.95, 0.8, 0.75, 0.85, 0.75, 0.6, 0.85, 0.85, 0.95, 0.7, 0.53, 0.78, 0.78, 0.7, 0.75, 0.85, 0.75, 0.7, 0.75, 0.3, 0.8, 0.75, 0.85, 0.85, 0.7, 0.85, 0.75, 0.6, 0.85, 0.85, 0.6, 0.7, 0.6, 0.85, 0.7, 0.85, 0.85, 0.7, 0.7, 0.85, 0.85, 0.85, 0.6, 0.85, 0.6, 0.7, 0.85, 0.7, 0.7, 0.8, 0.75, 0.75, 0.75, 0.75, 0.7, 0.75, 0.7, 0.75, 0.75, 0.75, 0.6, 0.7, 0.75, 0.85, 0.85, 0.75, 0.6, 0.7, 0.6, 0.6, 0.75, 0.85, 0.85, 0.7, 0.8, 0.8, 0.8, 0.8, 0.7, 0.8, 0.8, 0.6, 0.7, 0.6, 0.8, 0.8, 0.8, 0.8, 0.75, 0.85, 0.6, 0.9, 0.8, 0.7, 0.8, 0.8, 0.8, 0.7, 0.8, 0.8, 0.8, 0.8, 0.7, 0.8, 0.7, 0.6, 0.7, 0.8, 0.85, 0.8, 0.8, 0.8, 0.7, 0.8, 0.8, 0.8, 0.8, 0.85, 0.85, 0.8, 0.8, 0.85, 0.8, 0.8, 0.75, 0.8, 0.75, 0.9, 0.7, 0.8, 0.7, 0.85, 0.8]",180,0.7511111111111111,0.11297437707968656,10.418749288474476,3.4687807660426713
in a best-case scenario,"[0.81, 0.6, 0.65, 0.58, 0.67, 0.65, 0.5, 0.58, 0.3, 0.73, 0.45, 0.48, 0.5, 0.6, 0.3, 0.47, 0.27, 0.58, 0.6, 0.65, 0.76, 0.6, 0.6, 0.6, 0.73, 0.68, 0.6, 0.5, 0.58, 0.6, 0.55, 0.6, 0.5, 0.76, 0.3, 0.6, 0.3, 0.56, 0.6, 0.55, 0.5, 0.6, 0.6, 0.81, 0.63, 0.6, 0.47, 0.3, 0.6, 0.35, 0.71, 0.64, 0.5, 0.28, 0.4, 0.6, 0.68, 0.2, 0.58, 0.35, 0.3, 0.3, 0.7, 0.7, 0.4, 0.2, 0.3, 0.6, 0.3, 0.5, 0.3, 0.7, 0.4, 0.3, 0.3, 0.3, 0.3, 0.3, 0.4, 0.7, 0.7, 0.7, 0.4, 0.3, 0.4, 0.3, 0.6, 0.3, 0.3, 0.3, 0.7, 0.3, 0.6, 0.6, 0.7, 0.3, 0.3, 0.2, 0.6, 0.7, 0.3, 0.3, 0.3, 0.6, 0.6, 0.7, 0.5, 0.4, 0.3, 0.7, 0.4, 0.8, 0.3, 0.4, 0.2, 0.6, 0.4, 0.3, 0.3, 0.6, 0.7, 0.75, 0.7, 0.6, 0.7, 0.6, 0.7, 0.6, 0.7, 0.6, 0.6, 0.7, 0.7, 0.6, 0.6, 0.7, 0.7, 0.75, 0.7, 0.6, 0.6, 0.7, 0.7, 0.7, 0.7, 0.7, 0.6, 0.6, 0.6, 0.6, 0.6, 0.75, 0.6, 0.7, 0.6, 0.7, 0.75, 0.7, 0.7, 0.7, 0.7, 0.7, 0.7, 0.6, 0.7, 0.8, 0.7, 0.8, 0.7, 0.6, 0.7, 0.6, 0.7, 0.7, 0.6, 0.7, 0.7, 0.7, 0.6, 0.7]",180,0.5546666666666666,0.16208159810553582,4.973475836273769,4.05214347160722
in a way,"[0.55, 0.85, 0.68, 0.67, 0.5, 0.25, 0.35, 0.58, 0.85, 0.7, 0.3, 0.27, 0.45, 0.28, 0.65, 0.55, 0.77, 0.57, 0.25, 0.6, 0.36, 0.67, 0.52, 0.5, 0.5, 0.78, 0.53, 0.47, 0.55, 0.78, 0.3, 0.45, 0.3, 0.75, 0.31, 0.87, 0.48, 0.68, 0.78, 0.67, 0.85, 0.3, 0.78, 0.23, 0.55, 0.73, 0.5, 0.2, 0.41, 0.23, 0.4, 0.2, 0.73, 0.75, 0.67, 0.68, 0.5, 0.85, 0.45, 0.85, 0.3, 0.3, 0.3, 0.4, 0.3, 0.3, 0.3, 0.4, 0.2, 0.3, 0.4, 0.6, 0.3, 0.3, 0.2, 0.6, 0.4, 0.6, 0.4, 0.25, 0.3, 0.3, 0.3, 0.75, 0.6, 0.6, 0.3, 0.5, 0.4, 0.3, 0.3, 0.6, 0.45, 0.2, 0.7, 0.5, 0.25, 0.5, 0.3, 0.3, 0.3, 0.3, 0.5, 0.3, 0.35, 0.7, 0.3, 0.25, 0.7, 0.3, 0.6, 0.3, 0.3, 0.3, 0.3, 0.3, 0.3, 0.3, 0.35, 0.3, 0.7, 0.6, 0.6, 0.6, 0.6, 0.5, 0.6, 0.6, 0.6, 0.6, 0.7, 0.6, 0.5, 0.6, 0.6, 0.6, 0.6, 0.6, 0.5, 0.6, 0.6, 0.6, 0.6, 0.6, 0.6, 0.7, 0.6, 0.6, 0.5, 0.6, 0.6, 0.6, 0.5, 0.6, 0.6, 0.6, 0.6, 0.4, 0.6, 0.5, 0.6, 0.5, 0.5, 0.5, 0.6, 0.6, 0.5, 0.6, 0.6, 0.5, 0.5, 0.6, 0.5, 0.6, 0.5, 0.4, 0.5, 0.5, 0.6, 0.4]",180,0.49905555555555553,0.16731771913279975,4.0966964571225475,4.100908724784279
in a worst-case scenario,"[0.45, 0.7, 0.6, 0.6, 0.3, 0.6, 0.25, 0.78, 0.2, 0.4, 0.47, 0.78, 0.4, 0.36, 0.28, 0.3, 0.7, 0.4, 0.45, 0.43, 0.34, 0.6, 0.2, 0.42, 0.5, 0.6, 0.2, 0.41, 0.6, 0.47, 0.45, 0.65, 0.6, 0.7, 0.85, 0.58, 0.4, 0.6, 0.75, 0.78, 0.2, 0.44, 0.6, 0.5, 0.32, 0.6, 0.22, 0.75, 0.5, 0.6, 0.4, 0.25, 0.4, 0.4, 0.42, 0.3, 0.2, 0.35, 0.5, 0.6, 0.7, 0.4, 0.3, 0.6, 0.4, 0.1, 0.2, 0.3, 0.2, 0.7, 0.4, 0.6, 0.25, 0.7, 0.2, 0.15, 0.75, 0.4, 0.7, 0.85, 0.3, 0.6, 0.4, 0.6, 0.3, 0.7, 0.2, 0.75, 0.3, 0.6, 0.7, 0.7, 0.2, 0.4, 0.75, 0.3, 0.7, 0.2, 0.7, 0.5, 0.1, 0.3, 0.6, 0.7, 0.5, 0.2, 0.3, 0.2, 0.3, 0.4, 0.2, 0.7, 0.2, 0.6, 0.2, 0.7, 0.2, 0.4, 0.6, 0.3, 0.5, 0.7, 0.7, 0.6, 0.5, 0.65, 0.5, 0.5, 0.5, 0.5, 0.6, 0.6, 0.4, 0.7, 0.6, 0.5, 0.6, 0.7, 0.6, 0.6, 0.6, 0.7, 0.5, 0.6, 0.5, 0.5, 0.7, 0.3, 0.6, 0.7, 0.5, 0.8, 0.7, 0.7, 0.5, 0.7, 0.6, 0.7, 0.6, 0.5, 0.7, 0.5, 0.5, 0.6, 0.5, 0.6, 0.7, 0.6, 0.5, 0.7, 0.5, 0.5, 0.6, 0.4, 0.7, 0.6, 0.7, 0.5, 0.3, 0.5]",180,0.49972222222222223,0.17856972045038427,3.525273085953606,3.573390703514144
in all likelihood,"[0.6, 0.68, 0.6, 0.67, 0.75, 0.6, 0.78, 0.35, 0.68, 0.6, 0.81, 0.86, 0.67, 0.8, 0.7, 0.7, 0.68, 0.87, 0.68, 0.5, 0.71, 0.87, 0.68, 0.87, 0.85, 0.6, 0.6, 0.72, 0.6, 0.75, 0.78, 0.76, 0.7, 0.55, 0.76, 0.74, 0.85, 0.65, 0.66, 0.85, 0.6, 0.85, 0.55, 0.6, 0.82, 0.68, 0.86, 0.85, 0.86, 0.75, 0.77, 0.78, 0.78, 0.76, 0.55, 0.6, 0.92, 0.66, 0.85, 0.82, 0.75, 0.75, 0.85, 0.6, 0.85, 0.85, 0.75, 0.75, 0.85, 0.6, 0.75, 0.7, 0.75, 0.75, 0.6, 0.75, 0.75, 0.75, 0.6, 0.85, 0.85, 0.75, 0.75, 0.75, 0.85, 0.75, 0.6, 0.75, 0.75, 0.65, 0.75, 0.75, 0.85, 0.85, 0.75, 0.7, 0.75, 0.75, 0.6, 0.75, 0.85, 0.75, 0.6, 0.75, 0.85, 0.75, 0.85, 0.85, 0.75, 0.75, 0.7, 0.85, 0.7, 0.75, 0.75, 0.6, 0.6, 0.6, 0.6, 0.6, 0.85, 0.85, 0.9, 0.9, 0.85, 0.8, 0.85, 0.8, 0.9, 0.9, 0.8, 0.85, 0.7, 0.9, 0.9, 0.85, 0.85, 0.85, 0.85, 0.9, 0.9, 0.9, 0.9, 0.85, 0.9, 0.9, 0.9, 0.9, 0.95, 0.9, 0.85, 0.9, 0.85, 0.8, 0.85, 0.85, 0.85, 0.9, 0.92, 0.9, 0.85, 0.8, 0.9, 0.9, 0.8, 0.9, 0.9, 0.9, 0.85, 0.9, 0.85, 0.85, 0.85, 0.85, 0.8, 0.85, 0.9, 0.9, 0.85, 0.85]",180,0.7739444444444444,0.10737523624199712,11.945884559788162,3.505142128702411
in all probability,"[0.68, 0.85, 0.6, 0.65, 0.67, 0.7, 0.65, 0.73, 0.85, 0.7, 0.85, 0.75, 0.58, 0.58, 0.6, 0.67, 0.73, 0.75, 0.67, 0.6, 0.6, 0.65, 0.75, 0.85, 0.57, 0.6, 0.73, 0.6, 0.6, 0.6, 0.75, 0.67, 0.72, 0.85, 0.58, 0.62, 0.85, 0.76, 0.68, 0.4, 0.75, 0.85, 0.68, 0.55, 0.48, 0.75, 0.6, 0.63, 0.6, 0.67, 0.72, 0.58, 0.5, 0.75, 0.71, 0.42, 0.76, 0.84, 0.85, 0.52, 0.75, 0.85, 0.85, 0.6, 0.85, 0.7, 0.75, 0.75, 0.75, 0.85, 0.85, 0.75, 0.85, 0.75, 0.85, 0.85, 0.85, 0.85, 0.75, 0.85, 0.6, 0.85, 0.85, 0.85, 0.75, 0.75, 0.75, 0.85, 0.75, 0.75, 0.75, 0.6, 0.85, 0.85, 0.75, 0.75, 0.85, 0.85, 0.85, 0.7, 0.6, 0.7, 0.75, 0.7, 0.85, 0.75, 0.75, 0.6, 0.85, 0.6, 0.65, 0.7, 0.85, 0.85, 0.85, 0.85, 0.75, 0.85, 0.65, 0.85, 0.85, 0.85, 0.85, 0.8, 0.8, 0.8, 0.85, 0.85, 0.9, 0.8, 0.85, 0.9, 0.8, 0.9, 0.8, 0.9, 0.9, 0.8, 0.8, 0.85, 0.9, 0.8, 0.8, 0.8, 0.8, 0.85, 0.85, 0.8, 0.8, 0.9, 0.85, 0.85, 0.85, 0.8, 0.85, 0.85, 0.8, 0.8, 0.85, 0.85, 0.8, 0.8, 0.9, 0.8, 0.85, 0.85, 0.85, 0.85, 0.85, 0.9, 0.9, 0.95, 0.9, 0.9, 0.95, 0.85, 0.85, 0.85, 0.9, 0.95]",180,0.7661111111111112,0.10908400885397602,11.804484709010197,3.6226108340182055
in an ideal world,"[0.65, 0.6, 0.4, 0.6, 0.2, 0.5, 0.4, 0.6, 0.47, 0.65, 0.2, 0.4, 0.28, 0.3, 0.42, 0.8, 0.65, 0.3, 0.75, 0.65, 0.23, 0.5, 0.4, 0.2, 0.6, 0.3, 0.6, 0.4, 0.2, 0.42, 0.3, 0.6, 0.2, 0.4, 0.3, 0.6, 0.55, 0.23, 0.2, 0.3, 0.4, 0.41, 0.68, 0.14, 0.6, 0.2, 0.76, 0.36, 0.3, 0.45, 0.3, 0.45, 0.35, 0.2, 0.22, 0.2, 0.4, 0.2, 0.2, 0.2, 0.1, 0.1, 0.3, 0.5, 0.3, 0.1, 0.4, 0.1, 0.1, 0.5, 0.3, 0.1, 0.3, 0.3, 0.1, 0.3, 0.3, 0.1, 0.3, 0.1, 0.1, 0.3, 0.1, 0.1, 0.3, 0.1, 0.3, 0.1, 0.3, 0.1, 0.3, 0.3, 0.3, 0.3, 0.3, 0.3, 0.3, 0.3, 0.1, 0.3, 0.1, 0.1, 0.1, 0.3, 0.3, 0.1, 0.3, 0.2, 0.3, 0.1, 0.3, 0.1, 0.1, 0.3, 0.3, 0.3, 0.1, 0.3, 0.3, 0.3, 0.7, 0.7, 0.7, 0.7, 0.7, 0.6, 0.7, 0.8, 0.7, 0.7, 0.7, 0.7, 0.7, 0.8, 0.6, 0.7, 0.6, 0.7, 0.7, 0.5, 0.7, 0.7, 0.7, 0.6, 0.6, 0.6, 0.6, 0.6, 0.6, 0.7, 0.6, 0.6, 0.7, 0.75, 0.7, 0.7, 0.5, 0.5, 0.7, 0.6, 0.6, 0.6, 0.7, 0.7, 0.7, 0.6, 0.7, 0.7, 0.7, 0.7, 0.6, 0.7, 0.7, 0.8, 0.7, 0.7, 0.6, 0.7, 0.7, 0.7]",180,0.4334444444444444,0.22036919078426906,1.912812675936055,2.5414626779348866
in certain circumstances,"[0.8, 0.71, 0.7, 0.6, 0.85, 0.88, 0.85, 0.85, 0.8, 0.83, 0.85, 0.78, 0.85, 0.8, 0.67, 0.85, 0.67, 0.75, 0.65, 0.86, 0.85, 0.85, 0.85, 0.8, 0.8, 0.78, 0.85, 0.6, 0.78, 0.85, 0.8, 0.85, 0.65, 0.61, 0.76, 0.85, 0.85, 0.81, 0.78, 0.6, 0.7, 0.72, 0.8, 0.86, 0.75, 0.78, 0.86, 0.85, 0.63, 0.85, 0.75, 0.85, 0.85, 0.8, 0.85, 0.58, 0.78, 0.85, 0.73, 0.78, 0.4, 0.2, 0.4, 0.6, 0.4, 0.4, 0.6, 0.75, 0.6, 0.4, 0.7, 0.4, 0.6, 0.6, 0.6, 0.6, 0.5, 0.4, 0.6, 0.6, 0.6, 0.6, 0.4, 0.4, 0.7, 0.7, 0.6, 0.5, 0.6, 0.6, 0.6, 0.4, 0.4, 0.3, 0.6, 0.6, 0.4, 0.85, 0.6, 0.7, 0.6, 0.4, 0.4, 0.3, 0.5, 0.4, 0.5, 0.75, 0.7, 0.4, 0.6, 0.5, 0.65, 0.75, 0.6, 0.3, 0.3, 0.6, 0.6, 0.6, 0.8, 0.75, 0.85, 0.75, 0.85, 0.8, 0.85, 0.8, 0.7, 0.8, 0.8, 0.85, 0.8, 0.8, 0.85, 0.85, 0.85, 0.85, 0.85, 0.85, 0.8, 0.8, 0.8, 0.8, 0.7, 0.85, 0.85, 0.85, 0.85, 0.8, 0.8, 0.85, 0.8, 0.8, 0.85, 0.8, 0.85, 0.85, 0.85, 0.85, 0.85, 0.85, 0.85, 0.9, 0.8, 0.75, 0.85, 0.85, 0.85, 0.85, 0.9, 0.8, 0.85, 0.8, 0.8, 0.8, 0.8, 0.85, 0.85, 0.85]",180,0.7118888888888888,0.15936955267863323,6.030128833340923,2.502684220380561
in certain conditions,"[0.58, 0.78, 0.82, 0.45, 0.55, 0.85, 0.8, 0.6, 0.86, 0.6, 0.6, 0.6, 0.65, 0.6, 0.75, 0.68, 0.68, 0.88, 0.48, 0.75, 0.6, 0.27, 0.6, 0.76, 0.87, 0.65, 0.69, 0.6, 0.65, 0.85, 0.55, 0.48, 0.88, 0.7, 0.7, 0.6, 0.85, 0.68, 0.5, 0.75, 0.7, 0.71, 0.6, 0.5, 0.76, 0.78, 0.42, 0.85, 0.85, 0.6, 0.73, 0.6, 0.6, 0.75, 0.6, 0.56, 0.6, 0.6, 0.7, 0.67, 0.3, 0.6, 0.6, 0.3, 0.4, 0.3, 0.3, 0.3, 0.3, 0.15, 0.3, 0.6, 0.3, 0.3, 0.3, 0.3, 0.4, 0.7, 0.3, 0.3, 0.3, 0.3, 0.3, 0.4, 0.3, 0.6, 0.7, 0.3, 0.7, 0.3, 0.3, 0.3, 0.7, 0.6, 0.3, 0.3, 0.3, 0.4, 0.6, 0.6, 0.3, 0.4, 0.3, 0.6, 0.3, 0.3, 0.3, 0.3, 0.3, 0.3, 0.4, 0.3, 0.6, 0.4, 0.6, 0.3, 0.3, 0.6, 0.5, 0.3, 0.7, 0.7, 0.6, 0.6, 0.75, 0.7, 0.7, 0.8, 0.7, 0.7, 0.8, 0.7, 0.7, 0.8, 0.8, 0.7, 0.7, 0.75, 0.7, 0.7, 0.7, 0.75, 0.7, 0.8, 0.7, 0.8, 0.8, 0.75, 0.8, 0.75, 0.8, 0.8, 0.8, 0.7, 0.8, 0.7, 0.7, 0.75, 0.8, 0.7, 0.6, 0.75, 0.7, 0.7, 0.7, 0.75, 0.75, 0.8, 0.8, 0.8, 0.7, 0.7, 0.8, 0.8, 0.7, 0.7, 0.7, 0.7, 0.6, 0.7]",180,0.5970555555555556,0.1858305596869908,3.9616248732330486,2.721374743144516
in general,"[0.5, 0.7, 0.7, 0.65, 0.4, 0.7, 0.63, 0.8, 0.7, 0.75, 0.8, 0.45, 0.87, 0.6, 0.87, 0.75, 0.67, 0.6, 0.6, 0.6, 0.68, 0.8, 0.7, 0.58, 0.78, 0.7, 0.83, 0.85, 0.6, 0.87, 0.88, 0.6, 0.67, 0.7, 0.72, 0.7, 0.95, 0.86, 0.75, 0.75, 0.6, 0.6, 0.75, 0.8, 0.6, 0.7, 0.42, 0.95, 0.75, 0.8, 0.83, 0.21, 0.4, 0.6, 0.88, 0.75, 0.6, 0.6, 0.6, 0.6, 0.75, 0.85, 0.7, 0.65, 0.75, 0.85, 0.7, 0.75, 0.75, 0.7, 0.75, 0.75, 0.65, 0.65, 0.75, 0.75, 0.75, 0.85, 0.75, 0.75, 0.75, 0.7, 0.75, 0.75, 0.75, 0.7, 0.85, 0.75, 0.7, 0.85, 0.75, 0.75, 0.85, 0.85, 0.75, 0.75, 0.75, 0.75, 0.75, 0.65, 0.7, 0.75, 0.75, 0.75, 0.75, 0.75, 0.75, 0.75, 0.75, 0.6, 0.75, 0.85, 0.85, 0.75, 0.75, 0.85, 0.85, 0.7, 0.75, 0.7, 0.85, 0.85, 0.8, 0.8, 0.8, 0.8, 0.8, 0.8, 0.7, 0.85, 0.85, 0.8, 0.8, 0.8, 0.8, 0.8, 0.85, 0.85, 0.75, 0.85, 0.8, 0.8, 0.8, 0.75, 0.8, 0.75, 0.85, 0.8, 0.8, 0.75, 0.9, 0.75, 0.85, 0.8, 0.9, 0.8, 0.75, 0.8, 0.7, 0.7, 0.8, 0.8, 0.8, 0.8, 0.8, 0.8, 0.8, 0.8, 0.85, 0.85, 0.85, 0.8, 0.7, 0.7, 0.8, 0.85, 0.8, 0.8, 0.7, 0.7]",180,0.7461111111111112,0.10212948692109165,13.75548341877271,4.728599064990929
in most cases,"[0.7, 0.68, 0.78, 0.85, 0.8, 0.85, 0.7, 0.6, 0.65, 0.81, 0.8, 0.87, 0.87, 0.6, 0.62, 0.78, 0.68, 0.85, 0.85, 0.85, 0.71, 0.85, 0.8, 0.72, 0.58, 0.83, 0.85, 0.6, 0.8, 0.85, 0.87, 0.8, 0.85, 0.85, 0.85, 0.85, 0.85, 0.85, 0.78, 0.8, 0.85, 0.67, 0.85, 0.58, 0.78, 0.82, 0.8, 0.7, 0.45, 0.68, 0.64, 0.85, 0.8, 0.76, 0.67, 0.86, 0.8, 0.6, 0.75, 0.85, 0.85, 0.75, 0.85, 0.65, 0.75, 0.85, 0.85, 0.85, 0.7, 0.65, 0.65, 0.7, 0.85, 0.85, 0.85, 0.85, 0.75, 0.85, 0.65, 0.85, 0.85, 0.75, 0.75, 0.75, 0.75, 0.85, 0.85, 0.85, 0.75, 0.85, 0.85, 0.7, 0.85, 0.85, 0.85, 0.6, 0.7, 0.85, 0.85, 0.75, 0.85, 0.85, 0.85, 0.7, 0.85, 0.85, 0.7, 0.7, 0.75, 0.85, 0.75, 0.85, 0.85, 0.75, 0.75, 0.6, 0.75, 0.7, 0.7, 0.7, 0.9, 0.85, 0.8, 0.85, 0.8, 0.85, 0.85, 0.85, 0.85, 0.95, 0.9, 0.9, 0.85, 0.85, 0.85, 0.8, 0.85, 0.85, 0.8, 0.8, 0.85, 0.85, 0.85, 0.8, 0.85, 0.95, 0.85, 0.85, 0.85, 0.8, 0.9, 0.85, 0.85, 0.95, 0.9, 0.85, 0.85, 0.85, 0.85, 0.85, 0.9, 0.9, 0.85, 0.85, 0.8, 0.85, 0.95, 0.85, 0.9, 0.9, 0.85, 0.9, 0.85, 0.9, 0.8, 0.85, 0.8, 0.8, 0.8, 0.85]",180,0.8002222222222222,0.08544625052274125,18.77978173042242,4.71014861981548
in part,"[0.8, 0.6, 0.38, 0.6, 0.5, 0.7, 0.45, 0.58, 0.58, 0.6, 0.8, 0.55, 0.7, 0.7, 0.87, 0.3, 0.85, 0.8, 0.85, 0.67, 0.5, 0.78, 0.85, 0.78, 0.67, 0.5, 0.85, 0.76, 0.63, 0.83, 0.78, 0.8, 0.81, 0.85, 0.78, 0.6, 0.75, 0.7, 0.58, 0.77, 0.75, 0.8, 0.75, 0.8, 0.58, 0.85, 0.86, 0.58, 0.48, 0.87, 0.86, 0.6, 0.75, 0.87, 0.75, 0.85, 0.6, 0.6, 0.5, 0.7, 0.7, 0.75, 0.6, 0.6, 0.7, 0.6, 0.75, 0.85, 0.7, 0.6, 0.4, 0.85, 0.4, 0.4, 0.7, 0.7, 0.6, 0.5, 0.7, 0.75, 0.4, 0.7, 0.85, 0.7, 0.5, 0.7, 0.85, 0.4, 0.7, 0.7, 0.25, 0.7, 0.6, 0.7, 0.7, 0.85, 0.7, 0.3, 0.7, 0.7, 0.4, 0.3, 0.7, 0.75, 0.6, 0.75, 0.75, 0.85, 0.3, 0.3, 0.4, 0.65, 0.5, 0.3, 0.7, 0.7, 0.7, 0.75, 0.7, 0.6, 0.8, 0.7, 0.8, 0.7, 0.8, 0.75, 0.7, 0.8, 0.9, 0.75, 0.6, 0.8, 0.6, 0.8, 0.7, 0.7, 0.8, 0.8, 0.7, 0.8, 0.75, 0.8, 0.7, 0.8, 0.8, 0.75, 0.8, 0.75, 0.65, 0.75, 0.8, 0.8, 0.8, 0.7, 0.7, 0.7, 0.8, 0.8, 0.8, 0.8, 0.7, 0.8, 0.75, 0.7, 0.75, 0.8, 0.7, 0.7, 0.7, 0.8, 0.7, 0.8, 0.7, 0.8, 0.75, 0.7, 0.75, 0.8, 0.8, 0.8]",180,0.6908333333333333,0.13895193013732804,7.821176238162973,3.5651817884934256
in principle,"[0.57, 0.6, 0.6, 0.58, 0.6, 0.6, 0.85, 0.73, 0.6, 0.84, 0.76, 0.6, 0.65, 0.57, 0.82, 0.75, 0.7, 0.68, 0.68, 0.72, 0.5, 0.6, 0.7, 0.4, 0.63, 0.45, 0.78, 0.64, 0.5, 0.6, 0.95, 0.6, 0.85, 0.78, 0.75, 0.8, 0.6, 0.6, 0.7, 0.85, 0.85, 0.85, 0.8, 0.65, 0.8, 0.72, 0.6, 0.75, 0.5, 0.5, 0.56, 0.75, 0.48, 0.4, 0.6, 0.62, 0.6, 0.5, 0.68, 0.6, 0.85, 0.85, 0.6, 0.85, 0.6, 0.75, 0.75, 0.7, 0.75, 0.75, 0.7, 0.75, 0.85, 0.75, 0.75, 0.85, 0.75, 0.75, 0.7, 0.85, 0.75, 0.7, 0.75, 0.75, 0.75, 0.7, 0.75, 0.7, 0.75, 0.7, 0.75, 0.7, 0.85, 0.85, 0.75, 0.75, 0.75, 0.85, 0.85, 0.9, 0.75, 0.7, 0.5, 0.75, 0.75, 0.5, 0.85, 0.6, 0.85, 0.7, 0.7, 0.3, 0.75, 0.6, 0.2, 0.75, 0.3, 0.7, 0.65, 0.7, 0.8, 0.6, 0.7, 0.7, 0.85, 0.8, 0.85, 0.85, 0.85, 0.8, 0.8, 0.7, 0.7, 0.8, 0.8, 0.8, 0.75, 0.85, 0.75, 0.7, 0.8, 0.85, 0.8, 0.85, 0.85, 0.9, 0.8, 0.75, 0.85, 0.85, 0.7, 0.8, 0.85, 0.85, 0.8, 0.85, 0.85, 0.8, 0.75, 0.8, 0.7, 0.8, 0.8, 0.9, 0.8, 0.7, 0.8, 0.8, 0.8, 0.8, 0.8, 0.7, 0.7, 0.75, 0.6, 0.7, 0.7, 0.9, 0.85, 0.8]",180,0.7213333333333334,0.122417319036156,9.719580965700498,3.802824772162828
in question,"[0.78, 0.8, 0.85, 0.85, 0.05, 0.95, 0.87, 0.8, 0.75, 0.6, 0.7, 0.61, 0.75, 0.6, 0.5, 0.7, 0.7, 0.65, 0.85, 0.75, 0.58, 0.8, 0.46, 0.85, 0.8, 0.6, 0.94, 0.53, 0.58, 0.31, 0.29, 0.31, 0.28, 0.6, 0.6, 0.6, 0.95, 0.8, 0.8, 0.8, 0.85, 0.8, 0.8, 0.8, 0.75, 0.34, 0.76, 0.2, 0.3, 0.6, 0.36, 0.58, 0.6, 0.58, 0.64, 0.34, 0.35, 0.6, 0.6, 0.6, 0.85, 0.85, 0.85, 0.85, 0.85, 0.85, 0.85, 0.85, 0.85, 0.85, 0.85, 0.85, 0.85, 0.85, 0.85, 0.75, 0.85, 0.85, 0.85, 0.85, 0.85, 0.85, 0.75, 0.75, 0.85, 0.85, 0.85, 0.6, 0.3, 0.45, 0.3, 0.3, 0.3, 0.3, 0.2, 0.6, 0.85, 0.85, 0.85, 0.85, 0.85, 0.85, 0.85, 0.85, 0.85, 0.35, 0.3, 0.45, 0.35, 0.25, 0.15, 0.45, 0.75, 0.6, 0.4, 0.3, 0.3, 0.85, 0.75, 0.75, 0.85, 0.85, 0.7, 0.85, 0.8, 0.8, 0.85, 0.9, 0.85, 0.8, 0.85, 0.9, 0.8, 0.8, 0.85, 0.8, 0.85, 0.9, 0.9, 0.8, 0.8, 0.8, 0.85, 0.85, 0.85, 0.85, 0.85, 0.7, 0.6, 0.7, 0.6, 0.6, 0.6, 0.7, 0.85, 0.5, 0.85, 0.9, 0.8, 0.9, 0.9, 0.85, 0.85, 0.8, 0.9, 0.5, 0.6, 0.6, 0.7, 0.7, 0.6, 0.7, 0.7, 0.7, 0.6, 0.5, 0.5, 0.7, 0.7, 0.75]",180,0.6910555555555555,0.1991495731080933,3.563831800491362,1.6765506178014726
in some cases,"[0.5, 0.8, 0.45, 0.55, 0.78, 0.85, 0.67, 0.5, 0.52, 0.56, 0.86, 0.71, 0.86, 0.58, 0.85, 0.74, 0.73, 0.68, 0.78, 0.71, 0.58, 0.6, 0.7, 0.58, 0.56, 0.55, 0.75, 0.68, 0.49, 0.7, 0.73, 0.3, 0.74, 0.78, 0.48, 0.73, 0.45, 0.85, 0.62, 0.7, 0.67, 0.65, 0.78, 0.82, 0.85, 0.78, 0.64, 0.76, 0.52, 0.73, 0.69, 0.78, 0.4, 0.75, 0.7, 0.68, 0.72, 0.68, 0.61, 0.73, 0.4, 0.4, 0.4, 0.5, 0.4, 0.4, 0.5, 0.6, 0.4, 0.6, 0.3, 0.4, 0.4, 0.4, 0.4, 0.6, 0.4, 0.4, 0.4, 0.4, 0.6, 0.3, 0.7, 0.3, 0.5, 0.3, 0.3, 0.4, 0.4, 0.4, 0.5, 0.4, 0.4, 0.4, 0.5, 0.4, 0.3, 0.3, 0.4, 0.4, 0.4, 0.3, 0.6, 0.6, 0.6, 0.4, 0.4, 0.6, 0.6, 0.3, 0.4, 0.4, 0.6, 0.6, 0.6, 0.4, 0.4, 0.7, 0.4, 0.5, 0.75, 0.75, 0.8, 0.6, 0.75, 0.7, 0.7, 0.7, 0.65, 0.7, 0.7, 0.7, 0.8, 0.6, 0.8, 0.6, 0.7, 0.7, 0.7, 0.7, 0.7, 0.7, 0.7, 0.7, 0.7, 0.65, 0.7, 0.7, 0.75, 0.7, 0.6, 0.7, 0.8, 0.65, 0.6, 0.7, 0.7, 0.7, 0.7, 0.75, 0.7, 0.7, 0.7, 0.7, 0.7, 0.7, 0.7, 0.7, 0.85, 0.85, 0.85, 0.9, 0.8, 0.75, 0.8, 0.85, 0.8, 0.7, 0.7, 0.7]",180,0.6113333333333333,0.1570930368355715,5.6463716153170465,3.6113849750469993
in some ways,"[0.51, 0.6, 0.34, 0.76, 0.64, 0.6, 0.6, 0.28, 0.76, 0.6, 0.28, 0.56, 0.68, 0.55, 0.73, 0.42, 0.4, 0.6, 0.6, 0.52, 0.6, 0.47, 0.73, 0.67, 0.43, 0.49, 0.58, 0.6, 0.52, 0.4, 0.58, 0.6, 0.6, 0.68, 0.42, 0.58, 0.6, 0.67, 0.4, 0.6, 0.58, 0.25, 0.7, 0.68, 0.6, 0.4, 0.36, 0.35, 0.55, 0.8, 0.65, 0.52, 0.66, 0.6, 0.4, 0.6, 0.35, 0.53, 0.5, 0.27, 0.3, 0.3, 0.3, 0.3, 0.25, 0.3, 0.2, 0.3, 0.3, 0.3, 0.2, 0.5, 0.3, 0.3, 0.2, 0.3, 0.3, 0.7, 0.3, 0.6, 0.3, 0.3, 0.3, 0.3, 0.3, 0.3, 0.6, 0.3, 0.3, 0.3, 0.2, 0.4, 0.3, 0.3, 0.4, 0.3, 0.4, 0.3, 0.3, 0.65, 0.3, 0.3, 0.4, 0.45, 0.5, 0.3, 0.3, 0.2, 0.3, 0.3, 0.3, 0.3, 0.3, 0.3, 0.3, 0.3, 0.3, 0.4, 0.3, 0.3, 0.6, 0.6, 0.5, 0.6, 0.6, 0.6, 0.5, 0.6, 0.6, 0.6, 0.5, 0.6, 0.6, 0.6, 0.6, 0.6, 0.6, 0.6, 0.65, 0.6, 0.6, 0.6, 0.6, 0.6, 0.6, 0.6, 0.6, 0.4, 0.6, 0.6, 0.5, 0.6, 0.6, 0.6, 0.6, 0.6, 0.7, 0.6, 0.6, 0.6, 0.6, 0.6, 0.6, 0.6, 0.5, 0.6, 0.6, 0.6, 0.6, 0.5, 0.6, 0.6, 0.6, 0.6, 0.6, 0.6, 0.6, 0.6, 0.7, 0.75]",180,0.48916666666666664,0.15133801387769183,5.083616704872479,5.340717783055671
in the ballpark of,"[0.43, 0.75, 0.3, 0.67, 0.55, 0.6, 0.25, 0.6, 0.83, 0.2, 0.77, 0.5, 0.47, 0.69, 0.2, 0.25, 0.3, 0.22, 0.6, 0.6, 0.43, 0.25, 0.4, 0.1, 0.6, 0.4, 0.35, 0.5, 0.2, 0.3, 0.3, 0.45, 0.32, 0.4, 0.6, 0.3, 0.3, 0.3, 0.65, 0.48, 0.3, 0.45, 0.2, 0.52, 0.63, 0.14, 0.55, 0.4, 0.4, 0.23, 0.55, 0.58, 0.46, 0.56, 0.87, 0.78, 0.5, 0.6, 0.65, 0.6, 0.5, 0.3, 0.3, 0.6, 0.7, 0.85, 0.65, 0.3, 0.75, 0.75, 0.7, 0.7, 0.7, 0.7, 0.3, 0.6, 0.6, 0.85, 0.7, 0.3, 0.3, 0.5, 0.5, 0.3, 0.3, 0.5, 0.6, 0.5, 0.5, 0.6, 0.6, 0.5, 0.7, 0.6, 0.6, 0.5, 0.6, 0.4, 0.6, 0.3, 0.6, 0.4, 0.5, 0.3, 0.3, 0.75, 0.6, 0.7, 0.3, 0.7, 0.6, 0.75, 0.75, 0.65, 0.75, 0.75, 0.7, 0.3, 0.6, 0.75, 0.6, 0.7, 0.7, 0.7, 0.7, 0.6, 0.8, 0.8, 0.75, 0.5, 0.6, 0.3, 0.5, 0.5, 0.3, 0.5, 0.3, 0.5, 0.5, 0.5, 0.5, 0.5, 0.4, 0.6, 0.4, 0.5, 0.4, 0.6, 0.5, 0.6, 0.5, 0.5, 0.6, 0.6, 0.5, 0.4, 0.6, 0.6, 0.5, 0.3, 0.75, 0.6, 0.3, 0.6, 0.6, 0.6, 0.6, 0.6, 0.4, 0.6, 0.5, 0.85, 0.85, 0.8, 0.85, 0.85, 0.85, 0.7, 0.6, 0.7]",180,0.5312777777777777,0.17459168414572185,3.900310648870312,3.4566522573586473
in the region of,"[0.62, 0.1, 0.23, 0.2, 0.3, 0.06, 0.2, 0.1, 0.2, 0.58, 0.05, 0.24, 0.2, 0.2, 0.2, 0.08, 0.5, 0.02, 0.28, 0.1, 0.17, 0.26, 0.5, 0.04, 0.22, 0.55, 0.6, 0.23, 0.12, 0.83, 0.28, 0.81, 0.8, 0.4, 0.3, 0.2, 0.6, 0.5, 0.6, 0.2, 0.45, 0.22, 0.05, 0.6, 0.5, 0.6, 0.66, 0.8, 0.71, 0.6, 0.8, 0.65, 0.5, 0.7, 0.34, 0.46, 0.1, 0.04, 0.1, 0.1, 0.75, 0.7, 0.85, 0.85, 0.75, 0.7, 0.7, 0.85, 0.85, 0.8, 0.75, 0.75, 0.85, 0.85, 0.7, 0.85, 0.75, 0.85, 0.7, 0.75, 0.75, 0.75, 0.75, 0.75, 0.7, 0.4, 0.75, 0.85, 0.85, 0.75, 0.1, 0.1, 0.1, 0.5, 0.3, 0.3, 0.1, 0.2, 0.3, 0.3, 0.7, 0.3, 0.75, 0.75, 0.85, 0.7, 0.6, 0.6, 0.7, 0.85, 0.75, 0.3, 0.2, 0.3, 0.7, 0.8, 0.5, 0.5, 0.7, 0.6, 0.2, 0.2, 0.1, 0.1, 0.2, 0.3, 0.1, 0.3, 0.5, 0.3, 0.3, 0.3, 0.3, 0.3, 0.3, 0.2, 0.9, 0.9, 0.85, 0.8, 0.9, 0.8, 0.5, 0.5, 0.6, 0.2, 0.7, 0.1, 0.3, 0.3, 0.5, 0.8, 0.7, 0.8, 0.9, 0.9, 0.95, 0.95, 0.95, 0.95, 1.0, 0.9, 0.8, 0.2, 0.3]",165,0.5027272727272727,0.28247255406791805,1.142978328930364,1.1074165047590032
in the vicinity of,"[0.6, 0.8, 0.95, 0.61, 0.79, 0.5, 0.5, 0.6, 0.58, 0.58, 0.85, 0.5, 0.71, 0.75, 0.4, 0.68, 0.58, 0.84, 0.47, 0.65, 0.6, 0.5, 0.68, 0.48, 0.86, 0.4, 0.5, 0.82, 0.48, 0.3, 0.42, 0.65, 0.74, 0.47, 0.6, 0.48, 0.58, 0.85, 0.2, 0.3, 0.73, 0.75, 0.68, 0.75, 0.85, 0.86, 0.6, 0.48, 0.6, 0.65, 0.55, 0.41, 0.67, 0.6, 0.85, 0.29, 0.57, 0.4, 0.5, 0.6, 0.75, 0.75, 0.75, 0.75, 0.75, 0.65, 0.75, 0.75, 0.65, 0.5, 0.75, 0.75, 0.75, 0.65, 0.75, 0.7, 0.6, 0.6, 0.75, 0.75, 0.75, 0.75, 0.6, 0.75, 0.65, 0.65, 0.75, 0.7, 0.7, 0.75, 0.65, 0.75, 0.65, 0.7, 0.75, 0.85, 0.75, 0.65, 0.75, 0.75, 0.6, 0.65, 0.75, 0.45, 0.65, 0.75, 0.65, 0.6, 0.7, 0.65, 0.65, 0.6, 0.75, 0.75, 0.75, 0.7, 0.75, 0.75, 0.6, 0.45, 0.8, 0.8, 0.85, 0.7, 0.7, 0.8, 0.7, 0.8, 0.7, 0.8, 0.75, 0.75, 0.8, 0.7, 0.7, 0.7, 0.7, 0.7, 0.75, 0.7, 0.7, 0.8, 0.8, 0.8, 0.7, 0.7, 0.7, 0.7, 0.8, 0.7, 0.85, 0.7, 0.8, 0.8, 0.7, 0.7, 0.85, 0.85, 0.8, 0.8, 0.7, 0.75, 0.8, 0.7, 0.8, 0.8, 0.7, 0.75, 0.75, 0.7, 0.8, 0.85, 0.8, 0.8, 0.85, 0.75, 0.75, 0.6, 0.8, 0.8]",180,0.6846666666666666,0.1264533291157036,9.140934952133684,4.2604344004004
in theory,"[0.44, 0.58, 0.76, 0.3, 0.3, 0.6, 0.71, 0.6, 0.3, 0.73, 0.5, 0.4, 0.4, 0.4, 0.3, 0.4, 0.78, 0.42, 0.28, 0.5, 0.6, 0.7, 0.58, 0.5, 0.3, 0.85, 0.6, 0.65, 0.4, 0.4, 0.56, 0.35, 0.4, 0.65, 0.6, 0.38, 0.35, 0.4, 0.58, 0.6, 0.45, 0.6, 0.6, 0.3, 0.3, 0.75, 0.6, 0.35, 0.73, 0.6, 0.56, 0.25, 0.35, 0.6, 0.73, 0.47, 0.2, 0.43, 0.6, 0.25, 0.2, 0.3, 0.3, 0.3, 0.3, 0.3, 0.6, 0.3, 0.1, 0.2, 0.3, 0.3, 0.2, 0.3, 0.3, 0.3, 0.3, 0.4, 0.3, 0.3, 0.2, 0.3, 0.3, 0.3, 0.1, 0.3, 0.3, 0.3, 0.3, 0.4, 0.3, 0.3, 0.3, 0.6, 0.3, 0.3, 0.3, 0.1, 0.3, 0.3, 0.2, 0.2, 0.3, 0.3, 0.3, 0.3, 0.3, 0.3, 0.1, 0.3, 0.6, 0.3, 0.3, 0.3, 0.3, 0.4, 0.2, 0.7, 0.3, 0.3, 0.7, 0.7, 0.6, 0.7, 0.7, 0.7, 0.7, 0.7, 0.7, 0.6, 0.6, 0.6, 0.7, 0.7, 0.7, 0.6, 0.7, 0.7, 0.7, 0.7, 0.6, 0.8, 0.7, 0.7, 0.7, 0.7, 0.7, 0.6, 0.7, 0.7, 0.7, 0.7, 0.75, 0.7, 0.7, 0.6, 0.7, 0.7, 0.7, 0.7, 0.7, 0.7, 0.7, 0.7, 0.7, 0.7, 0.6, 0.6, 0.7, 0.6, 0.6, 0.7, 0.7, 0.7, 0.6, 0.6, 0.6, 0.7, 0.6, 0.8]",180,0.4923333333333333,0.19138704240360682,3.102286742182227,3.22861577678579
inconclusive,"[0.25, 0.2, 0.57, 0.5, 0.67, 0.2, 0.27, 0.68, 0.75, 0.38, 0.45, 0.5, 0.2, 0.5, 0.71, 0.85, 0.36, 0.35, 0.2, 0.56, 0.65, 0.42, 0.27, 0.3, 0.4, 0.6, 0.7, 0.6, 0.85, 0.67, 0.85, 0.53, 0.72, 0.58, 0.5, 0.43, 0.73, 0.58, 0.2, 0.67, 0.27, 0.4, 0.42, 0.44, 0.3, 0.38, 0.41, 0.75, 0.56, 0.2, 0.38, 0.85, 0.62, 0.4, 0.68, 0.48, 0.43, 0.43, 0.42, 0.5, 0.3, 0.3, 0.3, 0.65, 0.6, 0.75, 0.7, 0.85, 0.7, 0.7, 0.7, 0.6, 0.7, 0.6, 0.6, 0.75, 0.6, 0.7, 0.7, 0.7, 0.85, 0.7, 0.7, 0.85, 0.7, 0.7, 0.7, 0.6, 0.7, 0.7, 0.6, 0.6, 0.6, 0.45, 0.3, 0.3, 0.7, 0.7, 0.5, 0.6, 0.75, 0.7, 0.7, 0.7, 0.7, 0.35, 0.2, 0.3, 0.5, 0.35, 0.85, 0.5, 0.7, 0.7, 0.6, 0.6, 0.6, 0.6, 0.7, 0.6, 0.5, 0.6, 0.5, 0.7, 0.5, 0.65, 0.5, 0.5, 0.7, 0.6, 0.5, 0.6, 0.5, 0.6, 0.6, 0.6, 0.5, 0.6, 0.6, 0.5, 0.6, 0.5, 0.6, 0.5, 0.6, 0.6, 0.5, 0.8, 0.6, 0.75, 0.75, 0.75, 0.7, 0.3, 0.5, 0.25, 0.6, 0.7, 0.6, 0.7, 0.6, 0.6, 0.6, 0.7, 0.6, 0.6, 0.8, 0.6, 0.6, 0.75, 0.5, 0.6, 0.6, 0.7, 0.6, 0.65, 0.6, 0.6, 0.6, 0.3]",180,0.5662222222222222,0.1601254909110544,4.982018904853594,3.861826246687915
incontestably,"[1.0, 1.0, 1.0, 1.0, 1.0, 1.0, 1.0, 1.0, 1.0, 1.0, 1.0, 0.97, 1.0, 1.0, 1.0, 1.0, 1.0, 1.0, 1.0, 0.95, 1.0, 1.0, 1.0, 1.0, 1.0, 1.0, 1.0, 1.0, 1.0, 1.0, 1.0, 1.0, 1.0, 1.0, 1.0, 1.0, 0.95, 1.0, 0.9, 1.0, 1.0, 1.0, 1.0, 1.0, 1.0, 1.0, 1.0, 1.0, 1.0, 1.0, 1.0, 1.0, 1.0, 1.0, 1.0, 1.0, 1.0, 1.0, 1.0, 0.9, 0.95, 0.95, 0.95, 0.95, 0.95, 0.95, 0.95, 0.95, 0.95, 0.95, 0.95, 0.95, 0.95, 0.95, 0.95, 0.95, 0.95, 0.95, 0.95, 0.95, 0.95, 0.95, 0.95, 0.95, 0.95, 0.95, 0.95, 0.95, 0.95, 0.95, 0.95, 0.95, 0.95, 0.95, 0.95, 0.95, 0.95, 0.95, 0.95, 0.95, 0.95, 0.95, 0.95, 0.95, 0.95, 0.95, 0.95, 0.95, 0.95, 0.95, 0.95, 0.95, 0.95, 0.95, 0.95, 0.95, 0.95, 0.9, 1.0, 0.95, 1.0, 1.0, 1.0, 1.0, 1.0, 1.0, 1.0, 1.0, 1.0, 1.0, 1.0, 1.0, 1.0, 1.0, 1.0, 1.0, 1.0, 1.0, 1.0, 1.0, 1.0, 1.0, 1.0, 1.0, 1.0, 1.0, 1.0, 1.0, 1.0, 1.0, 1.0, 1.0, 1.0, 1.0, 1.0, 1.0, 1.0, 1.0, 1.0, 1.0, 1.0, 1.0, 1.0, 1.0, 1.0, 1.0, 1.0, 1.0, 1.0, 1.0, 1.0, 1.0, 0.98, 1.0, 0.95, 0.98, 1.0, 1.0, 1.0, 1.0]",180,0.9809999999999999,0.02573583752927684,7.264675164143303,0.133673007844551
incontrovertibly,"[1.0, 1.0, 1.0, 0.98, 0.9, 0.98, 1.0, 0.95, 1.0, 1.0, 1.0, 1.0, 1.0, 1.0, 0.98, 0.95, 1.0, 0.99, 0.95, 0.95, 0.95, 1.0, 1.0, 1.0, 0.98, 1.0, 1.0, 1.0, 0.8, 1.0, 0.99, 1.0, 1.0, 0.99, 0.9, 1.0, 0.98, 1.0, 1.0, 1.0, 1.0, 0.96, 1.0, 0.98, 0.99, 0.8, 0.8, 1.0, 0.9, 0.95, 1.0, 0.9, 0.99, 1.0, 1.0, 1.0, 1.0, 1.0, 1.0, 1.0, 0.9, 0.85, 0.95, 0.85, 0.85, 0.85, 0.85, 0.85, 0.9, 0.85, 0.7, 0.95, 0.85, 0.85, 0.85, 0.85, 0.85, 0.85, 0.85, 0.95, 0.75, 0.95, 0.85, 0.85, 0.85, 0.95, 0.95, 0.85, 0.85, 0.85, 0.85, 0.9, 0.85, 0.95, 0.95, 0.9, 0.9, 0.85, 0.95, 0.9, 0.85, 0.9, 0.9, 0.95, 0.75, 0.95, 0.95, 0.95, 0.95, 0.95, 0.95, 0.95, 0.95, 0.95, 0.95, 0.95, 0.95, 0.95, 0.95, 0.9, 1.0, 1.0, 0.95, 1.0, 1.0, 0.95, 1.0, 1.0, 1.0, 1.0, 1.0, 1.0, 1.0, 1.0, 0.95, 0.95, 0.95, 1.0, 1.0, 1.0, 0.95, 1.0, 1.0, 1.0, 1.0, 1.0, 0.95, 1.0, 1.0, 1.0, 1.0, 1.0, 0.95, 1.0, 1.0, 1.0, 1.0, 0.95, 1.0, 1.0, 1.0, 1.0, 1.0, 1.0, 1.0, 0.95, 0.85, 0.95, 1.0, 0.95, 1.0, 1.0, 1.0, 0.95, 1.0, 1.0, 0.95, 1.0, 1.0, 1.0]",180,0.9507777777777777,0.06262281759830532,3.476519556709129,0.16281243819843316
indeterminate,"[0.78, 0.3, 0.4, 0.8, 0.6, 0.22, 0.55, 0.76, 0.65, 0.85, 0.45, 0.35, 0.4, 0.47, 0.48, 0.68, 0.65, 0.23, 0.6, 0.65, 0.15, 0.45, 0.35, 0.5, 0.6, 0.6, 0.5, 0.4, 0.08, 0.95, 0.2, 0.25, 0.2, 0.58, 0.25, 0.6, 0.04, 0.48, 0.6, 0.6, 0.36, 0.6, 0.3, 0.4, 0.6, 0.46, 0.36, 0.25, 0.67, 0.46, 0.66, 0.53, 0.7, 0.24, 0.55, 0.35, 0.4, 0.8, 0.78, 0.6, 0.6, 0.3, 0.6, 0.45, 0.75, 0.7, 0.4, 0.4, 0.4, 0.7, 0.6, 0.6, 0.7, 0.4, 0.6, 0.5, 0.4, 0.6, 0.6, 0.3, 0.6, 0.6, 0.5, 0.2, 0.6, 0.4, 0.6, 0.7, 0.7, 0.3, 0.6, 0.7, 0.6, 0.4, 0.7, 0.4, 0.7, 0.75, 0.65, 0.4, 0.75, 0.7, 0.6, 0.4, 0.6, 0.45, 0.6, 0.75, 0.6, 0.6, 0.7, 0.6, 0.6, 0.7, 0.3, 0.3, 0.6, 0.6, 0.4, 0.5, 0.6, 0.5, 0.5, 0.5, 0.5, 0.6, 0.5, 0.5, 0.5, 0.5, 0.5, 0.5, 0.5, 0.5, 0.5, 0.5, 0.6, 0.5, 0.5, 0.5, 0.5, 0.5, 0.5, 0.5, 0.5, 0.5, 0.5, 0.5, 0.5, 0.5, 0.7, 0.5, 0.5, 0.5, 0.5, 0.5, 0.7, 0.8, 0.6, 0.7, 0.5, 0.6, 0.6, 0.6, 0.6, 0.7, 0.6, 0.65, 0.5, 0.5, 0.5, 0.5, 0.5, 0.5, 0.5, 0.7, 0.5, 0.5, 0.5, 0.5]",180,0.5262222222222223,0.14899349559089842,4.8823500180225325,4.447028072223046
indisputably,"[0.95, 0.98, 0.95, 0.99, 0.9, 0.98, 0.98, 1.0, 0.95, 1.0, 0.95, 0.99, 0.95, 0.9, 0.95, 0.8, 0.98, 0.8, 1.0, 1.0, 0.95, 0.9, 0.95, 0.95, 0.95, 0.9, 0.9, 0.94, 0.9, 0.8, 0.9, 0.98, 0.98, 1.0, 1.0, 1.0, 1.0, 0.9, 0.9, 0.9, 1.0, 1.0, 1.0, 0.85, 1.0, 1.0, 1.0, 0.96, 1.0, 0.95, 0.95, 0.99, 1.0, 1.0, 1.0, 0.9, 0.99, 1.0, 1.0, 1.0, 0.95, 0.95, 0.95, 0.95, 0.95, 0.95, 0.95, 0.95, 0.95, 0.95, 0.95, 0.95, 0.95, 0.95, 0.95, 0.95, 0.95, 0.95, 0.95, 0.95, 0.95, 0.95, 0.95, 0.95, 0.95, 0.95, 0.95, 0.95, 0.95, 0.95, 0.95, 0.95, 0.95, 0.95, 0.95, 0.95, 0.95, 0.95, 0.95, 0.95, 0.95, 0.95, 0.95, 0.95, 0.95, 0.95, 0.95, 0.95, 0.95, 0.95, 0.95, 0.95, 0.95, 0.95, 0.95, 0.95, 0.85, 0.95, 0.95, 0.95, 1.0, 0.95, 1.0, 1.0, 1.0, 1.0, 1.0, 1.0, 1.0, 1.0, 1.0, 1.0, 0.95, 1.0, 1.0, 1.0, 1.0, 1.0, 1.0, 1.0, 1.0, 1.0, 1.0, 1.0, 1.0, 1.0, 1.0, 1.0, 0.95, 1.0, 1.0, 1.0, 1.0, 1.0, 1.0, 0.99, 0.98, 1.0, 0.95, 1.0, 0.95, 0.95, 1.0, 1.0, 1.0, 1.0, 0.95, 1.0, 0.95, 0.98, 0.98, 1.0, 0.95, 1.0, 1.0, 1.0, 1.0, 1.0, 1.0, 1.0]",180,0.9648333333333332,0.03812953069618234,5.73224804709849,0.19573865324936848
indubitably,"[0.99, 0.99, 0.98, 1.0, 0.8, 0.99, 0.98, 1.0, 1.0, 1.0, 0.9, 0.95, 0.95, 0.95, 0.9, 0.96, 1.0, 0.95, 0.99, 0.9, 1.0, 0.98, 0.99, 1.0, 0.99, 0.98, 0.9, 0.99, 0.99, 0.95, 0.97, 0.95, 0.92, 0.99, 1.0, 1.0, 0.88, 0.95, 0.98, 0.95, 0.9, 0.9, 0.98, 0.98, 0.98, 0.95, 0.95, 0.98, 0.99, 0.95, 0.95, 0.9, 0.98, 0.95, 0.98, 0.9, 1.0, 0.95, 0.98, 0.95, 0.95, 0.95, 0.95, 0.95, 0.95, 0.95, 0.95, 0.95, 0.95, 0.95, 0.95, 0.95, 0.95, 0.95, 0.95, 0.95, 0.95, 0.95, 0.95, 0.95, 0.95, 0.95, 0.95, 0.95, 1.0, 0.95, 0.95, 0.95, 0.95, 0.95, 0.95, 0.95, 0.95, 0.95, 0.95, 0.95, 0.95, 0.95, 0.95, 0.95, 0.95, 0.95, 0.95, 0.95, 0.95, 0.95, 0.95, 0.95, 0.95, 0.95, 0.95, 0.95, 0.95, 0.95, 0.95, 0.95, 1.0, 0.95, 0.95, 0.95, 1.0, 1.0, 1.0, 1.0, 1.0, 1.0, 1.0, 1.0, 0.95, 1.0, 1.0, 1.0, 1.0, 0.95, 1.0, 1.0, 1.0, 1.0, 0.95, 0.95, 1.0, 1.0, 0.95, 1.0, 0.95, 1.0, 1.0, 1.0, 1.0, 0.95, 1.0, 0.98, 1.0, 1.0, 1.0, 1.0, 1.0, 1.0, 0.95, 1.0, 1.0, 1.0, 1.0, 1.0, 1.0, 1.0, 1.0, 1.0, 0.95, 1.0, 0.95, 0.95, 1.0, 0.98, 0.95, 1.0, 0.95, 0.95, 0.98, 0.98]",180,0.9664444444444444,0.030324581562052606,7.273191806572431,0.23914427735869576
it appears,"[0.61, 0.67, 0.67, 0.82, 0.5, 0.67, 0.83, 0.6, 0.87, 0.78, 0.58, 0.6, 0.6, 0.75, 0.7, 0.64, 0.6, 0.6, 0.85, 0.65, 0.61, 0.53, 0.63, 0.62, 0.7, 0.65, 0.5, 0.65, 0.75, 0.7, 0.6, 0.56, 0.58, 0.75, 0.68, 0.6, 0.6, 0.87, 0.58, 0.68, 0.86, 0.6, 0.67, 0.6, 0.75, 0.45, 0.77, 0.7, 0.41, 0.78, 0.78, 0.67, 0.68, 0.7, 0.78, 0.58, 0.65, 0.73, 0.68, 0.71, 0.7, 0.85, 0.85, 0.75, 0.85, 0.85, 0.75, 0.75, 0.9, 0.9, 0.75, 0.85, 0.85, 0.85, 0.75, 0.85, 0.75, 0.75, 0.85, 0.6, 0.75, 0.85, 0.7, 0.75, 0.85, 0.7, 0.85, 0.85, 0.65, 0.75, 0.75, 0.6, 0.85, 0.85, 0.7, 0.75, 0.75, 0.85, 0.85, 0.75, 0.75, 0.85, 0.85, 0.85, 0.75, 0.85, 0.85, 0.85, 0.75, 0.75, 0.85, 0.85, 0.75, 0.85, 0.85, 0.85, 0.85, 0.7, 0.85, 0.85, 0.7, 0.85, 0.8, 0.85, 0.8, 0.8, 0.8, 0.7, 0.8, 0.85, 0.8, 0.8, 0.8, 0.75, 0.8, 0.8, 0.8, 0.8, 0.8, 0.8, 0.85, 0.8, 0.8, 0.85, 0.8, 0.8, 0.85, 0.8, 0.8, 0.8, 0.85, 0.8, 0.85, 0.75, 0.85, 0.8, 0.85, 0.85, 0.8, 0.8, 0.8, 0.8, 0.85, 0.7, 0.8, 0.8, 0.85, 0.8, 0.8, 0.8, 0.8, 0.8, 0.8, 0.8, 0.85, 0.7, 0.8, 0.85, 0.8, 0.75]",180,0.7551666666666667,0.09670387215044125,15.878374759288743,5.175540424389442
it appears that,"[0.85, 0.85, 0.8, 0.6, 0.7, 0.67, 0.7, 0.6, 0.6, 0.85, 0.75, 0.8, 0.78, 0.78, 0.6, 0.7, 0.88, 0.6, 0.68, 0.83, 0.6, 0.85, 0.68, 0.6, 0.85, 0.73, 0.85, 0.75, 0.86, 0.75, 0.87, 0.6, 0.68, 0.75, 0.6, 0.65, 0.68, 0.75, 0.58, 0.78, 0.75, 0.87, 0.85, 0.6, 0.85, 0.78, 0.68, 0.85, 0.67, 0.75, 0.85, 0.87, 0.68, 0.78, 0.67, 0.75, 0.61, 0.53, 0.6, 0.6, 0.7, 0.65, 0.75, 0.75, 0.6, 0.6, 0.85, 0.75, 0.65, 0.75, 0.65, 0.75, 0.85, 0.65, 0.85, 0.75, 0.75, 0.75, 0.75, 0.85, 0.75, 0.75, 0.75, 0.75, 0.75, 0.75, 0.7, 0.55, 0.65, 0.75, 0.65, 0.7, 0.85, 0.75, 0.85, 0.7, 0.65, 0.75, 0.75, 0.45, 0.75, 0.75, 0.85, 0.75, 0.65, 0.85, 0.7, 0.75, 0.75, 0.65, 0.75, 0.75, 0.7, 0.75, 0.85, 0.65, 0.75, 0.85, 0.65, 0.65, 0.8, 0.8, 0.8, 0.85, 0.85, 0.8, 0.8, 0.85, 0.85, 0.8, 0.75, 0.85, 0.7, 0.8, 0.85, 0.8, 0.85, 0.85, 0.85, 0.8, 0.8, 0.9, 0.85, 0.8, 0.85, 0.8, 0.8, 0.6, 0.75, 0.8, 0.8, 0.85, 0.85, 0.8, 0.8, 0.8, 0.85, 0.7, 0.85, 0.8, 0.85, 0.8, 0.85, 0.85, 0.85, 0.8, 0.85, 0.85, 0.85, 0.8, 0.85, 0.75, 0.8, 0.8, 0.8, 0.85, 0.85, 0.8, 0.8, 0.8]",180,0.7565,0.08799921085504751,18.60337825230826,6.003803444654099
it cannot be ruled out that,"[0.85, 0.32, 0.63, 0.58, 0.6, 0.56, 0.3, 0.6, 0.45, 0.6, 0.73, 0.96, 0.25, 0.68, 0.76, 0.35, 0.65, 0.86, 0.66, 0.58, 0.68, 0.7, 0.73, 0.53, 0.6, 0.56, 0.67, 0.23, 0.6, 0.65, 0.75, 0.25, 0.6, 0.55, 0.75, 0.52, 0.75, 0.45, 0.58, 0.38, 0.72, 0.3, 0.55, 0.67, 0.74, 0.48, 0.6, 0.6, 0.75, 0.78, 0.74, 0.78, 0.87, 0.28, 0.7, 0.61, 0.73, 0.6, 0.22, 0.08, 0.75, 0.6, 0.7, 0.4, 0.6, 0.45, 0.4, 0.6, 0.6, 0.7, 0.85, 0.6, 0.6, 0.3, 0.7, 0.45, 0.75, 0.4, 0.6, 0.7, 0.5, 0.5, 0.7, 0.7, 0.7, 0.6, 0.7, 0.4, 0.7, 0.4, 0.4, 0.75, 0.6, 0.7, 0.75, 0.3, 0.75, 0.7, 0.7, 0.7, 0.4, 0.6, 0.6, 0.6, 0.7, 0.75, 0.6, 0.6, 0.6, 0.7, 0.4, 0.75, 0.6, 0.7, 0.75, 0.7, 0.7, 0.3, 0.3, 0.2, 0.6, 0.7, 0.6, 0.6, 0.75, 0.8, 0.7, 0.7, 0.6, 0.75, 0.6, 0.6, 0.5, 0.6, 0.5, 0.7, 0.6, 0.5, 0.5, 0.6, 0.5, 0.6, 0.7, 0.7, 0.7, 0.6, 0.6, 0.6, 0.6, 0.6, 0.6, 0.7, 0.75, 0.5, 0.8, 0.6, 0.7, 0.7, 0.7, 0.6, 0.6, 0.6, 0.6, 0.7, 0.6, 0.7, 0.6, 0.75, 0.6, 0.6, 0.5, 0.7, 0.7, 0.7, 0.6, 0.6, 0.5, 0.6, 0.6, 0.7]",180,0.6041666666666666,0.14457552812745778,6.1663247224632824,4.106183862648876
it could be argued that,"[0.26, 0.78, 0.58, 0.6, 0.45, 0.54, 0.31, 0.66, 0.51, 0.58, 0.4, 0.67, 0.66, 0.5, 0.58, 0.2, 0.73, 0.57, 0.55, 0.4, 0.4, 0.5, 0.43, 0.73, 0.35, 0.4, 0.76, 0.48, 0.6, 0.22, 0.43, 0.43, 0.62, 0.58, 0.6, 0.5, 0.6, 0.4, 0.45, 0.62, 0.85, 0.55, 0.67, 0.57, 0.23, 0.76, 0.5, 0.67, 0.87, 0.65, 0.6, 0.5, 0.4, 0.4, 0.55, 0.53, 0.53, 0.5, 0.57, 0.75, 0.3, 0.3, 0.3, 0.3, 0.3, 0.3, 0.2, 0.3, 0.3, 0.7, 0.3, 0.3, 0.3, 0.3, 0.3, 0.6, 0.4, 0.3, 0.3, 0.4, 0.2, 0.3, 0.3, 0.3, 0.6, 0.3, 0.3, 0.3, 0.3, 0.3, 0.2, 0.4, 0.3, 0.3, 0.3, 0.3, 0.3, 0.3, 0.3, 0.3, 0.3, 0.3, 0.3, 0.3, 0.3, 0.3, 0.3, 0.3, 0.3, 0.3, 0.3, 0.3, 0.3, 0.3, 0.3, 0.3, 0.3, 0.3, 0.7, 0.3, 0.6, 0.6, 0.6, 0.5, 0.5, 0.6, 0.6, 0.6, 0.7, 0.7, 0.6, 0.5, 0.6, 0.6, 0.6, 0.6, 0.6, 0.5, 0.6, 0.5, 0.7, 0.6, 0.6, 0.6, 0.5, 0.6, 0.7, 0.5, 0.7, 0.6, 0.6, 0.5, 0.6, 0.6, 0.5, 0.7, 0.6, 0.7, 0.6, 0.6, 0.6, 0.7, 0.5, 0.6, 0.6, 0.5, 0.5, 0.7, 0.6, 0.5, 0.7, 0.5, 0.6, 0.6, 0.6, 0.6, 0.6, 0.5, 0.5, 0.6]",180,0.48377777777777775,0.15762175384111995,4.583175726586954,4.888381190639526
it could be that,"[0.3, 0.38, 0.55, 0.35, 0.3, 0.55, 0.6, 0.3, 0.53, 0.35, 0.35, 0.58, 0.68, 0.4, 0.35, 0.55, 0.22, 0.35, 0.34, 0.35, 0.3, 0.4, 0.73, 0.55, 0.44, 0.34, 0.35, 0.36, 0.6, 0.58, 0.56, 0.31, 0.52, 0.3, 0.34, 0.6, 0.31, 0.49, 0.6, 0.45, 0.48, 0.64, 0.23, 0.3, 0.4, 0.68, 0.53, 0.39, 0.6, 0.4, 0.28, 0.6, 0.58, 0.62, 0.36, 0.78, 0.63, 0.34, 0.68, 0.35, 0.2, 0.3, 0.2, 0.3, 0.2, 0.2, 0.2, 0.2, 0.3, 0.2, 0.2, 0.3, 0.2, 0.2, 0.3, 0.2, 0.2, 0.3, 0.2, 0.2, 0.3, 0.2, 0.2, 0.3, 0.3, 0.2, 0.3, 0.2, 0.3, 0.4, 0.2, 0.2, 0.2, 0.2, 0.2, 0.3, 0.2, 0.3, 0.2, 0.2, 0.2, 0.3, 0.2, 0.2, 0.3, 0.2, 0.3, 0.3, 0.2, 0.3, 0.2, 0.3, 0.3, 0.2, 0.3, 0.2, 0.3, 0.2, 0.2, 0.3, 0.6, 0.6, 0.4, 0.6, 0.6, 0.6, 0.6, 0.5, 0.5, 0.6, 0.5, 0.6, 0.5, 0.5, 0.5, 0.4, 0.5, 0.6, 0.6, 0.4, 0.6, 0.6, 0.6, 0.6, 0.5, 0.6, 0.5, 0.4, 0.6, 0.6, 0.6, 0.6, 0.5, 0.6, 0.6, 0.6, 0.6, 0.4, 0.5, 0.5, 0.5, 0.5, 0.6, 0.6, 0.6, 0.4, 0.6, 0.6, 0.5, 0.5, 0.5, 0.6, 0.5, 0.5, 0.6, 0.6, 0.6, 0.6, 0.6, 0.6]",180,0.41544444444444445,0.1594097523233835,3.7886372328143163,5.338439435360586
it goes without saying,"[0.98, 0.98, 0.9, 0.85, 0.98, 0.98, 0.95, 0.95, 0.87, 0.9, 0.9, 0.8, 0.95, 0.99, 0.95, 0.98, 0.92, 0.95, 0.95, 0.9, 0.85, 0.99, 0.98, 0.95, 0.95, 0.98, 0.95, 0.95, 0.98, 0.98, 0.98, 0.95, 0.95, 0.9, 0.99, 0.8, 0.92, 0.98, 0.98, 0.98, 0.95, 0.8, 0.95, 0.8, 0.85, 0.95, 0.98, 0.95, 0.95, 0.96, 0.98, 0.9, 0.95, 0.95, 0.98, 0.95, 0.9, 0.98, 0.98, 0.95, 0.95, 0.95, 0.95, 0.95, 0.95, 0.95, 0.95, 0.95, 0.95, 0.95, 0.95, 0.95, 0.95, 0.95, 0.95, 0.95, 0.95, 0.95, 0.95, 0.95, 0.95, 0.95, 0.95, 0.95, 0.95, 0.95, 0.95, 0.95, 0.9, 0.95, 0.95, 0.95, 0.95, 0.95, 0.95, 0.95, 0.95, 0.95, 0.95, 0.95, 0.95, 0.95, 0.95, 0.95, 0.95, 0.95, 0.9, 0.95, 0.95, 0.95, 0.85, 0.95, 0.95, 0.95, 0.95, 0.95, 0.85, 0.95, 0.95, 0.95, 0.98, 0.95, 0.95, 0.95, 0.95, 0.95, 0.95, 0.95, 0.98, 0.95, 0.95, 0.98, 0.95, 0.95, 0.95, 0.95, 0.95, 0.95, 0.95, 0.98, 0.95, 0.95, 0.95, 0.95, 0.95, 0.95, 0.95, 0.95, 0.95, 0.95, 0.95, 0.95, 0.95, 0.95, 0.95, 0.95, 0.95, 0.95, 0.95, 0.95, 0.95, 0.95, 0.95, 0.95, 0.95, 0.95, 0.95, 0.95, 0.95, 0.95, 0.95, 0.95, 0.95, 0.95, 0.95, 0.95, 0.95, 0.95, 0.95, 0.95]",180,0.945,0.03256617195120659,63.98329106285499,3.737510198464531
it has been argued that,"[0.29, 0.6, 0.76, 0.6, 0.85, 0.3, 0.86, 0.38, 0.77, 0.6, 0.61, 0.71, 0.35, 0.34, 0.6, 0.58, 0.6, 0.51, 0.7, 0.4, 0.4, 0.6, 0.45, 0.53, 0.6, 0.58, 0.5, 0.75, 0.35, 0.85, 0.38, 0.6, 0.5, 0.78, 0.4, 0.6, 0.5, 0.4, 0.6, 0.3, 0.34, 0.85, 0.3, 0.4, 0.6, 0.33, 0.4, 0.7, 0.6, 0.6, 0.56, 0.55, 0.5, 0.85, 0.67, 0.6, 0.63, 0.71, 0.34, 0.6, 0.3, 0.3, 0.7, 0.7, 0.3, 0.3, 0.7, 0.75, 0.3, 0.3, 0.3, 0.3, 0.3, 0.3, 0.3, 0.7, 0.3, 0.3, 0.6, 0.3, 0.3, 0.7, 0.3, 0.4, 0.7, 0.75, 0.3, 0.7, 0.7, 0.75, 0.6, 0.7, 0.2, 0.7, 0.3, 0.3, 0.2, 0.3, 0.3, 0.7, 0.3, 0.3, 0.7, 0.7, 0.4, 0.3, 0.3, 0.3, 0.75, 0.7, 0.6, 0.7, 0.9, 0.3, 0.3, 0.1, 0.6, 0.3, 0.7, 0.3, 0.7, 0.6, 0.75, 0.5, 0.7, 0.6, 0.7, 0.6, 0.6, 0.6, 0.75, 0.7, 0.75, 0.6, 0.75, 0.7, 0.7, 0.6, 0.6, 0.6, 0.7, 0.6, 0.7, 0.7, 0.7, 0.7, 0.7, 0.7, 0.7, 0.75, 0.7, 0.6, 0.7, 0.7, 0.7, 0.7, 0.6, 0.8, 0.7, 0.8, 0.7, 0.7, 0.7, 0.7, 0.6, 0.7, 0.6, 0.8, 0.7, 0.8, 0.7, 0.7, 0.6, 0.8, 0.6, 0.7, 0.7, 0.7, 0.7, 0.6]",180,0.5658888888888889,0.1792601737044322,4.04711713534925,3.1504680448288322
it has been observed that,"[0.73, 0.8, 0.8, 0.6, 0.8, 0.95, 0.88, 0.85, 0.81, 0.7, 0.85, 0.8, 0.6, 0.8, 0.8, 0.8, 0.95, 0.84, 0.85, 0.96, 0.95, 0.68, 0.68, 0.6, 0.8, 0.9, 0.65, 0.95, 0.95, 0.85, 0.8, 0.83, 0.67, 0.85, 0.7, 0.85, 0.8, 0.85, 0.87, 0.78, 0.96, 0.87, 0.65, 0.75, 0.85, 0.6, 0.65, 0.78, 0.87, 0.68, 0.71, 0.85, 0.85, 0.75, 0.8, 0.7, 0.85, 0.8, 0.7, 0.8, 0.85, 0.85, 0.85, 0.85, 0.85, 0.75, 0.85, 0.85, 0.85, 0.85, 0.85, 0.85, 0.85, 0.85, 0.75, 0.85, 0.85, 0.85, 0.75, 0.85, 0.85, 0.85, 0.85, 0.85, 0.85, 0.85, 0.85, 0.65, 0.85, 0.75, 0.75, 0.75, 0.85, 0.85, 0.85, 0.75, 0.85, 0.85, 0.85, 0.85, 0.85, 0.85, 0.75, 0.85, 0.85, 0.85, 0.85, 0.85, 0.85, 0.85, 0.85, 0.85, 0.85, 0.85, 0.85, 0.85, 0.85, 0.85, 0.85, 0.7, 0.95, 0.95, 0.95, 0.9, 0.95, 0.95, 0.9, 0.85, 0.9, 0.85, 0.95, 0.9, 0.85, 0.95, 0.95, 0.95, 0.8, 0.95, 0.9, 0.85, 0.85, 0.95, 0.95, 0.85, 0.95, 0.95, 0.9, 0.9, 0.95, 0.85, 0.95, 0.85, 0.9, 0.95, 0.85, 0.95, 0.9, 0.85, 0.95, 0.95, 0.95, 0.9, 0.85, 0.95, 0.9, 0.9, 0.95, 0.95, 0.85, 0.95, 0.95, 0.95, 0.85, 0.95, 0.85, 0.9, 0.95, 0.85, 0.85, 0.95]",180,0.845,0.08264045283300692,15.737533559410517,2.8893938393448897
it is clear that,"[0.9, 0.96, 0.9, 0.76, 0.8, 0.9, 0.8, 0.95, 0.7, 0.8, 0.95, 0.8, 0.8, 0.95, 0.9, 0.8, 0.8, 0.8, 0.8, 0.8, 0.95, 1.0, 0.8, 0.8, 0.95, 0.9, 0.8, 0.87, 1.0, 0.9, 0.85, 0.8, 0.8, 0.98, 0.8, 0.8, 0.8, 0.85, 0.97, 0.95, 1.0, 0.9, 0.8, 0.97, 0.8, 0.95, 0.95, 0.8, 0.95, 0.96, 0.9, 0.95, 0.8, 0.9, 0.8, 0.99, 0.95, 0.8, 0.9, 0.95, 0.85, 0.85, 0.85, 0.9, 0.95, 0.85, 0.85, 0.95, 0.85, 0.85, 0.85, 0.9, 0.85, 0.85, 0.9, 0.85, 0.85, 0.95, 0.85, 0.85, 0.85, 0.75, 0.9, 0.95, 0.95, 0.95, 0.9, 0.75, 0.9, 0.85, 0.85, 0.9, 0.9, 0.85, 0.85, 0.9, 0.85, 0.85, 0.85, 0.9, 0.85, 0.85, 0.9, 0.85, 0.85, 0.85, 0.85, 0.85, 0.85, 0.9, 0.85, 0.85, 0.85, 0.85, 0.85, 0.85, 0.85, 0.9, 0.85, 0.9, 0.95, 0.95, 0.95, 0.95, 0.95, 0.95, 0.95, 1.0, 0.95, 0.95, 0.95, 0.95, 0.95, 0.95, 0.95, 0.95, 0.95, 0.95, 0.95, 0.95, 0.95, 0.95, 0.95, 0.95, 0.95, 0.95, 0.95, 0.95, 0.95, 0.95, 0.95, 0.95, 0.95, 0.95, 0.95, 0.95, 0.95, 0.95, 0.95, 0.95, 0.95, 0.95, 0.95, 1.0, 0.95, 0.95, 0.95, 0.95, 0.95, 0.95, 0.95, 0.95, 0.95, 0.95, 0.95, 0.95, 1.0, 0.95, 1.0, 0.95]",180,0.8986666666666666,0.06375648115202788,8.727991139429244,0.95269545047352
it is commonly held that,"[0.4, 0.58, 0.57, 0.55, 0.5, 0.63, 0.8, 0.85, 0.58, 0.83, 0.78, 0.8, 0.76, 0.68, 0.76, 0.6, 0.86, 0.61, 0.7, 0.74, 0.85, 0.68, 0.85, 0.86, 0.8, 0.85, 0.76, 0.81, 0.85, 0.52, 0.67, 0.75, 0.8, 0.67, 0.75, 0.83, 0.85, 0.85, 0.63, 0.85, 0.71, 0.73, 0.78, 0.5, 0.7, 0.6, 0.7, 0.7, 0.85, 0.8, 0.5, 0.67, 0.58, 0.73, 0.62, 0.85, 0.75, 0.63, 0.85, 0.74, 0.75, 0.75, 0.75, 0.75, 0.75, 0.75, 0.75, 0.75, 0.7, 0.85, 0.7, 0.7, 0.7, 0.75, 0.75, 0.85, 0.85, 0.75, 0.75, 0.7, 0.7, 0.7, 0.7, 0.75, 0.6, 0.7, 0.75, 0.75, 0.75, 0.7, 0.85, 0.7, 0.7, 0.7, 0.75, 0.75, 0.75, 0.85, 0.75, 0.75, 0.75, 0.85, 0.7, 0.85, 0.85, 0.85, 0.75, 0.7, 0.75, 0.85, 0.75, 0.75, 0.7, 0.7, 0.7, 0.7, 0.75, 0.7, 0.75, 0.7, 0.75, 0.8, 0.7, 0.7, 0.75, 0.6, 0.75, 0.75, 0.8, 0.7, 0.7, 0.7, 0.8, 0.7, 0.7, 0.7, 0.7, 0.7, 0.8, 0.7, 0.7, 0.7, 0.75, 0.7, 0.7, 0.7, 0.8, 0.85, 0.75, 0.7, 0.7, 0.75, 0.75, 0.8, 0.8, 0.7, 0.75, 0.85, 0.75, 0.7, 0.7, 0.6, 0.8, 0.7, 0.6, 0.7, 0.8, 0.7, 0.7, 0.6, 0.75, 0.7, 0.7, 0.7, 0.7, 0.6, 0.6, 0.6, 0.7, 0.7]",180,0.7272222222222222,0.0820775754701717,21.272794304347165,7.9916612227961705
it is generally accepted that,"[0.85, 0.75, 0.36, 0.8, 0.55, 0.67, 0.27, 0.58, 0.3, 0.58, 0.6, 0.52, 0.56, 0.7, 0.75, 0.6, 0.5, 0.36, 0.56, 0.73, 0.58, 0.73, 0.68, 0.95, 0.57, 0.61, 0.44, 0.86, 0.72, 0.67, 0.78, 0.78, 0.8, 0.6, 0.7, 0.78, 0.6, 0.5, 0.76, 0.78, 0.7, 0.68, 0.27, 0.46, 0.85, 0.35, 0.7, 0.58, 0.49, 0.75, 0.85, 0.7, 0.5, 0.58, 0.6, 0.67, 0.6, 0.65, 0.78, 0.41, 0.85, 0.75, 0.75, 0.75, 0.7, 0.75, 0.85, 0.75, 0.75, 0.75, 0.85, 0.85, 0.85, 0.75, 0.75, 0.85, 0.85, 0.75, 0.75, 0.75, 0.85, 0.85, 0.85, 0.85, 0.85, 0.85, 0.75, 0.75, 0.85, 0.85, 0.75, 0.85, 0.85, 0.75, 0.85, 0.6, 0.85, 0.75, 0.75, 0.75, 0.85, 0.85, 0.75, 0.85, 0.75, 0.85, 0.75, 0.85, 0.75, 0.85, 0.75, 0.75, 0.7, 0.85, 0.85, 0.7, 0.75, 0.85, 0.85, 0.85, 0.95, 0.95, 0.9, 0.85, 0.95, 0.95, 0.95, 0.9, 0.95, 0.95, 0.95, 0.95, 0.95, 0.85, 0.95, 0.95, 0.95, 0.95, 0.8, 0.9, 0.85, 0.95, 0.85, 0.95, 0.95, 0.95, 0.95, 0.95, 0.95, 0.85, 0.95, 0.9, 0.9, 0.95, 0.95, 0.9, 0.95, 0.95, 0.95, 0.9, 0.95, 0.9, 0.85, 0.95, 0.9, 0.9, 0.85, 0.85, 0.85, 0.85, 0.85, 0.9, 0.85, 0.85, 0.8, 0.9, 0.85, 0.9, 0.95, 0.85]",180,0.7772222222222223,0.152096663545682,5.739831314340088,1.6761649705940689
it is hard to say,"[0.58, 0.6, 0.75, 0.68, 0.44, 0.5, 0.68, 0.58, 0.6, 0.58, 0.67, 0.46, 0.4, 0.58, 0.43, 0.54, 0.45, 0.4, 0.3, 0.5, 0.6, 0.75, 0.5, 0.46, 0.58, 0.6, 0.25, 0.7, 0.6, 0.73, 0.68, 0.76, 0.67, 0.51, 0.29, 0.69, 0.4, 0.43, 0.47, 0.6, 0.46, 0.3, 0.53, 0.4, 0.2, 0.68, 0.66, 0.58, 0.31, 0.55, 0.25, 0.42, 0.4, 0.58, 0.53, 0.71, 0.67, 0.31, 0.6, 0.76, 0.7, 0.6, 0.6, 0.7, 0.6, 0.5, 0.3, 0.2, 0.6, 0.7, 0.7, 0.2, 0.5, 0.6, 0.6, 0.3, 0.7, 0.6, 0.5, 0.7, 0.4, 0.4, 0.2, 0.3, 0.4, 0.6, 0.7, 0.4, 0.3, 0.3, 0.6, 0.7, 0.6, 0.7, 0.4, 0.6, 0.4, 0.6, 0.25, 0.3, 0.4, 0.6, 0.3, 0.6, 0.3, 0.6, 0.6, 0.25, 0.6, 0.6, 0.3, 0.6, 0.3, 0.3, 0.3, 0.6, 0.6, 0.3, 0.3, 0.5, 0.65, 0.5, 0.6, 0.6, 0.6, 0.4, 0.6, 0.6, 0.5, 0.4, 0.5, 0.5, 0.6, 0.6, 0.3, 0.65, 0.6, 0.5, 0.5, 0.6, 0.5, 0.6, 0.5, 0.5, 0.6, 0.5, 0.6, 0.4, 0.5, 0.6, 0.6, 0.6, 0.3, 0.6, 0.5, 0.6, 0.6, 0.6, 0.5, 0.3, 0.5, 0.5, 0.5, 0.6, 0.6, 0.7, 0.45, 0.5, 0.4, 0.6, 0.6, 0.5, 0.7, 0.6, 0.6, 0.5, 0.6, 0.5, 0.6, 0.6]",180,0.5185555555555555,0.13715004849605097,6.486943623073984,6.073250953668525
it is important to note that,"[0.86, 0.95, 0.9, 0.95, 0.8, 0.95, 0.75, 0.88, 0.85, 0.92, 0.95, 0.85, 0.87, 0.8, 0.85, 0.9, 0.8, 0.96, 0.95, 0.85, 0.96, 0.9, 0.73, 0.98, 0.95, 0.64, 0.87, 0.96, 0.85, 0.8, 0.87, 0.85, 0.85, 0.87, 0.8, 0.8, 0.8, 1.0, 0.8, 0.87, 0.98, 0.85, 0.85, 0.58, 0.75, 0.8, 0.85, 0.8, 0.8, 0.8, 0.8, 0.85, 0.8, 0.85, 0.85, 0.9, 0.8, 0.8, 0.98, 0.95, 0.85, 0.85, 0.75, 0.85, 0.85, 0.85, 0.85, 0.75, 0.85, 0.85, 0.85, 0.85, 0.85, 0.85, 0.85, 0.85, 0.85, 0.85, 0.85, 0.85, 0.85, 0.75, 0.85, 0.85, 0.85, 0.85, 0.85, 0.85, 0.85, 0.85, 0.85, 0.85, 0.85, 0.85, 0.85, 0.85, 0.85, 0.85, 0.85, 0.85, 0.75, 0.85, 0.85, 0.85, 0.85, 0.85, 0.85, 0.85, 0.85, 0.85, 0.85, 0.85, 0.85, 0.75, 0.85, 0.85, 0.85, 0.75, 0.85, 0.85, 0.95, 0.95, 0.95, 0.95, 0.95, 0.95, 0.95, 0.95, 0.95, 0.95, 0.95, 0.95, 0.95, 0.95, 0.95, 0.95, 0.95, 0.95, 0.95, 0.95, 0.95, 0.95, 0.95, 0.95, 0.95, 0.95, 0.95, 0.95, 0.95, 0.95, 0.95, 0.95, 0.95, 0.95, 0.9, 0.95, 0.95, 0.95, 0.95, 0.95, 0.95, 0.95, 0.95, 0.95, 0.95, 0.95, 0.95, 0.95, 0.95, 0.95, 0.95, 0.95, 0.95, 0.95, 0.95, 0.95, 0.95, 0.95, 0.95, 0.95]",180,0.8818333333333332,0.06907705037774041,15.118589277790582,2.013556239362903
it is obvious that,"[0.8, 0.85, 0.85, 0.7, 0.95, 0.8, 0.98, 0.8, 0.9, 0.98, 0.9, 0.95, 0.85, 0.95, 0.95, 0.9, 0.95, 0.88, 0.8, 0.95, 0.85, 0.95, 0.8, 0.95, 0.9, 0.9, 0.9, 0.96, 0.9, 0.9, 0.8, 0.95, 0.98, 0.88, 0.9, 0.95, 0.8, 0.98, 0.95, 0.9, 0.95, 0.95, 0.98, 0.8, 0.8, 0.8, 0.9, 0.98, 0.98, 0.8, 0.9, 0.9, 0.85, 0.9, 0.8, 0.8, 0.8, 0.9, 0.85, 0.95, 0.85, 0.9, 0.85, 0.85, 0.9, 0.85, 0.9, 0.9, 0.95, 0.9, 0.9, 0.85, 0.85, 0.85, 0.85, 0.9, 0.85, 0.9, 0.85, 0.95, 0.9, 0.9, 0.9, 0.85, 0.95, 0.9, 0.95, 0.85, 0.85, 0.75, 0.85, 0.95, 0.95, 0.85, 0.85, 0.9, 0.95, 0.85, 0.85, 0.85, 0.85, 0.85, 0.9, 0.85, 0.95, 0.85, 0.85, 0.9, 0.9, 0.9, 0.85, 0.9, 0.85, 0.95, 0.85, 0.9, 0.95, 0.85, 0.95, 0.85, 0.95, 0.98, 0.95, 0.95, 0.95, 0.95, 0.95, 0.95, 0.95, 0.95, 1.0, 0.95, 0.95, 0.95, 0.95, 0.95, 0.95, 0.95, 0.95, 0.95, 0.95, 0.95, 0.95, 1.0, 0.95, 1.0, 0.95, 1.0, 0.95, 1.0, 0.95, 1.0, 0.95, 0.95, 0.95, 0.95, 0.95, 0.95, 1.0, 0.95, 0.95, 0.95, 0.98, 0.95, 0.95, 0.95, 0.95, 0.95, 1.0, 0.95, 1.0, 0.95, 0.95, 0.95, 1.0, 0.9, 0.95, 1.0, 0.95, 1.0]",180,0.9107777777777778,0.05897697814077356,7.311766788692057,0.6847224574138956
it is often assumed that,"[0.47, 0.78, 0.5, 0.42, 0.25, 0.6, 0.8, 0.3, 0.7, 0.75, 0.76, 0.76, 0.75, 0.85, 0.77, 0.68, 0.76, 0.47, 0.56, 0.85, 0.6, 0.69, 0.77, 0.58, 0.75, 0.6, 0.42, 0.6, 0.76, 0.63, 0.52, 0.4, 0.56, 0.68, 0.5, 0.78, 0.31, 0.68, 0.73, 0.49, 0.74, 0.73, 0.67, 0.64, 0.76, 0.6, 0.6, 0.56, 0.6, 0.6, 0.7, 0.85, 0.56, 0.78, 0.71, 0.81, 0.34, 0.5, 0.25, 0.5, 0.7, 0.6, 0.7, 0.75, 0.4, 0.7, 0.7, 0.5, 0.7, 0.7, 0.7, 0.7, 0.7, 0.7, 0.7, 0.7, 0.7, 0.7, 0.75, 0.6, 0.75, 0.85, 0.7, 0.7, 0.7, 0.7, 0.7, 0.6, 0.7, 0.7, 0.7, 0.75, 0.7, 0.7, 0.4, 0.75, 0.7, 0.7, 0.7, 0.7, 0.6, 0.7, 0.7, 0.7, 0.8, 0.7, 0.7, 0.7, 0.2, 0.7, 0.7, 0.6, 0.6, 0.85, 0.7, 0.7, 0.7, 0.7, 0.7, 0.5, 0.7, 0.6, 0.6, 0.7, 0.6, 0.5, 0.7, 0.7, 0.7, 0.7, 0.6, 0.6, 0.7, 0.5, 0.7, 0.6, 0.6, 0.7, 0.7, 0.6, 0.6, 0.6, 0.5, 0.6, 0.7, 0.7, 0.5, 0.7, 0.7, 0.7, 0.7, 0.7, 0.6, 0.7, 0.6, 0.7, 0.7, 0.5, 0.7, 0.75, 0.6, 0.6, 0.8, 0.6, 0.7, 0.6, 0.8, 0.7, 0.7, 0.6, 0.6, 0.5, 0.5, 0.6, 0.6, 0.7, 0.6, 0.7, 0.7, 0.6]",180,0.6468333333333333,0.11614394804150006,10.745199321213292,5.933343504657903
it is possible that,"[0.68, 0.35, 0.53, 0.66, 0.31, 0.3, 0.52, 0.6, 0.4, 0.44, 0.67, 0.66, 0.47, 0.4, 0.6, 0.4, 0.56, 0.46, 0.55, 0.6, 0.4, 0.41, 0.5, 0.66, 0.75, 0.58, 0.44, 0.75, 0.4, 0.47, 0.46, 0.48, 0.55, 0.5, 0.7, 0.55, 0.6, 0.54, 0.75, 0.53, 0.7, 0.5, 0.6, 0.25, 0.6, 0.45, 0.58, 0.49, 0.3, 0.42, 0.43, 0.61, 0.57, 0.51, 0.58, 0.4, 0.55, 0.32, 0.58, 0.4, 0.3, 0.2, 0.2, 0.3, 0.2, 0.3, 0.3, 0.3, 0.3, 0.2, 0.2, 0.3, 0.2, 0.2, 0.3, 0.3, 0.7, 0.6, 0.3, 0.2, 0.3, 0.2, 0.6, 0.2, 0.2, 0.6, 0.3, 0.2, 0.3, 0.2, 0.4, 0.2, 0.3, 0.2, 0.3, 0.2, 0.2, 0.2, 0.4, 0.2, 0.2, 0.3, 0.3, 0.3, 0.2, 0.2, 0.4, 0.3, 0.3, 0.6, 0.3, 0.2, 0.3, 0.2, 0.2, 0.2, 0.3, 0.3, 0.3, 0.3, 0.6, 0.7, 0.6, 0.7, 0.6, 0.7, 0.7, 0.5, 0.6, 0.6, 0.7, 0.6, 0.75, 0.7, 0.7, 0.5, 0.6, 0.6, 0.5, 0.6, 0.7, 0.7, 0.75, 0.75, 0.75, 0.7, 0.7, 0.6, 0.6, 0.7, 0.6, 0.7, 0.7, 0.5, 0.6, 0.6, 0.75, 0.7, 0.6, 0.7, 0.7, 0.6, 0.6, 0.6, 0.7, 0.7, 0.6, 0.7, 0.6, 0.75, 0.6, 0.7, 0.7, 0.6, 0.7, 0.6, 0.7, 0.7, 0.6, 0.6]",180,0.48511111111111105,0.18164216620380266,3.4223697814953757,3.6713078779029185
it is questionable whether,"[0.3, 0.3, 0.32, 0.34, 0.23, 0.2, 0.46, 0.75, 0.35, 0.35, 0.5, 0.2, 0.18, 0.5, 0.18, 0.36, 0.22, 0.6, 0.66, 0.37, 0.3, 0.75, 0.2, 0.21, 0.7, 0.4, 0.6, 0.65, 0.2, 0.38, 0.22, 0.3, 0.4, 0.36, 0.22, 0.58, 0.28, 0.6, 0.42, 0.35, 0.2, 0.42, 0.44, 0.46, 0.43, 0.3, 0.5, 0.59, 0.3, 0.6, 0.38, 0.57, 0.3, 0.26, 0.47, 0.3, 0.22, 0.25, 0.2, 0.51, 0.3, 0.3, 0.3, 0.3, 0.3, 0.5, 0.2, 0.3, 0.2, 0.3, 0.3, 0.3, 0.2, 0.7, 0.3, 0.2, 0.6, 0.2, 0.3, 0.2, 0.3, 0.6, 0.2, 0.3, 0.2, 0.6, 0.3, 0.3, 0.3, 0.3, 0.2, 0.3, 0.6, 0.3, 0.3, 0.2, 0.3, 0.3, 0.6, 0.3, 0.2, 0.3, 0.3, 0.3, 0.2, 0.2, 0.3, 0.2, 0.3, 0.3, 0.6, 0.2, 0.3, 0.6, 0.3, 0.4, 0.3, 0.6, 0.3, 0.6, 0.7, 0.75, 0.6, 0.6, 0.6, 0.7, 0.6, 0.4, 0.7, 0.6, 0.5, 0.5, 0.7, 0.5, 0.6, 0.6, 0.7, 0.6, 0.6, 0.6, 0.6, 0.6, 0.7, 0.6, 0.6, 0.7, 0.6, 0.7, 0.6, 0.5, 0.7, 0.6, 0.6, 0.6, 0.6, 0.6, 0.7, 0.7, 0.7, 0.7, 0.7, 0.5, 0.7, 0.6, 0.5, 0.6, 0.6, 0.6, 0.6, 0.5, 0.3, 0.7, 0.7, 0.7, 0.5, 0.6, 0.6, 0.7, 0.6, 0.5]",180,0.44299999999999995,0.17669779599958543,3.3479958488170736,4.208900465219752
it is reasonable to assume that,"[0.58, 0.84, 0.58, 0.87, 0.67, 0.6, 0.78, 0.78, 0.6, 0.78, 0.6, 0.8, 0.76, 0.85, 0.55, 0.78, 0.6, 0.7, 0.78, 0.7, 0.6, 0.75, 0.67, 0.85, 0.71, 0.6, 0.5, 0.85, 0.58, 0.78, 0.76, 0.68, 0.7, 0.68, 0.68, 0.53, 0.75, 0.95, 0.6, 0.92, 0.84, 0.68, 0.75, 0.5, 0.68, 0.7, 0.58, 0.85, 0.78, 0.85, 0.75, 0.58, 0.75, 0.85, 0.45, 0.6, 0.65, 0.85, 0.78, 0.81, 0.75, 0.85, 0.65, 0.75, 0.75, 0.75, 0.75, 0.75, 0.65, 0.75, 0.7, 0.75, 0.75, 0.6, 0.75, 0.7, 0.75, 0.7, 0.75, 0.75, 0.85, 0.75, 0.75, 0.6, 0.65, 0.6, 0.7, 0.75, 0.75, 0.75, 0.75, 0.5, 0.6, 0.85, 0.65, 0.7, 0.75, 0.6, 0.75, 0.6, 0.75, 0.75, 0.75, 0.75, 0.75, 0.75, 0.75, 0.75, 0.75, 0.75, 0.75, 0.6, 0.65, 0.75, 0.65, 0.6, 0.75, 0.7, 0.75, 0.7, 0.8, 0.85, 0.8, 0.85, 0.8, 0.8, 0.85, 0.8, 0.9, 0.8, 0.8, 0.8, 0.9, 0.8, 0.8, 0.8, 0.85, 0.8, 0.75, 0.8, 0.85, 0.8, 0.8, 0.85, 0.8, 0.8, 0.8, 0.85, 0.75, 0.8, 0.8, 0.8, 0.8, 0.8, 0.7, 0.8, 0.8, 0.8, 0.8, 0.8, 0.8, 0.85, 0.8, 0.85, 0.85, 0.8, 0.75, 0.85, 0.85, 0.85, 0.85, 0.8, 0.8, 0.9, 0.85, 0.8, 0.8, 0.85, 0.8, 0.85]",180,0.7467777777777778,0.09273412146535179,16.50341825350014,5.609587624063159
it is suggested that,"[0.67, 0.6, 0.73, 0.6, 0.5, 0.7, 0.6, 0.6, 0.71, 0.64, 0.78, 0.65, 0.7, 0.5, 0.6, 0.85, 0.48, 0.47, 0.4, 0.6, 0.8, 0.6, 0.6, 0.6, 0.67, 0.7, 0.6, 0.6, 0.4, 0.8, 0.29, 0.58, 0.35, 0.62, 0.4, 0.7, 0.8, 0.73, 0.8, 0.72, 0.6, 0.2, 0.64, 0.4, 0.85, 0.6, 0.56, 0.45, 0.6, 0.6, 0.65, 0.6, 0.2, 0.82, 0.75, 0.67, 0.71, 0.4, 0.6, 0.65, 0.7, 0.3, 0.3, 0.7, 0.3, 0.3, 0.3, 0.7, 0.3, 0.3, 0.7, 0.3, 0.3, 0.3, 0.3, 0.3, 0.3, 0.4, 0.7, 0.7, 0.3, 0.6, 0.3, 0.3, 0.3, 0.75, 0.5, 0.3, 0.7, 0.7, 0.3, 0.7, 0.3, 0.3, 0.2, 0.3, 0.3, 0.3, 0.6, 0.3, 0.3, 0.7, 0.6, 0.3, 0.3, 0.75, 0.2, 0.3, 0.3, 0.3, 0.6, 0.15, 0.3, 0.3, 0.3, 0.7, 0.7, 0.75, 0.3, 0.3, 0.7, 0.7, 0.7, 0.6, 0.7, 0.7, 0.7, 0.7, 0.7, 0.7, 0.7, 0.7, 0.75, 0.6, 0.7, 0.6, 0.75, 0.75, 0.7, 0.7, 0.7, 0.7, 0.7, 0.6, 0.7, 0.7, 0.75, 0.6, 0.7, 0.8, 0.6, 0.6, 0.6, 0.7, 0.7, 0.6, 0.7, 0.7, 0.7, 0.7, 0.7, 0.7, 0.6, 0.6, 0.6, 0.6, 0.7, 0.6, 0.7, 0.7, 0.7, 0.6, 0.6, 0.7, 0.7, 0.7, 0.7, 0.6, 0.6, 0.7]",180,0.5671666666666667,0.17617628482100914,4.268510922209092,3.325016355674647
it is uncertain,"[0.45, 0.5, 0.5, 0.2, 0.4, 0.3, 0.14, 0.56, 0.5, 0.5, 0.2, 0.43, 0.67, 0.22, 0.35, 0.28, 0.2, 0.56, 0.86, 0.22, 0.2, 0.3, 0.6, 0.22, 0.6, 0.35, 0.36, 0.08, 0.45, 0.4, 0.25, 0.2, 0.41, 0.2, 0.22, 0.39, 0.28, 0.35, 0.67, 0.2, 0.2, 0.54, 0.38, 0.22, 0.25, 0.05, 0.46, 0.77, 0.5, 0.73, 0.61, 0.45, 0.38, 0.28, 0.43, 0.6, 0.3, 0.36, 0.67, 0.58, 0.3, 0.3, 0.4, 0.3, 0.5, 0.4, 0.3, 0.4, 0.35, 0.6, 0.6, 0.6, 0.25, 0.3, 0.3, 0.5, 0.4, 0.25, 0.3, 0.3, 0.3, 0.6, 0.7, 0.3, 0.5, 0.25, 0.4, 0.3, 0.3, 0.4, 0.4, 0.6, 0.7, 0.6, 0.3, 0.7, 0.7, 0.2, 0.3, 0.7, 0.5, 0.3, 0.3, 0.4, 0.3, 0.6, 0.25, 0.3, 0.3, 0.3, 0.6, 0.4, 0.25, 0.4, 0.7, 0.6, 0.7, 0.3, 0.7, 0.3, 0.3, 0.5, 0.5, 0.5, 0.3, 0.3, 0.5, 0.5, 0.3, 0.5, 0.3, 0.5, 0.5, 0.5, 0.6, 0.5, 0.3, 0.5, 0.6, 0.3, 0.5, 0.5, 0.5, 0.3, 0.5, 0.3, 0.3, 0.5, 0.5, 0.6, 0.3, 0.5, 0.5, 0.6, 0.3, 0.3, 0.5, 0.4, 0.5, 0.6, 0.6, 0.5, 0.4, 0.5, 0.3, 0.5, 0.6, 0.7, 0.5, 0.6, 0.7, 0.5, 0.3, 0.5, 0.4, 0.6, 0.75, 0.7, 0.3, 0.3]",180,0.4276666666666667,0.15741699752920937,3.8571253264957823,5.1532169184754935
it is unclear,"[0.36, 0.42, 0.3, 0.68, 0.7, 0.34, 0.6, 0.3, 0.26, 0.4, 0.75, 0.3, 0.65, 0.78, 0.5, 0.31, 0.34, 0.47, 0.3, 0.68, 0.3, 0.75, 0.35, 0.5, 0.61, 0.5, 0.78, 0.3, 0.5, 0.44, 0.67, 0.67, 0.26, 0.6, 0.49, 0.48, 0.23, 0.43, 0.68, 0.56, 0.72, 0.51, 0.55, 0.23, 0.5, 0.46, 0.6, 0.43, 0.34, 0.66, 0.75, 0.85, 0.72, 0.6, 0.68, 0.85, 0.95, 0.58, 0.3, 0.72, 0.6, 0.6, 0.6, 0.6, 0.6, 0.4, 0.3, 0.7, 0.7, 0.6, 0.7, 0.3, 0.6, 0.4, 0.3, 0.7, 0.6, 0.7, 0.7, 0.4, 0.7, 0.7, 0.25, 0.3, 0.85, 0.6, 0.3, 0.7, 0.7, 0.3, 0.7, 0.7, 0.4, 0.6, 0.6, 0.4, 0.6, 0.7, 0.7, 0.3, 0.6, 0.7, 0.3, 0.4, 0.4, 0.4, 0.7, 0.5, 0.3, 0.6, 0.3, 0.3, 0.7, 0.85, 0.7, 0.7, 0.7, 0.4, 0.4, 0.25, 0.4, 0.6, 0.5, 0.5, 0.5, 0.3, 0.5, 0.5, 0.5, 0.5, 0.5, 0.5, 0.5, 0.5, 0.5, 0.5, 0.5, 0.3, 0.6, 0.5, 0.6, 0.5, 0.7, 0.5, 0.4, 0.6, 0.5, 0.5, 0.5, 0.3, 0.5, 0.5, 0.5, 0.5, 0.5, 0.5, 0.5, 0.5, 0.4, 0.5, 0.5, 0.5, 0.5, 0.5, 0.4, 0.6, 0.5, 0.5, 0.4, 0.5, 0.3, 0.5, 0.5, 0.5, 0.6, 0.5, 0.6, 0.5, 0.6, 0.6]",180,0.5207777777777778,0.15125936355058617,5.131144219063706,4.6944822451034005
it is widely believed that,"[0.73, 0.78, 0.58, 0.68, 0.58, 0.85, 0.78, 0.2, 0.3, 0.6, 0.23, 0.47, 0.2, 0.85, 0.8, 0.75, 0.6, 0.6, 0.6, 0.6, 0.3, 0.75, 0.35, 0.7, 0.48, 0.78, 0.58, 0.67, 0.6, 0.7, 0.6, 0.83, 0.6, 0.7, 0.7, 0.76, 0.78, 0.6, 0.56, 0.56, 0.58, 0.46, 0.75, 0.7, 0.56, 0.58, 0.6, 0.5, 0.58, 0.48, 0.85, 0.6, 0.58, 0.58, 0.67, 0.7, 0.27, 0.6, 0.85, 0.3, 0.75, 0.7, 0.75, 0.3, 0.6, 0.5, 0.7, 0.7, 0.75, 0.7, 0.6, 0.3, 0.7, 0.7, 0.7, 0.7, 0.6, 0.75, 0.75, 0.7, 0.75, 0.5, 0.7, 0.7, 0.75, 0.7, 0.7, 0.7, 0.7, 0.75, 0.85, 0.7, 0.7, 0.7, 0.7, 0.75, 0.35, 0.75, 0.7, 0.6, 0.5, 0.7, 0.75, 0.7, 0.75, 0.75, 0.75, 0.7, 0.6, 0.6, 0.6, 0.7, 0.7, 0.6, 0.7, 0.75, 0.7, 0.7, 0.7, 0.7, 0.7, 0.8, 0.8, 0.85, 0.75, 0.8, 0.8, 0.75, 0.8, 0.8, 0.75, 0.7, 0.75, 0.7, 0.8, 0.7, 0.75, 0.8, 0.85, 0.9, 0.75, 0.8, 0.7, 0.85, 0.8, 0.7, 0.75, 0.85, 0.7, 0.8, 0.7, 0.85, 0.85, 0.85, 0.8, 0.8, 0.7, 0.7, 0.7, 0.7, 0.7, 0.8, 0.8, 0.7, 0.8, 0.85, 0.7, 0.75, 0.75, 0.8, 0.8, 0.8, 0.7, 0.8, 0.7, 0.7, 0.7, 0.75, 0.85, 0.7]",180,0.6809444444444444,0.13562487981447713,8.024958602957573,3.847146435077552
it is worth considering that,"[0.6, 0.67, 0.42, 0.8, 0.85, 0.6, 0.75, 0.6, 0.2, 0.6, 0.43, 0.35, 0.6, 0.58, 0.4, 0.68, 0.44, 0.68, 0.56, 0.74, 0.85, 0.75, 0.6, 0.6, 0.47, 0.25, 0.65, 0.75, 0.67, 0.78, 0.8, 0.43, 0.67, 0.58, 0.63, 0.5, 0.66, 0.6, 0.6, 0.7, 0.7, 0.72, 0.5, 0.25, 0.5, 0.83, 0.58, 0.65, 0.78, 0.6, 0.67, 0.6, 0.25, 0.68, 0.45, 0.48, 0.62, 0.95, 0.3, 0.6, 0.35, 0.3, 0.3, 0.7, 0.3, 0.3, 0.3, 0.3, 0.3, 0.3, 0.3, 0.3, 0.3, 0.3, 0.35, 0.5, 0.3, 0.3, 0.5, 0.3, 0.3, 0.3, 0.3, 0.35, 0.6, 0.4, 0.5, 0.6, 0.3, 0.3, 0.7, 0.65, 0.7, 0.6, 0.3, 0.6, 0.3, 0.6, 0.4, 0.6, 0.3, 0.3, 0.3, 0.3, 0.3, 0.3, 0.5, 0.3, 0.45, 0.6, 0.3, 0.6, 0.7, 0.6, 0.75, 0.3, 0.3, 0.3, 0.3, 0.6, 0.7, 0.75, 0.8, 0.75, 0.7, 0.75, 0.75, 0.8, 0.7, 0.7, 0.8, 0.7, 0.8, 0.75, 0.75, 0.75, 0.8, 0.75, 0.7, 0.75, 0.7, 0.8, 0.75, 0.8, 0.75, 0.8, 0.7, 0.75, 0.75, 0.75, 0.75, 0.75, 0.7, 0.7, 0.7, 0.75, 0.7, 0.7, 0.7, 0.7, 0.7, 0.8, 0.7, 0.75, 0.7, 0.7, 0.8, 0.7, 0.7, 0.7, 0.7, 0.8, 0.7, 0.75, 0.7, 0.75, 0.7, 0.7, 0.8, 0.7]",180,0.5816666666666667,0.18472652459484235,3.9389297687595297,2.873022777231309
it is worth noting that,"[0.85, 0.85, 0.85, 0.6, 0.85, 0.4, 0.5, 0.6, 0.75, 0.85, 0.6, 0.84, 0.6, 0.87, 0.65, 0.7, 0.8, 0.78, 0.85, 0.55, 0.87, 0.5, 0.7, 0.85, 0.6, 0.78, 0.8, 0.83, 0.85, 0.86, 0.63, 0.7, 0.85, 0.7, 0.6, 0.85, 0.76, 0.85, 0.8, 0.85, 0.85, 0.92, 0.85, 0.86, 0.6, 0.8, 0.8, 0.85, 0.47, 0.8, 0.45, 0.85, 0.8, 0.95, 0.68, 0.77, 0.6, 0.78, 0.63, 0.6, 0.85, 0.75, 0.7, 0.75, 0.85, 0.85, 0.85, 0.85, 0.75, 0.75, 0.85, 0.75, 0.75, 0.85, 0.85, 0.75, 0.85, 0.75, 0.75, 0.75, 0.75, 0.85, 0.7, 0.7, 0.85, 0.75, 0.85, 0.85, 0.75, 0.85, 0.75, 0.85, 0.85, 0.85, 0.75, 0.75, 0.75, 0.85, 0.85, 0.75, 0.85, 0.75, 0.75, 0.65, 0.85, 0.75, 0.85, 0.85, 0.7, 0.75, 0.85, 0.85, 0.85, 0.55, 0.75, 0.85, 0.75, 0.85, 0.75, 0.75, 0.85, 0.9, 0.85, 0.9, 0.85, 0.9, 0.9, 0.8, 0.8, 0.95, 0.8, 0.85, 0.85, 0.9, 0.8, 0.9, 0.85, 0.85, 0.9, 0.8, 0.85, 0.95, 0.9, 0.85, 0.85, 0.85, 0.95, 0.85, 0.9, 0.9, 0.85, 0.95, 0.8, 0.8, 0.95, 0.9, 0.95, 0.9, 0.85, 0.8, 0.85, 0.85, 0.95, 0.85, 0.85, 0.9, 0.8, 0.85, 0.85, 0.9, 0.85, 0.85, 0.85, 0.8, 0.9, 0.85, 0.95, 0.85, 0.95, 0.85]",180,0.7996111111111112,0.10297445146404513,12.88471769730318,3.2571720287829184
it looks like,"[0.58, 0.82, 0.3, 0.78, 0.76, 0.5, 0.75, 0.6, 0.75, 0.7, 0.6, 0.6, 0.75, 0.6, 0.6, 0.6, 0.48, 0.75, 0.73, 0.6, 0.6, 0.55, 0.75, 0.6, 0.7, 0.6, 0.5, 0.7, 0.6, 0.85, 0.58, 0.6, 0.55, 0.6, 0.55, 0.6, 0.6, 0.7, 0.75, 0.6, 0.75, 0.75, 0.67, 0.65, 0.7, 0.78, 0.6, 0.6, 0.6, 0.6, 0.6, 0.6, 0.73, 0.8, 0.6, 0.75, 0.6, 0.8, 0.68, 0.75, 0.6, 0.75, 0.75, 0.6, 0.5, 0.75, 0.7, 0.75, 0.7, 0.65, 0.6, 0.65, 0.6, 0.7, 0.6, 0.7, 0.7, 0.75, 0.6, 0.45, 0.75, 0.65, 0.6, 0.35, 0.65, 0.75, 0.65, 0.75, 0.75, 0.7, 0.7, 0.75, 0.7, 0.7, 0.5, 0.6, 0.3, 0.5, 0.6, 0.6, 0.75, 0.6, 0.6, 0.65, 0.65, 0.75, 0.7, 0.75, 0.75, 0.65, 0.75, 0.6, 0.7, 0.75, 0.75, 0.65, 0.85, 0.65, 0.85, 0.5, 0.75, 0.7, 0.7, 0.7, 0.7, 0.7, 0.8, 0.7, 0.7, 0.7, 0.75, 0.75, 0.8, 0.8, 0.7, 0.7, 0.8, 0.6, 0.7, 0.75, 0.7, 0.7, 0.75, 0.7, 0.75, 0.7, 0.7, 0.75, 0.7, 0.8, 0.8, 0.7, 0.7, 0.7, 0.7, 0.7, 0.6, 0.7, 0.6, 0.7, 0.8, 0.7, 0.8, 0.8, 0.8, 0.6, 0.8, 0.7, 0.7, 0.8, 0.7, 0.7, 0.8, 0.7, 0.8, 0.8, 0.8, 0.7, 0.8, 0.75]",180,0.6793888888888888,0.09514996285915601,16.415134788127485,7.784764466492166
it may be that,"[0.2, 0.23, 0.42, 0.4, 0.48, 0.6, 0.18, 0.3, 0.5, 0.4, 0.48, 0.4, 0.4, 0.49, 0.25, 0.6, 0.31, 0.49, 0.25, 0.6, 0.34, 0.2, 0.3, 0.3, 0.5, 0.67, 0.73, 0.55, 0.28, 0.56, 0.27, 0.43, 0.2, 0.3, 0.45, 0.4, 0.3, 0.4, 0.35, 0.4, 0.48, 0.32, 0.2, 0.4, 0.23, 0.6, 0.22, 0.5, 0.56, 0.26, 0.35, 0.6, 0.4, 0.4, 0.3, 0.27, 0.3, 0.3, 0.2, 0.35, 0.2, 0.3, 0.3, 0.3, 0.2, 0.2, 0.6, 0.2, 0.3, 0.3, 0.3, 0.3, 0.6, 0.2, 0.2, 0.3, 0.3, 0.3, 0.2, 0.2, 0.2, 0.3, 0.1, 0.4, 0.3, 0.3, 0.3, 0.2, 0.3, 0.3, 0.4, 0.3, 0.5, 0.2, 0.2, 0.3, 0.2, 0.3, 0.1, 0.3, 0.3, 0.2, 0.1, 0.2, 0.2, 0.4, 0.3, 0.4, 0.5, 0.2, 0.2, 0.3, 0.3, 0.3, 0.2, 0.3, 0.3, 0.3, 0.2, 0.3, 0.6, 0.6, 0.5, 0.6, 0.6, 0.6, 0.6, 0.6, 0.6, 0.6, 0.5, 0.6, 0.6, 0.5, 0.7, 0.6, 0.6, 0.6, 0.6, 0.6, 0.6, 0.6, 0.5, 0.6, 0.6, 0.6, 0.6, 0.6, 0.3, 0.7, 0.6, 0.7, 0.6, 0.5, 0.6, 0.5, 0.6, 0.6, 0.6, 0.6, 0.6, 0.6, 0.6, 0.5, 0.6, 0.6, 0.6, 0.6, 0.6, 0.6, 0.7, 0.6, 0.6, 0.6, 0.6, 0.6, 0.6, 0.6, 0.6, 0.6]",180,0.4186111111111111,0.16396735409793176,3.5588340806110583,4.963868460972429
it might be that,"[0.12, 0.68, 0.5, 0.35, 0.6, 0.3, 0.5, 0.5, 0.52, 0.73, 0.47, 0.58, 0.4, 0.34, 0.55, 0.7, 0.34, 0.73, 0.66, 0.46, 0.08, 0.46, 0.4, 0.44, 0.4, 0.54, 0.46, 0.3, 0.19, 0.46, 0.4, 0.4, 0.23, 0.46, 0.34, 0.6, 0.55, 0.6, 0.5, 0.5, 0.41, 0.3, 0.45, 0.25, 0.35, 0.78, 0.3, 0.35, 0.55, 0.56, 0.4, 0.45, 0.6, 0.3, 0.4, 0.28, 0.2, 0.55, 0.35, 0.35, 0.3, 0.2, 0.3, 0.3, 0.3, 0.4, 0.3, 0.4, 0.2, 0.7, 0.3, 0.3, 0.3, 0.2, 0.6, 0.3, 0.2, 0.2, 0.3, 0.2, 0.3, 0.3, 0.2, 0.4, 0.2, 0.2, 0.2, 0.3, 0.25, 0.3, 0.2, 0.3, 0.3, 0.6, 0.2, 0.5, 0.6, 0.3, 0.3, 0.3, 0.3, 0.3, 0.2, 0.4, 0.2, 0.3, 0.3, 0.2, 0.2, 0.3, 0.2, 0.3, 0.3, 0.2, 0.2, 0.2, 0.6, 0.3, 0.3, 0.3, 0.6, 0.6, 0.6, 0.5, 0.5, 0.6, 0.6, 0.6, 0.6, 0.5, 0.6, 0.6, 0.6, 0.4, 0.7, 0.6, 0.6, 0.7, 0.6, 0.6, 0.5, 0.6, 0.7, 0.5, 0.6, 0.6, 0.6, 0.6, 0.6, 0.4, 0.65, 0.6, 0.5, 0.3, 0.6, 0.6, 0.5, 0.7, 0.6, 0.6, 0.6, 0.4, 0.5, 0.6, 0.6, 0.5, 0.6, 0.5, 0.6, 0.6, 0.6, 0.7, 0.6, 0.6, 0.7, 0.6, 0.5, 0.5, 0.6, 0.4]",180,0.439,0.16150369792807978,3.8475056368923184,4.940595570544152
it remains to be seen,"[0.3, 0.4, 0.6, 0.28, 0.27, 0.11, 0.49, 0.34, 0.25, 0.3, 0.57, 0.28, 0.4, 0.5, 0.4, 0.74, 0.58, 0.58, 0.47, 0.67, 0.7, 0.65, 0.4, 0.2, 0.55, 0.53, 0.25, 0.2, 0.78, 0.22, 0.42, 0.35, 0.45, 0.2, 0.47, 0.44, 0.14, 0.65, 0.3, 0.6, 0.25, 0.3, 0.58, 0.6, 0.43, 0.65, 0.4, 0.22, 0.3, 0.35, 0.5, 0.42, 0.2, 0.43, 0.49, 0.67, 0.44, 0.3, 0.35, 0.5, 0.5, 0.7, 0.3, 0.3, 0.7, 0.3, 0.3, 0.7, 0.85, 0.3, 0.3, 0.3, 0.4, 0.3, 0.3, 0.3, 0.3, 0.5, 0.3, 0.4, 0.3, 0.3, 0.7, 0.6, 0.3, 0.3, 0.3, 0.3, 0.6, 0.6, 0.3, 0.85, 0.5, 0.3, 0.3, 0.3, 0.7, 0.7, 0.7, 0.3, 0.3, 0.3, 0.3, 0.3, 0.3, 0.3, 0.7, 0.7, 0.7, 0.5, 0.3, 0.3, 0.5, 0.3, 0.6, 0.3, 0.3, 0.3, 0.4, 0.3, 0.5, 0.75, 0.6, 0.7, 0.5, 0.5, 0.6, 0.5, 0.6, 0.5, 0.5, 0.5, 0.6, 0.5, 0.7, 0.6, 0.7, 0.6, 0.5, 0.6, 0.6, 0.6, 0.7, 0.5, 0.6, 0.6, 0.7, 0.5, 0.5, 0.6, 0.8, 0.6, 0.5, 0.5, 0.6, 0.7, 0.6, 0.7, 0.5, 0.7, 0.6, 0.5, 0.5, 0.7, 0.5, 0.3, 0.7, 0.5, 0.6, 0.7, 0.7, 0.5, 0.5, 0.5, 0.6, 0.5, 0.6, 0.6, 0.6, 0.6]",180,0.4775555555555555,0.16446418800396173,4.098799359942374,4.484365884445562
it remains unclear whether,"[0.65, 0.58, 0.75, 0.67, 0.45, 0.36, 0.4, 0.14, 0.3, 0.71, 0.6, 0.6, 0.67, 0.43, 0.43, 0.27, 0.44, 0.75, 0.64, 0.41, 0.4, 0.76, 0.59, 0.52, 0.65, 0.27, 0.43, 0.85, 0.6, 0.23, 0.58, 0.36, 0.38, 0.75, 0.6, 0.68, 0.46, 0.73, 0.3, 0.5, 0.6, 0.4, 0.27, 0.35, 0.23, 0.25, 0.3, 0.35, 0.5, 0.62, 0.2, 0.3, 0.58, 0.6, 0.36, 0.4, 0.43, 0.5, 0.68, 0.5, 0.6, 0.6, 0.85, 0.7, 0.7, 0.7, 0.85, 0.6, 0.6, 0.7, 0.7, 0.85, 0.6, 0.6, 0.7, 0.6, 0.3, 0.25, 0.7, 0.6, 0.6, 0.3, 0.7, 0.6, 0.3, 0.6, 0.6, 0.3, 0.6, 0.6, 0.7, 0.6, 0.85, 0.4, 0.6, 0.6, 0.3, 0.3, 0.6, 0.6, 0.3, 0.3, 0.75, 0.6, 0.85, 0.4, 0.7, 0.7, 0.6, 0.3, 0.3, 0.6, 0.7, 0.6, 0.3, 0.6, 0.6, 0.7, 0.6, 0.3, 0.6, 0.5, 0.5, 0.5, 0.5, 0.5, 0.5, 0.5, 0.5, 0.5, 0.5, 0.6, 0.6, 0.6, 0.6, 0.6, 0.5, 0.5, 0.5, 0.5, 0.6, 0.5, 0.5, 0.6, 0.5, 0.6, 0.6, 0.6, 0.5, 0.5, 0.7, 0.6, 0.7, 0.5, 0.7, 0.5, 0.6, 0.5, 0.5, 0.6, 0.6, 0.5, 0.6, 0.6, 0.5, 0.5, 0.6, 0.6, 0.7, 0.5, 0.6, 0.6, 0.6, 0.5, 0.6, 0.6, 0.6, 0.5, 0.5, 0.5]",180,0.5386666666666666,0.14648625267315094,5.688487641733379,4.897550666076829
it seems,"[0.7, 0.48, 0.6, 0.6, 0.55, 0.68, 0.65, 0.85, 0.55, 0.7, 0.55, 0.75, 0.6, 0.68, 0.6, 0.54, 0.68, 0.4, 0.6, 0.56, 0.46, 0.74, 0.55, 0.55, 0.45, 0.85, 0.5, 0.6, 0.6, 0.65, 0.53, 0.75, 0.6, 0.65, 0.38, 0.68, 0.66, 0.4, 0.57, 0.78, 0.85, 0.6, 0.4, 0.6, 0.65, 0.6, 0.87, 0.6, 0.6, 0.58, 0.5, 0.58, 0.52, 0.6, 0.71, 0.58, 0.73, 0.75, 0.7, 0.27, 0.75, 0.7, 0.75, 0.75, 0.75, 0.6, 0.7, 0.65, 0.7, 0.7, 0.7, 0.6, 0.7, 0.6, 0.7, 0.6, 0.3, 0.6, 0.6, 0.85, 0.6, 0.6, 0.7, 0.6, 0.7, 0.7, 0.7, 0.6, 0.75, 0.6, 0.65, 0.75, 0.75, 0.7, 0.6, 0.4, 0.65, 0.7, 0.7, 0.6, 0.7, 0.6, 0.6, 0.75, 0.75, 0.7, 0.7, 0.75, 0.75, 0.6, 0.6, 0.6, 0.75, 0.75, 0.6, 0.6, 0.75, 0.6, 0.7, 0.7, 0.7, 0.7, 0.7, 0.75, 0.7, 0.6, 0.7, 0.7, 0.7, 0.75, 0.7, 0.7, 0.8, 0.7, 0.7, 0.8, 0.7, 0.8, 0.75, 0.8, 0.7, 0.7, 0.8, 0.7, 0.75, 0.6, 0.7, 0.8, 0.8, 0.7, 0.8, 0.7, 0.7, 0.75, 0.8, 0.7, 0.7, 0.7, 0.8, 0.8, 0.6, 0.8, 0.75, 0.7, 0.85, 0.8, 0.8, 0.7, 0.7, 0.7, 0.7, 0.7, 0.7, 0.7, 0.8, 0.85, 0.8, 0.7, 0.8, 0.8]",180,0.6697777777777778,0.10492301704665588,13.256880934426691,6.5704425983823755
it seems that,"[0.75, 0.6, 0.85, 0.85, 0.75, 0.85, 0.85, 0.77, 0.78, 0.74, 0.7, 0.6, 0.85, 0.6, 0.85, 0.6, 0.6, 0.85, 0.65, 0.6, 0.6, 0.76, 0.65, 0.8, 0.8, 0.68, 0.68, 0.85, 0.6, 0.6, 0.75, 0.78, 0.67, 0.75, 0.67, 0.7, 0.85, 0.6, 0.8, 0.7, 0.85, 0.6, 0.7, 0.75, 0.6, 0.85, 0.85, 0.67, 0.85, 0.85, 0.85, 0.75, 0.85, 0.78, 0.8, 0.65, 0.8, 0.66, 0.38, 0.81, 0.7, 0.6, 0.75, 0.6, 0.7, 0.7, 0.75, 0.75, 0.75, 0.7, 0.75, 0.75, 0.75, 0.85, 0.7, 0.7, 0.75, 0.75, 0.85, 0.6, 0.75, 0.65, 0.75, 0.75, 0.65, 0.7, 0.75, 0.7, 0.6, 0.65, 0.75, 0.7, 0.75, 0.6, 0.75, 0.75, 0.6, 0.75, 0.7, 0.65, 0.75, 0.65, 0.75, 0.75, 0.7, 0.75, 0.6, 0.6, 0.7, 0.6, 0.7, 0.75, 0.75, 0.75, 0.7, 0.65, 0.75, 0.65, 0.7, 0.7, 0.85, 0.9, 0.85, 0.9, 0.85, 0.85, 0.95, 0.9, 0.95, 0.9, 0.9, 0.9, 0.85, 0.85, 0.97, 0.85, 0.85, 0.95, 0.85, 0.9, 0.9, 0.9, 0.9, 0.85, 0.85, 0.9, 0.85, 0.85, 0.95, 0.9, 0.85, 0.95, 0.85, 0.8, 0.85, 0.9, 0.85, 0.85, 0.9, 0.95, 0.9, 0.95, 0.85, 0.85, 0.9, 0.95, 0.95, 0.95, 0.9, 0.95, 0.85, 0.9, 0.9, 0.8, 0.85, 0.95, 0.8, 0.85, 0.85, 0.85]",180,0.7741666666666667,0.1081196610756393,10.236137811224644,2.97380758222399
it should be noted that,"[0.47, 0.86, 0.87, 0.55, 0.5, 0.6, 0.75, 0.85, 0.4, 0.6, 0.76, 0.85, 0.75, 0.75, 0.65, 0.6, 0.85, 0.75, 0.85, 0.85, 0.85, 0.7, 0.85, 0.85, 0.6, 0.6, 0.52, 0.83, 0.62, 0.8, 0.7, 0.6, 0.78, 0.6, 0.7, 0.8, 0.78, 0.85, 0.76, 0.6, 0.8, 0.87, 0.7, 0.8, 0.7, 0.6, 0.75, 0.55, 0.85, 0.55, 0.45, 0.54, 0.85, 0.75, 0.76, 0.75, 0.75, 0.78, 0.75, 0.76, 0.85, 0.75, 0.85, 0.85, 0.85, 0.85, 0.75, 0.85, 0.7, 0.85, 0.85, 0.75, 0.9, 0.6, 0.85, 0.75, 0.9, 0.85, 0.85, 0.85, 0.85, 0.9, 0.85, 0.75, 0.85, 0.9, 0.85, 0.85, 0.85, 0.9, 0.85, 0.85, 0.85, 0.85, 0.85, 0.85, 0.85, 0.85, 0.75, 0.85, 0.75, 0.85, 0.85, 0.75, 0.85, 0.85, 0.9, 0.85, 0.7, 0.85, 0.75, 0.85, 0.85, 0.85, 1.0, 0.85, 0.85, 0.85, 0.85, 0.9, 0.9, 0.95, 1.0, 1.0, 1.0, 0.95, 0.9, 0.98, 0.95, 0.95, 0.95, 0.95, 0.95, 0.95, 0.95, 0.95, 0.95, 0.95, 0.95, 1.0, 0.95, 0.95, 0.95, 1.0, 1.0, 0.95, 0.95, 0.95, 0.95, 1.0, 0.95, 1.0, 0.95, 0.9, 0.95, 0.95, 0.95, 1.0, 0.95, 0.95, 0.85, 0.95, 0.95, 0.95, 1.0, 0.85, 0.95, 0.95, 0.95, 1.0, 0.95, 0.95, 0.95, 0.95, 0.95, 0.9, 0.98, 0.95, 0.95, 0.95]",180,0.8337222222222221,0.12718765906047627,3.2258775596252094,0.5943371400625416
it would be premature to conclude,"[0.52, 0.6, 0.59, 0.65, 0.8, 0.84, 0.86, 0.7, 0.7, 0.92, 0.92, 0.67, 0.78, 0.85, 0.85, 0.85, 0.83, 0.6, 0.85, 0.87, 0.87, 0.83, 0.95, 0.78, 0.8, 0.85, 0.85, 0.88, 0.85, 0.78, 0.56, 0.85, 0.85, 0.86, 0.76, 0.85, 0.6, 0.58, 0.85, 0.85, 0.68, 0.87, 0.78, 0.52, 0.52, 0.76, 0.85, 0.75, 0.8, 0.43, 0.85, 0.85, 0.78, 0.6, 0.86, 0.76, 0.88, 0.95, 0.85, 0.87, 0.85, 0.7, 0.7, 0.6, 0.7, 0.7, 0.85, 0.7, 0.85, 0.7, 0.7, 0.6, 0.7, 0.7, 0.7, 0.6, 0.7, 0.6, 0.7, 0.7, 0.85, 0.6, 0.85, 0.85, 0.6, 0.85, 0.7, 0.7, 0.85, 0.7, 0.7, 0.85, 0.85, 0.6, 0.6, 0.85, 0.85, 0.7, 0.85, 0.6, 0.85, 0.6, 0.85, 0.85, 0.6, 0.7, 0.6, 0.85, 0.7, 0.85, 0.85, 0.85, 0.85, 0.7, 0.7, 0.7, 0.85, 0.6, 0.85, 0.85, 0.4, 0.6, 0.7, 0.7, 0.7, 0.6, 0.8, 0.6, 0.3, 0.65, 0.3, 0.6, 0.6, 0.7, 0.4, 0.3, 0.75, 0.7, 0.3, 0.8, 0.7, 0.7, 0.5, 0.5, 0.6, 0.5, 0.5, 0.7, 0.7, 0.7, 0.7, 0.25, 0.7, 0.7, 0.75, 0.6, 0.6, 0.8, 0.5, 0.5, 0.4, 0.6, 0.7, 0.4, 0.75, 0.5, 0.6, 0.75, 0.7, 0.7, 0.75, 0.7, 0.7, 0.7, 0.65, 0.6, 0.6, 0.6, 0.5, 0.7]",180,0.7061666666666666,0.14124161725371331,7.069385621255054,2.969268449311173
it would seem,"[0.3, 0.67, 0.78, 0.78, 0.6, 0.86, 0.88, 0.43, 0.78, 0.75, 0.65, 0.45, 0.61, 0.85, 0.4, 0.46, 0.48, 0.82, 0.6, 0.43, 0.6, 0.6, 0.3, 0.46, 0.53, 0.55, 0.67, 0.6, 0.6, 0.58, 0.5, 0.73, 0.6, 0.49, 0.6, 0.68, 0.75, 0.4, 0.71, 0.53, 0.65, 0.6, 0.73, 0.58, 0.7, 0.76, 0.4, 0.4, 0.41, 0.6, 0.85, 0.82, 0.6, 0.55, 0.41, 0.58, 0.6, 0.76, 0.58, 0.41, 0.85, 0.6, 0.75, 0.7, 0.75, 0.75, 0.75, 0.7, 0.75, 0.85, 0.3, 0.7, 0.6, 0.75, 0.3, 0.7, 0.7, 0.7, 0.6, 0.7, 0.6, 0.75, 0.75, 0.6, 0.7, 0.6, 0.75, 0.7, 0.7, 0.85, 0.75, 0.7, 0.65, 0.6, 0.3, 0.4, 0.85, 0.3, 0.85, 0.85, 0.65, 0.6, 0.85, 0.7, 0.7, 0.7, 0.6, 0.75, 0.6, 0.6, 0.75, 0.6, 0.6, 0.4, 0.3, 0.65, 0.7, 0.85, 0.85, 0.75, 0.7, 0.6, 0.7, 0.7, 0.7, 0.7, 0.7, 0.7, 0.7, 0.7, 0.7, 0.7, 0.8, 0.7, 0.7, 0.7, 0.7, 0.8, 0.7, 0.8, 0.7, 0.7, 0.7, 0.7, 0.75, 0.85, 0.8, 0.8, 0.7, 0.7, 0.7, 0.75, 0.7, 0.7, 0.7, 0.7, 0.7, 0.65, 0.7, 0.75, 0.7, 0.7, 0.8, 0.7, 0.7, 0.7, 0.7, 0.7, 0.7, 0.7, 0.8, 0.7, 0.7, 0.7, 0.7, 0.8, 0.7, 0.8, 0.7, 0.7]",180,0.6613888888888889,0.13050655108669146,8.596800746893926,4.452408841947425
kind of,"[0.7, 0.5, 0.4, 0.4, 0.47, 0.48, 0.68, 0.5, 0.3, 0.35, 0.5, 0.5, 0.45, 0.4, 0.55, 0.7, 0.43, 0.3, 0.6, 0.4, 0.5, 0.67, 0.67, 0.3, 0.58, 0.57, 0.35, 0.58, 0.44, 0.4, 0.3, 0.4, 0.58, 0.58, 0.2, 0.5, 0.3, 0.7, 0.6, 0.67, 0.58, 0.67, 0.35, 0.48, 0.4, 0.6, 0.68, 0.6, 0.52, 0.5, 0.48, 0.4, 0.52, 0.44, 0.56, 0.67, 0.26, 0.5, 0.36, 0.6, 0.7, 0.5, 0.3, 0.3, 0.6, 0.55, 0.6, 0.5, 0.4, 0.7, 0.65, 0.15, 0.3, 0.3, 0.3, 0.3, 0.3, 0.6, 0.2, 0.6, 0.5, 0.3, 0.5, 0.3, 0.6, 0.3, 0.6, 0.3, 0.3, 0.35, 0.3, 0.65, 0.6, 0.6, 0.3, 0.3, 0.7, 0.4, 0.6, 0.6, 0.6, 0.6, 0.3, 0.75, 0.3, 0.6, 0.3, 0.6, 0.6, 0.3, 0.6, 0.5, 0.3, 0.4, 0.5, 0.7, 0.6, 0.6, 0.6, 0.3, 0.6, 0.6, 0.6, 0.6, 0.6, 0.6, 0.6, 0.6, 0.6, 0.6, 0.6, 0.6, 0.6, 0.6, 0.6, 0.6, 0.6, 0.6, 0.6, 0.6, 0.6, 0.6, 0.6, 0.6, 0.6, 0.6, 0.6, 0.6, 0.6, 0.6, 0.7, 0.6, 0.6, 0.5, 0.6, 0.6, 0.6, 0.6, 0.6, 0.6, 0.6, 0.6, 0.6, 0.6, 0.6, 0.6, 0.6, 0.6, 0.6, 0.6, 0.6, 0.6, 0.6, 0.6, 0.6, 0.6, 0.5, 0.6, 0.6, 0.6]",180,0.5198333333333333,0.13035624265833992,7.222750161744734,6.743536502759673
largely,"[0.85, 0.85, 0.85, 0.8, 0.85, 0.86, 0.88, 0.8, 0.8, 0.78, 0.85, 0.6, 0.6, 0.85, 0.85, 0.7, 0.8, 0.87, 0.8, 0.85, 0.8, 0.87, 0.8, 0.7, 0.74, 0.85, 0.78, 0.8, 0.88, 0.73, 0.83, 0.8, 0.7, 0.7, 0.5, 0.55, 0.8, 0.76, 0.7, 0.85, 0.8, 0.81, 0.7, 0.85, 0.88, 0.71, 0.8, 0.6, 0.6, 0.65, 0.7, 0.78, 0.8, 0.85, 0.82, 0.8, 0.78, 0.85, 0.85, 0.85, 0.85, 0.85, 0.85, 0.85, 0.85, 0.85, 0.85, 0.85, 0.85, 0.85, 0.85, 0.85, 0.85, 0.85, 0.75, 0.65, 0.85, 0.85, 0.85, 0.85, 0.85, 0.85, 0.85, 0.85, 0.85, 0.85, 0.85, 0.85, 0.85, 0.85, 0.85, 0.85, 0.85, 0.85, 0.85, 0.85, 0.9, 0.85, 0.85, 0.85, 0.85, 0.85, 0.85, 0.85, 0.85, 0.85, 0.85, 0.85, 0.75, 0.85, 0.85, 0.6, 0.85, 0.85, 0.85, 0.85, 0.85, 0.85, 0.85, 0.75, 0.8, 0.9, 0.8, 0.85, 0.85, 0.8, 0.8, 0.85, 0.75, 0.8, 0.85, 0.85, 0.95, 0.85, 0.85, 0.8, 0.85, 0.85, 0.95, 0.85, 0.8, 0.85, 0.85, 0.85, 0.9, 0.9, 0.75, 0.85, 0.8, 0.85, 0.9, 0.85, 0.8, 0.9, 0.85, 0.85, 0.9, 0.9, 0.8, 0.8, 0.85, 0.85, 0.8, 0.85, 0.85, 0.85, 0.85, 0.85, 0.9, 0.85, 0.9, 0.85, 0.85, 0.9, 0.9, 0.85, 0.9, 0.85, 0.9, 0.9]",180,0.8228333333333333,0.07001805322756251,29.224479951865618,6.331201666805913
likely,"[0.5, 0.68, 0.67, 0.85, 0.73, 0.6, 0.6, 0.7, 0.61, 0.6, 0.81, 0.7, 0.67, 0.65, 0.6, 0.68, 0.73, 0.6, 0.65, 0.75, 0.8, 0.8, 0.6, 0.8, 0.42, 0.68, 0.6, 0.57, 0.67, 0.6, 0.58, 0.6, 0.6, 0.6, 0.55, 0.6, 0.58, 0.6, 0.67, 0.67, 0.55, 0.68, 0.75, 0.72, 0.5, 0.68, 0.72, 0.7, 0.85, 0.75, 0.74, 0.75, 0.85, 0.75, 0.7, 0.78, 0.66, 0.75, 0.6, 0.85, 0.6, 0.6, 0.6, 0.6, 0.6, 0.6, 0.6, 0.7, 0.6, 0.6, 0.6, 0.6, 0.6, 0.6, 0.6, 0.6, 0.6, 0.6, 0.6, 0.6, 0.6, 0.6, 0.6, 0.6, 0.6, 0.6, 0.7, 0.6, 0.6, 0.6, 0.7, 0.6, 0.6, 0.6, 0.6, 0.6, 0.6, 0.6, 0.6, 0.6, 0.6, 0.3, 0.6, 0.6, 0.6, 0.6, 0.6, 0.5, 0.6, 0.6, 0.6, 0.6, 0.6, 0.6, 0.7, 0.6, 0.6, 0.6, 0.6, 0.6, 0.75, 0.8, 0.8, 0.8, 0.8, 0.8, 0.75, 0.8, 0.7, 0.8, 0.8, 0.85, 0.85, 0.85, 0.8, 0.8, 0.8, 0.7, 0.8, 0.9, 0.85, 0.8, 0.75, 0.8, 0.8, 0.8, 0.8, 0.8, 0.8, 0.8, 0.85, 0.8, 0.8, 0.85, 0.85, 0.8, 0.8, 0.75, 0.8, 0.8, 0.8, 0.8, 0.8, 0.8, 0.8, 0.8, 0.8, 0.85, 0.8, 0.8, 0.85, 0.8, 0.85, 0.8, 0.7, 0.8, 0.7, 0.75, 0.7, 0.8]",180,0.6897222222222222,0.10425625776878153,12.879258437190545,5.789560095890551
loosely,"[0.58, 0.35, 0.78, 0.6, 0.24, 0.5, 0.55, 0.7, 0.78, 0.4, 0.38, 0.68, 0.68, 0.68, 0.68, 0.3, 0.35, 0.6, 0.58, 0.45, 0.6, 0.65, 0.65, 0.72, 0.55, 0.68, 0.67, 0.6, 0.56, 0.53, 0.78, 0.6, 0.6, 0.68, 0.6, 0.68, 0.8, 0.6, 0.73, 0.48, 0.31, 0.47, 0.6, 0.67, 0.5, 0.68, 0.4, 0.68, 0.51, 0.48, 0.5, 0.6, 0.4, 0.56, 0.3, 0.51, 0.56, 0.45, 0.4, 0.5, 0.5, 0.7, 0.25, 0.7, 0.6, 0.6, 0.6, 0.7, 0.7, 0.3, 0.6, 0.4, 0.7, 0.3, 0.2, 0.3, 0.3, 0.1, 0.5, 0.5, 0.4, 0.6, 0.4, 0.3, 0.5, 0.7, 0.7, 0.6, 0.6, 0.45, 0.4, 0.4, 0.4, 0.3, 0.4, 0.3, 0.6, 0.6, 0.6, 0.3, 0.6, 0.2, 0.3, 0.4, 0.6, 0.6, 0.3, 0.6, 0.85, 0.3, 0.4, 0.6, 0.3, 0.6, 0.4, 0.85, 0.65, 0.3, 0.65, 0.6, 0.6, 0.7, 0.7, 0.6, 0.6, 0.7, 0.6, 0.7, 0.7, 0.7, 0.7, 0.7, 0.6, 0.7, 0.7, 0.6, 0.5, 0.6, 0.75, 0.85, 0.85, 0.8, 0.8, 0.8, 0.75, 0.8, 0.85, 0.75, 0.7, 0.6, 0.7, 0.75, 0.75, 0.7, 0.7, 0.7, 0.7, 0.75, 0.8, 0.8, 0.8, 0.7, 0.75, 0.8, 0.7, 0.75, 0.8, 0.85, 0.7, 0.75, 0.7, 0.75, 0.8, 0.7, 0.7, 0.6, 0.6, 0.6, 0.6, 0.5]",180,0.5855555555555556,0.16232416887965,5.001466166470153,3.5913144658056075
loosely speaking,"[0.4, 0.61, 0.68, 0.6, 0.45, 0.85, 0.68, 0.35, 0.68, 0.6, 0.6, 0.3, 0.58, 0.6, 0.6, 0.73, 0.6, 0.58, 0.6, 0.5, 0.2, 0.4, 0.67, 0.75, 0.25, 0.5, 0.55, 0.73, 0.58, 0.43, 0.4, 0.6, 0.6, 0.65, 0.72, 0.3, 0.6, 0.6, 0.6, 0.4, 0.58, 0.73, 0.67, 0.85, 0.6, 0.57, 0.6, 0.6, 0.43, 0.45, 0.68, 0.4, 0.48, 0.5, 0.6, 0.5, 0.23, 0.4, 0.5, 0.35, 0.6, 0.6, 0.3, 0.85, 0.3, 0.7, 0.6, 0.6, 0.7, 0.75, 0.6, 0.7, 0.6, 0.5, 0.7, 0.4, 0.6, 0.4, 0.5, 0.4, 0.3, 0.3, 0.65, 0.4, 0.7, 0.3, 0.3, 0.7, 0.7, 0.7, 0.3, 0.3, 0.7, 0.6, 0.6, 0.75, 0.7, 0.6, 0.4, 0.6, 0.3, 0.3, 0.6, 0.55, 0.6, 0.1, 0.6, 0.7, 0.5, 0.15, 0.6, 0.2, 0.3, 0.3, 0.5, 0.7, 0.7, 0.4, 0.4, 0.5, 0.7, 0.8, 0.7, 0.75, 0.7, 0.7, 0.7, 0.8, 0.7, 0.8, 0.75, 0.7, 0.7, 0.6, 0.7, 0.7, 0.7, 0.7, 0.7, 0.7, 0.7, 0.7, 0.75, 0.7, 0.7, 0.7, 0.7, 0.7, 0.7, 0.7, 0.7, 0.75, 0.7, 0.7, 0.7, 0.7, 0.7, 0.7, 0.8, 0.8, 0.6, 0.7, 0.7, 0.6, 0.75, 0.6, 0.7, 0.7, 0.6, 0.7, 0.7, 0.7, 0.6, 0.6, 0.6, 0.7, 0.6, 0.75, 0.7, 0.6]",180,0.5868888888888889,0.15538943510808537,5.487306879489656,3.9444862463834927
mainly,"[0.6, 0.4, 0.6, 0.88, 0.6, 0.6, 0.85, 0.7, 0.8, 0.6, 0.78, 0.8, 0.6, 0.56, 0.81, 0.8, 0.7, 0.2, 0.69, 0.7, 0.95, 0.6, 0.75, 0.6, 0.6, 0.6, 0.44, 0.7, 0.68, 0.6, 0.82, 0.75, 0.7, 0.8, 0.8, 0.8, 0.75, 0.6, 0.75, 0.6, 0.8, 0.6, 0.75, 0.6, 0.7, 0.85, 0.6, 0.7, 0.6, 0.6, 0.6, 0.6, 0.66, 0.4, 0.6, 0.5, 0.56, 0.75, 0.51, 0.65, 0.75, 0.85, 0.85, 0.85, 0.75, 0.75, 0.85, 0.85, 0.85, 0.7, 0.75, 0.7, 0.65, 0.85, 0.75, 0.75, 0.75, 0.85, 0.75, 0.85, 0.75, 0.75, 0.85, 0.75, 0.75, 0.85, 0.85, 0.75, 0.7, 0.85, 0.7, 0.85, 0.75, 0.7, 0.85, 0.85, 0.75, 0.75, 0.85, 0.85, 0.75, 0.75, 0.85, 0.85, 0.75, 0.75, 0.75, 0.85, 0.75, 0.85, 0.75, 0.85, 0.65, 0.85, 0.85, 0.85, 0.85, 0.85, 0.85, 0.85, 0.85, 0.85, 0.8, 0.95, 0.8, 0.75, 0.8, 0.8, 0.8, 0.8, 0.85, 0.8, 0.75, 0.85, 0.8, 0.85, 0.7, 0.85, 0.9, 0.7, 0.85, 0.85, 0.85, 0.95, 0.9, 0.8, 0.85, 0.85, 0.9, 0.75, 0.8, 0.8, 0.8, 0.85, 0.9, 0.9, 0.85, 0.8, 0.85, 0.7, 0.8, 0.8, 0.9, 0.85, 0.8, 0.8, 0.85, 0.85, 0.9, 0.8, 0.8, 0.85, 0.9, 0.8, 0.85, 0.85, 0.9, 0.8, 0.8, 0.8]",180,0.7616111111111111,0.11333413670739227,11.166099925845248,3.540821893161957
manifestly,"[0.95, 0.95, 0.95, 0.98, 0.98, 0.95, 0.98, 0.9, 0.95, 0.98, 0.95, 0.98, 0.95, 0.9, 0.99, 0.95, 0.9, 0.95, 0.95, 0.9, 0.98, 0.95, 0.95, 1.0, 0.99, 0.95, 0.98, 0.98, 0.8, 0.9, 0.95, 0.98, 0.95, 0.95, 0.98, 0.98, 0.9, 0.95, 0.95, 0.96, 0.85, 0.8, 0.98, 0.95, 0.99, 0.95, 0.98, 0.95, 0.9, 0.95, 0.98, 0.98, 0.98, 0.95, 0.9, 0.99, 0.98, 0.99, 0.95, 0.92, 0.9, 0.95, 0.95, 0.95, 0.95, 0.95, 0.95, 0.95, 0.95, 0.9, 0.95, 0.95, 0.95, 0.9, 0.95, 0.95, 0.95, 0.95, 0.95, 0.95, 0.95, 0.95, 0.95, 0.95, 0.95, 0.95, 0.85, 0.95, 0.95, 0.95, 0.95, 0.95, 0.95, 0.95, 0.95, 0.95, 0.95, 0.95, 0.95, 0.95, 0.95, 0.95, 0.95, 0.95, 0.95, 0.95, 0.95, 0.95, 0.95, 0.95, 0.95, 0.95, 0.95, 0.95, 0.95, 0.95, 0.95, 0.95, 0.95, 0.95, 0.95, 0.95, 0.98, 1.0, 0.95, 0.95, 0.95, 0.98, 0.95, 0.95, 0.95, 0.95, 0.98, 0.95, 0.95, 0.95, 0.95, 0.95, 1.0, 0.95, 0.95, 0.95, 0.95, 0.95, 0.98, 0.98, 0.95, 0.95, 0.95, 0.95, 0.95, 0.95, 0.98, 0.95, 0.95, 0.95, 0.95, 0.95, 0.95, 0.95, 0.95, 0.95, 0.95, 0.95, 0.95, 0.95, 0.95, 0.95, 0.95, 0.95, 0.95, 0.95, 0.95, 0.95, 0.95, 1.0, 0.95, 0.95, 0.95, 0.95]",180,0.950111111111111,0.027100407723232352,31.29803567519181,1.6311837211247355
marginally,"[0.59, 0.58, 0.68, 0.46, 0.3, 0.5, 0.56, 0.6, 0.23, 0.58, 0.41, 0.41, 0.53, 0.28, 0.55, 0.23, 0.34, 0.34, 0.68, 0.82, 0.48, 0.31, 0.42, 0.58, 0.8, 0.67, 0.76, 0.55, 0.55, 0.46, 0.3, 0.68, 0.4, 0.68, 0.58, 0.68, 0.48, 0.7, 0.25, 0.3, 0.5, 0.68, 0.48, 0.57, 0.8, 0.35, 0.6, 0.6, 0.43, 0.27, 0.48, 0.6, 0.4, 0.6, 0.25, 0.4, 0.34, 0.4, 0.66, 0.73, 0.3, 0.75, 0.85, 0.75, 0.7, 0.7, 0.75, 0.7, 0.65, 0.6, 0.75, 0.75, 0.85, 0.65, 0.75, 0.5, 0.75, 0.75, 0.75, 0.75, 0.6, 0.75, 0.65, 0.75, 0.85, 0.75, 0.85, 0.85, 0.4, 0.65, 0.7, 0.85, 0.7, 0.75, 0.6, 0.6, 0.3, 0.6, 0.75, 0.7, 0.65, 0.75, 0.65, 0.85, 0.75, 0.75, 0.75, 0.75, 0.6, 0.75, 0.4, 0.75, 0.65, 0.7, 0.6, 0.7, 0.75, 0.7, 0.75, 0.85, 0.65, 0.7, 0.75, 0.6, 0.7, 0.8, 0.7, 0.7, 0.7, 0.7, 0.8, 0.7, 0.7, 0.8, 0.7, 0.7, 0.7, 0.7, 0.6, 0.7, 0.7, 0.7, 0.7, 0.7, 0.65, 0.7, 0.65, 0.8, 0.7, 0.7, 0.7, 0.6, 0.7, 0.7, 0.7, 0.7, 0.7, 0.75, 0.7, 0.75, 0.7, 0.7, 0.75, 0.7, 0.7, 0.75, 0.6, 0.7, 0.7, 0.7, 0.75, 0.7, 0.8, 0.6, 0.7, 0.7, 0.6, 0.7, 0.7, 0.6]",180,0.6341111111111111,0.14803824163929508,6.589668264201017,3.8746951580464124
maybe,"[0.65, 0.35, 0.75, 0.58, 0.23, 0.4, 0.4, 0.46, 0.76, 0.27, 0.36, 0.6, 0.55, 0.31, 0.6, 0.57, 0.73, 0.38, 0.64, 0.58, 0.58, 0.2, 0.78, 0.56, 0.35, 0.6, 0.35, 0.49, 0.4, 0.4, 0.67, 0.48, 0.35, 0.63, 0.55, 0.49, 0.28, 0.4, 0.55, 0.3, 0.44, 0.3, 0.3, 0.25, 0.22, 0.6, 0.3, 0.25, 0.25, 0.26, 0.73, 0.29, 0.2, 0.4, 0.2, 0.3, 0.32, 0.48, 0.5, 0.56, 0.6, 0.6, 0.4, 0.5, 0.6, 0.7, 0.4, 0.3, 0.3, 0.3, 0.3, 0.3, 0.2, 0.3, 0.2, 0.3, 0.3, 0.3, 0.3, 0.3, 0.3, 0.3, 0.3, 0.3, 0.3, 0.3, 0.3, 0.4, 0.3, 0.3, 0.3, 0.6, 0.3, 0.2, 0.3, 0.3, 0.3, 0.3, 0.3, 0.3, 0.3, 0.3, 0.4, 0.3, 0.2, 0.4, 0.3, 0.4, 0.3, 0.6, 0.3, 0.4, 0.3, 0.4, 0.4, 0.4, 0.4, 0.3, 0.6, 0.3, 0.6, 0.6, 0.6, 0.7, 0.7, 0.5, 0.4, 0.5, 0.4, 0.5, 0.6, 0.5, 0.5, 0.5, 0.5, 0.5, 0.5, 0.3, 0.5, 0.5, 0.3, 0.5, 0.5, 0.5, 0.5, 0.6, 0.3, 0.6, 0.6, 0.5, 0.5, 0.5, 0.3, 0.5, 0.5, 0.5, 0.4, 0.4, 0.3, 0.6, 0.6, 0.3, 0.3, 0.4, 0.5, 0.6, 0.6, 0.3, 0.5, 0.4, 0.5, 0.6, 0.5, 0.5, 0.4, 0.6, 0.5, 0.4, 0.6, 0.6]",180,0.4296111111111111,0.14023141147914078,5.177207979908885,6.841439919488671
more often than not,"[0.85, 0.75, 0.78, 0.76, 0.87, 0.67, 0.6, 0.85, 0.78, 0.75, 0.78, 0.67, 0.85, 0.78, 0.75, 0.75, 0.75, 0.82, 0.78, 0.62, 0.7, 0.75, 0.78, 0.85, 0.87, 0.85, 0.68, 0.6, 0.78, 0.7, 0.85, 0.87, 0.87, 0.62, 0.67, 0.67, 0.7, 0.85, 0.85, 0.8, 0.75, 0.58, 0.78, 0.82, 0.8, 0.76, 0.85, 0.73, 0.78, 0.6, 0.85, 0.5, 0.68, 0.72, 0.76, 0.58, 0.75, 0.85, 0.73, 0.78, 0.7, 0.85, 0.85, 0.6, 0.7, 0.6, 0.75, 0.65, 0.75, 0.75, 0.85, 0.75, 0.7, 0.7, 0.75, 0.6, 0.75, 0.75, 0.75, 0.6, 0.65, 0.75, 0.75, 0.75, 0.85, 0.7, 0.6, 0.7, 0.7, 0.6, 0.6, 0.7, 0.6, 0.7, 0.6, 0.7, 0.6, 0.75, 0.85, 0.75, 0.7, 0.7, 0.5, 0.7, 0.75, 0.7, 0.85, 0.7, 0.75, 0.7, 0.65, 0.65, 0.65, 0.7, 0.65, 0.45, 0.6, 0.6, 0.65, 0.6, 0.75, 0.7, 0.75, 0.7, 0.8, 0.7, 0.7, 0.7, 0.7, 0.7, 0.7, 0.8, 0.75, 0.8, 0.7, 0.7, 0.75, 0.8, 0.7, 0.8, 0.8, 0.8, 0.7, 0.75, 0.7, 0.75, 0.75, 0.7, 0.8, 0.8, 0.7, 0.8, 0.7, 0.8, 0.7, 0.7, 0.7, 0.65, 0.65, 0.7, 0.7, 0.7, 0.7, 0.7, 0.7, 0.7, 0.75, 0.7, 0.7, 0.7, 0.7, 0.7, 0.7, 0.7, 0.7, 0.7, 0.7, 0.7, 0.7, 0.8]",180,0.7234444444444444,0.07794101916921412,22.95812963653351,8.775713634922868
more or less,"[0.6, 0.7, 0.57, 0.56, 0.3, 0.19, 0.5, 0.61, 0.68, 0.58, 0.67, 0.35, 0.42, 0.58, 0.48, 0.6, 0.67, 0.39, 0.4, 0.6, 0.58, 0.6, 0.6, 0.6, 0.85, 0.6, 0.38, 0.58, 0.6, 0.38, 0.61, 0.56, 0.56, 0.44, 0.55, 0.6, 0.65, 0.5, 0.56, 0.7, 0.72, 0.45, 0.68, 0.55, 0.73, 0.5, 0.55, 0.74, 0.67, 0.68, 0.6, 0.36, 0.35, 0.6, 0.79, 0.48, 0.55, 0.5, 0.55, 0.4, 0.5, 0.6, 0.6, 0.7, 0.6, 0.6, 0.6, 0.65, 0.6, 0.4, 0.7, 0.3, 0.3, 0.6, 0.6, 0.7, 0.5, 0.6, 0.6, 0.7, 0.6, 0.5, 0.4, 0.6, 0.4, 0.3, 0.5, 0.5, 0.4, 0.7, 0.6, 0.6, 0.4, 0.6, 0.4, 0.6, 0.7, 0.4, 0.6, 0.3, 0.6, 0.6, 0.5, 0.6, 0.7, 0.5, 0.5, 0.6, 0.4, 0.6, 0.4, 0.6, 0.4, 0.6, 0.6, 0.6, 0.6, 0.6, 0.6, 0.4, 0.6, 0.6, 0.6, 0.6, 0.5, 0.6, 0.7, 0.7, 0.6, 0.6, 0.6, 0.6, 0.6, 0.6, 0.6, 0.7, 0.6, 0.7, 0.6, 0.6, 0.6, 0.6, 0.6, 0.6, 0.8, 0.6, 0.7, 0.6, 0.6, 0.5, 0.6, 0.6, 0.6, 0.5, 0.6, 0.6, 0.6, 0.6, 0.6, 0.6, 0.6, 0.7, 0.6, 0.6, 0.6, 0.6, 0.7, 0.6, 0.5, 0.6, 0.5, 0.7, 0.7, 0.7, 0.6, 0.6, 0.7, 0.6, 0.7, 0.6]",180,0.5713888888888888,0.10681117237073037,11.68811535858547,8.813349296052689
mostly,"[0.86, 0.6, 0.6, 0.6, 0.78, 0.85, 0.85, 0.8, 0.6, 0.8, 0.8, 0.6, 0.77, 0.63, 0.6, 0.5, 0.6, 0.78, 0.78, 0.75, 0.85, 0.72, 0.76, 0.8, 0.71, 0.85, 0.85, 0.6, 0.6, 0.66, 0.7, 0.72, 0.7, 0.6, 0.6, 0.6, 0.7, 0.6, 0.68, 0.75, 0.8, 0.85, 0.72, 0.7, 0.8, 0.6, 0.92, 0.78, 0.6, 0.75, 0.78, 0.81, 0.87, 0.85, 0.85, 0.5, 0.75, 0.6, 0.48, 0.68, 0.75, 0.85, 0.85, 0.75, 0.75, 0.8, 0.85, 0.85, 0.85, 0.8, 0.85, 0.85, 0.85, 0.85, 0.75, 0.75, 0.85, 0.85, 0.75, 0.85, 0.85, 0.85, 0.85, 0.85, 0.85, 0.85, 0.75, 0.75, 0.85, 0.7, 0.85, 0.6, 0.7, 0.9, 0.75, 0.85, 0.75, 0.85, 0.75, 0.85, 0.85, 0.85, 0.85, 0.75, 0.7, 0.85, 0.75, 0.85, 0.85, 0.85, 0.85, 0.7, 0.85, 0.75, 0.85, 0.75, 0.75, 0.6, 0.75, 0.6, 0.7, 0.8, 0.8, 0.9, 0.85, 0.8, 0.8, 0.85, 0.8, 0.85, 0.75, 0.9, 0.75, 0.85, 0.8, 0.8, 0.8, 0.85, 0.85, 0.9, 0.8, 0.8, 0.85, 0.8, 0.85, 0.85, 0.85, 0.8, 0.85, 0.85, 0.85, 0.85, 0.8, 0.8, 0.85, 0.8, 0.85, 0.85, 0.8, 0.85, 0.8, 0.85, 0.85, 0.85, 0.8, 0.85, 0.8, 0.9, 0.85, 0.85, 0.85, 0.8, 0.85, 0.85, 0.85, 0.85, 0.8, 0.8, 0.7, 0.75]",180,0.7793888888888888,0.09076932845215019,17.97156436681873,5.1178911418881405
naturally,"[0.8, 0.96, 0.9, 0.65, 0.8, 0.8, 0.98, 0.8, 0.6, 0.6, 0.75, 0.9, 0.9, 0.95, 0.95, 0.85, 0.8, 0.8, 0.95, 0.7, 0.25, 0.8, 0.8, 0.85, 0.6, 0.8, 0.7, 0.95, 0.6, 0.7, 0.7, 0.6, 0.9, 0.5, 0.9, 0.5, 0.69, 0.6, 0.87, 0.3, 0.85, 0.83, 0.8, 0.4, 0.6, 0.8, 0.25, 0.8, 0.85, 0.6, 0.3, 0.8, 0.85, 0.9, 0.75, 0.8, 0.6, 0.9, 0.6, 0.6, 0.85, 0.85, 0.5, 0.95, 0.75, 0.85, 0.9, 0.85, 0.85, 0.95, 0.85, 0.95, 0.85, 0.85, 0.85, 0.75, 0.8, 0.85, 0.85, 0.95, 0.85, 0.9, 0.85, 0.85, 0.85, 0.9, 0.75, 0.9, 0.75, 0.85, 0.75, 0.75, 0.85, 0.95, 0.9, 0.5, 0.85, 0.9, 0.9, 0.9, 0.85, 0.95, 0.85, 0.9, 0.9, 0.95, 0.9, 0.85, 0.95, 0.95, 0.9, 0.9, 0.85, 0.95, 0.85, 0.85, 0.85, 0.95, 0.85, 0.95, 0.85, 0.8, 1.0, 0.85, 0.7, 0.85, 0.95, 0.95, 0.95, 0.95, 0.85, 1.0, 0.8, 0.8, 0.95, 0.95, 0.95, 0.9, 0.9, 0.85, 0.95, 0.95, 0.8, 1.0, 0.9, 0.95, 0.95, 0.9, 0.95, 0.95, 0.95, 0.9, 0.95, 0.8, 0.85, 0.8, 0.75, 0.8, 0.7, 0.8, 0.8, 0.9, 0.95, 0.95, 0.8, 0.9, 0.8, 0.8, 0.8, 0.85, 0.9, 0.8, 0.9, 0.85, 0.85, 0.7, 0.85, 0.85, 0.8, 0.85]",180,0.8207222222222221,0.13821493147974506,5.055168276756171,1.1120918486325846
nearly,"[0.36, 0.28, 0.34, 0.56, 0.25, 0.34, 0.67, 0.67, 0.6, 0.68, 0.75, 0.75, 0.3, 0.2, 0.47, 0.46, 0.28, 0.58, 0.76, 0.5, 0.61, 0.33, 0.06, 0.72, 0.22, 0.6, 0.31, 0.6, 0.44, 0.6, 0.4, 0.2, 0.7, 0.58, 0.98, 0.5, 0.2, 0.7, 0.45, 0.2, 0.25, 0.6, 0.56, 0.22, 0.25, 0.27, 0.65, 0.81, 0.44, 0.2, 0.4, 0.6, 0.36, 0.5, 0.85, 0.88, 0.85, 0.95, 0.74, 0.85, 0.35, 0.6, 0.55, 0.82, 0.2, 0.42, 0.28, 0.64, 0.72, 0.85, 0.72, 0.41, 0.45, 0.5, 0.5, 0.6, 0.8, 0.48, 0.36, 0.3, 0.65, 0.75, 0.53, 0.6, 0.6, 0.5, 0.58, 0.58, 0.7, 0.8, 0.66, 0.36, 0.5, 0.45, 0.85, 0.68, 0.7, 0.73, 0.6, 0.58, 0.44, 0.25, 0.52, 0.76, 0.55, 0.3, 0.4, 0.6, 0.6, 0.85, 0.3, 0.58, 0.5, 0.76, 0.6, 0.71, 0.22, 0.25, 0.55, 0.3, 0.45, 0.7, 0.7, 0.4, 0.2, 0.2, 0.7, 0.75, 0.6, 0.7, 0.85, 0.85, 0.2, 0.3, 0.6, 0.65, 0.65, 0.7, 0.85, 0.85, 0.7, 0.75, 0.6, 0.2, 0.7, 0.2, 0.75, 0.7, 0.85, 0.3, 0.75, 0.75, 0.75, 0.3, 0.85, 0.85, 0.75, 0.6, 0.4, 0.75, 0.5, 0.7, 0.7, 0.2, 0.75, 0.9, 0.75, 0.5, 0.65, 0.65, 0.75, 0.7, 0.7, 0.6, 0.85, 0.6, 0.85, 0.85, 0.85, 0.85, 0.4, 0.45, 0.6, 0.7, 0.4, 0.75, 0.6, 0.7, 0.85, 0.4, 0.6, 0.85, 0.6, 0.6, 0.6, 0.6, 0.7, 0.6, 0.6, 0.6, 0.6, 0.6, 0.85, 0.7, 0.75, 0.65, 0.75, 0.75, 0.85, 0.6, 0.85, 0.7, 0.6, 0.75, 0.7, 0.7, 0.75, 0.85, 0.5, 0.6, 0.6, 0.7, 0.65, 0.85, 0.7, 0.7, 0.85, 0.6, 0.55, 0.6, 0.65, 0.6, 0.6, 0.7, 0.75, 0.85, 0.5, 0.85, 0.85, 0.75, 0.7, 0.65, 0.5, 0.75, 0.7, 0.6, 0.9, 0.85, 0.85, 0.8, 0.8, 0.8, 0.7, 0.7, 0.7, 0.75, 0.6, 0.6, 0.9, 0.9, 0.85, 0.7, 0.7, 0.8, 0.85, 0.9, 0.7, 0.8, 0.85, 0.8, 0.8, 0.8, 0.85, 0.9, 0.9, 0.9, 0.6, 0.75, 0.8, 0.8, 0.85, 0.8, 0.8, 0.6, 0.9, 0.9, 0.9, 0.8, 0.8, 0.75, 0.9, 0.75, 0.9, 0.7, 0.9, 0.85, 0.95, 0.95, 0.9, 0.95, 0.7, 0.8, 0.7, 0.8, 0.7, 0.7, 0.7, 0.8, 0.7, 0.8, 0.7, 0.6, 0.7, 0.85, 0.8, 0.7, 0.8, 0.75, 0.8, 0.85, 0.8, 0.8, 0.85, 0.8, 0.85, 0.8, 0.8, 0.8, 0.7, 0.7, 0.75, 0.75, 0.8, 0.7, 0.85, 0.8, 0.75, 0.7, 0.8, 0.8, 0.75, 0.75, 0.75, 0.8, 0.7, 0.8, 0.85, 0.7, 0.85, 0.85, 0.8, 0.8, 0.85, 0.8, 0.75, 0.85, 0.8, 0.8, 0.8, 0.8]",360,0.6554722222222222,0.1896496750020813,3.752808209931466,2.0338392996648085
needless to say,"[0.98, 0.6, 0.98, 0.9, 0.9, 0.95, 0.8, 0.8, 0.9, 0.98, 0.87, 0.9, 0.85, 0.9, 0.85, 0.8, 0.9, 0.95, 0.85, 0.6, 0.8, 0.8, 0.6, 0.95, 0.98, 0.9, 0.8, 0.8, 0.6, 0.95, 0.7, 0.98, 0.98, 0.8, 0.95, 0.75, 0.9, 0.95, 0.95, 0.8, 0.95, 0.8, 0.95, 0.8, 0.96, 0.8, 0.8, 0.98, 0.8, 0.9, 0.95, 0.95, 0.8, 0.9, 0.8, 0.7, 0.8, 0.9, 0.95, 0.8, 0.75, 0.75, 0.85, 0.85, 0.85, 0.85, 0.85, 0.85, 0.5, 0.75, 0.85, 0.75, 0.85, 0.9, 0.75, 0.75, 0.85, 0.5, 0.85, 0.75, 0.85, 0.75, 0.85, 0.7, 0.85, 0.85, 0.85, 0.9, 0.9, 0.75, 0.85, 0.7, 0.85, 0.85, 0.75, 0.85, 0.85, 0.75, 0.85, 0.85, 0.75, 0.85, 0.75, 0.85, 0.85, 0.85, 0.85, 0.85, 0.85, 0.9, 0.75, 0.75, 0.75, 0.85, 0.75, 0.85, 0.85, 0.85, 0.85, 0.6, 0.8, 0.95, 0.95, 0.85, 0.9, 0.9, 0.85, 0.9, 0.9, 0.8, 0.95, 0.85, 0.85, 0.9, 0.95, 0.75, 0.85, 0.95, 0.85, 0.85, 0.9, 0.9, 0.9, 0.9, 0.85, 0.9, 0.85, 0.85, 0.8, 0.9, 0.8, 0.9, 0.85, 0.9, 0.9, 0.9, 0.85, 0.85, 0.8, 0.85, 0.9, 0.85, 0.9, 0.85, 0.85, 0.9, 0.9, 0.8, 0.8, 0.8, 0.85, 0.9, 0.85, 0.9, 0.85, 0.95, 0.9, 0.95, 0.95, 0.95]",180,0.8457777777777779,0.08604233812848928,14.15418663912764,2.584871148800856
normally,"[0.8, 0.9, 0.75, 0.8, 0.8, 0.71, 0.52, 0.8, 0.85, 0.85, 0.85, 0.9, 0.85, 0.8, 0.8, 0.8, 0.78, 0.9, 0.8, 0.7, 0.8, 0.8, 0.85, 0.6, 0.6, 0.75, 0.85, 0.8, 0.7, 0.98, 0.86, 0.8, 0.83, 0.8, 0.55, 0.8, 0.8, 0.85, 0.85, 0.7, 0.85, 0.9, 0.85, 0.8, 0.6, 0.79, 0.78, 0.8, 0.95, 0.8, 0.75, 0.85, 0.85, 0.6, 0.57, 0.7, 0.4, 0.68, 0.75, 0.62, 0.85, 0.85, 0.85, 0.85, 0.85, 0.85, 0.85, 0.85, 0.85, 0.85, 0.85, 0.85, 0.9, 0.85, 0.85, 0.85, 0.85, 0.85, 0.85, 0.85, 0.75, 0.85, 0.85, 0.75, 0.85, 0.85, 0.85, 0.85, 0.85, 0.85, 0.85, 0.85, 0.85, 0.85, 0.75, 0.75, 0.85, 0.85, 0.85, 0.85, 0.85, 0.85, 0.8, 0.75, 0.75, 0.7, 0.85, 0.75, 0.9, 0.85, 0.9, 0.7, 0.85, 0.85, 0.85, 0.85, 0.85, 0.7, 0.75, 0.5, 0.85, 0.95, 0.95, 0.85, 0.95, 0.95, 0.9, 0.9, 0.95, 0.85, 0.95, 0.9, 0.85, 0.9, 0.85, 0.9, 0.9, 0.9, 0.85, 0.85, 0.8, 0.95, 0.95, 0.95, 0.95, 0.95, 0.9, 0.85, 0.95, 0.85, 0.95, 0.9, 0.9, 0.8, 0.8, 0.85, 0.95, 0.85, 0.95, 0.85, 0.85, 0.95, 0.8, 0.7, 0.9, 0.8, 0.85, 0.85, 0.8, 0.85, 0.9, 0.85, 0.85, 0.95, 0.85, 0.85, 0.7, 0.8, 0.8, 0.8]",180,0.8248333333333333,0.09099740533541478,14.949324761898247,3.195343432579168
not impossible,"[0.68, 0.58, 0.6, 0.65, 0.7, 0.85, 0.45, 0.45, 0.73, 0.73, 0.67, 0.42, 0.43, 0.43, 0.56, 0.74, 0.85, 0.83, 0.72, 0.6, 0.4, 0.68, 0.65, 0.85, 0.3, 0.73, 0.55, 0.75, 0.58, 0.35, 0.58, 0.4, 0.8, 0.71, 0.48, 0.68, 0.67, 0.66, 0.4, 0.41, 0.65, 0.36, 0.85, 0.85, 0.6, 0.6, 0.75, 0.86, 0.85, 0.75, 0.78, 0.48, 0.6, 0.73, 0.4, 0.55, 0.56, 0.25, 0.73, 0.6, 0.85, 0.65, 0.3, 0.3, 0.5, 0.7, 0.3, 0.6, 0.6, 0.3, 0.7, 0.4, 0.4, 0.3, 0.3, 0.3, 0.4, 0.6, 0.3, 0.4, 0.2, 0.6, 0.2, 0.35, 0.4, 0.6, 0.6, 0.3, 0.5, 0.7, 0.3, 0.6, 0.6, 0.7, 0.75, 0.35, 0.85, 0.6, 0.4, 0.85, 0.85, 0.4, 0.6, 0.75, 0.5, 0.75, 0.4, 0.65, 0.6, 0.6, 0.4, 0.7, 0.3, 0.6, 0.6, 0.3, 0.3, 0.3, 0.4, 0.3, 0.6, 0.6, 0.8, 0.6, 0.6, 0.5, 0.6, 0.6, 0.6, 0.6, 0.6, 0.7, 0.7, 0.5, 0.6, 0.7, 0.7, 0.6, 0.6, 0.7, 0.5, 0.6, 0.8, 0.6, 0.7, 0.7, 0.6, 0.6, 0.7, 0.7, 0.6, 0.6, 0.6, 0.75, 0.7, 0.8, 0.7, 0.75, 0.85, 0.8, 0.85, 0.8, 0.8, 0.8, 0.8, 0.8, 0.8, 0.8, 0.8, 0.8, 0.85, 0.7, 0.85, 0.7, 0.7, 0.7, 0.6, 0.6, 0.5, 0.6]",180,0.6002777777777778,0.16866610854833733,4.74000608638429,3.182988330093025
not out of the question,"[0.73, 0.35, 0.25, 0.73, 0.87, 0.61, 0.67, 0.75, 0.46, 0.75, 0.65, 0.85, 0.63, 0.58, 0.73, 0.6, 0.5, 0.75, 0.7, 0.65, 0.6, 0.67, 0.72, 0.7, 0.59, 0.67, 0.78, 0.68, 0.35, 0.68, 0.75, 0.68, 0.85, 0.68, 0.78, 0.7, 0.71, 0.7, 0.6, 0.78, 0.62, 0.75, 0.6, 0.85, 0.42, 0.75, 0.5, 0.72, 0.46, 0.75, 0.76, 0.75, 0.46, 0.85, 0.85, 0.85, 0.72, 0.78, 0.75, 0.78, 0.6, 0.85, 0.6, 0.3, 0.7, 0.6, 0.4, 0.2, 0.3, 0.75, 0.85, 0.75, 0.3, 0.3, 0.3, 0.6, 0.3, 0.7, 0.6, 0.6, 0.3, 0.7, 0.85, 0.4, 0.6, 0.7, 0.6, 0.75, 0.85, 0.65, 0.5, 0.85, 0.75, 0.5, 0.6, 0.75, 0.6, 0.5, 0.7, 0.4, 0.75, 0.6, 0.7, 0.4, 0.75, 0.6, 0.65, 0.65, 0.4, 0.6, 0.75, 0.5, 0.6, 0.4, 0.85, 0.85, 0.75, 0.75, 0.85, 0.75, 0.6, 0.7, 0.7, 0.6, 0.6, 0.6, 0.5, 0.5, 0.5, 0.75, 0.7, 0.7, 0.6, 0.6, 0.7, 0.6, 0.6, 0.75, 0.7, 0.7, 0.6, 0.7, 0.7, 0.7, 0.7, 0.7, 0.6, 0.8, 0.6, 0.7, 0.75, 0.8, 0.6, 0.65, 0.7, 0.6, 0.6, 0.8, 0.6, 0.75, 0.7, 0.7, 0.6, 0.7, 0.6, 0.7, 0.7, 0.7, 0.7, 0.6, 0.5, 0.75, 0.7, 0.6, 0.7, 0.7, 0.7, 0.6, 0.75, 0.7]",180,0.6472222222222223,0.1380622064125667,7.5073208044279545,4.147271260441064
not yet established,"[0.45, 0.52, 0.4, 0.3, 0.5, 0.34, 0.31, 0.4, 0.4, 0.78, 0.3, 0.4, 0.38, 0.43, 0.6, 0.68, 0.7, 0.58, 0.4, 0.6, 0.52, 0.4, 0.73, 0.72, 0.55, 0.78, 0.74, 0.59, 0.6, 0.67, 0.86, 0.6, 0.3, 0.58, 0.6, 0.48, 0.45, 0.65, 0.56, 0.48, 0.55, 0.43, 0.6, 0.73, 0.85, 0.78, 0.67, 0.7, 0.63, 0.57, 0.85, 0.6, 0.8, 0.7, 0.8, 0.7, 0.6, 0.78, 0.68, 0.68, 0.75, 0.75, 0.4, 0.75, 0.5, 0.7, 0.4, 0.5, 0.75, 0.85, 0.6, 0.6, 0.75, 0.6, 0.4, 0.6, 0.4, 0.7, 0.75, 0.7, 0.75, 0.45, 0.75, 0.6, 0.6, 0.5, 0.75, 0.75, 0.7, 0.6, 0.75, 0.6, 0.6, 0.7, 0.45, 0.75, 0.7, 0.5, 0.75, 0.7, 0.75, 0.75, 0.6, 0.75, 0.85, 0.7, 0.6, 0.4, 0.6, 0.7, 0.7, 0.4, 0.3, 0.4, 0.75, 0.7, 0.25, 0.6, 0.75, 0.7, 0.5, 0.4, 0.4, 0.5, 0.7, 0.5, 0.5, 0.7, 0.6, 0.6, 0.5, 0.6, 0.7, 0.7, 0.8, 0.7, 0.8, 0.5, 0.6, 0.6, 0.6, 0.5, 0.5, 0.5, 0.6, 0.6, 0.6, 0.6, 0.7, 0.6, 0.7, 0.7, 0.5, 0.6, 0.6, 0.5, 0.8, 0.6, 0.7, 0.5, 0.5, 0.6, 0.5, 0.7, 0.6, 0.5, 0.5, 0.7, 0.5, 0.3, 0.5, 0.5, 0.5, 0.5, 0.6, 0.6, 0.5, 0.75, 0.6, 0.6]",180,0.5979444444444444,0.13508309057030304,7.489140393212279,5.048135883889714
notwithstanding,"[0.6, 0.85, 0.92, 0.7, 0.75, 0.88, 0.6, 0.4, 0.6, 0.7, 0.45, 0.5, 0.2, 0.8, 0.3, 0.89, 0.3, 0.3, 0.7, 0.3, 0.75, 0.2, 0.65, 0.18, 0.7, 0.8, 0.68, 0.6, 0.6, 0.6, 0.5, 0.5, 0.4, 0.85, 0.6, 0.28, 0.95, 0.2, 0.8, 0.58, 0.5, 0.35, 0.2, 0.2, 0.4, 0.5, 0.28, 0.96, 0.6, 0.3, 0.7, 0.8, 0.7, 0.8, 0.6, 0.6, 0.3, 0.6, 0.7, 0.44, 0.9, 0.85, 0.75, 0.7, 0.75, 0.85, 0.5, 0.75, 0.7, 0.85, 0.85, 0.7, 0.75, 0.75, 0.9, 0.5, 0.9, 0.85, 0.85, 0.85, 0.5, 0.75, 0.9, 0.75, 0.85, 0.75, 0.75, 0.85, 0.75, 0.75, 0.75, 0.7, 0.75, 0.85, 0.85, 0.75, 0.75, 0.7, 0.75, 0.75, 0.85, 0.75, 0.85, 0.85, 0.85, 0.75, 0.75, 0.85, 0.75, 0.75, 0.85, 0.75, 0.6, 0.85, 0.85, 0.75, 0.9, 0.3, 0.5, 0.7, 1.0, 0.8, 0.95, 0.85, 0.95, 0.9, 0.85, 0.65, 0.7, 0.7, 0.8, 0.8, 0.8, 0.7, 0.8, 0.8, 0.8, 0.7, 0.9, 0.8, 0.7, 0.9, 0.9, 0.8, 0.8, 0.8, 0.8, 0.8, 0.7, 0.8, 0.8, 0.85, 0.9, 0.8, 0.8, 0.9, 0.85, 0.7, 0.85, 0.85, 0.6, 0.8, 0.8, 0.85, 0.9, 0.7, 0.6, 0.8, 0.85, 0.6, 0.95, 0.9, 0.8, 0.95, 0.9, 0.95, 0.85, 0.7, 0.8, 0.7]",180,0.7110555555555556,0.18623610230690807,3.544271061278428,1.4723846604977135
obviously,"[0.8, 0.95, 0.9, 0.95, 0.8, 0.7, 0.8, 0.8, 0.5, 0.7, 0.8, 0.8, 0.8, 0.6, 0.8, 0.7, 0.8, 0.8, 0.95, 0.8, 0.9, 0.9, 0.95, 0.8, 0.95, 0.9, 0.8, 0.8, 0.8, 0.95, 0.8, 0.8, 0.75, 0.8, 0.95, 0.95, 0.8, 0.85, 0.8, 0.8, 0.95, 0.8, 0.8, 0.95, 0.9, 0.8, 0.95, 0.8, 0.8, 0.8, 0.8, 0.9, 1.0, 0.8, 0.8, 0.95, 0.6, 0.8, 0.8, 0.7, 0.9, 0.85, 0.9, 0.85, 0.85, 0.9, 0.85, 0.9, 0.9, 0.9, 0.9, 0.95, 0.85, 0.9, 0.85, 0.85, 0.85, 0.85, 0.95, 0.95, 0.85, 0.9, 0.95, 0.95, 0.85, 0.9, 0.9, 0.85, 0.95, 0.9, 0.9, 0.85, 0.95, 0.85, 0.95, 0.9, 0.9, 0.9, 0.9, 0.95, 0.85, 0.9, 0.95, 0.95, 0.9, 0.95, 0.85, 0.95, 0.9, 0.95, 0.9, 0.9, 0.85, 0.9, 0.9, 0.9, 0.85, 0.85, 0.95, 0.95, 0.95, 0.95, 0.9, 0.95, 0.95, 0.95, 0.95, 0.95, 0.95, 0.95, 1.0, 0.95, 0.95, 0.95, 0.95, 0.95, 0.95, 0.95, 0.95, 0.95, 0.95, 0.95, 0.95, 0.95, 0.95, 0.85, 0.95, 0.95, 0.9, 0.95, 0.95, 0.95, 0.95, 0.95, 1.0, 0.95, 0.95, 1.0, 0.9, 0.95, 0.95, 0.95, 0.95, 0.95, 0.95, 0.95, 0.95, 0.95, 0.85, 0.95, 0.95, 0.95, 0.85, 0.95, 0.85, 0.95, 0.95, 0.95, 0.95, 0.95]",180,0.888611111111111,0.07867488579159797,9.758816686368915,1.207898976194934
of course,"[0.8, 0.85, 0.92, 0.95, 0.8, 0.85, 0.8, 0.8, 0.8, 0.8, 0.8, 0.85, 0.8, 0.6, 0.6, 0.7, 0.9, 0.9, 0.8, 0.95, 0.8, 0.8, 0.98, 0.85, 0.8, 0.7, 0.85, 0.8, 0.7, 0.8, 0.8, 0.6, 0.6, 0.6, 0.65, 0.8, 0.8, 0.6, 0.7, 0.7, 0.8, 0.8, 0.8, 0.85, 0.9, 0.85, 0.4, 0.8, 0.66, 0.8, 0.7, 0.7, 0.6, 0.7, 0.8, 0.6, 0.8, 0.85, 0.86, 0.6, 0.95, 1.0, 0.85, 0.9, 0.9, 0.85, 0.9, 0.95, 0.95, 0.95, 0.9, 0.9, 0.9, 0.9, 0.85, 0.9, 0.9, 0.9, 0.95, 0.9, 0.95, 0.95, 0.85, 0.85, 0.9, 0.9, 0.9, 0.85, 0.75, 0.95, 0.9, 0.75, 0.95, 0.75, 0.75, 0.75, 0.6, 0.6, 0.65, 0.3, 0.5, 0.4, 0.85, 0.7, 0.7, 0.6, 0.7, 0.6, 0.6, 0.85, 0.7, 0.7, 0.75, 0.75, 0.7, 0.7, 0.5, 0.85, 0.7, 0.7, 1.0, 1.0, 1.0, 0.95, 1.0, 1.0, 0.95, 1.0, 1.0, 1.0, 1.0, 1.0, 0.95, 1.0, 0.95, 0.95, 0.95, 0.95, 0.95, 1.0, 0.95, 0.95, 0.95, 0.95, 0.95, 0.95, 0.95, 0.95, 0.95, 0.98, 0.95, 0.95, 0.95, 0.95, 0.95, 0.95, 0.95, 0.95, 0.9, 0.95, 0.95, 0.95, 0.85, 0.95, 0.95, 0.95, 0.95, 0.95, 0.95, 0.9, 0.9, 0.95, 0.95, 0.95, 0.9, 0.95, 0.95, 0.95, 0.9, 0.85]",180,0.8380555555555556,0.13599876315704829,3.0169949057502357,0.5411159056462805
of the order of,"[0.2, 0.45, 0.2, 0.2, 0.7, 0.4, 0.22, 0.3, 0.25, 0.2, 0.31, 0.6, 0.12, 0.65, 0.15, 0.6, 0.3, 0.1, 0.6, 0.2, 0.28, 0.22, 0.24, 0.23, 0.6, 0.44, 0.2, 0.18, 0.22, 0.2, 0.52, 0.2, 0.2, 0.35, 0.56, 0.34, 0.22, 0.01, 0.05, 0.05, 0.02, 0.14, 0.5, 0.01, 0.05, 0.2, 0.2, 0.04, 0.06, 0.2, 0.25, 0.2, 0.22, 0.85, 0.75, 0.6, 0.53, 0.44, 0.3, 0.3, 0.3, 0.4, 0.3, 0.3, 0.3, 0.3, 0.3, 0.3, 0.3, 0.7, 0.3, 0.3, 0.35, 0.6, 0.4, 0.3, 0.3, 0.3, 0.3, 0.3, 0.2, 0.3, 0.3, 0.3, 0.3, 0.3, 0.3, 0.3, 0.3, 0.3, 0.3, 0.35, 0.7, 0.4, 0.5, 0.3, 0.2, 0.75, 0.85, 0.2, 0.3, 0.15, 0.3, 0.7, 0.3, 0.5, 0.3, 0.3, 0.45, 0.1, 0.75, 0.75, 0.65, 0.65, 0.85, 0.85, 0.3, 0.3, 0.3, 0.75, 0.6, 0.5, 0.6, 0.5, 0.6, 0.5, 0.5, 0.5, 0.6, 0.3, 0.6, 0.4, 0.4, 0.5, 0.5, 0.2, 0.5, 0.5, 0.4, 0.5, 0.6, 0.5, 0.5, 0.5, 0.5, 0.75, 0.4, 0.5, 0.7, 0.5, 0.3, 0.6, 0.7, 0.8, 0.8, 0.8, 0.6, 0.8, 0.8, 0.7, 0.7, 0.6, 0.7, 0.7, 0.7, 0.7, 0.8, 0.6, 0.7, 0.8, 0.85, 0.9, 0.9, 0.8, 0.9, 0.8, 0.4, 0.5, 0.6]",179,0.4333519553072625,0.22394119373256613,1.683079087879772,2.2109554362377737
on balance,"[0.6, 0.5, 0.6, 0.85, 0.8, 0.5, 0.6, 0.75, 0.6, 0.8, 0.58, 0.55, 0.6, 0.6, 0.4, 0.75, 0.6, 0.58, 0.6, 0.75, 0.52, 0.8, 0.75, 0.76, 0.6, 0.75, 0.67, 0.39, 0.78, 0.5, 0.6, 0.67, 0.6, 0.7, 0.67, 0.28, 0.6, 0.85, 0.7, 0.35, 0.72, 0.4, 0.74, 0.78, 0.8, 0.78, 0.58, 0.87, 0.6, 0.2, 0.74, 0.42, 0.45, 0.53, 0.6, 0.73, 0.75, 0.76, 0.3, 0.75, 0.3, 0.7, 0.65, 0.45, 0.75, 0.7, 0.85, 0.65, 0.7, 0.4, 0.9, 0.3, 0.6, 0.7, 0.3, 0.5, 0.3, 0.7, 0.45, 0.75, 0.6, 0.65, 0.75, 0.85, 0.85, 0.75, 0.7, 0.5, 0.7, 0.85, 0.75, 0.5, 0.35, 0.7, 0.6, 0.75, 0.5, 0.75, 0.75, 0.85, 0.75, 0.85, 0.5, 0.75, 0.7, 0.3, 0.75, 0.7, 0.7, 0.7, 0.7, 0.6, 0.6, 0.3, 0.3, 0.6, 0.3, 0.85, 0.3, 0.4, 0.6, 0.7, 0.85, 0.7, 0.7, 0.6, 0.7, 0.7, 0.7, 0.6, 0.7, 0.6, 0.7, 0.6, 0.7, 0.7, 0.7, 0.6, 0.6, 0.7, 0.6, 0.7, 0.7, 0.7, 0.7, 0.8, 0.7, 0.7, 0.7, 0.5, 0.7, 0.6, 0.6, 0.6, 0.7, 0.6, 0.6, 0.6, 0.7, 0.7, 0.7, 0.6, 0.6, 0.6, 0.7, 0.7, 0.7, 0.6, 0.7, 0.6, 0.7, 0.6, 0.7, 0.6, 0.6, 0.6, 0.4, 0.6, 0.7, 0.7]",180,0.6333333333333333,0.14221267329054907,6.96012131815435,4.079913445789696
on current evidence,"[0.85, 0.7, 0.85, 0.85, 0.85, 0.85, 0.6, 0.8, 0.8, 0.8, 0.8, 0.8, 0.85, 0.7, 0.78, 0.85, 0.85, 0.8, 0.88, 0.85, 0.67, 0.7, 0.75, 0.75, 0.65, 0.6, 0.55, 0.85, 0.8, 0.78, 0.8, 0.7, 0.85, 0.9, 0.6, 0.85, 0.78, 0.85, 0.8, 0.85, 0.85, 0.8, 0.75, 0.8, 0.64, 0.96, 0.68, 0.6, 0.85, 0.8, 0.78, 0.85, 0.76, 0.6, 0.71, 0.7, 0.85, 0.85, 0.8, 0.85, 0.85, 0.85, 0.85, 0.85, 0.85, 0.85, 0.75, 0.65, 0.7, 0.75, 0.7, 0.75, 0.7, 0.75, 0.7, 0.85, 0.75, 0.75, 0.75, 0.85, 0.6, 0.7, 0.85, 0.7, 0.7, 0.85, 0.85, 0.85, 0.7, 0.85, 0.75, 0.85, 0.7, 0.85, 0.7, 0.85, 0.8, 0.85, 0.7, 0.85, 0.7, 0.75, 0.7, 0.7, 0.85, 0.7, 0.75, 0.65, 0.85, 0.85, 0.7, 0.6, 0.6, 0.6, 0.6, 0.6, 0.6, 0.65, 0.75, 0.6, 0.8, 0.9, 0.8, 0.9, 0.85, 0.8, 0.8, 0.8, 0.75, 0.85, 0.7, 0.8, 0.8, 0.8, 0.8, 0.8, 0.9, 0.85, 0.85, 0.85, 0.8, 0.85, 0.8, 0.8, 0.8, 0.8, 0.85, 0.8, 0.8, 0.8, 0.85, 0.85, 0.8, 0.85, 0.85, 0.85, 0.8, 0.8, 0.8, 0.85, 0.85, 0.85, 0.85, 0.8, 0.8, 0.8, 0.8, 0.8, 0.85, 0.8, 0.85, 0.8, 0.75, 0.85, 0.75, 0.8, 0.8, 0.8, 0.8, 0.8]",180,0.7806666666666667,0.08020529215013739,21.718741505040203,6.117796478620842
on paper,"[0.35, 0.4, 0.73, 0.6, 0.7, 0.5, 0.4, 0.5, 0.85, 0.55, 0.68, 0.78, 0.85, 0.72, 0.78, 0.2, 0.55, 0.4, 0.6, 0.6, 0.6, 0.67, 0.6, 0.48, 0.3, 0.8, 0.4, 0.75, 0.78, 0.58, 0.58, 0.35, 0.6, 0.58, 0.75, 0.3, 0.55, 0.6, 0.55, 0.6, 0.6, 0.4, 0.6, 0.2, 0.6, 0.35, 0.3, 0.5, 0.3, 0.6, 0.6, 0.25, 0.23, 0.4, 0.7, 0.6, 0.2, 0.4, 0.6, 0.6, 0.75, 0.3, 0.2, 0.7, 0.85, 0.6, 0.7, 0.3, 0.85, 0.6, 0.7, 0.2, 0.85, 0.7, 0.75, 0.3, 0.3, 0.7, 0.3, 0.6, 0.1, 0.65, 0.5, 0.3, 0.7, 0.2, 0.3, 0.3, 0.3, 0.7, 0.7, 0.1, 0.3, 0.7, 0.85, 0.5, 0.6, 0.7, 0.65, 0.7, 0.7, 0.7, 0.7, 0.3, 0.7, 0.5, 0.7, 0.3, 0.7, 0.5, 0.1, 0.7, 0.6, 0.4, 0.3, 0.6, 0.3, 0.7, 0.7, 0.3, 0.6, 0.7, 0.6, 0.7, 0.7, 0.75, 0.7, 0.8, 0.8, 0.6, 0.7, 0.6, 0.7, 0.7, 0.7, 0.7, 0.7, 0.6, 0.7, 0.7, 0.7, 0.6, 0.75, 0.7, 0.75, 0.7, 0.6, 0.7, 0.7, 0.75, 0.6, 0.7, 0.6, 0.6, 0.6, 0.7, 0.7, 0.6, 0.6, 0.6, 0.5, 0.6, 0.5, 0.5, 0.6, 0.6, 0.6, 0.6, 0.6, 0.65, 0.6, 0.7, 0.6, 0.6, 0.7, 0.6, 0.7, 0.7, 0.6, 0.6]",180,0.5718888888888889,0.1740459354719925,4.146495609073118,3.192733127668294
on the evidence,"[0.85, 0.95, 0.95, 0.9, 0.9, 0.95, 0.9, 0.85, 0.95, 0.9, 0.95, 0.8, 0.95, 0.8, 0.96, 0.93, 0.85, 0.98, 0.8, 0.95, 0.9, 0.8, 0.8, 0.95, 0.9, 0.98, 0.97, 0.95, 0.95, 0.82, 0.8, 0.95, 0.98, 0.8, 0.8, 0.95, 0.81, 0.8, 0.95, 0.87, 0.9, 0.82, 0.95, 0.95, 0.87, 0.98, 0.8, 0.9, 0.95, 0.8, 0.95, 0.9, 0.9, 0.8, 0.8, 0.9, 0.95, 0.82, 0.78, 0.68, 0.75, 0.85, 0.85, 0.75, 0.85, 0.85, 0.85, 0.85, 0.85, 0.85, 0.85, 0.9, 0.85, 0.85, 0.85, 0.85, 0.75, 0.85, 0.85, 0.85, 0.85, 0.75, 0.85, 0.85, 0.85, 0.85, 0.85, 0.85, 0.9, 0.85, 0.85, 0.85, 0.85, 0.85, 0.85, 0.85, 0.85, 0.85, 0.85, 0.85, 0.85, 0.85, 0.85, 0.9, 0.85, 0.85, 0.85, 0.85, 0.85, 0.85, 0.85, 0.85, 0.85, 0.65, 0.85, 0.85, 0.85, 0.85, 0.3, 0.85, 0.95, 0.9, 0.95, 0.9, 0.95, 0.95, 0.95, 0.9, 0.95, 0.95, 0.95, 0.95, 0.95, 0.85, 0.95, 0.95, 0.85, 0.95, 0.95, 0.95, 0.95, 0.95, 0.95, 0.95, 0.85, 0.95, 0.95, 0.95, 0.95, 0.95, 0.95, 0.95, 0.95, 0.95, 0.95, 0.98, 0.95, 0.85, 0.95, 0.95, 0.95, 0.95, 0.95, 0.9, 0.95, 0.9, 0.95, 0.95, 0.95, 0.95, 0.85, 0.95, 0.85, 0.95, 0.95, 0.9, 0.95, 0.95, 0.85, 0.95]",180,0.884611111111111,0.07621871955022952,17.441982537665456,2.3048637390052753
on the face of it,"[0.7, 0.65, 0.7, 0.73, 0.6, 0.67, 0.55, 0.74, 0.7, 0.7, 0.76, 0.69, 0.5, 0.55, 0.82, 0.61, 0.61, 0.67, 0.75, 0.6, 0.55, 0.8, 0.75, 0.48, 0.4, 0.78, 0.75, 0.52, 0.6, 0.5, 0.48, 0.7, 0.73, 0.85, 0.48, 0.85, 0.6, 0.67, 0.7, 0.57, 0.7, 0.62, 0.35, 0.45, 0.6, 0.6, 0.62, 0.85, 0.8, 0.88, 0.6, 0.65, 0.8, 0.85, 0.85, 0.85, 0.6, 0.88, 0.42, 0.76, 0.75, 0.6, 0.6, 0.7, 0.6, 0.75, 0.75, 0.65, 0.75, 0.6, 0.75, 0.75, 0.3, 0.85, 0.7, 0.7, 0.45, 0.7, 0.85, 0.65, 0.6, 0.85, 0.75, 0.75, 0.75, 0.75, 0.65, 0.75, 0.85, 0.6, 0.75, 0.75, 0.85, 0.75, 0.75, 0.75, 0.6, 0.65, 0.7, 0.3, 0.6, 0.75, 0.4, 0.75, 0.65, 0.75, 0.75, 0.75, 0.6, 0.6, 0.7, 0.6, 0.5, 0.7, 0.6, 0.4, 0.75, 0.4, 0.3, 0.7, 0.6, 0.7, 0.65, 0.7, 0.7, 0.6, 0.75, 0.7, 0.7, 0.7, 0.7, 0.7, 0.7, 0.6, 0.7, 0.7, 0.7, 0.7, 0.6, 0.75, 0.7, 0.6, 0.7, 0.7, 0.7, 0.7, 0.7, 0.6, 0.7, 0.7, 0.7, 0.7, 0.7, 0.7, 0.7, 0.7, 0.6, 0.7, 0.7, 0.7, 0.7, 0.6, 0.7, 0.75, 0.7, 0.7, 0.6, 0.7, 0.7, 0.7, 0.6, 0.7, 0.6, 0.7, 0.7, 0.7, 0.7, 0.6, 0.7, 0.6]",180,0.6691111111111111,0.11059580506857135,11.853646799187143,5.899047510270355
on the whole,"[0.8, 0.85, 0.6, 0.6, 0.78, 0.8, 0.75, 0.8, 0.85, 0.68, 0.8, 0.55, 0.42, 0.75, 0.95, 0.75, 0.75, 0.8, 0.85, 0.86, 0.55, 0.6, 0.6, 0.6, 0.8, 0.8, 0.78, 0.85, 0.8, 0.6, 0.8, 0.8, 0.85, 0.8, 0.8, 0.9, 0.85, 0.6, 0.85, 0.6, 0.6, 0.85, 0.6, 0.7, 0.88, 0.85, 0.6, 0.85, 0.8, 0.83, 0.8, 0.85, 0.75, 0.75, 0.6, 0.85, 0.6, 0.75, 0.48, 0.6, 0.85, 0.85, 0.65, 0.6, 0.65, 0.75, 0.65, 0.7, 0.85, 0.75, 0.65, 0.7, 0.65, 0.65, 0.7, 0.85, 0.85, 0.75, 0.75, 0.75, 0.75, 0.85, 0.7, 0.75, 0.85, 0.75, 0.65, 0.75, 0.75, 0.75, 0.85, 0.75, 0.85, 0.75, 0.85, 0.75, 0.65, 0.75, 0.7, 0.75, 0.75, 0.75, 0.75, 0.75, 0.75, 0.55, 0.75, 0.6, 0.75, 0.75, 0.75, 0.65, 0.75, 0.75, 0.75, 0.75, 0.75, 0.85, 0.85, 0.75, 0.8, 0.8, 0.85, 0.9, 0.95, 0.75, 0.8, 0.85, 0.8, 0.8, 0.85, 0.9, 0.8, 0.85, 0.8, 0.85, 0.8, 0.8, 0.8, 0.85, 0.8, 0.8, 0.8, 0.85, 0.8, 0.7, 0.8, 0.8, 0.85, 0.8, 0.7, 0.8, 0.85, 0.85, 0.8, 0.85, 0.8, 0.85, 0.8, 0.8, 0.9, 0.85, 0.9, 0.85, 0.85, 0.85, 0.9, 0.85, 0.85, 0.8, 0.8, 0.8, 0.8, 0.8, 0.8, 0.7, 0.8, 0.9, 0.9, 0.8]",180,0.7686666666666667,0.0926066952223218,16.371919379832235,4.945680744590228
open to debate,"[0.3, 0.29, 0.26, 0.58, 0.3, 0.73, 0.23, 0.43, 0.51, 0.68, 0.6, 0.5, 0.53, 0.6, 0.47, 0.42, 0.57, 0.58, 0.58, 0.22, 0.4, 0.76, 0.35, 0.62, 0.25, 0.41, 0.5, 0.32, 0.62, 0.3, 0.35, 0.67, 0.32, 0.34, 0.42, 0.48, 0.34, 0.48, 0.58, 0.78, 0.5, 0.36, 0.43, 0.32, 0.73, 0.25, 0.45, 0.68, 0.35, 0.41, 0.6, 0.56, 0.78, 0.5, 0.58, 0.7, 0.35, 0.75, 0.76, 0.56, 0.6, 0.7, 0.5, 0.7, 0.5, 0.6, 0.5, 0.6, 0.6, 0.7, 0.7, 0.6, 0.6, 0.6, 0.7, 0.4, 0.6, 0.5, 0.7, 0.6, 0.6, 0.6, 0.5, 0.6, 0.6, 0.6, 0.6, 0.85, 0.7, 0.6, 0.6, 0.6, 0.6, 0.5, 0.6, 0.6, 0.6, 0.7, 0.6, 0.6, 0.6, 0.6, 0.6, 0.6, 0.6, 0.6, 0.6, 0.6, 0.7, 0.6, 0.7, 0.6, 0.6, 0.5, 0.6, 0.6, 0.4, 0.4, 0.7, 0.7, 0.7, 0.6, 0.6, 0.6, 0.7, 0.7, 0.6, 0.6, 0.6, 0.7, 0.6, 0.7, 0.6, 0.6, 0.75, 0.6, 0.5, 0.6, 0.6, 0.6, 0.7, 0.7, 0.6, 0.6, 0.6, 0.7, 0.6, 0.6, 0.5, 0.7, 0.6, 0.6, 0.7, 0.5, 0.6, 0.7, 0.6, 0.5, 0.6, 0.7, 0.5, 0.6, 0.6, 0.6, 0.7, 0.6, 0.5, 0.6, 0.7, 0.6, 0.6, 0.6, 0.7, 0.7, 0.6, 0.75, 0.75, 0.6, 0.7, 0.5]",180,0.5716111111111111,0.12436131896341798,8.615711798087139,6.513438906343176
open to question,"[0.6, 0.25, 0.3, 0.2, 0.59, 0.2, 0.85, 0.25, 0.28, 0.44, 0.34, 0.53, 0.15, 0.45, 0.5, 0.45, 0.5, 0.5, 0.3, 0.8, 0.7, 0.43, 0.7, 0.7, 0.6, 0.76, 0.2, 0.22, 0.5, 0.25, 0.57, 0.32, 0.6, 0.6, 0.6, 0.67, 0.61, 0.48, 0.35, 0.4, 0.25, 0.2, 0.6, 0.5, 0.74, 0.31, 0.4, 0.22, 0.76, 0.56, 0.8, 0.76, 0.57, 0.69, 0.76, 0.28, 0.43, 0.3, 0.22, 0.4, 0.7, 0.5, 0.3, 0.3, 0.75, 0.5, 0.6, 0.3, 0.5, 0.75, 0.7, 0.5, 0.6, 0.7, 0.5, 0.75, 0.75, 0.6, 0.6, 0.6, 0.6, 0.65, 0.5, 0.5, 0.65, 0.6, 0.7, 0.7, 0.3, 0.5, 0.5, 0.6, 0.6, 0.5, 0.6, 0.5, 0.6, 0.5, 0.5, 0.5, 0.5, 0.5, 0.6, 0.85, 0.5, 0.5, 0.6, 0.85, 0.3, 0.3, 0.3, 0.3, 0.6, 0.5, 0.6, 0.3, 0.7, 0.3, 0.35, 0.6, 0.5, 0.5, 0.5, 0.4, 0.5, 0.65, 0.6, 0.5, 0.6, 0.6, 0.5, 0.5, 0.6, 0.4, 0.6, 0.6, 0.5, 0.6, 0.4, 0.5, 0.5, 0.6, 0.6, 0.5, 0.4, 0.6, 0.3, 0.5, 0.6, 0.6, 0.6, 0.7, 0.5, 0.5, 0.5, 0.5, 0.75, 0.75, 0.7, 0.5, 0.5, 0.6, 0.7, 0.6, 0.5, 0.75, 0.7, 0.6, 0.5, 0.6, 0.5, 0.6, 0.7, 0.5, 0.6, 0.6, 0.6, 0.3, 0.4, 0.3]",180,0.5224444444444444,0.15495025087722053,4.956657801854168,4.557345666491621
or so,"[0.3, 0.58, 0.44, 0.44, 0.47, 0.43, 0.2, 0.35, 0.64, 0.5, 0.4, 0.2, 0.4, 0.25, 0.22, 0.81, 0.6, 0.2, 0.75, 0.2, 0.76, 0.3, 0.25, 0.51, 0.34, 0.31, 0.38, 0.2, 0.31, 0.3, 0.2, 0.23, 0.22, 0.53, 0.24, 0.4, 0.3, 0.2, 0.15, 0.44, 0.6, 0.52, 0.4, 0.16, 0.26, 0.25, 0.24, 0.25, 0.14, 0.3, 0.2, 0.49, 0.2, 0.34, 0.3, 0.27, 0.4, 0.11, 0.65, 0.49, 0.1, 0.6, 0.6, 0.3, 0.6, 0.6, 0.6, 0.6, 0.6, 0.7, 0.6, 0.4, 0.7, 0.5, 0.6, 0.3, 0.6, 0.6, 0.3, 0.1, 0.3, 0.2, 0.3, 0.3, 0.3, 0.3, 0.3, 0.3, 0.3, 0.4, 0.3, 0.3, 0.6, 0.3, 0.6, 0.3, 0.3, 0.3, 0.3, 0.6, 0.3, 0.6, 0.3, 0.35, 0.3, 0.3, 0.6, 0.3, 0.6, 0.3, 0.6, 0.3, 0.3, 0.2, 0.3, 0.4, 0.3, 0.7, 0.3, 0.4, 0.5, 0.6, 0.5, 0.7, 0.7, 0.5, 0.6, 0.6, 0.6, 0.6, 0.6, 0.6, 0.7, 0.6, 0.5, 0.5, 0.6, 0.6, 0.5, 0.6, 0.5, 0.6, 0.6, 0.6, 0.6, 0.6, 0.5, 0.7, 0.7, 0.3, 0.6, 0.5, 0.7, 0.6, 0.6, 0.6, 0.5, 0.5, 0.6, 0.5, 0.6, 0.6, 0.5, 0.7, 0.6, 0.6, 0.6, 0.6, 0.5, 0.6, 0.6, 0.6, 0.5, 0.6, 0.5, 0.7, 0.65, 0.6, 0.5, 0.7]",180,0.4506666666666667,0.16907131959948474,3.5828946673813444,4.401597598430815
ordinarily,"[0.7, 0.7, 0.85, 0.8, 0.6, 0.8, 0.8, 0.65, 0.85, 0.68, 0.85, 0.76, 0.8, 0.6, 0.95, 0.9, 0.42, 0.8, 0.85, 0.65, 0.6, 0.65, 0.71, 0.8, 0.78, 0.87, 0.67, 0.85, 0.85, 0.85, 0.85, 0.7, 0.86, 0.65, 0.83, 0.78, 0.85, 0.81, 0.86, 0.88, 0.76, 0.85, 0.8, 0.72, 0.85, 0.81, 0.6, 0.85, 0.8, 0.95, 0.7, 0.7, 0.78, 0.75, 0.68, 0.7, 0.55, 0.72, 0.75, 0.85, 0.85, 0.85, 0.85, 0.9, 0.85, 0.85, 0.85, 0.85, 0.7, 0.5, 0.85, 0.85, 0.7, 0.85, 0.75, 0.75, 0.75, 0.75, 0.75, 0.75, 0.75, 0.85, 0.75, 0.75, 0.85, 0.75, 0.85, 0.85, 0.7, 0.85, 0.75, 0.85, 0.75, 0.75, 0.85, 0.75, 0.75, 0.75, 0.75, 0.85, 0.85, 0.7, 0.75, 0.75, 0.75, 0.85, 0.85, 0.85, 0.75, 0.75, 0.75, 0.7, 0.85, 0.85, 0.75, 0.85, 0.6, 0.75, 0.75, 0.65, 0.8, 0.9, 0.85, 0.8, 0.8, 0.8, 0.7, 0.85, 0.8, 0.85, 0.8, 0.7, 0.7, 0.8, 0.8, 0.7, 0.7, 0.7, 0.8, 0.7, 0.8, 0.7, 0.7, 0.7, 0.8, 0.8, 0.8, 0.85, 0.8, 0.8, 0.8, 0.8, 0.7, 0.7, 0.8, 0.7, 0.7, 0.8, 0.85, 0.8, 0.85, 0.85, 0.8, 0.85, 0.8, 0.7, 0.7, 0.8, 0.8, 0.8, 0.8, 0.7, 0.8, 0.8, 0.8, 0.6, 0.85, 0.7, 0.8, 0.7]",180,0.7735,0.08083230239892411,20.92223422118526,6.140400237567455
ostensibly,"[0.23, 0.68, 0.58, 0.65, 0.3, 0.56, 0.6, 0.6, 0.6, 0.76, 0.43, 0.6, 0.6, 0.6, 0.6, 0.73, 0.73, 0.48, 0.43, 0.4, 0.58, 0.68, 0.29, 0.67, 0.5, 0.27, 0.52, 0.36, 0.23, 0.2, 0.63, 0.6, 0.24, 0.34, 0.09, 0.3, 0.6, 0.55, 0.6, 0.43, 0.4, 0.25, 0.43, 0.78, 0.56, 0.4, 0.6, 0.2, 0.3, 0.28, 0.4, 0.22, 0.6, 0.48, 0.67, 0.6, 0.6, 0.36, 0.36, 0.33, 0.6, 0.3, 0.3, 0.6, 0.6, 0.6, 0.75, 0.75, 0.3, 0.7, 0.75, 0.3, 0.7, 0.7, 0.3, 0.7, 0.6, 0.7, 0.7, 0.4, 0.45, 0.7, 0.6, 0.4, 0.75, 0.4, 0.75, 0.7, 0.7, 0.75, 0.85, 0.85, 0.3, 0.6, 0.75, 0.6, 0.3, 0.85, 0.4, 0.6, 0.6, 0.75, 0.7, 0.6, 0.75, 0.2, 0.3, 0.3, 0.8, 0.6, 0.7, 0.6, 0.85, 0.6, 0.7, 0.7, 0.85, 0.75, 0.3, 0.5, 0.75, 0.8, 0.7, 0.75, 0.7, 0.7, 0.7, 0.6, 0.75, 0.6, 0.75, 0.6, 0.7, 0.7, 0.7, 0.75, 0.75, 0.7, 0.8, 0.75, 0.7, 0.7, 0.75, 0.8, 0.7, 0.7, 0.8, 0.7, 0.7, 0.7, 0.7, 0.7, 0.75, 0.7, 0.6, 0.75, 0.7, 0.7, 0.7, 0.7, 0.7, 0.7, 0.7, 0.75, 0.6, 0.6, 0.6, 0.7, 0.6, 0.6, 0.7, 0.6, 0.6, 0.7, 0.6, 0.7, 0.7, 0.75, 0.75, 0.7]",180,0.5906111111111111,0.17147777273807202,4.540867579839327,3.2281618484242562
overwhelmingly likely,"[0.8, 0.8, 0.92, 0.8, 0.85, 0.85, 0.8, 0.85, 0.85, 0.87, 0.85, 0.85, 0.88, 0.8, 0.85, 0.87, 0.8, 0.87, 0.8, 0.88, 0.85, 0.8, 0.87, 0.78, 0.87, 0.85, 0.85, 0.88, 0.85, 0.85, 0.8, 0.85, 0.73, 0.8, 0.78, 0.85, 0.87, 0.85, 0.85, 0.82, 0.85, 0.85, 0.87, 0.87, 0.8, 0.8, 0.98, 0.85, 0.93, 0.87, 0.85, 0.95, 0.95, 0.92, 0.86, 0.87, 0.85, 0.8, 0.85, 0.85, 0.85, 0.85, 0.85, 0.85, 0.85, 0.85, 0.85, 0.85, 0.75, 0.85, 0.85, 0.75, 0.75, 0.75, 0.85, 0.85, 0.85, 0.85, 0.85, 0.85, 0.85, 0.75, 0.85, 0.85, 0.85, 0.85, 0.95, 0.85, 0.75, 0.9, 0.85, 0.75, 0.85, 0.85, 0.85, 0.75, 0.75, 0.75, 0.85, 0.75, 0.85, 0.85, 0.85, 0.85, 0.85, 0.9, 0.95, 0.9, 0.85, 0.75, 0.85, 0.95, 0.95, 0.85, 0.75, 0.75, 0.65, 0.85, 0.85, 0.95, 0.95, 0.95, 0.95, 0.95, 0.95, 0.95, 0.95, 0.95, 0.95, 0.95, 0.95, 0.95, 0.95, 0.95, 0.95, 0.95, 0.95, 0.95, 0.95, 0.95, 0.95, 0.95, 0.95, 0.95, 0.95, 0.95, 0.95, 0.95, 0.95, 0.95, 0.95, 0.95, 0.95, 0.9, 0.95, 0.98, 0.95, 0.95, 0.95, 0.95, 0.95, 0.95, 0.95, 0.98, 0.95, 0.95, 0.98, 0.95, 0.95, 0.95, 0.95, 0.95, 0.95, 0.95, 0.95, 0.95, 0.95, 0.95, 0.95, 0.95]",180,0.8777777777777778,0.06787697658718515,18.661424218974304,2.5933474065845834
partially,"[0.52, 0.68, 0.5, 0.35, 0.52, 0.54, 0.5, 0.3, 0.7, 0.43, 0.6, 0.61, 0.25, 0.55, 0.5, 0.53, 0.58, 0.4, 0.6, 0.2, 0.57, 0.5, 0.35, 0.44, 0.6, 0.64, 0.58, 0.75, 0.85, 0.5, 0.67, 0.5, 0.56, 0.3, 0.61, 0.75, 0.4, 0.73, 0.54, 0.6, 0.31, 0.47, 0.6, 0.3, 0.2, 0.8, 0.3, 0.47, 0.55, 0.65, 0.45, 0.6, 0.25, 0.35, 0.73, 0.25, 0.78, 0.3, 0.6, 0.5, 0.7, 0.6, 0.3, 0.3, 0.6, 0.6, 0.35, 0.5, 0.45, 0.45, 0.3, 0.4, 0.3, 0.6, 0.4, 0.35, 0.4, 0.6, 0.6, 0.3, 0.3, 0.3, 0.6, 0.6, 0.35, 0.3, 0.3, 0.3, 0.3, 0.35, 0.6, 0.6, 0.4, 0.7, 0.7, 0.65, 0.75, 0.2, 0.3, 0.6, 0.15, 0.6, 0.2, 0.7, 0.75, 0.6, 0.7, 0.6, 0.6, 0.6, 0.7, 0.4, 0.3, 0.3, 0.6, 0.3, 0.6, 0.6, 0.7, 0.7, 0.7, 0.7, 0.75, 0.7, 0.6, 0.7, 0.7, 0.6, 0.7, 0.7, 0.5, 0.7, 0.7, 0.6, 0.75, 0.7, 0.7, 0.6, 0.7, 0.7, 0.6, 0.7, 0.7, 0.7, 0.6, 0.75, 0.7, 0.6, 0.7, 0.7, 0.7, 0.7, 0.7, 0.75, 0.75, 0.7, 0.8, 0.7, 0.8, 0.8, 0.7, 0.65, 0.8, 0.75, 0.8, 0.75, 0.7, 0.7, 0.8, 0.75, 0.7, 0.75, 0.7, 0.7, 0.6, 0.75, 0.6, 0.7, 0.7, 0.7]",180,0.5650555555555555,0.16725063435263265,4.687032324137456,3.6668648303426847
patently,"[0.98, 0.95, 0.99, 0.9, 0.9, 0.95, 0.95, 0.9, 0.9, 0.87, 0.95, 0.95, 0.9, 1.0, 0.95, 0.92, 0.95, 0.98, 0.9, 0.8, 0.97, 0.98, 0.9, 0.98, 1.0, 0.9, 1.0, 0.95, 0.98, 0.98, 0.95, 0.98, 0.9, 0.95, 0.9, 0.9, 0.95, 0.98, 0.95, 0.9, 0.95, 0.9, 0.98, 0.95, 0.9, 1.0, 0.95, 0.9, 0.98, 0.9, 0.98, 0.95, 0.9, 0.65, 0.85, 1.0, 0.9, 0.8, 0.87, 0.98, 0.95, 0.95, 0.95, 0.85, 0.95, 0.85, 0.95, 0.85, 0.95, 0.95, 0.95, 0.9, 0.95, 0.95, 0.95, 0.85, 0.9, 0.95, 0.9, 0.85, 0.95, 0.95, 0.85, 0.95, 0.95, 0.95, 0.95, 0.95, 0.95, 0.85, 0.95, 0.95, 0.95, 0.95, 0.95, 0.95, 0.95, 0.95, 0.95, 0.95, 0.95, 0.9, 0.95, 0.95, 0.85, 0.95, 0.95, 0.95, 0.95, 0.95, 0.95, 0.95, 0.95, 0.95, 0.95, 0.9, 0.9, 0.85, 0.9, 0.85, 0.95, 0.95, 0.95, 0.95, 0.95, 0.95, 0.9, 0.95, 0.9, 0.95, 0.95, 0.95, 0.95, 0.95, 0.95, 0.95, 0.95, 0.9, 0.95, 0.95, 0.95, 0.95, 0.9, 0.85, 0.95, 0.95, 0.95, 0.95, 0.95, 0.95, 0.95, 0.95, 0.95, 0.9, 0.95, 0.98, 0.95, 0.95, 0.95, 0.95, 0.95, 0.95, 0.95, 0.95, 0.95, 0.9, 0.95, 0.95, 0.95, 0.95, 0.9, 0.95, 0.85, 0.95, 0.95, 0.95, 0.95, 0.85, 0.95, 0.95]",180,0.9328333333333333,0.043579748099827786,17.855506191108923,1.2720593831835407
pending further investigation,"[0.28, 0.2, 0.24, 0.1, 0.2, 0.2, 0.2, 0.2, 0.3, 0.36, 0.57, 0.18, 0.22, 0.08, 0.2, 0.5, 0.2, 0.6, 0.45, 0.22, 0.2, 0.25, 0.08, 0.69, 0.67, 0.4, 0.2, 0.3, 0.35, 0.2, 0.47, 0.27, 0.4, 0.45, 0.35, 0.25, 0.2, 0.8, 0.16, 0.6, 0.6, 0.3, 0.38, 0.72, 0.4, 0.2, 0.6, 0.48, 0.45, 0.43, 0.35, 0.3, 0.6, 0.67, 0.28, 0.34, 0.28, 0.68, 0.57, 0.3, 0.6, 0.2, 0.6, 0.6, 0.6, 0.3, 0.6, 0.6, 0.7, 0.3, 0.5, 0.2, 0.85, 0.6, 0.6, 0.7, 0.3, 0.7, 0.6, 0.4, 0.3, 0.6, 0.8, 0.4, 0.6, 0.6, 0.7, 0.6, 0.6, 0.3, 0.3, 0.85, 0.75, 0.75, 0.5, 0.7, 0.85, 0.2, 0.6, 0.6, 0.6, 0.7, 0.6, 0.7, 0.6, 0.6, 0.6, 0.6, 0.6, 0.6, 0.7, 0.7, 0.6, 0.4, 0.3, 0.6, 0.6, 0.6, 0.6, 0.6, 0.4, 0.5, 0.3, 0.3, 0.3, 0.5, 0.3, 0.3, 0.3, 0.3, 0.3, 0.3, 0.3, 0.5, 0.3, 0.5, 0.3, 0.4, 0.3, 0.3, 0.3, 0.3, 0.3, 0.3, 0.5, 0.3, 0.3, 0.2, 0.3, 0.3, 0.3, 0.3, 0.2, 0.3, 0.2, 0.3, 0.3, 0.3, 0.3, 0.3, 0.3, 0.2, 0.3, 0.3, 0.4, 0.3, 0.3, 0.3, 0.3, 0.3, 0.3, 0.2, 0.4, 0.6, 0.6, 0.5, 0.6, 0.7, 0.6]",179,0.42553072625698324,0.18328816309809745,2.8837468217334,3.857530204180427
perhaps,"[0.5, 0.25, 0.23, 0.35, 0.4, 0.6, 0.5, 0.2, 0.48, 0.5, 0.46, 0.48, 0.48, 0.3, 0.3, 0.55, 0.68, 0.3, 0.78, 0.2, 0.6, 0.2, 0.5, 0.6, 0.6, 0.27, 0.6, 0.6, 0.28, 0.3, 0.5, 0.34, 0.2, 0.3, 0.25, 0.48, 0.36, 0.27, 0.53, 0.3, 0.22, 0.6, 0.4, 0.38, 0.6, 0.31, 0.25, 0.34, 0.2, 0.3, 0.2, 0.68, 0.4, 0.3, 0.56, 0.5, 0.68, 0.5, 0.75, 0.38, 0.2, 0.3, 0.3, 0.2, 0.2, 0.2, 0.2, 0.2, 0.2, 0.2, 0.2, 0.2, 0.4, 0.3, 0.2, 0.2, 0.2, 0.2, 0.2, 0.3, 0.3, 0.2, 0.2, 0.2, 0.2, 0.2, 0.2, 0.2, 0.3, 0.2, 0.2, 0.2, 0.2, 0.2, 0.2, 0.6, 0.2, 0.2, 0.2, 0.2, 0.2, 0.2, 0.3, 0.2, 0.2, 0.2, 0.2, 0.2, 0.3, 0.2, 0.2, 0.4, 0.3, 0.3, 0.3, 0.3, 0.3, 0.3, 0.3, 0.2, 0.6, 0.6, 0.6, 0.5, 0.6, 0.4, 0.5, 0.3, 0.4, 0.4, 0.4, 0.4, 0.5, 0.6, 0.4, 0.4, 0.6, 0.4, 0.4, 0.6, 0.4, 0.5, 0.3, 0.6, 0.6, 0.6, 0.3, 0.6, 0.6, 0.5, 0.4, 0.5, 0.6, 0.6, 0.6, 0.4, 0.4, 0.6, 0.4, 0.6, 0.5, 0.4, 0.5, 0.6, 0.5, 0.5, 0.5, 0.3, 0.3, 0.5, 0.5, 0.6, 0.5, 0.6, 0.6, 0.6, 0.6, 0.6, 0.6, 0.6]",180,0.38649999999999995,0.15935102760886105,3.5172186165469936,5.558123392188537
plainly,"[0.9, 0.87, 0.98, 0.9, 0.8, 0.9, 0.8, 0.9, 0.8, 0.8, 0.7, 0.95, 0.8, 0.8, 0.8, 0.8, 0.85, 0.8, 0.9, 0.95, 0.85, 0.8, 0.95, 0.95, 0.8, 0.8, 0.95, 0.95, 0.8, 0.8, 0.9, 0.8, 0.95, 0.6, 0.8, 0.9, 0.98, 0.95, 0.8, 0.8, 0.85, 0.95, 0.8, 0.8, 1.0, 0.6, 0.7, 0.9, 0.98, 1.0, 0.95, 0.8, 0.9, 0.85, 0.8, 0.8, 0.8, 0.9, 0.75, 0.6, 0.85, 0.85, 0.95, 0.9, 0.95, 0.95, 0.85, 0.95, 0.95, 0.95, 0.95, 0.95, 0.95, 0.85, 0.95, 0.95, 0.95, 0.95, 0.95, 0.95, 0.95, 0.95, 0.95, 0.95, 0.95, 0.95, 0.95, 0.95, 0.95, 0.85, 0.9, 0.95, 0.95, 0.95, 0.95, 0.95, 0.95, 0.85, 0.95, 0.95, 0.85, 0.95, 0.95, 0.95, 0.95, 0.85, 0.85, 0.95, 0.9, 0.95, 0.95, 0.9, 0.9, 0.95, 0.95, 0.95, 0.95, 0.9, 0.95, 0.95, 0.95, 0.95, 0.95, 0.95, 0.95, 1.0, 0.95, 0.95, 0.95, 0.95, 0.95, 0.95, 1.0, 0.95, 1.0, 0.95, 0.95, 0.95, 0.9, 0.95, 0.95, 0.95, 0.95, 0.85, 0.95, 0.95, 0.95, 0.95, 0.95, 0.95, 0.95, 0.95, 0.95, 0.95, 0.95, 0.95, 0.95, 0.95, 0.95, 0.95, 0.95, 0.95, 0.95, 0.95, 1.0, 0.95, 0.85, 0.95, 0.9, 0.95, 0.95, 0.95, 0.95, 0.95, 0.95, 0.95, 0.85, 0.95, 0.95, 0.95]",180,0.9081111111111112,0.07400291952866069,9.656992553975586,0.965236363552756
positively,"[0.6, 0.85, 0.6, 0.6, 0.4, 0.85, 0.2, 0.4, 0.6, 0.3, 0.4, 0.5, 0.4, 0.6, 0.3, 0.42, 0.6, 0.27, 0.6, 0.58, 0.3, 0.4, 0.65, 0.67, 0.8, 0.6, 0.6, 0.7, 0.93, 0.65, 0.6, 0.3, 0.74, 0.6, 0.6, 0.6, 0.35, 0.3, 0.5, 0.3, 0.55, 0.5, 0.85, 0.7, 0.6, 0.5, 0.6, 0.5, 0.6, 0.5, 0.35, 0.55, 0.6, 0.5, 0.8, 0.8, 0.6, 0.8, 0.85, 0.8, 0.85, 0.85, 0.9, 0.85, 0.95, 0.95, 0.9, 0.85, 0.85, 0.75, 0.7, 0.85, 0.7, 0.85, 0.75, 0.75, 0.75, 0.7, 0.75, 0.75, 0.85, 0.75, 0.85, 0.75, 0.75, 0.75, 0.85, 0.85, 0.85, 0.85, 0.75, 0.75, 0.75, 0.75, 0.7, 0.85, 0.85, 0.75, 0.75, 0.85, 0.85, 0.9, 0.85, 0.9, 0.85, 0.75, 0.75, 0.75, 0.75, 0.85, 0.85, 0.75, 0.85, 0.85, 0.85, 0.85, 0.85, 0.85, 0.85, 0.85, 0.95, 0.95, 0.95, 0.95, 0.95, 0.95, 0.95, 0.95, 0.95, 0.95, 0.9, 0.85, 0.9, 0.95, 0.95, 0.95, 0.9, 0.9, 0.95, 0.9, 0.95, 0.95, 0.8, 0.95, 0.85, 0.85, 0.9, 0.9, 0.85, 0.95, 0.8, 0.8, 0.95, 0.85, 0.85, 0.95, 0.95, 0.9, 0.8, 0.9, 0.95, 0.95, 0.95, 0.95, 0.95, 0.95, 0.95, 0.95, 0.85, 0.95, 0.95, 0.95, 0.95, 0.95, 0.95, 0.9, 0.95, 0.95, 0.95, 0.95]",180,0.7650555555555556,0.18486180190204016,3.9638218518096444,1.2552959690544023
possibly,"[0.4, 0.5, 0.67, 0.76, 0.4, 0.45, 0.6, 0.41, 0.56, 0.35, 0.6, 0.74, 0.6, 0.34, 0.23, 0.6, 0.41, 0.3, 0.6, 0.3, 0.75, 0.45, 0.6, 0.3, 0.6, 0.6, 0.7, 0.43, 0.4, 0.48, 0.47, 0.4, 0.4, 0.4, 0.75, 0.4, 0.6, 0.53, 0.4, 0.4, 0.6, 0.25, 0.6, 0.23, 0.48, 0.6, 0.3, 0.3, 0.43, 0.6, 0.28, 0.5, 0.3, 0.26, 0.28, 0.43, 0.52, 0.6, 0.6, 0.3, 0.25, 0.3, 0.2, 0.2, 0.2, 0.3, 0.2, 0.3, 0.3, 0.3, 0.2, 0.3, 0.2, 0.2, 0.3, 0.3, 0.6, 0.3, 0.3, 0.5, 0.3, 0.3, 0.4, 0.3, 0.3, 0.3, 0.2, 0.3, 0.2, 0.3, 0.2, 0.6, 0.2, 0.2, 0.3, 0.2, 0.4, 0.3, 0.6, 0.6, 0.6, 0.6, 0.2, 0.2, 0.3, 0.7, 0.2, 0.3, 0.2, 0.3, 0.6, 0.2, 0.6, 0.3, 0.2, 0.2, 0.3, 0.3, 0.3, 0.3, 0.6, 0.6, 0.6, 0.6, 0.7, 0.7, 0.6, 0.8, 0.6, 0.6, 0.6, 0.7, 0.6, 0.6, 0.6, 0.6, 0.6, 0.6, 0.6, 0.6, 0.6, 0.6, 0.6, 0.6, 0.6, 0.7, 0.6, 0.5, 0.6, 0.6, 0.5, 0.6, 0.6, 0.6, 0.6, 0.6, 0.6, 0.6, 0.6, 0.6, 0.7, 0.7, 0.6, 0.6, 0.6, 0.6, 0.6, 0.4, 0.6, 0.7, 0.6, 0.7, 0.6, 0.6, 0.7, 0.6, 0.6, 0.6, 0.6, 0.6]",180,0.4677222222222222,0.16861142229515488,3.84786888257831,4.411895817903441
potentially,"[0.6, 0.58, 0.75, 0.63, 0.5, 0.6, 0.78, 0.6, 0.6, 0.52, 0.68, 0.76, 0.6, 0.6, 0.55, 0.72, 0.79, 0.75, 0.46, 0.45, 0.4, 0.62, 0.46, 0.6, 0.8, 0.78, 0.85, 0.6, 0.6, 0.58, 0.35, 0.61, 0.68, 0.68, 0.7, 0.68, 0.75, 0.52, 0.75, 0.78, 0.68, 0.87, 0.6, 0.48, 0.6, 0.74, 0.5, 0.75, 0.76, 0.75, 0.58, 0.85, 0.6, 0.85, 0.72, 0.75, 0.68, 0.55, 0.6, 0.6, 0.3, 0.6, 0.6, 0.6, 0.3, 0.3, 0.4, 0.7, 0.6, 0.3, 0.6, 0.3, 0.6, 0.3, 0.3, 0.3, 0.4, 0.3, 0.3, 0.7, 0.6, 0.3, 0.3, 0.4, 0.6, 0.6, 0.3, 0.3, 0.3, 0.3, 0.7, 0.3, 0.3, 0.6, 0.6, 0.3, 0.7, 0.3, 0.4, 0.3, 0.3, 0.3, 0.3, 0.3, 0.3, 0.6, 0.6, 0.7, 0.65, 0.7, 0.6, 0.7, 0.6, 0.6, 0.7, 0.4, 0.5, 0.6, 0.7, 0.7, 0.75, 0.75, 0.75, 0.7, 0.7, 0.7, 0.7, 0.7, 0.7, 0.7, 0.7, 0.75, 0.6, 0.7, 0.8, 0.6, 0.7, 0.7, 0.7, 0.8, 0.7, 0.75, 0.7, 0.75, 0.6, 0.7, 0.75, 0.7, 0.7, 0.6, 0.7, 0.6, 0.6, 0.75, 0.7, 0.7, 0.75, 0.8, 0.7, 0.7, 0.6, 0.75, 0.75, 0.6, 0.7, 0.85, 0.8, 0.7, 0.8, 0.85, 0.85, 0.8, 0.9, 0.85, 0.7, 0.8, 0.8, 0.8, 0.8, 0.8]",180,0.6145555555555556,0.1641487205833046,5.197756657021477,3.311937059480906
practically,"[0.95, 0.6, 0.6, 0.3, 0.52, 0.8, 0.75, 0.7, 0.68, 0.85, 0.6, 0.7, 0.8, 0.6, 0.78, 0.6, 0.43, 0.6, 0.4, 0.87, 0.83, 0.75, 0.85, 0.6, 0.4, 0.8, 0.47, 0.6, 0.6, 0.85, 0.8, 0.85, 0.67, 0.85, 0.85, 0.8, 0.75, 0.73, 0.85, 0.53, 0.85, 0.7, 0.6, 0.6, 0.85, 0.8, 0.35, 0.85, 0.5, 0.8, 0.75, 0.87, 0.85, 0.7, 0.78, 0.6, 0.6, 0.8, 0.6, 0.6, 0.65, 0.75, 0.75, 0.85, 0.85, 0.75, 0.85, 0.75, 0.85, 0.75, 0.85, 0.85, 0.75, 0.75, 0.75, 0.75, 0.85, 0.85, 0.85, 0.85, 0.75, 0.85, 0.85, 0.9, 0.85, 0.85, 0.75, 0.75, 0.85, 0.75, 0.7, 0.85, 0.65, 0.65, 0.85, 0.85, 0.75, 0.9, 0.75, 0.75, 0.75, 0.75, 0.7, 0.85, 0.75, 0.75, 0.75, 0.75, 0.85, 0.85, 0.85, 0.75, 0.75, 0.85, 0.85, 0.75, 0.75, 0.85, 0.85, 0.85, 0.85, 0.85, 0.9, 0.75, 0.8, 0.8, 0.85, 0.9, 0.9, 0.85, 0.9, 0.9, 0.85, 0.85, 0.85, 0.85, 0.85, 0.85, 0.8, 0.8, 0.85, 0.85, 0.85, 0.9, 0.9, 0.95, 0.85, 0.85, 0.8, 0.9, 0.9, 0.8, 0.8, 0.85, 0.85, 0.85, 0.85, 0.85, 0.8, 0.95, 0.8, 0.9, 0.85, 0.85, 0.9, 0.9, 0.85, 0.85, 0.9, 0.85, 0.8, 0.85, 0.85, 0.8, 0.85, 0.85, 0.85, 0.8, 0.8, 0.85]",180,0.7795,0.11610950291283943,11.12701577042582,3.2018147191338224
predominantly,"[0.95, 0.95, 0.66, 0.95, 0.6, 0.85, 0.87, 0.95, 0.95, 0.9, 0.96, 0.8, 0.85, 0.7, 0.9, 0.8, 0.85, 0.8, 0.7, 0.8, 0.98, 0.94, 0.9, 0.58, 0.92, 0.85, 0.95, 0.92, 0.88, 0.85, 0.85, 0.75, 0.8, 0.95, 0.85, 0.8, 0.7, 0.85, 0.95, 0.7, 0.8, 0.87, 0.87, 0.75, 0.85, 0.8, 0.75, 0.88, 0.92, 0.73, 0.65, 0.8, 0.8, 0.85, 0.92, 0.8, 0.7, 0.98, 0.8, 0.75, 0.85, 0.85, 0.85, 0.85, 0.85, 0.85, 0.85, 0.85, 0.85, 0.75, 0.85, 0.85, 0.85, 0.85, 0.85, 0.85, 0.75, 0.75, 0.85, 0.85, 0.85, 0.85, 0.85, 0.85, 0.85, 0.75, 0.85, 0.85, 0.85, 0.6, 0.8, 0.85, 0.75, 0.75, 0.85, 0.85, 0.75, 0.85, 0.85, 0.85, 0.75, 0.85, 0.75, 0.75, 0.7, 0.75, 0.65, 0.75, 0.7, 0.75, 0.75, 0.6, 0.65, 0.75, 0.75, 0.75, 0.7, 0.85, 0.85, 0.75, 0.95, 0.85, 0.95, 0.85, 0.9, 0.95, 0.95, 0.95, 0.85, 0.85, 0.95, 0.95, 0.95, 0.9, 0.95, 0.95, 0.95, 0.95, 0.95, 0.85, 0.95, 0.95, 0.95, 0.95, 0.9, 0.95, 0.95, 0.9, 0.95, 0.9, 0.95, 0.95, 0.85, 0.9, 0.95, 0.85, 0.9, 0.85, 0.95, 0.95, 0.95, 0.85, 0.95, 0.95, 0.95, 0.95, 0.9, 0.95, 0.9, 0.85, 0.95, 0.85, 0.85, 0.9, 0.8, 0.9, 0.85, 0.8, 0.85, 0.9]",180,0.8473888888888889,0.08759987245607716,13.532328920178998,2.436461888161103
preliminary findings suggest,"[0.85, 0.6, 0.5, 0.68, 0.7, 0.95, 0.6, 0.7, 0.67, 0.68, 0.6, 0.6, 0.78, 0.6, 0.56, 0.5, 0.52, 0.5, 0.7, 0.68, 0.6, 0.58, 0.7, 0.65, 0.78, 0.82, 0.8, 0.78, 0.6, 0.68, 0.52, 0.7, 0.6, 0.6, 0.45, 0.68, 0.85, 0.6, 0.6, 0.7, 0.55, 0.76, 0.65, 0.7, 0.6, 0.65, 0.75, 0.6, 0.5, 0.73, 0.65, 0.6, 0.58, 0.68, 0.78, 0.55, 0.6, 0.63, 0.85, 0.8, 0.3, 0.7, 0.6, 0.4, 0.3, 0.6, 0.6, 0.3, 0.35, 0.65, 0.6, 0.7, 0.6, 0.6, 0.6, 0.65, 0.75, 0.75, 0.6, 0.65, 0.4, 0.7, 0.5, 0.7, 0.7, 0.7, 0.5, 0.3, 0.6, 0.6, 0.7, 0.3, 0.6, 0.6, 0.6, 0.4, 0.6, 0.6, 0.55, 0.6, 0.7, 0.6, 0.75, 0.6, 0.7, 0.6, 0.7, 0.6, 0.75, 0.75, 0.6, 0.7, 0.6, 0.65, 0.3, 0.3, 0.6, 0.7, 0.7, 0.75, 0.7, 0.7, 0.7, 0.7, 0.7, 0.7, 0.8, 0.8, 0.8, 0.7, 0.7, 0.8, 0.7, 0.8, 0.7, 0.8, 0.7, 0.7, 0.75, 0.8, 0.8, 0.7, 0.8, 0.8, 0.75, 0.75, 0.7, 0.7, 0.7, 0.7, 0.8, 0.7, 0.7, 0.75, 0.75, 0.8, 0.8, 0.8, 0.8, 0.7, 0.7, 0.7, 0.7, 0.7, 0.75, 0.7, 0.8, 0.7, 0.75, 0.7, 0.8, 0.7, 0.75, 0.7, 0.7, 0.75, 0.6, 0.8, 0.9, 0.8]",180,0.6617777777777778,0.12054116657601326,9.79499844723596,5.0493263054264785
presumably,"[0.4, 0.4, 0.45, 0.67, 0.5, 0.69, 0.5, 0.68, 0.3, 0.25, 0.23, 0.35, 0.58, 0.35, 0.27, 0.35, 0.6, 0.22, 0.63, 0.5, 0.6, 0.5, 0.47, 0.64, 0.58, 0.23, 0.3, 0.35, 0.7, 0.63, 0.85, 0.58, 0.52, 0.6, 0.6, 0.35, 0.35, 0.48, 0.35, 0.68, 0.6, 0.73, 0.44, 0.35, 0.43, 0.55, 0.6, 0.6, 0.47, 0.47, 0.73, 0.71, 0.66, 0.52, 0.47, 0.67, 0.68, 0.48, 0.43, 0.4, 0.7, 0.2, 0.3, 0.3, 0.6, 0.3, 0.6, 0.25, 0.6, 0.7, 0.6, 0.6, 0.3, 0.6, 0.4, 0.3, 0.7, 0.7, 0.6, 0.4, 0.4, 0.6, 0.7, 0.5, 0.7, 0.3, 0.3, 0.7, 0.3, 0.3, 0.2, 0.7, 0.6, 0.7, 0.2, 0.6, 0.7, 0.4, 0.5, 0.6, 0.3, 0.75, 0.7, 0.3, 0.4, 0.6, 0.6, 0.3, 0.6, 0.4, 0.4, 0.6, 0.3, 0.5, 0.3, 0.5, 0.6, 0.7, 0.3, 0.6, 0.7, 0.6, 0.6, 0.6, 0.7, 0.6, 0.65, 0.7, 0.6, 0.7, 0.6, 0.6, 0.85, 0.6, 0.6, 0.6, 0.6, 0.6, 0.6, 0.6, 0.7, 0.8, 0.7, 0.6, 0.8, 0.7, 0.7, 0.7, 0.7, 0.7, 0.7, 0.7, 0.7, 0.7, 0.7, 0.8, 0.7, 0.7, 0.75, 0.7, 0.7, 0.7, 0.7, 0.7, 0.6, 0.7, 0.75, 0.6, 0.6, 0.7, 0.6, 0.6, 0.6, 0.6, 0.6, 0.75, 0.7, 0.7, 0.6, 0.7]",180,0.5551111111111111,0.15733364720621545,5.235461685988612,4.2511676847438675
primarily,"[0.96, 0.88, 0.88, 0.71, 0.98, 0.96, 0.86, 0.95, 0.8, 0.85, 0.98, 0.85, 0.8, 0.95, 0.95, 0.98, 0.8, 0.83, 0.85, 0.95, 0.95, 0.87, 0.96, 0.9, 0.95, 0.8, 0.98, 0.8, 0.8, 0.9, 0.95, 0.95, 0.96, 0.98, 0.85, 0.9, 0.75, 0.9, 0.92, 0.7, 0.8, 0.98, 0.95, 0.95, 0.97, 0.8, 0.8, 0.85, 0.87, 0.85, 0.95, 0.85, 0.8, 0.95, 0.85, 0.75, 0.76, 0.85, 0.8, 0.89, 0.85, 0.85, 0.85, 0.85, 0.85, 0.85, 0.85, 0.85, 0.75, 0.85, 0.85, 0.85, 0.8, 0.85, 0.85, 0.85, 0.85, 0.85, 0.85, 0.85, 0.85, 0.85, 0.75, 0.85, 0.85, 0.75, 0.85, 0.85, 0.75, 0.85, 0.85, 0.85, 0.85, 0.85, 0.85, 0.85, 0.85, 0.85, 0.85, 0.85, 0.85, 0.85, 0.85, 0.75, 0.85, 0.85, 0.85, 0.85, 0.85, 0.75, 0.85, 0.6, 0.85, 0.85, 0.45, 0.7, 0.65, 0.85, 0.85, 0.75, 0.85, 0.85, 0.85, 0.95, 0.95, 0.95, 0.95, 0.95, 0.95, 0.95, 0.95, 0.95, 0.95, 0.95, 0.95, 0.95, 0.95, 0.95, 0.95, 0.95, 0.85, 0.95, 0.95, 0.95, 0.95, 0.85, 0.95, 0.95, 0.9, 0.95, 0.95, 0.95, 0.95, 0.95, 0.95, 0.95, 0.95, 0.95, 0.85, 0.95, 0.85, 0.95, 0.95, 0.95, 0.95, 0.95, 0.95, 0.95, 0.95, 0.95, 0.95, 0.95, 0.95, 0.9, 0.8, 0.85, 0.8, 0.9, 0.95, 0.85]",180,0.8761666666666668,0.07846637638009174,15.47586190565231,2.194731768667828
probably,"[0.7, 0.62, 0.68, 0.46, 0.5, 0.3, 0.5, 0.6, 0.75, 0.4, 0.6, 0.5, 0.74, 0.3, 0.6, 0.5, 0.6, 0.72, 0.56, 0.64, 0.61, 0.56, 0.23, 0.55, 0.56, 0.58, 0.6, 0.58, 0.6, 0.58, 0.5, 0.56, 0.55, 0.6, 0.35, 0.5, 0.4, 0.6, 0.4, 0.63, 0.6, 0.49, 0.67, 0.75, 0.65, 0.72, 0.72, 0.3, 0.6, 0.4, 0.4, 0.6, 0.69, 0.63, 0.49, 0.85, 0.56, 0.58, 0.6, 0.6, 0.6, 0.6, 0.6, 0.5, 0.6, 0.6, 0.6, 0.6, 0.4, 0.6, 0.7, 0.6, 0.6, 0.85, 0.6, 0.6, 0.6, 0.3, 0.6, 0.6, 0.6, 0.6, 0.6, 0.6, 0.6, 0.6, 0.6, 0.4, 0.2, 0.6, 0.6, 0.6, 0.6, 0.6, 0.6, 0.6, 0.3, 0.3, 0.6, 0.4, 0.3, 0.2, 0.2, 0.6, 0.3, 0.6, 0.3, 0.6, 0.2, 0.4, 0.6, 0.3, 0.3, 0.2, 0.2, 0.3, 0.3, 0.3, 0.3, 0.2, 0.7, 0.7, 0.7, 0.6, 0.7, 0.7, 0.7, 0.7, 0.7, 0.7, 0.6, 0.7, 0.7, 0.7, 0.7, 0.7, 0.7, 0.8, 0.6, 0.6, 0.7, 0.7, 0.7, 0.7, 0.7, 0.7, 0.7, 0.7, 0.7, 0.6, 0.7, 0.7, 0.7, 0.7, 0.7, 0.7, 0.8, 0.8, 0.7, 0.7, 0.7, 0.7, 0.7, 0.6, 0.8, 0.7, 0.7, 0.7, 0.7, 0.7, 0.7, 0.7, 0.7, 0.7, 0.8, 0.7, 0.8, 0.7, 0.7, 0.7]",180,0.582,0.1508877434091686,5.828984483624403,4.271955771821388
quite,"[0.48, 0.6, 0.73, 0.48, 0.76, 0.48, 0.78, 0.48, 0.75, 0.44, 0.41, 0.4, 0.4, 0.6, 0.2, 0.6, 0.65, 0.48, 0.55, 0.48, 0.85, 0.35, 0.61, 0.65, 0.57, 0.5, 0.34, 0.5, 0.6, 0.43, 0.58, 0.6, 0.2, 0.75, 0.58, 0.75, 0.7, 0.5, 0.35, 0.45, 0.7, 0.6, 0.6, 0.3, 0.68, 0.48, 0.6, 0.6, 0.3, 0.6, 0.7, 0.6, 0.85, 0.85, 0.85, 0.7, 0.67, 0.7, 0.75, 0.6, 0.3, 0.7, 0.85, 0.65, 0.75, 0.65, 0.85, 0.65, 0.65, 0.65, 0.75, 0.75, 0.75, 0.75, 0.75, 0.85, 0.45, 0.75, 0.85, 0.5, 0.75, 0.85, 0.7, 0.85, 0.65, 0.85, 0.7, 0.7, 0.5, 0.75, 0.75, 0.75, 0.75, 0.65, 0.75, 0.85, 0.85, 0.65, 0.85, 0.65, 0.75, 0.7, 0.75, 0.85, 0.85, 0.6, 0.85, 0.85, 0.85, 0.65, 0.75, 0.45, 0.4, 0.75, 0.85, 0.75, 0.75, 0.75, 0.75, 0.75, 0.85, 0.8, 0.7, 0.7, 0.7, 0.7, 0.8, 0.8, 0.7, 0.75, 0.8, 0.7, 0.8, 0.8, 0.8, 0.75, 0.7, 0.7, 0.8, 0.7, 0.7, 0.7, 0.8, 0.6, 0.7, 0.8, 0.8, 0.7, 0.7, 0.75, 0.7, 0.7, 0.7, 0.8, 0.7, 0.8, 0.7, 0.7, 0.75, 0.8, 0.7, 0.8, 0.75, 0.8, 0.75, 0.75, 0.7, 0.8, 0.7, 0.8, 0.8, 0.75, 0.7, 0.8, 0.8, 0.85, 0.8, 0.8, 0.8, 0.85]",180,0.6821666666666666,0.14179905578748478,7.409109205363659,3.518522410291818
rather,"[0.73, 0.67, 0.71, 0.87, 0.58, 0.68, 0.8, 0.6, 0.73, 0.68, 0.78, 0.78, 0.76, 0.78, 0.85, 0.86, 0.58, 0.7, 0.76, 0.85, 0.73, 0.4, 0.5, 0.7, 0.85, 0.58, 0.6, 0.52, 0.8, 0.6, 0.75, 0.67, 0.5, 0.85, 0.6, 0.7, 0.76, 0.65, 0.67, 0.8, 0.65, 0.85, 0.7, 0.7, 0.68, 0.78, 0.85, 0.45, 0.75, 0.4, 0.73, 0.73, 0.6, 0.58, 0.68, 0.63, 0.56, 0.68, 0.74, 0.85, 0.75, 0.7, 0.85, 0.75, 0.85, 0.85, 0.85, 0.65, 0.75, 0.65, 0.85, 0.85, 0.75, 0.85, 0.75, 0.75, 0.85, 0.85, 0.85, 0.85, 0.75, 0.85, 0.85, 0.75, 0.75, 0.85, 0.85, 0.75, 0.85, 0.85, 0.75, 0.85, 0.85, 0.75, 0.75, 0.65, 0.85, 0.85, 0.75, 0.85, 0.85, 0.85, 0.85, 0.85, 0.85, 0.85, 0.85, 0.65, 0.75, 0.6, 0.7, 0.85, 0.85, 0.85, 0.85, 0.85, 0.85, 0.85, 0.85, 0.85, 0.85, 0.9, 0.9, 0.85, 0.9, 0.95, 0.9, 0.85, 0.9, 0.85, 0.8, 0.9, 0.85, 0.95, 0.95, 0.85, 0.85, 0.85, 0.85, 0.85, 0.85, 0.9, 0.95, 0.95, 0.95, 0.95, 0.85, 0.85, 0.8, 0.85, 0.95, 0.85, 0.95, 0.95, 0.85, 0.95, 0.93, 0.95, 0.95, 0.85, 0.85, 0.85, 0.9, 0.85, 0.85, 0.9, 0.8, 0.85, 0.95, 0.9, 0.95, 0.85, 0.85, 0.85, 0.9, 0.85, 0.85, 0.85, 0.85, 0.85]",180,0.7927777777777777,0.11266496820985836,10.417585650956754,2.742164234332576
remains uncertain,"[0.45, 0.6, 0.25, 0.58, 0.65, 0.48, 0.85, 0.85, 0.92, 0.9, 0.78, 0.6, 0.87, 0.4, 0.81, 0.98, 0.6, 0.6, 0.5, 0.75, 0.3, 0.5, 0.95, 0.6, 0.85, 0.85, 0.6, 0.8, 0.6, 0.88, 0.68, 0.87, 0.67, 0.6, 0.75, 0.6, 0.8, 0.58, 0.78, 0.83, 0.65, 0.35, 0.6, 0.52, 0.6, 0.31, 0.5, 0.6, 0.5, 0.2, 0.76, 0.25, 0.5, 0.3, 0.22, 0.45, 0.6, 0.35, 0.6, 0.57, 0.7, 0.7, 0.5, 0.4, 0.5, 0.5, 0.8, 0.7, 0.7, 0.7, 0.7, 0.7, 0.7, 0.7, 0.5, 0.6, 0.5, 0.75, 0.7, 0.7, 0.5, 0.5, 0.6, 0.7, 0.75, 0.6, 0.6, 0.5, 0.6, 0.6, 0.6, 0.7, 0.5, 0.5, 0.4, 0.75, 0.7, 0.7, 0.6, 0.6, 0.7, 0.5, 0.33, 0.33, 0.33, 0.3, 0.6, 0.7, 0.6, 0.3, 0.6, 0.6, 0.6, 0.3, 0.7, 0.6, 0.4, 0.6, 0.5, 0.6, 0.6, 0.6, 0.5, 0.6, 0.5, 0.5, 0.6, 0.4, 0.6, 0.5, 0.6, 0.5, 0.6, 0.5, 0.6, 0.5, 0.6, 0.5, 0.6, 0.6, 0.7, 0.7, 0.6, 0.5, 0.5, 0.6, 0.6, 0.6, 0.5, 0.6, 0.6, 0.7, 0.6, 0.5, 0.7, 0.5, 0.5, 0.6, 0.6, 0.6, 0.6, 0.6, 0.7, 0.5, 0.6, 0.5, 0.6, 0.6, 0.6, 0.6, 0.6, 0.6, 0.7, 0.5, 0.6, 0.5, 0.5, 0.5, 0.6, 0.7]",180,0.591,0.1427861649071397,5.786883386730847,3.973662356065707
remains unclear,"[0.6, 0.16, 0.56, 0.5, 0.48, 0.48, 0.46, 0.4, 0.42, 0.36, 0.48, 0.55, 0.57, 0.4, 0.5, 0.56, 0.42, 0.58, 0.55, 0.82, 0.45, 0.67, 0.68, 0.58, 0.58, 0.25, 0.22, 0.44, 0.45, 0.56, 0.58, 0.68, 0.68, 0.6, 0.3, 0.67, 0.4, 0.85, 0.57, 0.5, 0.72, 0.67, 0.47, 0.6, 0.42, 0.6, 0.41, 0.75, 0.56, 0.47, 0.3, 0.58, 0.76, 0.52, 0.6, 0.58, 0.23, 0.5, 0.6, 0.53, 0.6, 0.7, 0.3, 0.6, 0.7, 0.7, 0.3, 0.7, 0.7, 0.6, 0.7, 0.3, 0.6, 0.6, 0.6, 0.7, 0.7, 0.6, 0.85, 0.6, 0.6, 0.6, 0.6, 0.6, 0.5, 0.4, 0.4, 0.7, 0.3, 0.4, 0.6, 0.6, 0.4, 0.6, 0.6, 0.4, 0.6, 0.6, 0.4, 0.4, 0.6, 0.3, 0.6, 0.6, 0.6, 0.7, 0.5, 0.7, 0.6, 0.5, 0.4, 0.6, 0.6, 0.5, 0.7, 0.7, 0.6, 0.6, 0.6, 0.6, 0.5, 0.6, 0.3, 0.6, 0.6, 0.3, 0.6, 0.5, 0.5, 0.6, 0.7, 0.3, 0.5, 0.6, 0.5, 0.5, 0.5, 0.5, 0.5, 0.5, 0.65, 0.6, 0.5, 0.6, 0.6, 0.5, 0.5, 0.6, 0.7, 0.6, 0.7, 0.8, 0.6, 0.7, 0.6, 0.7, 0.75, 0.7, 0.7, 0.5, 0.5, 0.6, 0.6, 0.6, 0.5, 0.5, 0.5, 0.6, 0.6, 0.6, 0.4, 0.6, 0.5, 0.6, 0.6, 0.6, 0.5, 0.5, 0.6, 0.5]",180,0.5515555555555556,0.12415860028484277,8.189358845888552,6.694422759567042
reportedly,"[0.74, 0.32, 0.7, 0.68, 0.3, 0.53, 0.4, 0.6, 0.6, 0.74, 0.31, 0.6, 0.5, 0.28, 0.5, 0.45, 0.3, 0.55, 0.58, 0.45, 0.41, 0.7, 0.45, 0.48, 0.4, 0.62, 0.52, 0.78, 0.52, 0.8, 0.65, 0.55, 0.78, 0.68, 0.62, 0.4, 0.6, 0.6, 0.43, 0.4, 0.7, 0.5, 0.44, 0.6, 0.3, 0.58, 0.58, 0.51, 0.3, 0.25, 0.15, 0.3, 0.58, 0.2, 0.58, 0.57, 0.3, 0.5, 0.68, 0.4, 0.85, 0.6, 0.6, 0.7, 0.7, 0.75, 0.3, 0.65, 0.6, 0.75, 0.7, 0.75, 0.75, 0.7, 0.7, 0.7, 0.7, 0.7, 0.6, 0.6, 0.7, 0.7, 0.4, 0.6, 0.5, 0.4, 0.7, 0.7, 0.7, 0.3, 0.6, 0.6, 0.7, 0.35, 0.7, 0.7, 0.7, 0.7, 0.75, 0.85, 0.7, 0.7, 0.7, 0.6, 0.7, 0.7, 0.6, 0.6, 0.5, 0.7, 0.4, 0.7, 0.2, 0.6, 0.75, 0.85, 0.3, 0.6, 0.6, 0.3, 0.7, 0.7, 0.8, 0.7, 0.7, 0.6, 0.7, 0.7, 0.7, 0.8, 0.7, 0.7, 0.7, 0.7, 0.6, 0.7, 0.7, 0.7, 0.7, 0.7, 0.7, 0.7, 0.7, 0.7, 0.7, 0.6, 0.6, 0.7, 0.6, 0.8, 0.6, 0.75, 0.7, 0.8, 0.7, 0.6, 0.7, 0.7, 0.8, 0.75, 0.8, 0.6, 0.7, 0.7, 0.6, 0.7, 0.6, 0.7, 0.6, 0.5, 0.6, 0.7, 0.6, 0.6, 0.7, 0.6, 0.6, 0.7, 0.6, 0.6]",180,0.6043888888888889,0.14628041521865873,6.4436105177390495,4.293955104516304
roughly,"[0.55, 0.68, 0.3, 0.43, 0.42, 0.2, 0.68, 0.67, 0.7, 0.5, 0.6, 0.6, 0.48, 0.5, 0.85, 0.6, 0.87, 0.45, 0.5, 0.35, 0.41, 0.5, 0.4, 0.5, 0.58, 0.45, 0.58, 0.25, 0.6, 0.6, 0.68, 0.5, 0.7, 0.68, 0.35, 0.5, 0.78, 0.7, 0.58, 0.68, 0.65, 0.65, 0.4, 0.6, 0.52, 0.6, 0.72, 0.6, 0.73, 0.51, 0.67, 0.51, 0.7, 0.4, 0.45, 0.56, 0.4, 0.35, 0.3, 0.32, 0.75, 0.75, 0.75, 0.5, 0.85, 0.6, 0.75, 0.6, 0.65, 0.6, 0.85, 0.85, 0.7, 0.75, 0.6, 0.3, 0.7, 0.3, 0.85, 0.75, 0.6, 0.7, 0.85, 0.5, 0.3, 0.7, 0.7, 0.75, 0.6, 0.7, 0.5, 0.7, 0.5, 0.75, 0.6, 0.6, 0.75, 0.6, 0.85, 0.4, 0.75, 0.7, 0.7, 0.5, 0.7, 0.6, 0.85, 0.6, 0.7, 0.7, 0.65, 0.7, 0.75, 0.25, 0.6, 0.85, 0.3, 0.85, 0.3, 0.6, 0.8, 0.85, 0.8, 0.8, 0.75, 0.7, 0.9, 0.8, 0.8, 0.75, 0.75, 0.85, 0.8, 0.7, 0.85, 0.85, 0.8, 0.8, 0.8, 0.85, 0.75, 0.75, 0.7, 0.9, 0.8, 0.7, 0.85, 0.85, 0.8, 0.7, 0.75, 0.8, 0.85, 0.8, 0.8, 0.8, 0.85, 0.8, 0.8, 0.9, 0.75, 0.8, 0.9, 0.8, 0.7, 0.8, 0.85, 0.8, 0.9, 0.8, 0.8, 0.8, 0.7, 0.8, 0.5, 0.6, 0.6, 0.75, 0.75, 0.8]",180,0.6582777777777777,0.16406580846164392,5.301641080253271,2.794145927107737
scarcely,"[0.6, 0.45, 0.85, 0.76, 0.58, 0.6, 0.76, 0.71, 0.7, 0.27, 0.78, 0.78, 0.28, 0.68, 0.65, 0.45, 0.6, 0.58, 0.4, 0.68, 0.85, 0.44, 0.75, 0.6, 0.35, 0.3, 0.6, 0.68, 0.67, 0.58, 0.78, 0.76, 0.85, 0.58, 0.58, 0.8, 0.42, 0.6, 0.6, 0.85, 0.4, 0.8, 0.5, 0.65, 0.6, 0.5, 0.5, 0.4, 0.28, 0.58, 0.55, 0.4, 0.68, 0.6, 0.4, 0.75, 0.82, 0.25, 0.05, 0.3, 0.85, 0.75, 0.75, 0.85, 0.85, 0.65, 0.75, 0.85, 0.85, 0.85, 0.85, 0.85, 0.85, 0.85, 0.85, 0.85, 0.75, 0.85, 0.75, 0.85, 0.7, 0.85, 0.85, 0.6, 0.85, 0.75, 0.75, 0.75, 0.85, 0.85, 0.75, 0.9, 0.75, 0.85, 0.75, 0.75, 0.75, 0.85, 0.85, 0.75, 0.85, 0.85, 0.75, 0.75, 0.85, 0.85, 0.65, 0.75, 0.85, 0.75, 0.85, 0.85, 0.85, 0.85, 0.85, 0.85, 0.65, 0.85, 0.5, 0.85, 0.5, 0.7, 0.8, 0.6, 0.7, 0.7, 0.6, 0.6, 0.6, 0.6, 0.6, 0.6, 0.4, 0.6, 0.7, 0.7, 0.6, 0.7, 0.7, 0.6, 0.7, 0.6, 0.6, 0.75, 0.6, 0.7, 0.7, 0.6, 0.8, 0.6, 0.7, 0.5, 0.6, 0.7, 0.6, 0.6, 0.75, 0.6, 0.7, 0.7, 0.6, 0.7, 0.7, 0.7, 0.5, 0.6, 0.6, 0.7, 0.7, 0.7, 0.6, 0.7, 0.6, 0.5, 0.6, 0.6, 0.5, 0.3, 0.4, 0.7]",180,0.6689444444444445,0.15623165571328232,5.589693707526326,2.834801161908439
seemingly,"[0.6, 0.5, 0.67, 0.43, 0.6, 0.78, 0.4, 0.5, 0.5, 0.52, 0.41, 0.76, 0.68, 0.7, 0.47, 0.23, 0.56, 0.35, 0.75, 0.78, 0.76, 0.48, 0.4, 0.75, 0.6, 0.43, 0.58, 0.73, 0.71, 0.5, 0.75, 0.4, 0.68, 0.58, 0.6, 0.68, 0.5, 0.63, 0.56, 0.73, 0.8, 0.6, 0.73, 0.73, 0.75, 0.83, 0.55, 0.55, 0.63, 0.48, 0.8, 0.52, 0.41, 0.75, 0.75, 0.67, 0.65, 0.38, 0.4, 0.58, 0.75, 0.7, 0.7, 0.3, 0.7, 0.75, 0.75, 0.6, 0.7, 0.7, 0.55, 0.7, 0.75, 0.7, 0.75, 0.65, 0.65, 0.6, 0.85, 0.15, 0.35, 0.85, 0.75, 0.7, 0.6, 0.6, 0.7, 0.7, 0.4, 0.4, 0.7, 0.6, 0.6, 0.75, 0.75, 0.3, 0.7, 0.85, 0.7, 0.65, 0.7, 0.6, 0.7, 0.75, 0.75, 0.75, 0.65, 0.6, 0.85, 0.85, 0.75, 0.7, 0.3, 0.6, 0.7, 0.3, 0.6, 0.75, 0.65, 0.5, 0.85, 0.8, 0.9, 0.85, 0.8, 0.8, 0.8, 0.8, 0.85, 0.9, 0.85, 0.85, 0.85, 0.8, 0.8, 0.85, 0.75, 0.8, 0.8, 0.85, 0.85, 0.8, 0.8, 0.85, 0.85, 0.75, 0.8, 0.85, 0.85, 0.85, 0.8, 0.85, 0.8, 0.85, 0.85, 0.8, 0.85, 0.8, 0.85, 0.9, 0.85, 0.85, 0.85, 0.85, 0.9, 0.85, 0.8, 0.9, 0.85, 0.9, 0.95, 0.8, 0.8, 0.85, 0.8, 0.8, 0.85, 0.8, 0.75, 0.7]",180,0.6908333333333333,0.15793766351176516,5.809104116421715,2.6530690454741044
slightly,"[0.2, 0.4, 0.7, 0.35, 0.5, 0.65, 0.35, 0.4, 0.78, 0.4, 0.35, 0.7, 0.43, 0.73, 0.06, 0.12, 0.3, 0.65, 0.2, 0.6, 0.7, 0.3, 0.37, 0.78, 0.35, 0.4, 0.6, 0.2, 0.23, 0.28, 0.3, 0.57, 0.76, 0.41, 0.2, 0.4, 0.6, 0.2, 0.35, 0.6, 0.74, 0.3, 0.2, 0.28, 0.3, 0.5, 0.6, 0.56, 0.2, 0.6, 0.4, 0.5, 0.68, 0.7, 0.6, 0.75, 0.85, 0.8, 0.64, 0.2, 0.2, 0.7, 0.6, 0.5, 0.75, 0.85, 0.75, 0.65, 0.4, 0.75, 0.7, 0.5, 0.5, 0.5, 0.85, 0.75, 0.85, 0.75, 0.75, 0.65, 0.3, 0.75, 0.75, 0.75, 0.75, 0.75, 0.5, 0.15, 0.65, 0.7, 0.85, 0.65, 0.75, 0.75, 0.6, 0.75, 0.75, 0.85, 0.85, 0.65, 0.2, 0.3, 0.45, 0.75, 0.5, 0.65, 0.2, 0.85, 0.85, 0.75, 0.6, 0.35, 0.75, 0.75, 0.7, 0.75, 0.8, 0.35, 0.7, 0.55, 0.7, 0.6, 0.5, 0.5, 0.7, 0.6, 0.6, 0.7, 0.6, 0.5, 0.5, 0.6, 0.6, 0.5, 0.65, 0.5, 0.4, 0.6, 0.6, 0.6, 0.7, 0.7, 0.7, 0.6, 0.7, 0.6, 0.6, 0.7, 0.5, 0.6, 0.6, 0.6, 0.8, 0.5, 0.5, 0.85, 0.6, 0.7, 0.5, 0.5, 0.6, 0.6, 0.6, 0.6, 0.6, 0.6, 0.6, 0.7, 0.6, 0.6, 0.7, 0.8, 0.6, 0.6, 0.6, 0.7, 0.6, 0.7, 0.6, 0.4]",180,0.5701111111111111,0.1836844785340367,3.6644508956270068,2.8358285538564982
somewhat,"[0.5, 0.2, 0.73, 0.4, 0.3, 0.36, 0.49, 0.6, 0.35, 0.68, 0.55, 0.68, 0.5, 0.6, 0.75, 0.6, 0.5, 0.67, 0.65, 0.4, 0.61, 0.7, 0.6, 0.46, 0.71, 0.55, 0.58, 0.4, 0.65, 0.67, 0.67, 0.58, 0.6, 0.6, 0.6, 0.6, 0.75, 0.6, 0.67, 0.73, 0.62, 0.5, 0.75, 0.6, 0.6, 0.65, 0.45, 0.68, 0.6, 0.78, 0.6, 0.68, 0.67, 0.66, 0.55, 0.4, 0.34, 0.47, 0.6, 0.55, 0.5, 0.3, 0.4, 0.6, 0.3, 0.3, 0.4, 0.4, 0.4, 0.75, 0.3, 0.7, 0.4, 0.3, 0.3, 0.3, 0.4, 0.6, 0.7, 0.3, 0.3, 0.6, 0.5, 0.4, 0.4, 0.4, 0.3, 0.4, 0.3, 0.7, 0.4, 0.3, 0.4, 0.6, 0.4, 0.4, 0.3, 0.3, 0.3, 0.4, 0.6, 0.4, 0.6, 0.5, 0.75, 0.7, 0.4, 0.6, 0.7, 0.3, 0.6, 0.4, 0.3, 0.6, 0.4, 0.3, 0.3, 0.4, 0.6, 0.3, 0.7, 0.5, 0.6, 0.6, 0.4, 0.5, 0.6, 0.6, 0.6, 0.7, 0.6, 0.6, 0.8, 0.75, 0.7, 0.7, 0.6, 0.6, 0.7, 0.6, 0.7, 0.6, 0.6, 0.6, 0.6, 0.7, 0.6, 0.8, 0.6, 0.7, 0.7, 0.7, 0.6, 0.7, 0.7, 0.7, 0.6, 0.75, 0.7, 0.6, 0.7, 0.6, 0.7, 0.75, 0.7, 0.75, 0.7, 0.7, 0.7, 0.6, 0.6, 0.7, 0.7, 0.6, 0.6, 0.6, 0.6, 0.7, 0.7, 0.7]",180,0.5566111111111111,0.14535842248612332,6.277320991087529,5.043259599405611
somewhere around,"[0.4, 0.65, 0.67, 0.6, 0.75, 0.3, 0.48, 0.6, 0.58, 0.76, 0.67, 0.7, 0.46, 0.6, 0.5, 0.6, 0.25, 0.43, 0.67, 0.4, 0.41, 0.6, 0.48, 0.48, 0.6, 0.6, 0.2, 0.46, 0.42, 0.78, 0.55, 0.5, 0.4, 0.3, 0.83, 0.35, 0.69, 0.6, 0.23, 0.6, 0.58, 0.6, 0.85, 0.67, 0.6, 0.56, 0.6, 0.6, 0.7, 0.68, 0.6, 0.4, 0.35, 0.67, 0.8, 0.48, 0.68, 0.4, 0.55, 0.6, 0.6, 0.35, 0.3, 0.6, 0.2, 0.3, 0.75, 0.3, 0.3, 0.2, 0.3, 0.3, 0.3, 0.3, 0.6, 0.3, 0.3, 0.3, 0.5, 0.3, 0.3, 0.5, 0.3, 0.7, 0.85, 0.3, 0.3, 0.6, 0.3, 0.7, 0.3, 0.6, 0.3, 0.6, 0.3, 0.7, 0.3, 0.6, 0.3, 0.3, 0.3, 0.3, 0.65, 0.2, 0.5, 0.7, 0.5, 0.3, 0.3, 0.3, 0.7, 0.4, 0.3, 0.5, 0.3, 0.3, 0.3, 0.5, 0.3, 0.3, 0.8, 0.7, 0.6, 0.6, 0.6, 0.6, 0.6, 0.7, 0.5, 0.7, 0.7, 0.6, 0.6, 0.7, 0.7, 0.5, 0.6, 0.7, 0.6, 0.6, 0.7, 0.6, 0.4, 0.6, 0.7, 0.6, 0.7, 0.7, 0.65, 0.6, 0.6, 0.4, 0.7, 0.6, 0.7, 0.6, 0.8, 0.7, 0.6, 0.6, 0.6, 0.75, 0.7, 0.6, 0.7, 0.6, 0.7, 0.6, 0.5, 0.6, 0.6, 0.6, 0.6, 0.7, 0.6, 0.5, 0.8, 0.3, 0.6, 0.6]",180,0.5284444444444445,0.16504484987159035,4.5401755504462304,4.079631452133145
sort of,"[0.57, 0.61, 0.68, 0.7, 0.6, 0.47, 0.53, 0.68, 0.65, 0.45, 0.82, 0.56, 0.6, 0.48, 0.61, 0.68, 0.31, 0.52, 0.29, 0.48, 0.64, 0.6, 0.68, 0.2, 0.23, 0.3, 0.64, 0.68, 0.46, 0.55, 0.5, 0.6, 0.73, 0.23, 0.68, 0.6, 0.69, 0.32, 0.4, 0.6, 0.54, 0.67, 0.38, 0.46, 0.56, 0.68, 0.6, 0.55, 0.65, 0.5, 0.55, 0.63, 0.61, 0.6, 0.6, 0.56, 0.78, 0.7, 0.6, 0.48, 0.3, 0.6, 0.4, 0.4, 0.6, 0.6, 0.25, 0.5, 0.4, 0.6, 0.3, 0.3, 0.4, 0.15, 0.3, 0.6, 0.2, 0.6, 0.4, 0.65, 0.6, 0.15, 0.65, 0.6, 0.6, 0.6, 0.6, 0.6, 0.6, 0.3, 0.6, 0.6, 0.4, 0.3, 0.6, 0.6, 0.3, 0.3, 0.4, 0.3, 0.3, 0.3, 0.3, 0.6, 0.5, 0.6, 0.3, 0.4, 0.3, 0.3, 0.6, 0.5, 0.6, 0.6, 0.6, 0.6, 0.6, 0.6, 0.4, 0.3, 0.7, 0.7, 0.75, 0.85, 0.85, 0.8, 0.8, 0.8, 0.8, 0.8, 0.8, 0.8, 0.8, 0.8, 0.75, 0.7, 0.7, 0.5, 0.6, 0.6, 0.6, 0.6, 0.6, 0.6, 0.6, 0.6, 0.6, 0.6, 0.6, 0.6, 0.6, 0.6, 0.7, 0.6, 0.7, 0.7, 0.6, 0.6, 0.7, 0.6, 0.6, 0.6, 0.6, 0.7, 0.6, 0.6, 0.6, 0.6, 0.6, 0.6, 0.6, 0.6, 0.6, 0.6, 0.6, 0.6, 0.6, 0.7, 0.6, 0.6]",180,0.5576111111111112,0.15027147244936,5.5754301431412046,4.481909634187929
speculative,"[0.6, 0.6, 0.6, 0.6, 0.6, 0.3, 0.5, 0.2, 0.6, 0.85, 0.7, 0.55, 0.6, 0.57, 0.6, 0.4, 0.5, 0.75, 0.6, 0.6, 0.3, 0.35, 0.2, 0.6, 0.4, 0.55, 0.65, 0.55, 0.65, 0.6, 0.25, 0.34, 0.5, 0.12, 0.2, 0.25, 0.08, 0.06, 0.35, 0.69, 0.83, 0.57, 0.3, 0.8, 0.85, 0.55, 0.45, 0.6, 0.6, 0.7, 0.8, 0.35, 0.6, 0.06, 0.25, 0.65, 0.2, 0.6, 0.7, 0.55, 0.75, 0.7, 0.7, 0.7, 0.7, 0.75, 0.85, 0.7, 0.85, 0.85, 0.85, 0.5, 0.7, 0.7, 0.7, 0.85, 0.5, 0.6, 0.6, 0.7, 0.85, 0.7, 0.5, 0.85, 0.7, 0.6, 0.7, 0.6, 0.7, 0.6, 0.1, 0.3, 0.3, 0.7, 0.25, 0.75, 0.2, 0.3, 0.4, 0.7, 0.7, 0.7, 0.85, 0.6, 0.4, 0.7, 0.6, 0.4, 0.4, 0.7, 0.5, 0.6, 0.85, 0.3, 0.3, 0.6, 0.5, 0.3, 0.6, 0.2, 0.75, 0.8, 0.6, 0.85, 0.6, 0.7, 0.6, 0.8, 0.5, 0.6, 0.6, 0.8, 0.6, 0.7, 0.6, 0.6, 0.5, 0.8, 0.7, 0.7, 0.7, 0.7, 0.6, 0.7, 0.8, 0.7, 0.7, 0.75, 0.8, 0.6, 0.7, 0.6, 0.7, 0.7, 0.6, 0.7, 0.8, 0.7, 0.8, 0.6, 0.7, 0.7, 0.8, 0.7, 0.6, 0.6, 0.6, 0.6, 0.8, 0.7, 0.6, 0.7, 0.8, 0.7, 0.7, 0.5, 0.6, 0.7, 0.5, 0.6]",180,0.5912222222222222,0.18477510521218177,3.554327706496978,2.565101543373427
strongly supported,"[0.7, 0.8, 0.95, 0.8, 0.9, 0.7, 0.8, 0.6, 0.6, 0.8, 0.8, 0.98, 0.8, 0.95, 0.6, 0.75, 0.8, 0.8, 0.9, 0.8, 0.95, 0.95, 0.92, 0.8, 0.95, 0.8, 0.95, 0.95, 0.7, 0.8, 0.8, 0.9, 0.95, 0.8, 0.95, 0.6, 0.87, 0.95, 0.8, 0.6, 0.95, 0.8, 0.98, 0.9, 0.98, 0.8, 0.9, 0.8, 0.8, 0.95, 0.9, 0.98, 0.82, 0.6, 0.9, 0.85, 0.95, 0.95, 0.85, 0.9, 0.85, 0.85, 0.85, 0.85, 0.85, 0.85, 0.85, 0.9, 0.85, 0.95, 0.85, 0.85, 0.85, 0.85, 0.95, 0.9, 0.95, 0.9, 0.85, 0.85, 0.9, 0.95, 0.9, 0.85, 0.85, 0.95, 0.95, 0.95, 0.95, 0.85, 0.85, 0.85, 0.85, 0.95, 0.95, 0.95, 0.9, 0.85, 0.95, 0.95, 0.95, 0.9, 0.95, 0.95, 0.95, 0.85, 0.9, 0.85, 0.95, 0.95, 0.85, 0.85, 0.85, 0.85, 0.9, 0.95, 0.95, 0.95, 0.85, 0.85, 0.95, 0.95, 0.95, 0.95, 0.95, 0.95, 0.95, 0.95, 0.95, 0.95, 0.95, 0.85, 1.0, 0.95, 0.95, 0.95, 0.95, 0.95, 0.95, 0.95, 0.95, 0.95, 0.95, 0.95, 0.95, 0.95, 0.95, 0.95, 0.95, 0.95, 0.95, 0.95, 0.95, 0.95, 0.95, 0.98, 0.95, 0.95, 0.95, 0.95, 0.95, 0.95, 0.95, 0.95, 0.95, 0.9, 0.95, 0.95, 0.95, 0.95, 0.95, 0.95, 0.95, 0.98, 0.95, 0.95, 0.95, 0.95, 0.98, 0.95]",180,0.8945555555555557,0.08282057059438944,13.30413395916063,1.580278764443659
subject to,"[0.47, 0.38, 0.05, 0.2, 0.75, 0.25, 0.15, 0.22, 0.55, 0.16, 0.22, 0.6, 0.42, 0.2, 0.2, 0.85, 0.78, 0.76, 0.08, 0.14, 0.75, 0.2, 0.4, 0.4, 0.6, 0.55, 0.78, 0.35, 0.11, 0.4, 0.2, 0.2, 0.6, 0.85, 0.72, 0.75, 0.57, 0.7, 0.32, 0.41, 0.35, 0.78, 0.47, 0.6, 0.5, 0.59, 0.6, 0.7, 0.85, 0.55, 0.85, 0.2, 0.6, 0.55, 0.55, 0.55, 0.74, 0.6, 0.78, 0.6, 0.2, 0.3, 0.3, 0.3, 0.4, 0.3, 0.3, 0.3, 0.3, 0.3, 0.3, 0.6, 0.5, 0.3, 0.3, 0.6, 0.3, 0.85, 0.5, 0.5, 0.5, 0.85, 0.3, 0.7, 0.7, 0.5, 0.5, 0.2, 0.3, 0.3, 0.8, 0.9, 0.75, 0.75, 0.7, 0.7, 0.7, 0.7, 0.7, 0.3, 0.75, 0.6, 0.6, 0.3, 0.7, 0.3, 0.75, 0.7, 0.7, 0.3, 0.3, 0.75, 0.6, 0.4, 0.3, 0.6, 0.7, 0.7, 0.7, 0.6, 0.5, 0.5, 0.6, 0.4, 0.5, 0.6, 0.7, 0.3, 0.5, 0.5, 0.4, 0.5, 0.6, 0.5, 0.7, 0.6, 0.7, 0.5, 0.2, 0.2, 0.75, 0.7, 0.75, 0.75, 0.75, 0.8, 0.5, 0.4, 0.6, 0.5, 0.5, 0.5, 0.75, 0.8, 0.8, 0.75, 0.8, 0.7, 0.6, 0.8, 0.7, 0.7, 0.7, 0.75, 0.8, 0.75, 0.8, 0.75, 0.8, 0.7, 0.7, 0.7, 0.7, 0.8, 0.8, 0.8, 0.8, 0.7, 0.8]",179,0.547486033519553,0.20921733260664133,2.727262626639097,2.313018085213532
subject to revision,"[0.2, 0.67, 0.56, 0.76, 0.66, 0.2, 0.2, 0.6, 0.4, 0.7, 0.67, 0.34, 0.67, 0.6, 0.7, 0.6, 0.2, 0.48, 0.2, 0.7, 0.24, 0.5, 0.75, 0.54, 0.43, 0.7, 0.4, 0.3, 0.73, 0.23, 0.3, 0.35, 0.27, 0.85, 0.35, 0.73, 0.22, 0.2, 0.49, 0.46, 0.6, 0.3, 0.48, 0.4, 0.26, 0.78, 0.2, 0.55, 0.85, 0.67, 0.72, 0.38, 0.3, 0.58, 0.75, 0.6, 0.78, 0.36, 0.58, 0.71, 0.7, 0.6, 0.6, 0.7, 0.7, 0.6, 0.6, 0.3, 0.7, 0.6, 0.85, 0.7, 0.6, 0.7, 0.6, 0.85, 0.7, 0.6, 0.6, 0.75, 0.6, 0.7, 0.6, 0.7, 0.7, 0.7, 0.7, 0.7, 0.85, 0.6, 0.6, 0.7, 0.5, 0.85, 0.6, 0.6, 0.6, 0.7, 0.7, 0.7, 0.6, 0.6, 0.7, 0.7, 0.7, 0.6, 0.85, 0.6, 0.6, 0.4, 0.7, 0.7, 0.7, 0.6, 0.85, 0.85, 0.6, 0.4, 0.4, 0.3, 0.8, 0.8, 0.8, 0.8, 0.8, 0.9, 0.9, 0.85, 0.9, 0.7, 0.8, 0.9, 0.8, 0.85, 0.8, 0.8, 0.8, 0.85, 0.8, 0.8, 0.8, 0.85, 0.9, 0.8, 0.85, 0.85, 0.7, 0.9, 0.85, 0.8, 0.9, 0.8, 0.85, 0.7, 0.8, 0.8, 0.8, 0.8, 0.8, 0.85, 0.8, 0.75, 0.8, 0.9, 0.9, 0.8, 0.75, 0.8, 0.8, 0.8, 0.85, 0.8, 0.7, 0.85, 0.9, 0.85, 0.75, 0.6, 0.6, 0.6]",180,0.6519444444444444,0.1888211888481393,3.9050801651631586,2.15037753146854
surely,"[0.6, 0.9, 0.75, 0.75, 0.85, 0.8, 0.6, 0.8, 0.5, 0.8, 0.7, 0.5, 0.95, 0.8, 0.95, 0.7, 0.8, 0.8, 0.9, 0.8, 0.6, 0.5, 0.7, 0.8, 0.6, 0.6, 0.6, 0.6, 0.6, 0.6, 0.8, 0.8, 0.8, 0.6, 0.9, 0.8, 0.5, 0.85, 0.6, 0.6, 0.6, 0.65, 0.85, 0.14, 0.46, 0.8, 0.81, 0.83, 0.78, 0.76, 0.7, 0.6, 0.8, 0.7, 0.87, 0.85, 0.67, 0.7, 0.6, 0.73, 0.85, 0.85, 0.85, 0.75, 0.85, 0.85, 0.85, 0.75, 0.85, 0.85, 0.85, 0.75, 0.9, 0.85, 0.9, 0.85, 0.85, 0.85, 0.85, 0.75, 0.75, 0.85, 0.85, 0.85, 0.85, 0.85, 0.85, 0.85, 0.85, 0.85, 0.85, 0.9, 0.85, 0.75, 0.9, 0.9, 0.85, 0.85, 0.9, 0.85, 0.85, 0.75, 0.75, 0.85, 0.75, 0.75, 0.85, 0.75, 0.85, 0.85, 0.85, 0.75, 0.85, 0.85, 0.85, 0.75, 0.85, 0.85, 0.85, 0.85, 0.95, 0.95, 0.95, 0.95, 0.9, 0.95, 0.9, 0.95, 0.95, 0.9, 0.85, 0.95, 0.85, 0.95, 0.95, 0.95, 0.95, 0.8, 0.85, 0.85, 0.9, 0.85, 0.95, 0.95, 0.95, 0.95, 0.85, 0.85, 0.95, 0.9, 0.95, 0.85, 0.95, 0.9, 0.9, 0.85, 0.85, 0.85, 0.9, 0.8, 0.95, 0.95, 0.8, 0.85, 0.9, 0.75, 0.85, 0.85, 0.95, 0.8, 0.8, 0.85, 0.8, 0.95, 0.85, 0.8, 0.9, 0.75, 0.8, 0.85]",180,0.81,0.11914976570126634,9.145653921740058,2.194695946602849
technically,"[0.78, 0.6, 0.8, 0.85, 0.5, 0.8, 0.5, 0.75, 0.77, 0.6, 0.87, 0.58, 0.85, 0.75, 0.6, 0.55, 0.73, 0.6, 0.85, 0.85, 0.82, 0.75, 0.6, 0.7, 0.84, 0.6, 0.68, 0.85, 0.68, 0.95, 0.78, 0.58, 0.85, 0.85, 0.38, 0.87, 0.35, 0.7, 0.6, 0.83, 0.85, 0.85, 0.82, 0.66, 0.83, 0.6, 0.76, 0.87, 0.78, 0.75, 0.8, 0.68, 0.6, 0.85, 0.2, 0.6, 0.92, 0.6, 0.8, 0.8, 0.6, 0.75, 0.4, 0.85, 0.5, 0.7, 0.8, 0.8, 0.7, 0.85, 0.6, 0.85, 0.75, 0.75, 0.85, 0.75, 0.75, 0.85, 0.85, 0.85, 0.75, 0.75, 0.75, 0.85, 0.7, 0.85, 0.7, 0.85, 0.75, 0.4, 0.7, 0.75, 0.7, 0.8, 0.6, 0.75, 0.85, 0.75, 0.75, 0.85, 0.6, 0.85, 0.75, 0.75, 0.7, 0.75, 0.75, 0.75, 0.7, 0.85, 0.7, 0.7, 0.9, 0.75, 0.75, 0.75, 0.75, 0.85, 0.85, 0.7, 0.8, 0.8, 0.7, 0.75, 0.7, 0.8, 0.8, 0.85, 0.75, 0.8, 0.9, 0.8, 0.8, 0.85, 0.7, 0.8, 0.8, 0.75, 0.8, 0.8, 0.8, 0.8, 0.7, 0.7, 0.8, 0.8, 0.8, 0.75, 0.8, 0.8, 0.8, 0.7, 0.7, 0.8, 0.8, 0.8, 0.85, 0.85, 0.8, 0.8, 0.8, 0.75, 0.75, 0.8, 0.7, 0.7, 0.8, 0.7, 0.8, 0.75, 0.8, 0.8, 0.9, 0.8, 0.8, 0.8, 0.8, 0.75, 0.8, 0.7]",180,0.7486666666666666,0.10982511350121865,12.366895437635034,4.214666703472999
tentative,"[0.2, 0.5, 0.2, 0.76, 0.44, 0.57, 0.58, 0.47, 0.2, 0.68, 0.75, 0.78, 0.73, 0.74, 0.85, 0.13, 0.61, 0.22, 0.6, 0.34, 0.3, 0.58, 0.36, 0.67, 0.8, 0.56, 0.45, 0.47, 0.61, 0.31, 0.25, 0.2, 0.67, 0.4, 0.3, 0.68, 0.58, 0.3, 0.59, 0.71, 0.5, 0.3, 0.3, 0.45, 0.32, 0.41, 0.74, 0.3, 0.48, 0.6, 0.41, 0.45, 0.68, 0.85, 0.2, 0.4, 0.23, 0.2, 0.2, 0.06, 0.7, 0.7, 0.7, 0.2, 0.4, 0.5, 0.6, 0.7, 0.45, 0.6, 0.5, 0.6, 0.3, 0.3, 0.6, 0.3, 0.7, 0.3, 0.3, 0.3, 0.6, 0.4, 0.6, 0.7, 0.5, 0.6, 0.5, 0.6, 0.5, 0.7, 0.15, 0.3, 0.3, 0.6, 0.7, 0.65, 0.3, 0.5, 0.6, 0.45, 0.7, 0.6, 0.3, 0.6, 0.7, 0.65, 0.6, 0.6, 0.6, 0.4, 0.4, 0.2, 0.6, 0.7, 0.4, 0.6, 0.6, 0.3, 0.2, 0.15, 0.2, 0.3, 0.3, 0.6, 0.6, 0.6, 0.4, 0.6, 0.6, 0.6, 0.6, 0.5, 0.7, 0.6, 0.6, 0.5, 0.6, 0.6, 0.6, 0.5, 0.5, 0.7, 0.7, 0.6, 0.6, 0.5, 0.6, 0.6, 0.6, 0.6, 0.6, 0.6, 0.7, 0.6, 0.6, 0.6, 0.6, 0.6, 0.6, 0.6, 0.6, 0.7, 0.6, 0.7, 0.6, 0.6, 0.6, 0.6, 0.6, 0.7, 0.7, 0.6, 0.6, 0.5, 0.6, 0.6, 0.6, 0.2, 0.3, 0.5]",180,0.5128888888888888,0.17051063469241404,3.9050948639770797,3.7846321979678654
tentative evidence points to,"[0.55, 0.58, 0.6, 0.48, 0.36, 0.6, 0.67, 0.6, 0.55, 0.57, 0.47, 0.58, 0.67, 0.68, 0.69, 0.68, 0.52, 0.68, 0.65, 0.6, 0.7, 0.47, 0.58, 0.57, 0.42, 0.55, 0.61, 0.58, 0.5, 0.6, 0.55, 0.42, 0.68, 0.75, 0.61, 0.7, 0.75, 0.6, 0.6, 0.6, 0.57, 0.76, 0.41, 0.76, 0.55, 0.78, 0.46, 0.6, 0.4, 0.6, 0.7, 0.68, 0.58, 0.47, 0.68, 0.58, 0.35, 0.55, 0.75, 0.48, 0.6, 0.4, 0.3, 0.3, 0.6, 0.4, 0.3, 0.4, 0.3, 0.75, 0.3, 0.6, 0.4, 0.4, 0.6, 0.4, 0.4, 0.4, 0.4, 0.3, 0.2, 0.3, 0.3, 0.3, 0.6, 0.6, 0.6, 0.3, 0.4, 0.4, 0.4, 0.6, 0.3, 0.3, 0.6, 0.3, 0.4, 0.3, 0.3, 0.6, 0.3, 0.6, 0.3, 0.3, 0.6, 0.4, 0.4, 0.3, 0.75, 0.3, 0.5, 0.6, 0.6, 0.4, 0.7, 0.35, 0.3, 0.3, 0.4, 0.5, 0.6, 0.6, 0.7, 0.6, 0.6, 0.6, 0.7, 0.6, 0.6, 0.6, 0.6, 0.6, 0.6, 0.6, 0.6, 0.7, 0.7, 0.6, 0.6, 0.6, 0.6, 0.7, 0.65, 0.6, 0.6, 0.6, 0.6, 0.6, 0.5, 0.6, 0.6, 0.6, 0.6, 0.7, 0.6, 0.6, 0.7, 0.6, 0.75, 0.5, 0.6, 0.6, 0.6, 0.6, 0.65, 0.6, 0.6, 0.6, 0.6, 0.6, 0.6, 0.6, 0.7, 0.6, 0.7, 0.6, 0.6, 0.6, 0.6, 0.7]",180,0.5440555555555555,0.13288130552498603,7.334417642351151,6.195913137978494
that is debatable,"[0.5, 0.15, 0.55, 0.34, 0.25, 0.6, 0.42, 0.3, 0.68, 0.64, 0.58, 0.35, 0.6, 0.72, 0.68, 0.58, 0.76, 0.12, 0.58, 0.2, 0.73, 0.5, 0.66, 0.38, 0.4, 0.74, 0.55, 0.52, 0.25, 0.23, 0.76, 0.55, 0.31, 0.78, 0.78, 0.5, 0.4, 0.68, 0.78, 0.32, 0.45, 0.6, 0.6, 0.85, 0.52, 0.52, 0.75, 0.68, 0.23, 0.72, 0.68, 0.28, 0.74, 0.55, 0.75, 0.35, 0.48, 0.27, 0.35, 0.4, 0.5, 0.3, 0.3, 0.3, 0.6, 0.4, 0.3, 0.3, 0.85, 0.1, 0.4, 0.6, 0.3, 0.3, 0.3, 0.3, 0.6, 0.6, 0.5, 0.4, 0.3, 0.4, 0.6, 0.4, 0.3, 0.6, 0.6, 0.3, 0.3, 0.4, 0.3, 0.3, 0.5, 0.3, 0.3, 0.4, 0.5, 0.7, 0.6, 0.6, 0.4, 0.3, 0.6, 0.3, 0.5, 0.3, 0.3, 0.3, 0.3, 0.3, 0.4, 0.7, 0.75, 0.3, 0.3, 0.3, 0.25, 0.3, 0.3, 0.5, 0.6, 0.5, 0.6, 0.5, 0.5, 0.5, 0.3, 0.3, 0.4, 0.5, 0.5, 0.5, 0.4, 0.5, 0.5, 0.6, 0.5, 0.7, 0.4, 0.6, 0.5, 0.5, 0.6, 0.5, 0.3, 0.75, 0.5, 0.7, 0.7, 0.3, 0.5, 0.6, 0.3, 0.6, 0.7, 0.6, 0.5, 0.6, 0.6, 0.6, 0.6, 0.5, 0.5, 0.5, 0.5, 0.6, 0.5, 0.6, 0.5, 0.6, 0.7, 0.5, 0.6, 0.7, 0.5, 0.7, 0.5, 0.6, 0.5, 0.5]",180,0.48827777777777776,0.16158874601749398,4.283734100272828,4.494655315206688
theoretically,"[0.08, 0.41, 0.23, 0.25, 0.6, 0.23, 0.4, 0.38, 0.28, 0.76, 0.5, 0.7, 0.55, 0.6, 0.51, 0.31, 0.35, 0.4, 0.6, 0.55, 0.68, 0.37, 0.3, 0.6, 0.67, 0.87, 0.4, 0.4, 0.48, 0.3, 0.6, 0.7, 0.5, 0.76, 0.73, 0.56, 0.3, 0.7, 0.23, 0.4, 0.3, 0.68, 0.6, 0.6, 0.55, 0.43, 0.71, 0.45, 0.25, 0.28, 0.46, 0.42, 0.27, 0.4, 0.43, 0.45, 0.4, 0.42, 0.48, 0.42, 0.15, 0.6, 0.3, 0.3, 0.3, 0.2, 0.3, 0.25, 0.1, 0.3, 0.65, 0.3, 0.5, 0.4, 0.6, 0.7, 0.3, 0.6, 0.7, 0.7, 0.6, 0.3, 0.7, 0.1, 0.6, 0.6, 0.45, 0.4, 0.3, 0.3, 0.2, 0.6, 0.2, 0.3, 0.3, 0.3, 0.3, 0.3, 0.3, 0.6, 0.3, 0.4, 0.3, 0.3, 0.7, 0.3, 0.6, 0.7, 0.85, 0.45, 0.75, 0.3, 0.45, 0.45, 0.3, 0.4, 0.3, 0.4, 0.7, 0.3, 0.7, 0.6, 0.7, 0.7, 0.6, 0.7, 0.6, 0.65, 0.7, 0.6, 0.7, 0.6, 0.6, 0.7, 0.7, 0.7, 0.7, 0.7, 0.6, 0.7, 0.8, 0.7, 0.6, 0.7, 0.7, 0.7, 0.6, 0.7, 0.6, 0.7, 0.7, 0.7, 0.6, 0.7, 0.75, 0.7, 0.75, 0.7, 0.7, 0.6, 0.7, 0.7, 0.8, 0.75, 0.7, 0.6, 0.6, 0.7, 0.6, 0.6, 0.7, 0.8, 0.7, 0.6, 0.7, 0.8, 0.6, 0.6, 0.7, 0.7]",180,0.5227222222222222,0.18345096394633498,3.516052956385228,3.2610644481448117
theoretically possible,"[0.62, 0.78, 0.36, 0.4, 0.58, 0.07, 0.46, 0.45, 0.4, 0.49, 0.6, 0.27, 0.43, 0.64, 0.23, 0.23, 0.65, 0.75, 0.67, 0.73, 0.43, 0.35, 0.67, 0.68, 0.46, 0.45, 0.23, 0.3, 0.4, 0.46, 0.57, 0.34, 0.5, 0.6, 0.6, 0.4, 0.4, 0.54, 0.5, 0.38, 0.55, 0.6, 0.34, 0.45, 0.6, 0.4, 0.7, 0.23, 0.6, 0.27, 0.35, 0.57, 0.27, 0.31, 0.62, 0.32, 0.35, 0.6, 0.2, 0.55, 0.1, 0.15, 0.1, 0.5, 0.1, 0.1, 0.1, 0.1, 0.1, 0.75, 0.7, 0.75, 0.75, 0.4, 0.3, 0.3, 0.6, 0.7, 0.6, 0.7, 0.3, 0.75, 0.4, 0.3, 0.4, 0.3, 0.3, 0.3, 0.5, 0.3, 0.3, 0.5, 0.3, 0.3, 0.3, 0.3, 0.2, 0.6, 0.3, 0.3, 0.3, 0.2, 0.3, 0.3, 0.3, 0.4, 0.3, 0.3, 0.3, 0.3, 0.4, 0.3, 0.15, 0.3, 0.2, 0.3, 0.3, 0.3, 0.3, 0.3, 0.3, 0.3, 0.3, 0.1, 0.3, 0.3, 0.3, 0.2, 0.1, 0.8, 0.7, 0.7, 0.6, 0.6, 0.6, 0.6, 0.6, 0.7, 0.6, 0.7, 0.7, 0.7, 0.7, 0.7, 0.75, 0.6, 0.6, 0.6, 0.7, 0.6, 0.7, 0.7, 0.6, 0.6, 0.6, 0.6, 0.7, 0.6, 0.7, 0.5, 0.6, 0.7, 0.7, 0.6, 0.7, 0.5, 0.7, 0.7, 0.6, 0.4, 0.6, 0.6, 0.5, 0.6, 0.6, 0.5, 0.5, 0.6, 0.7, 0.6]",180,0.4627777777777778,0.1886267789270523,2.8360624928593365,3.3438739376125506
there is a chance that,"[0.35, 0.27, 0.67, 0.7, 0.38, 0.25, 0.3, 0.52, 0.68, 0.48, 0.54, 0.68, 0.27, 0.41, 0.43, 0.4, 0.35, 0.3, 0.6, 0.47, 0.6, 0.56, 0.6, 0.5, 0.52, 0.43, 0.51, 0.5, 0.63, 0.25, 0.4, 0.5, 0.65, 0.68, 0.46, 0.58, 0.63, 0.69, 0.5, 0.3, 0.56, 0.55, 0.6, 0.54, 0.6, 0.68, 0.57, 0.6, 0.37, 0.6, 0.6, 0.68, 0.44, 0.55, 0.25, 0.5, 0.56, 0.52, 0.48, 0.58, 0.6, 0.3, 0.4, 0.3, 0.4, 0.4, 0.3, 0.3, 0.3, 0.3, 0.4, 0.3, 0.3, 0.3, 0.4, 0.3, 0.4, 0.3, 0.5, 0.3, 0.4, 0.4, 0.3, 0.3, 0.3, 0.2, 0.3, 0.3, 0.3, 0.25, 0.3, 0.3, 0.5, 0.6, 0.3, 0.4, 0.3, 0.2, 0.3, 0.6, 0.3, 0.3, 0.3, 0.3, 0.3, 0.3, 0.3, 0.7, 0.3, 0.3, 0.3, 0.3, 0.3, 0.3, 0.3, 0.3, 0.4, 0.3, 0.3, 0.3, 0.6, 0.7, 0.6, 0.6, 0.6, 0.6, 0.6, 0.6, 0.6, 0.6, 0.6, 0.7, 0.5, 0.7, 0.6, 0.6, 0.6, 0.6, 0.6, 0.6, 0.7, 0.6, 0.6, 0.6, 0.7, 0.5, 0.7, 0.6, 0.6, 0.7, 0.7, 0.6, 0.6, 0.6, 0.7, 0.7, 0.7, 0.6, 0.6, 0.7, 0.7, 0.7, 0.6, 0.7, 0.7, 0.6, 0.6, 0.6, 0.6, 0.6, 0.7, 0.6, 0.6, 0.6, 0.6, 0.7, 0.6, 0.5, 0.7, 0.6]",180,0.4912222222222222,0.15191977252468034,5.12398794652669,5.332163371016523
there is a possibility that,"[0.43, 0.68, 0.55, 0.7, 0.22, 0.35, 0.6, 0.4, 0.56, 0.6, 0.28, 0.23, 0.25, 0.55, 0.3, 0.67, 0.3, 0.3, 0.44, 0.35, 0.58, 0.42, 0.35, 0.4, 0.47, 0.23, 0.5, 0.57, 0.48, 0.52, 0.43, 0.54, 0.32, 0.2, 0.48, 0.53, 0.56, 0.25, 0.55, 0.67, 0.3, 0.58, 0.43, 0.6, 0.31, 0.56, 0.4, 0.36, 0.5, 0.6, 0.28, 0.5, 0.47, 0.58, 0.58, 0.66, 0.41, 0.23, 0.43, 0.75, 0.1, 0.3, 0.2, 0.3, 0.1, 0.3, 0.3, 0.3, 0.4, 0.2, 0.3, 0.2, 0.3, 0.7, 0.2, 0.6, 0.3, 0.3, 0.3, 0.6, 0.3, 0.3, 0.2, 0.3, 0.2, 0.3, 0.3, 0.7, 0.25, 0.3, 0.5, 0.4, 0.2, 0.3, 0.3, 0.3, 0.25, 0.2, 0.3, 0.3, 0.2, 0.3, 0.3, 0.3, 0.3, 0.3, 0.3, 0.5, 0.2, 0.4, 0.3, 0.3, 0.3, 0.4, 0.4, 0.6, 0.3, 0.2, 0.3, 0.6, 0.6, 0.6, 0.7, 0.7, 0.6, 0.7, 0.6, 0.6, 0.7, 0.6, 0.6, 0.6, 0.6, 0.7, 0.6, 0.7, 0.6, 0.6, 0.6, 0.6, 0.7, 0.6, 0.6, 0.6, 0.7, 0.7, 0.7, 0.6, 0.7, 0.6, 0.6, 0.7, 0.6, 0.8, 0.7, 0.6, 0.6, 0.5, 0.6, 0.7, 0.7, 0.6, 0.5, 0.6, 0.6, 0.6, 0.7, 0.7, 0.6, 0.5, 0.7, 0.7, 0.6, 0.75, 0.6, 0.7, 0.6, 0.6, 0.6, 0.7]",180,0.4710555555555555,0.17274739818662077,3.6581990581921553,4.13950460124431
there is no doubt that,"[0.9, 1.0, 0.92, 0.98, 0.92, 0.95, 0.98, 1.0, 0.97, 1.0, 0.99, 0.98, 0.7, 1.0, 0.98, 0.95, 0.98, 0.9, 1.0, 0.9, 0.95, 0.8, 0.9, 0.9, 0.95, 0.9, 0.99, 1.0, 0.8, 0.9, 0.98, 0.85, 0.9, 0.95, 0.99, 0.95, 0.95, 1.0, 0.9, 1.0, 1.0, 0.95, 0.99, 0.99, 0.98, 0.95, 0.95, 0.8, 0.98, 0.8, 0.9, 0.99, 0.95, 0.9, 0.95, 1.0, 1.0, 0.95, 1.0, 1.0, 1.0, 1.0, 1.0, 1.0, 1.0, 1.0, 1.0, 1.0, 1.0, 1.0, 1.0, 1.0, 1.0, 1.0, 1.0, 1.0, 1.0, 1.0, 1.0, 1.0, 1.0, 1.0, 1.0, 1.0, 1.0, 1.0, 1.0, 1.0, 1.0, 1.0, 1.0, 1.0, 1.0, 1.0, 1.0, 1.0, 1.0, 1.0, 1.0, 1.0, 1.0, 1.0, 1.0, 1.0, 1.0, 1.0, 1.0, 1.0, 1.0, 1.0, 1.0, 1.0, 1.0, 1.0, 1.0, 1.0, 1.0, 1.0, 1.0, 1.0, 1.0, 1.0, 1.0, 1.0, 1.0, 1.0, 1.0, 1.0, 0.98, 1.0, 1.0, 1.0, 1.0, 1.0, 0.95, 1.0, 0.98, 1.0, 1.0, 1.0, 1.0, 1.0, 1.0, 1.0, 0.98, 1.0, 1.0, 0.95, 1.0, 1.0, 1.0, 1.0, 1.0, 0.95, 1.0, 0.95, 1.0, 1.0, 0.95, 1.0, 1.0, 1.0, 0.95, 1.0, 1.0, 1.0, 1.0, 1.0, 1.0, 0.95, 1.0, 0.98, 1.0, 1.0, 1.0, 1.0, 1.0, 1.0, 1.0, 1.0]",180,0.9786666666666667,0.0453186250649529,5.731428152241495,0.12078822461942566
there is reason to believe that,"[0.76, 0.68, 0.65, 0.6, 0.65, 0.48, 0.87, 0.86, 0.75, 0.58, 0.85, 0.85, 0.78, 0.78, 0.6, 0.58, 0.78, 0.78, 0.75, 0.78, 0.64, 0.74, 0.68, 0.78, 0.68, 0.83, 0.85, 0.85, 0.76, 0.68, 0.75, 0.67, 0.78, 0.68, 0.68, 0.78, 0.75, 0.87, 0.8, 0.56, 0.67, 0.67, 0.7, 0.6, 0.78, 0.85, 0.67, 0.78, 0.74, 0.58, 0.83, 0.6, 0.6, 0.75, 0.65, 0.7, 0.6, 0.75, 0.67, 0.58, 0.65, 0.5, 0.7, 0.6, 0.5, 0.5, 0.6, 0.45, 0.6, 0.5, 0.6, 0.3, 0.6, 0.6, 0.25, 0.6, 0.45, 0.35, 0.35, 0.3, 0.65, 0.6, 0.4, 0.45, 0.35, 0.7, 0.6, 0.6, 0.6, 0.6, 0.3, 0.65, 0.25, 0.75, 0.55, 0.5, 0.35, 0.6, 0.55, 0.6, 0.6, 0.35, 0.25, 0.6, 0.3, 0.45, 0.6, 0.65, 0.35, 0.45, 0.6, 0.35, 0.4, 0.45, 0.6, 0.35, 0.7, 0.35, 0.65, 0.6, 0.8, 0.7, 0.75, 0.7, 0.8, 0.7, 0.8, 0.75, 0.75, 0.7, 0.75, 0.75, 0.7, 0.7, 0.75, 0.75, 0.7, 0.7, 0.75, 0.7, 0.7, 0.8, 0.7, 0.7, 0.7, 0.75, 0.7, 0.75, 0.7, 0.7, 0.7, 0.6, 0.7, 0.7, 0.7, 0.8, 0.7, 0.7, 0.7, 0.7, 0.7, 0.7, 0.7, 0.7, 0.8, 0.75, 0.7, 0.75, 0.7, 0.75, 0.7, 0.8, 0.7, 0.75, 0.7, 0.7, 0.7, 0.7, 0.75, 0.7]",180,0.648,0.14000952348560677,7.440665681694562,4.10533056408619
to a certain degree,"[0.7, 0.6, 0.8, 0.68, 0.55, 0.5, 0.76, 0.58, 0.6, 0.3, 0.4, 0.55, 0.7, 0.66, 0.6, 0.6, 0.62, 0.73, 0.87, 0.58, 0.44, 0.65, 0.22, 0.75, 0.3, 0.86, 0.47, 0.3, 0.68, 0.58, 0.75, 0.68, 0.6, 0.5, 0.43, 0.58, 0.3, 0.6, 0.54, 0.8, 0.3, 0.67, 0.35, 0.27, 0.6, 0.68, 0.47, 0.4, 0.67, 0.6, 0.6, 0.55, 0.78, 0.75, 0.4, 0.6, 0.68, 0.6, 0.4, 0.5, 0.4, 0.6, 0.4, 0.5, 0.4, 0.3, 0.4, 0.5, 0.4, 0.6, 0.4, 0.6, 0.2, 0.6, 0.25, 0.3, 0.6, 0.6, 0.4, 0.4, 0.6, 0.6, 0.3, 0.3, 0.4, 0.4, 0.6, 0.4, 0.3, 0.2, 0.6, 0.3, 0.2, 0.4, 0.4, 0.3, 0.6, 0.3, 0.4, 0.3, 0.6, 0.4, 0.25, 0.6, 0.4, 0.6, 0.5, 0.6, 0.6, 0.6, 0.6, 0.3, 0.4, 0.4, 0.3, 0.3, 0.3, 0.4, 0.6, 0.6, 0.7, 0.75, 0.7, 0.75, 0.7, 0.7, 0.8, 0.7, 0.6, 0.8, 0.75, 0.8, 0.75, 0.7, 0.7, 0.75, 0.6, 0.7, 0.75, 0.6, 0.7, 0.7, 0.75, 0.8, 0.7, 0.7, 0.8, 0.8, 0.7, 0.7, 0.7, 0.7, 0.7, 0.8, 0.75, 0.7, 0.6, 0.7, 0.7, 0.8, 0.75, 0.7, 0.75, 0.75, 0.8, 0.75, 0.7, 0.8, 0.6, 0.7, 0.7, 0.6, 0.7, 0.6, 0.7, 0.75, 0.7, 0.75, 0.7, 0.7]",180,0.5743333333333334,0.16765407507391192,4.733730530220366,3.551749492668939
to a degree,"[0.68, 0.4, 0.35, 0.5, 0.4, 0.47, 0.58, 0.6, 0.67, 0.3, 0.4, 0.37, 0.5, 0.73, 0.58, 0.5, 0.73, 0.69, 0.68, 0.6, 0.5, 0.48, 0.75, 0.68, 0.4, 0.65, 0.27, 0.58, 0.61, 0.25, 0.43, 0.55, 0.3, 0.35, 0.5, 0.6, 0.67, 0.68, 0.42, 0.3, 0.4, 0.64, 0.49, 0.54, 0.68, 0.67, 0.4, 0.6, 0.45, 0.6, 0.6, 0.35, 0.61, 0.58, 0.65, 0.37, 0.68, 0.6, 0.44, 0.47, 0.6, 0.4, 0.5, 0.3, 0.5, 0.6, 0.7, 0.3, 0.5, 0.7, 0.6, 0.6, 0.4, 0.6, 0.6, 0.85, 0.6, 0.6, 0.6, 0.6, 0.7, 0.5, 0.6, 0.65, 0.3, 0.3, 0.6, 0.6, 0.3, 0.3, 0.6, 0.3, 0.35, 0.45, 0.4, 0.3, 0.4, 0.45, 0.6, 0.3, 0.3, 0.5, 0.65, 0.4, 0.3, 0.7, 0.35, 0.3, 0.3, 0.75, 0.4, 0.3, 0.3, 0.4, 0.5, 0.3, 0.6, 0.5, 0.6, 0.3, 0.6, 0.7, 0.7, 0.7, 0.6, 0.7, 0.7, 0.75, 0.6, 0.6, 0.6, 0.6, 0.6, 0.7, 0.7, 0.7, 0.75, 0.62, 0.8, 0.7, 0.7, 0.6, 0.6, 0.7, 0.6, 0.7, 0.6, 0.6, 0.6, 0.7, 0.7, 0.4, 0.6, 0.7, 0.6, 0.6, 0.6, 0.6, 0.6, 0.75, 0.6, 0.6, 0.75, 0.7, 0.6, 0.6, 0.6, 0.45, 0.6, 0.6, 0.7, 0.7, 0.6, 0.6, 0.65, 0.6, 0.4, 0.6, 0.7, 0.6]",180,0.548,0.13954449708486058,6.695856373711983,5.56003684423893
to all appearances,"[0.75, 0.67, 0.58, 0.8, 0.8, 0.58, 0.81, 0.76, 0.82, 0.75, 0.77, 0.6, 0.8, 0.71, 0.86, 0.48, 0.63, 0.72, 0.85, 0.81, 0.6, 0.69, 0.73, 0.67, 0.75, 0.83, 0.6, 0.8, 0.8, 0.84, 0.75, 0.85, 0.87, 0.62, 0.78, 0.65, 0.64, 0.68, 0.85, 0.68, 0.85, 0.8, 0.82, 0.55, 0.68, 0.85, 0.7, 0.85, 0.7, 0.22, 0.87, 0.86, 0.58, 0.82, 0.78, 0.6, 0.85, 0.83, 0.75, 0.6, 0.75, 0.75, 0.75, 0.75, 0.7, 0.85, 0.75, 0.65, 0.75, 0.6, 0.85, 0.75, 0.75, 0.7, 0.25, 0.85, 0.85, 0.75, 0.75, 0.6, 0.75, 0.7, 0.7, 0.85, 0.75, 0.75, 0.75, 0.85, 0.85, 0.7, 0.75, 0.85, 0.7, 0.85, 0.75, 0.85, 0.7, 0.85, 0.6, 0.75, 0.85, 0.85, 0.75, 0.7, 0.6, 0.75, 0.6, 0.75, 0.65, 0.75, 0.75, 0.75, 0.75, 0.7, 0.7, 0.4, 0.7, 0.75, 0.75, 0.85, 0.85, 0.8, 0.8, 0.8, 0.8, 0.8, 0.8, 0.8, 0.8, 0.75, 0.85, 0.85, 0.85, 0.8, 0.8, 0.8, 0.8, 0.8, 0.8, 0.8, 0.8, 0.8, 0.7, 0.75, 0.8, 0.8, 0.8, 0.8, 0.8, 0.8, 0.8, 0.8, 0.8, 0.7, 0.9, 0.85, 0.8, 0.8, 0.85, 0.8, 0.9, 0.85, 0.8, 0.8, 0.8, 0.75, 0.8, 0.8, 0.8, 0.8, 0.85, 0.75, 0.8, 0.8, 0.8, 0.7, 0.8, 0.8, 0.8, 0.7]",180,0.7546666666666667,0.09936129360403209,15.416749958450119,5.0897486787665365
to some extent,"[0.5, 0.68, 0.56, 0.75, 0.43, 0.5, 0.65, 0.75, 0.68, 0.6, 0.35, 0.3, 0.4, 0.55, 0.6, 0.58, 0.68, 0.6, 0.4, 0.66, 0.68, 0.43, 0.65, 0.75, 0.73, 0.41, 0.43, 0.76, 0.35, 0.35, 0.23, 0.46, 0.76, 0.47, 0.73, 0.35, 0.68, 0.3, 0.42, 0.58, 0.31, 0.28, 0.5, 0.68, 0.47, 0.63, 0.3, 0.42, 0.6, 0.4, 0.22, 0.45, 0.7, 0.73, 0.5, 0.43, 0.3, 0.35, 0.4, 0.58, 0.4, 0.3, 0.3, 0.4, 0.3, 0.5, 0.25, 0.5, 0.4, 0.2, 0.5, 0.3, 0.7, 0.3, 0.6, 0.4, 0.4, 0.6, 0.4, 0.3, 0.3, 0.5, 0.3, 0.5, 0.6, 0.25, 0.3, 0.5, 0.6, 0.3, 0.4, 0.4, 0.4, 0.3, 0.7, 0.6, 0.3, 0.4, 0.3, 0.3, 0.3, 0.3, 0.6, 0.6, 0.3, 0.6, 0.3, 0.4, 0.3, 0.3, 0.3, 0.3, 0.2, 0.3, 0.4, 0.6, 0.3, 0.6, 0.6, 0.6, 0.6, 0.75, 0.7, 0.7, 0.7, 0.6, 0.7, 0.75, 0.7, 0.6, 0.7, 0.8, 0.75, 0.6, 0.7, 0.75, 0.7, 0.7, 0.6, 0.7, 0.7, 0.75, 0.6, 0.7, 0.7, 0.6, 0.75, 0.6, 0.7, 0.6, 0.7, 0.75, 0.6, 0.7, 0.6, 0.6, 0.6, 0.6, 0.7, 0.6, 0.6, 0.7, 0.6, 0.6, 0.7, 0.7, 0.5, 0.75, 0.6, 0.7, 0.7, 0.7, 0.8, 0.6, 0.6, 0.6, 0.6, 0.7, 0.7, 0.7]",180,0.5310555555555556,0.1637189231654946,4.715257985480669,4.19340666236381
typically,"[0.55, 0.6, 0.75, 0.58, 0.8, 0.4, 0.52, 0.48, 0.68, 0.83, 0.46, 0.86, 0.78, 0.3, 0.6, 0.85, 0.8, 0.71, 0.23, 0.23, 0.73, 0.78, 0.6, 0.6, 0.6, 0.85, 0.38, 0.55, 0.4, 0.55, 0.73, 0.81, 0.6, 0.65, 0.55, 0.85, 0.68, 0.7, 0.85, 0.85, 0.48, 0.73, 0.7, 0.58, 0.67, 0.58, 0.65, 0.8, 0.68, 0.85, 0.6, 0.7, 0.58, 0.6, 0.75, 0.31, 0.38, 0.87, 0.86, 0.7, 0.85, 0.85, 0.75, 0.7, 0.75, 0.85, 0.4, 0.85, 0.9, 0.85, 0.85, 0.85, 0.85, 0.85, 0.75, 0.85, 0.75, 0.85, 0.85, 0.85, 0.7, 0.85, 0.7, 0.75, 0.65, 0.85, 0.7, 0.7, 0.6, 0.85, 0.8, 0.85, 0.7, 0.75, 0.85, 0.85, 0.85, 0.85, 0.75, 0.85, 0.6, 0.75, 0.4, 0.85, 0.85, 0.6, 0.85, 0.75, 0.7, 0.7, 0.85, 0.85, 0.75, 0.65, 0.85, 0.85, 0.85, 0.85, 0.7, 0.85, 0.9, 0.85, 0.7, 0.8, 0.85, 0.7, 0.7, 0.8, 0.8, 0.9, 0.9, 0.8, 0.8, 0.9, 0.7, 0.8, 0.85, 0.7, 0.8, 0.8, 0.6, 0.85, 0.8, 0.85, 0.8, 0.9, 0.9, 0.6, 0.85, 0.8, 0.8, 0.6, 0.85, 0.8, 0.75, 0.8, 0.8, 0.8, 0.8, 0.9, 0.85, 0.85, 0.85, 0.85, 0.9, 0.8, 0.8, 0.7, 0.8, 0.7, 0.85, 0.9, 0.85, 0.8, 0.8, 0.85, 0.7, 0.6, 0.7, 0.7]",180,0.7374444444444445,0.14043631305574553,7.683409681133099,2.801128591385256
unconditionally,"[0.9, 0.8, 0.98, 1.0, 0.85, 0.9, 1.0, 0.9, 1.0, 0.95, 1.0, 0.7, 1.0, 0.99, 1.0, 0.95, 0.98, 0.8, 0.95, 0.8, 0.5, 0.9, 0.8, 0.9, 1.0, 0.9, 0.95, 0.8, 0.8, 1.0, 0.95, 1.0, 0.8, 0.8, 0.99, 0.8, 0.8, 1.0, 0.8, 0.95, 0.9, 0.6, 0.9, 0.8, 0.9, 0.8, 1.0, 0.97, 0.05, 0.05, 0.8, 0.95, 0.95, 0.9, 1.0, 0.9, 0.9, 0.8, 1.0, 0.8, 0.95, 0.85, 0.85, 0.95, 0.95, 0.9, 0.9, 1.0, 0.85, 0.95, 0.95, 0.95, 0.95, 0.95, 0.95, 0.9, 0.85, 0.95, 0.95, 0.9, 0.9, 0.95, 0.9, 0.95, 0.85, 0.95, 1.0, 0.85, 0.95, 0.95, 0.75, 0.95, 0.95, 0.95, 0.95, 0.85, 0.85, 0.95, 0.95, 0.95, 0.95, 0.95, 0.95, 1.0, 0.95, 0.95, 0.75, 0.9, 0.95, 0.95, 0.9, 0.95, 0.95, 0.95, 0.95, 0.9, 0.95, 0.85, 0.95, 1.0, 0.95, 0.95, 1.0, 0.95, 0.95, 0.95, 0.95, 0.95, 0.95, 0.95, 0.85, 1.0, 1.0, 0.95, 0.95, 1.0, 1.0, 1.0, 0.95, 1.0, 0.95, 0.95, 0.95, 1.0, 1.0, 1.0, 0.95, 1.0, 0.95, 0.95, 0.95, 0.95, 0.95, 0.95, 0.95, 0.95, 0.95, 0.95, 0.95, 0.95, 0.95, 0.95, 1.0, 0.95, 0.95, 0.95, 0.95, 0.95, 1.0, 0.95, 0.95, 1.0, 1.0, 1.0, 0.95, 1.0, 1.0, 0.99, 0.85, 0.95]",180,0.9169444444444443,0.11827039275519945,2.781222849367089,0.2751322554220805
under certain assumptions,"[0.75, 0.4, 0.65, 0.68, 0.55, 0.76, 0.75, 0.76, 0.6, 0.73, 0.6, 0.76, 0.6, 0.5, 0.55, 0.78, 0.7, 0.75, 0.85, 0.73, 0.45, 0.75, 0.4, 0.8, 0.6, 0.68, 0.75, 0.76, 0.82, 0.49, 0.69, 0.78, 0.85, 0.77, 0.64, 0.61, 0.78, 0.78, 0.5, 0.52, 0.7, 0.68, 0.73, 0.74, 0.63, 0.83, 0.6, 0.28, 0.78, 0.75, 0.7, 0.85, 0.44, 0.76, 0.66, 0.68, 0.86, 0.7, 0.2, 0.6, 0.7, 0.7, 0.85, 0.7, 0.7, 0.7, 0.7, 0.75, 0.7, 0.7, 0.75, 0.7, 0.6, 0.7, 0.85, 0.7, 0.7, 0.85, 0.7, 0.6, 0.7, 0.7, 0.7, 0.85, 0.75, 0.7, 0.75, 0.75, 0.7, 0.85, 0.7, 0.75, 0.7, 0.7, 0.85, 0.6, 0.7, 0.75, 0.7, 0.85, 0.25, 0.7, 0.75, 0.6, 0.7, 0.7, 0.6, 0.7, 0.75, 0.7, 0.7, 0.6, 0.6, 0.7, 0.7, 0.7, 0.75, 0.7, 0.7, 0.6, 0.7, 0.6, 0.75, 0.7, 0.7, 0.7, 0.7, 0.8, 0.7, 0.7, 0.75, 0.6, 0.7, 0.75, 0.6, 0.75, 0.7, 0.6, 0.7, 0.7, 0.7, 0.7, 0.7, 0.7, 0.75, 0.6, 0.7, 0.7, 0.75, 0.7, 0.7, 0.7, 0.75, 0.7, 0.7, 0.7, 0.7, 0.7, 0.75, 0.7, 0.7, 0.8, 0.7, 0.7, 0.7, 0.8, 0.7, 0.7, 0.7, 0.6, 0.7, 0.7, 0.7, 0.75, 0.75, 0.7, 0.7, 0.7, 0.6, 0.7]",180,0.6913333333333334,0.10015210654022431,14.733346554535181,6.655688591559452
under certain conditions,"[0.68, 0.85, 0.78, 0.47, 0.72, 0.58, 0.58, 0.56, 0.6, 0.65, 0.73, 0.85, 0.85, 0.45, 0.48, 0.7, 0.68, 0.81, 0.78, 0.44, 0.65, 0.5, 0.75, 0.6, 0.6, 0.6, 0.8, 0.75, 0.85, 0.6, 0.8, 0.58, 0.85, 0.5, 0.78, 0.6, 0.67, 0.73, 0.71, 0.68, 0.78, 0.67, 0.83, 0.78, 0.58, 0.53, 0.75, 0.75, 0.85, 0.85, 0.78, 0.74, 0.68, 0.85, 0.65, 0.58, 0.6, 0.85, 0.62, 0.48, 0.7, 0.7, 0.6, 0.3, 0.6, 0.3, 0.4, 0.7, 0.3, 0.6, 0.6, 0.4, 0.3, 0.3, 0.65, 0.4, 0.3, 0.35, 0.3, 0.2, 0.3, 0.7, 0.5, 0.4, 0.7, 0.3, 0.6, 0.2, 0.5, 0.3, 0.6, 0.7, 0.6, 0.3, 0.6, 0.2, 0.85, 0.6, 0.6, 0.6, 0.6, 0.6, 0.6, 0.75, 0.7, 0.4, 0.5, 0.6, 0.6, 0.5, 0.6, 0.7, 0.4, 0.6, 0.6, 0.75, 0.5, 0.3, 0.7, 0.7, 0.75, 0.7, 0.7, 0.7, 0.6, 0.6, 0.7, 0.7, 0.75, 0.7, 0.7, 0.8, 0.7, 0.7, 0.7, 0.8, 0.75, 0.8, 0.8, 0.7, 0.7, 0.75, 0.7, 0.7, 0.7, 0.75, 0.75, 0.7, 0.75, 0.7, 0.7, 0.6, 0.7, 0.75, 0.7, 0.7, 0.7, 0.7, 0.7, 0.7, 0.8, 0.7, 0.7, 0.7, 0.75, 0.7, 0.7, 0.7, 0.7, 0.7, 0.7, 0.6, 0.75, 0.7, 0.7, 0.7, 0.7, 0.75, 0.7, 0.7]",180,0.6363333333333333,0.14929054446503526,6.396539886292653,3.7294032959908012
under debate,"[0.45, 0.67, 0.86, 0.6, 0.2, 0.65, 0.43, 0.6, 0.49, 0.47, 0.37, 0.75, 0.85, 0.22, 0.65, 0.68, 0.55, 0.26, 0.4, 0.55, 0.6, 0.35, 0.61, 0.45, 0.27, 0.7, 0.2, 0.4, 0.3, 0.45, 0.34, 0.2, 0.5, 0.2, 0.5, 0.2, 0.85, 0.2, 0.28, 0.5, 0.7, 0.56, 0.85, 0.14, 0.5, 0.45, 0.2, 0.26, 0.45, 0.6, 0.2, 0.3, 0.3, 0.43, 0.5, 0.6, 0.6, 0.76, 0.61, 0.6, 0.65, 0.75, 0.7, 0.3, 0.3, 0.3, 0.7, 0.75, 0.45, 0.3, 0.3, 0.3, 0.3, 0.8, 0.6, 0.7, 0.2, 0.6, 0.2, 0.3, 0.15, 0.45, 0.45, 0.45, 0.3, 0.3, 0.3, 0.45, 0.3, 0.7, 0.4, 0.7, 0.3, 0.65, 0.85, 0.65, 0.75, 0.6, 0.15, 0.3, 0.4, 0.2, 0.3, 0.3, 0.2, 0.3, 0.25, 0.4, 0.75, 0.4, 0.7, 0.4, 0.4, 0.5, 0.7, 0.7, 0.3, 0.3, 0.3, 0.3, 0.5, 0.5, 0.5, 0.5, 0.5, 0.7, 0.6, 0.6, 0.5, 0.5, 0.6, 0.5, 0.5, 0.5, 0.6, 0.5, 0.5, 0.5, 0.6, 0.5, 0.5, 0.5, 0.7, 0.5, 0.6, 0.7, 0.5, 0.5, 0.6, 0.6, 0.5, 0.6, 0.5, 0.5, 0.5, 0.6, 0.5, 0.6, 0.5, 0.5, 0.6, 0.5, 0.6, 0.6, 0.5, 0.5, 0.5, 0.6, 0.6, 0.6, 0.6, 0.75, 0.5, 0.6, 0.5, 0.6, 0.5, 0.5, 0.5, 0.7]",180,0.49033333333333334,0.16922667244458442,3.8489508321157264,4.010754415457376
under normal circumstances,"[0.78, 0.6, 0.8, 0.85, 0.68, 0.85, 0.85, 0.6, 0.8, 0.81, 0.85, 0.75, 0.82, 0.85, 0.85, 0.85, 0.63, 0.88, 0.85, 0.75, 0.78, 0.85, 0.65, 0.88, 0.73, 0.68, 0.85, 0.87, 0.85, 0.6, 0.85, 0.6, 0.85, 0.8, 0.85, 0.85, 0.55, 0.95, 0.85, 0.86, 0.7, 0.8, 0.84, 0.75, 0.85, 0.8, 0.85, 0.7, 0.6, 0.73, 0.85, 0.62, 0.78, 0.65, 0.57, 0.85, 0.85, 0.85, 0.85, 0.8, 0.85, 0.75, 0.75, 0.85, 0.85, 0.85, 0.7, 0.85, 0.75, 0.75, 0.75, 0.75, 0.85, 0.85, 0.6, 0.85, 0.75, 0.85, 0.6, 0.75, 0.85, 0.85, 0.85, 0.85, 0.75, 0.75, 0.75, 0.85, 0.85, 0.75, 0.85, 0.75, 0.85, 0.75, 0.85, 0.85, 0.85, 0.85, 0.85, 0.75, 0.75, 0.85, 0.85, 0.85, 0.85, 0.85, 0.85, 0.85, 0.75, 0.75, 0.7, 0.6, 0.75, 0.7, 0.85, 0.7, 0.6, 0.75, 0.85, 0.85, 0.8, 0.85, 0.8, 0.9, 0.8, 0.8, 0.85, 0.85, 0.85, 0.8, 0.8, 0.9, 0.8, 0.85, 0.9, 0.85, 0.75, 0.85, 0.8, 0.8, 0.9, 0.85, 0.9, 0.9, 0.85, 0.85, 0.85, 0.8, 0.8, 0.95, 0.9, 0.8, 0.95, 0.85, 0.85, 0.8, 0.8, 0.85, 0.8, 0.85, 0.85, 0.8, 0.85, 0.8, 0.85, 0.85, 0.85, 0.8, 0.85, 0.8, 0.75, 0.9, 0.8, 0.85, 0.85, 0.85, 0.9, 0.9, 0.8, 0.8]",180,0.8029999999999999,0.07925976981490111,21.936113587029148,5.403888288699228
under optimal conditions,"[0.26, 0.45, 0.45, 0.6, 0.78, 0.67, 0.83, 0.75, 0.76, 0.6, 0.4, 0.6, 0.6, 0.7, 0.58, 0.5, 0.55, 0.6, 0.81, 0.25, 0.74, 0.85, 0.8, 0.65, 0.6, 0.6, 0.59, 0.73, 0.85, 0.52, 0.65, 0.7, 0.84, 0.85, 0.6, 0.87, 0.76, 0.85, 0.5, 0.76, 0.6, 0.4, 0.85, 0.78, 0.8, 0.6, 0.6, 0.85, 0.5, 0.76, 0.78, 0.8, 0.86, 0.6, 0.6, 0.78, 0.55, 0.68, 0.68, 0.75, 0.75, 0.7, 0.75, 0.7, 0.7, 0.75, 0.6, 0.85, 0.85, 0.7, 0.85, 0.7, 0.85, 0.85, 0.85, 0.6, 0.75, 0.7, 0.7, 0.75, 0.6, 0.6, 0.7, 0.75, 0.6, 0.7, 0.75, 0.6, 0.6, 0.75, 0.75, 0.75, 0.6, 0.85, 0.85, 0.7, 0.7, 0.75, 0.7, 0.75, 0.75, 0.85, 0.7, 0.7, 0.6, 0.7, 0.75, 0.6, 0.7, 0.65, 0.6, 0.5, 0.7, 0.7, 0.7, 0.7, 0.85, 0.5, 0.65, 0.6, 0.9, 0.85, 0.85, 0.85, 0.8, 0.85, 0.85, 0.85, 0.8, 0.85, 0.8, 0.9, 0.85, 0.8, 0.8, 0.8, 0.8, 0.85, 0.85, 0.7, 0.8, 0.85, 0.9, 0.85, 0.8, 0.8, 0.75, 0.85, 0.85, 0.9, 0.8, 0.8, 0.8, 0.85, 0.75, 0.85, 0.85, 0.85, 0.75, 0.85, 0.75, 0.85, 0.85, 0.8, 0.8, 0.85, 0.7, 0.75, 0.85, 0.7, 0.8, 0.8, 0.8, 0.8, 0.85, 0.8, 0.8, 0.8, 0.85, 0.8]",180,0.7303888888888889,0.12113061769515533,10.136966542458454,3.7877803491781843
under some circumstances,"[0.7, 0.85, 0.71, 0.78, 0.54, 0.61, 0.58, 0.83, 0.55, 0.51, 0.78, 0.43, 0.77, 0.58, 0.85, 0.6, 0.65, 0.58, 0.85, 0.68, 0.6, 0.58, 0.8, 0.82, 0.61, 0.6, 0.7, 0.7, 0.65, 0.66, 0.65, 0.85, 0.55, 0.6, 0.73, 0.55, 0.4, 0.65, 0.49, 0.73, 0.6, 0.7, 0.67, 0.85, 0.65, 0.7, 0.6, 0.78, 0.63, 0.78, 0.68, 0.58, 0.68, 0.85, 0.68, 0.68, 0.78, 0.75, 0.65, 0.72, 0.6, 0.3, 0.4, 0.3, 0.3, 0.4, 0.7, 0.4, 0.6, 0.3, 0.3, 0.6, 0.6, 0.7, 0.4, 0.3, 0.6, 0.6, 0.5, 0.3, 0.4, 0.7, 0.4, 0.5, 0.4, 0.35, 0.6, 0.4, 0.7, 0.4, 0.6, 0.4, 0.7, 0.7, 0.3, 0.5, 0.6, 0.3, 0.3, 0.6, 0.5, 0.4, 0.4, 0.4, 0.5, 0.6, 0.6, 0.4, 0.6, 0.3, 0.4, 0.3, 0.6, 0.7, 0.3, 0.3, 0.7, 0.7, 0.6, 0.6, 0.7, 0.75, 0.8, 0.8, 0.8, 0.7, 0.8, 0.75, 0.8, 0.8, 0.75, 0.75, 0.7, 0.7, 0.7, 0.7, 0.7, 0.7, 0.6, 0.7, 0.7, 0.75, 0.7, 0.8, 0.8, 0.8, 0.7, 0.7, 0.7, 0.7, 0.7, 0.7, 0.75, 0.7, 0.8, 0.7, 0.7, 0.7, 0.75, 0.6, 0.7, 0.75, 0.7, 0.75, 0.7, 0.7, 0.7, 0.7, 0.8, 0.7, 0.7, 0.75, 0.8, 0.75, 0.8, 0.75, 0.7, 0.8, 0.85, 0.85]",180,0.6300555555555556,0.15190822237354817,6.233260443629798,3.7113127151559313
undoubtedly,"[0.6, 0.75, 0.75, 0.8, 0.8, 0.96, 0.8, 0.8, 0.8, 0.9, 0.9, 0.6, 0.8, 0.95, 0.9, 0.8, 0.9, 0.7, 0.8, 1.0, 0.95, 0.95, 0.8, 0.9, 0.8, 0.98, 0.9, 0.9, 0.9, 1.0, 0.8, 0.98, 0.9, 0.8, 0.95, 0.95, 0.8, 1.0, 0.95, 0.9, 0.95, 0.9, 0.95, 0.9, 0.8, 0.9, 0.9, 0.95, 0.95, 0.8, 0.8, 0.8, 0.85, 0.8, 0.8, 0.95, 0.9, 0.9, 0.8, 0.95, 0.9, 0.95, 0.9, 0.95, 0.9, 0.9, 0.9, 0.9, 0.9, 0.95, 0.9, 0.9, 0.9, 0.95, 0.95, 0.95, 0.95, 0.9, 0.9, 0.95, 0.9, 0.95, 0.95, 0.95, 0.95, 0.9, 0.85, 0.95, 0.95, 0.95, 0.95, 0.85, 0.9, 0.9, 0.85, 0.95, 0.95, 0.95, 0.9, 0.95, 0.85, 0.95, 0.9, 0.9, 0.95, 0.95, 0.95, 0.95, 0.95, 0.95, 0.9, 0.9, 0.95, 0.9, 0.85, 0.95, 0.95, 0.95, 0.9, 0.85, 0.85, 0.95, 1.0, 1.0, 0.98, 0.95, 0.95, 0.95, 1.0, 0.95, 1.0, 0.95, 1.0, 1.0, 1.0, 1.0, 1.0, 1.0, 0.95, 0.95, 0.95, 0.98, 0.95, 1.0, 0.95, 1.0, 0.95, 1.0, 1.0, 1.0, 1.0, 1.0, 1.0, 1.0, 1.0, 1.0, 1.0, 1.0, 1.0, 1.0, 1.0, 1.0, 1.0, 0.95, 1.0, 1.0, 1.0, 1.0, 1.0, 1.0, 0.95, 0.95, 0.95, 1.0, 1.0, 0.95, 1.0, 1.0, 0.95, 1.0]",180,0.9229444444444445,0.07423459228256071,3.5421205826885576,0.26801495807709513
unequivocally,"[0.67, 0.8, 0.85, 0.88, 0.96, 0.98, 1.0, 0.9, 1.0, 0.98, 1.0, 1.0, 0.98, 0.95, 0.8, 0.8, 0.8, 1.0, 0.85, 0.95, 1.0, 1.0, 0.98, 1.0, 1.0, 0.9, 0.95, 0.99, 1.0, 1.0, 0.95, 0.98, 1.0, 0.98, 1.0, 1.0, 1.0, 0.8, 1.0, 0.95, 0.9, 0.9, 1.0, 1.0, 0.8, 0.6, 1.0, 0.8, 1.0, 1.0, 0.9, 0.8, 1.0, 0.6, 0.98, 0.8, 0.98, 0.99, 0.99, 0.8, 0.95, 0.95, 0.95, 0.95, 0.95, 0.95, 0.95, 0.95, 1.0, 0.95, 0.95, 0.95, 0.95, 0.95, 0.95, 1.0, 1.0, 1.0, 1.0, 1.0, 1.0, 1.0, 1.0, 1.0, 1.0, 1.0, 1.0, 1.0, 1.0, 1.0, 1.0, 1.0, 1.0, 1.0, 0.95, 0.95, 1.0, 1.0, 1.0, 0.95, 0.95, 0.95, 1.0, 0.95, 0.95, 0.95, 0.95, 0.95, 1.0, 1.0, 1.0, 1.0, 1.0, 0.95, 1.0, 1.0, 1.0, 0.95, 0.95, 0.95, 1.0, 1.0, 1.0, 0.98, 0.95, 0.98, 1.0, 0.95, 0.95, 0.98, 0.95, 0.95, 0.98, 0.95, 1.0, 1.0, 1.0, 0.95, 0.95, 0.98, 1.0, 0.95, 0.95, 1.0, 1.0, 1.0, 1.0, 1.0, 1.0, 1.0, 1.0, 1.0, 0.98, 1.0, 1.0, 1.0, 1.0, 0.98, 1.0, 0.95, 1.0, 1.0, 1.0, 1.0, 1.0, 0.9, 0.95, 1.0, 1.0, 0.98, 1.0, 1.0, 1.0, 1.0, 1.0, 1.0, 1.0, 1.0, 1.0, 0.97]",180,0.9621111111111111,0.06714816857673689,3.919587630069833,0.14592063937035624
unquestionably,"[0.8, 0.8, 1.0, 0.95, 0.95, 1.0, 0.85, 0.95, 0.97, 0.95, 0.95, 0.66, 0.83, 0.95, 0.7, 0.9, 0.8, 0.92, 0.8, 0.95, 0.9, 0.92, 0.98, 0.9, 0.95, 0.85, 0.95, 0.97, 0.92, 0.95, 0.98, 1.0, 0.95, 0.98, 0.99, 1.0, 0.9, 0.6, 0.9, 0.95, 0.85, 0.7, 0.95, 0.8, 0.87, 1.0, 0.8, 0.99, 0.76, 0.8, 0.06, 0.78, 0.8, 0.7, 0.95, 0.8, 0.8, 0.95, 0.9, 0.9, 0.95, 0.95, 0.95, 0.95, 0.95, 0.95, 0.95, 0.95, 0.95, 0.95, 0.95, 0.95, 0.95, 0.95, 0.95, 0.95, 0.95, 0.95, 0.95, 0.95, 0.95, 0.95, 0.95, 0.95, 0.95, 0.95, 0.95, 0.95, 0.95, 0.95, 0.95, 0.95, 0.95, 0.95, 0.95, 0.95, 0.95, 0.95, 0.95, 0.95, 0.95, 0.95, 0.95, 0.95, 0.95, 0.95, 0.95, 0.95, 0.9, 0.95, 0.95, 0.95, 0.95, 0.95, 0.95, 0.95, 0.95, 0.95, 0.95, 0.9, 0.95, 0.98, 1.0, 1.0, 1.0, 0.95, 1.0, 1.0, 1.0, 1.0, 1.0, 0.95, 1.0, 1.0, 1.0, 0.98, 1.0, 0.95, 1.0, 1.0, 1.0, 0.95, 1.0, 0.95, 1.0, 1.0, 0.95, 1.0, 0.98, 0.95, 1.0, 0.95, 1.0, 0.95, 0.97, 1.0, 0.95, 1.0, 1.0, 1.0, 0.95, 1.0, 0.95, 0.95, 0.95, 0.98, 0.98, 1.0, 0.95, 0.95, 0.95, 0.98, 0.95, 0.95, 1.0, 0.98, 0.98, 0.95, 0.98, 0.98]",180,0.9333333333333333,0.09430447143870398,3.985001334370594,0.29997891571621504
unresolved,"[0.7, 0.2, 0.3, 0.8, 0.55, 0.5, 0.22, 0.5, 0.2, 0.2, 0.6, 0.14, 0.35, 0.3, 0.5, 0.05, 0.5, 0.5, 0.22, 0.25, 0.49, 0.27, 0.95, 0.14, 0.5, 0.38, 0.6, 0.43, 0.6, 0.5, 0.4, 0.45, 0.2, 0.6, 0.5, 0.44, 0.7, 0.75, 0.58, 0.5, 0.5, 0.98, 0.94, 0.5, 0.85, 0.5, 0.45, 0.05, 0.42, 0.47, 0.69, 0.65, 0.5, 0.31, 0.63, 0.5, 0.75, 0.8, 0.95, 0.22, 0.6, 0.85, 0.85, 0.7, 0.7, 0.7, 0.85, 0.6, 0.5, 0.7, 0.6, 0.85, 0.7, 0.75, 0.85, 0.75, 0.3, 0.15, 0.15, 0.5, 0.1, 0.3, 0.7, 0.3, 0.85, 0.6, 0.85, 0.65, 0.75, 0.6, 0.35, 0.25, 0.75, 0.6, 0.4, 0.6, 0.5, 0.65, 0.65, 0.3, 0.6, 0.7, 0.7, 0.7, 0.6, 0.6, 0.7, 0.3, 0.4, 0.4, 0.75, 0.7, 0.7, 0.6, 0.85, 0.6, 0.75, 0.3, 0.4, 0.3, 0.5, 0.5, 0.5, 0.5, 0.75, 0.7, 0.7, 0.7, 0.75, 0.6, 0.7, 0.4, 0.7, 0.6, 0.7, 0.5, 0.3, 0.4, 0.5, 0.5, 0.2, 0.6, 0.5, 0.5, 0.5, 0.2, 0.5, 0.5, 0.5, 0.5, 0.5, 0.6, 0.5, 0.5, 0.5, 0.7, 0.5, 0.5, 0.5, 0.6, 0.5, 0.6, 0.5, 0.6, 0.6, 0.7, 0.7, 0.75, 0.6, 0.6, 0.5]",171,0.5398830409356725,0.19447932677485155,2.793898819589487,2.400180342882994
upwards of,"[0.8, 0.75, 0.65, 0.72, 0.6, 0.7, 0.8, 0.6, 0.8, 0.4, 0.6, 0.65, 0.85, 0.6, 0.8, 0.75, 0.75, 0.65, 0.6, 0.87, 0.76, 0.26, 0.76, 0.2, 0.2, 0.49, 0.35, 0.25, 0.55, 0.4, 0.7, 0.7, 0.75, 0.7, 0.85, 0.52, 0.6, 0.6, 0.91, 0.85, 0.8, 0.48, 0.86, 0.85, 0.8, 0.6, 0.75, 0.45, 0.7, 0.5, 0.2, 0.78, 0.7, 0.5, 0.7, 0.2, 0.7, 0.69, 0.87, 0.66, 0.75, 0.85, 0.7, 0.7, 0.3, 0.35, 0.7, 0.4, 0.85, 0.75, 0.2, 0.75, 0.75, 0.65, 0.75, 0.85, 0.75, 0.75, 0.85, 0.75, 0.2, 0.6, 0.1, 0.7, 0.1, 0.1, 0.3, 0.1, 0.5, 0.6, 0.03, 0.75, 0.75, 0.65, 0.5, 0.2, 0.75, 0.7, 0.75, 0.75, 0.75, 0.75, 0.6, 0.5, 0.6, 0.4, 0.7, 0.65, 0.85, 0.75, 0.85, 0.75, 0.85, 0.85, 0.1, 0.7, 0.1, 0.6, 0.75, 0.7, 0.8, 0.85, 0.85, 0.85, 0.9, 0.8, 0.85, 0.85, 0.9, 0.9, 0.75, 0.95, 0.85, 0.85, 0.8, 0.8, 0.8, 0.8, 0.9, 0.8, 0.9, 0.7, 0.7, 0.7, 0.6, 0.75, 0.5, 0.6, 0.6, 0.6, 0.8, 0.85, 0.9, 0.8, 0.9, 0.85, 0.85, 0.85, 0.9, 0.85, 0.7, 0.7, 0.85, 0.85, 0.85, 0.8, 0.65, 0.8, 0.8, 0.8, 0.8, 0.8, 0.9, 0.8, 0.8, 0.75, 0.7, 0.85, 0.8, 0.85]",180,0.6742222222222222,0.20710962088162008,3.0055350013848976,1.5888804879307878
usually,"[0.6, 0.85, 0.7, 0.6, 0.85, 0.6, 0.8, 0.95, 0.85, 0.8, 0.8, 0.85, 0.8, 0.7, 0.88, 0.8, 0.85, 0.75, 0.72, 0.8, 0.65, 0.8, 0.75, 0.8, 0.9, 0.8, 0.8, 0.75, 0.8, 0.85, 0.78, 0.8, 0.8, 0.95, 0.8, 0.8, 0.85, 0.6, 0.85, 0.6, 0.85, 0.85, 0.95, 0.9, 0.8, 0.8, 0.8, 0.95, 0.8, 0.95, 0.85, 0.85, 0.7, 0.8, 0.82, 0.8, 0.75, 0.85, 0.85, 0.6, 0.85, 0.85, 0.85, 0.85, 0.85, 0.7, 0.85, 0.85, 0.85, 0.85, 0.9, 0.85, 0.85, 0.85, 0.85, 0.85, 0.85, 0.85, 0.9, 0.85, 0.85, 0.85, 0.85, 0.85, 0.9, 0.85, 0.85, 0.9, 0.9, 0.85, 0.85, 0.85, 0.85, 0.9, 0.85, 0.85, 0.85, 0.85, 0.85, 0.85, 0.9, 0.6, 0.85, 0.9, 0.85, 0.85, 0.85, 0.85, 0.85, 0.85, 0.85, 0.85, 0.85, 0.85, 0.85, 0.85, 0.85, 0.85, 0.85, 0.85, 0.8, 0.9, 0.85, 0.85, 0.8, 0.7, 0.9, 0.9, 0.85, 0.8, 0.9, 0.8, 0.8, 0.85, 0.8, 0.8, 0.8, 0.8, 0.7, 0.85, 0.8, 0.85, 0.85, 0.85, 0.85, 0.85, 0.85, 0.85, 0.8, 0.75, 0.8, 0.85, 0.85, 0.9, 0.8, 0.75, 0.8, 0.8, 0.85, 0.85, 0.8, 0.85, 0.8, 0.8, 0.9, 0.85, 0.8, 0.85, 0.75, 0.85, 0.85, 0.85, 0.85, 0.75, 0.8, 0.85, 0.8, 0.85, 0.8, 0.8]",180,0.8236111111111111,0.06628024583278432,29.52435347703793,6.343246359026314
very likely,"[0.86, 0.68, 0.6, 0.85, 0.52, 0.85, 0.86, 0.85, 0.7, 0.75, 0.68, 0.85, 0.8, 0.8, 0.76, 0.78, 0.85, 0.88, 0.87, 0.63, 0.58, 0.7, 0.75, 0.85, 0.68, 0.72, 0.75, 0.78, 0.83, 0.72, 0.76, 0.6, 0.78, 0.78, 0.85, 0.87, 0.73, 0.6, 0.67, 0.6, 0.6, 0.85, 0.73, 0.65, 0.85, 0.7, 0.7, 0.85, 0.85, 0.87, 0.7, 0.67, 0.65, 0.4, 0.62, 0.5, 0.6, 0.85, 0.85, 0.75, 0.35, 0.75, 0.75, 0.6, 0.5, 0.6, 0.85, 0.75, 0.85, 0.85, 0.75, 0.85, 0.85, 0.75, 0.85, 0.85, 0.75, 0.85, 0.6, 0.75, 0.7, 0.6, 0.75, 0.7, 0.7, 0.65, 0.7, 0.7, 0.75, 0.7, 0.7, 0.6, 0.6, 0.75, 0.7, 0.85, 0.6, 0.7, 0.65, 0.75, 0.7, 0.6, 0.75, 0.6, 0.5, 0.7, 0.6, 0.6, 0.75, 0.7, 0.75, 0.75, 0.6, 0.6, 0.7, 0.85, 0.7, 0.85, 0.85, 0.85, 0.75, 0.8, 0.7, 0.8, 0.7, 0.65, 0.95, 0.9, 0.95, 0.95, 0.95, 0.85, 0.95, 0.95, 0.95, 0.95, 0.95, 0.9, 0.95, 0.95, 0.95, 0.9, 0.95, 0.95, 0.95, 0.95, 0.95, 0.9, 0.9, 0.95, 0.9, 0.95, 0.95, 0.85, 0.95, 0.95, 0.95, 0.95, 0.85, 0.85, 0.95, 0.9, 0.95, 0.95, 0.9, 0.95, 0.95, 0.95, 0.95, 0.95, 0.95, 0.8, 0.8, 0.8, 0.8, 0.8, 0.75, 0.95, 0.95, 0.95]",180,0.7819999999999999,0.12901076613127208,6.993465910331835,1.9394026438781289
virtually,"[0.5, 0.6, 0.75, 0.7, 0.45, 0.7, 0.6, 0.6, 0.35, 0.28, 0.45, 0.55, 0.65, 0.35, 0.3, 0.3, 0.8, 0.85, 0.7, 0.61, 0.4, 0.76, 0.3, 0.6, 0.3, 0.67, 0.73, 0.6, 0.7, 0.78, 0.3, 0.68, 0.7, 0.7, 0.7, 0.6, 0.8, 0.5, 0.7, 0.65, 0.4, 0.6, 0.6, 0.78, 0.7, 0.6, 0.6, 0.6, 0.8, 0.85, 0.85, 0.92, 0.7, 0.6, 0.3, 0.45, 0.41, 0.3, 0.68, 0.3, 0.85, 0.9, 0.9, 0.85, 0.9, 0.9, 0.95, 0.85, 0.95, 0.9, 0.9, 0.75, 0.9, 0.95, 0.75, 0.9, 0.85, 0.85, 0.85, 0.9, 0.9, 0.9, 0.6, 0.85, 0.9, 0.85, 0.5, 0.9, 0.9, 0.95, 0.85, 0.6, 0.9, 0.75, 0.6, 0.75, 0.85, 0.75, 0.75, 0.85, 0.85, 0.7, 0.85, 0.85, 0.9, 0.85, 0.85, 0.85, 0.85, 0.85, 0.85, 0.9, 0.85, 0.85, 0.75, 0.7, 0.1, 0.7, 0.6, 0.2, 0.9, 0.85, 0.9, 0.85, 0.9, 0.9, 0.7, 0.85, 0.9, 0.9, 0.9, 0.9, 0.8, 0.8, 0.8, 0.7, 0.95, 0.9, 0.8, 0.85, 0.9, 0.9, 0.9, 0.85, 0.8, 0.95, 0.85, 0.8, 0.85, 0.85, 0.8, 0.8, 0.7, 0.85, 0.85, 0.7, 0.8, 0.9, 0.8, 0.85, 0.85, 0.9, 0.8, 0.85, 0.8, 0.85, 0.8, 0.7, 0.98, 0.85, 0.9, 0.9, 0.95, 0.9, 0.8, 0.6, 0.7, 0.8, 0.7, 0.6]",180,0.7423888888888889,0.17979112538007014,4.391555601516357,1.5929420631584128
virtually certain,"[0.98, 0.98, 0.9, 0.96, 0.98, 0.98, 0.87, 0.95, 0.96, 0.95, 0.98, 0.98, 0.98, 0.98, 0.98, 0.96, 0.98, 0.98, 0.95, 0.98, 0.95, 0.98, 0.98, 0.95, 0.99, 0.98, 0.87, 0.98, 0.98, 0.98, 0.95, 0.85, 0.95, 0.8, 0.98, 0.98, 0.8, 0.8, 0.98, 0.96, 0.9, 0.98, 0.85, 0.7, 0.85, 0.5, 0.8, 0.99, 0.6, 0.8, 0.8, 0.98, 0.98, 0.98, 0.98, 0.98, 0.98, 0.9, 0.98, 0.98, 0.95, 0.95, 0.95, 0.95, 0.95, 0.95, 0.95, 0.95, 0.95, 0.95, 0.95, 0.95, 0.95, 0.95, 0.95, 0.95, 0.95, 0.95, 0.95, 0.95, 0.95, 0.95, 0.95, 0.95, 0.85, 0.95, 0.95, 0.95, 0.95, 0.95, 0.95, 0.95, 0.95, 0.95, 0.95, 0.85, 0.95, 0.95, 0.85, 0.95, 0.95, 0.95, 0.95, 0.95, 0.95, 0.95, 0.95, 0.95, 0.95, 0.95, 0.95, 0.95, 0.95, 0.95, 0.95, 0.95, 0.95, 0.95, 0.95, 0.95, 0.98, 0.95, 0.98, 0.98, 0.95, 0.98, 0.98, 0.98, 0.98, 0.98, 0.98, 0.95, 0.95, 0.98, 0.98, 0.95, 0.98, 0.98, 0.98, 0.98, 0.98, 0.98, 0.98, 0.97, 0.98, 0.98, 0.98, 0.98, 0.98, 0.98, 0.98, 0.98, 0.98, 0.98, 0.95, 0.95, 0.95, 0.95, 0.97, 0.95, 0.95, 0.95, 0.95, 0.95, 0.95, 0.98, 0.95, 0.95, 0.95, 0.98, 0.98, 0.98, 0.98, 0.98, 0.98, 0.95, 0.95, 0.95, 0.95, 0.95]",180,0.9458333333333333,0.06067101632758612,27.13794079504398,1.598588125208524
well-established,"[0.34, 0.2, 0.19, 0.2, 0.72, 0.55, 0.75, 0.6, 0.32, 0.58, 0.32, 0.68, 0.75, 0.52, 0.53, 0.3, 0.6, 0.23, 0.56, 0.8, 0.71, 0.6, 0.68, 0.6, 0.5, 0.6, 0.55, 0.72, 0.68, 0.68, 0.6, 0.6, 0.46, 0.4, 0.14, 0.5, 0.8, 0.92, 0.8, 0.85, 0.8, 0.87, 0.6, 0.8, 0.5, 0.6, 0.95, 0.55, 0.7, 0.8, 0.98, 0.98, 0.98, 0.52, 0.9, 0.95, 0.9, 0.6, 0.75, 0.48, 0.4, 0.4, 0.7, 0.75, 0.7, 0.6, 0.6, 0.75, 0.3, 0.3, 0.3, 0.7, 0.85, 0.7, 0.7, 0.85, 0.7, 0.85, 0.6, 0.5, 0.75, 0.85, 0.6, 0.7, 0.75, 0.6, 0.5, 0.85, 0.6, 0.85, 0.85, 0.85, 0.6, 0.1, 0.5, 0.75, 0.9, 0.95, 0.9, 0.85, 0.95, 0.9, 0.85, 0.85, 0.85, 0.85, 0.9, 0.85, 0.95, 0.85, 0.95, 0.6, 0.7, 0.85, 0.95, 0.95, 0.9, 0.7, 0.7, 0.3, 0.5, 0.5, 0.4, 0.5, 0.2, 0.6, 0.3, 0.4, 0.5, 0.6, 0.7, 0.6, 0.6, 0.7, 0.7, 0.85, 0.8, 0.8, 0.8, 0.8, 0.85, 0.9, 0.7, 0.6, 0.75, 0.8, 0.9, 0.7, 0.9, 0.8, 0.85, 0.7, 0.7, 0.95, 0.95, 1.0, 0.95, 0.95, 0.95, 0.3, 0.6, 0.6, 0.9, 0.95, 0.8, 0.95, 0.95, 0.95, 0.95, 0.95, 0.95, 0.95, 0.95, 0.95, 0.7, 0.7, 0.6]",177,0.6934463276836158,0.20900082096604355,2.5661422107758494,1.1291278492129264
wholly,"[0.9, 0.8, 0.8, 0.9, 0.95, 0.09, 1.0, 0.95, 0.9, 0.95, 0.9, 0.8, 0.98, 0.5, 0.9, 0.98, 0.6, 0.9, 1.0, 0.95, 0.5, 1.0, 0.96, 0.9, 0.8, 0.9, 0.9, 0.9, 0.6, 1.0, 0.98, 1.0, 1.0, 0.6, 0.8, 0.9, 1.0, 0.7, 1.0, 0.98, 0.8, 1.0, 0.9, 0.9, 1.0, 0.98, 1.0, 0.6, 0.8, 0.95, 0.95, 0.8, 0.95, 0.9, 0.95, 0.7, 1.0, 0.2, 0.5, 0.95, 0.95, 0.95, 0.95, 0.95, 0.95, 0.95, 0.95, 0.95, 0.95, 0.85, 0.95, 0.95, 0.9, 0.95, 0.95, 0.95, 0.95, 0.95, 0.95, 0.95, 0.95, 0.95, 0.85, 0.95, 0.95, 0.95, 0.85, 0.95, 0.95, 0.95, 0.95, 0.9, 0.9, 0.85, 0.95, 0.95, 0.95, 0.85, 0.95, 0.95, 0.95, 0.95, 0.95, 0.95, 0.9, 0.95, 0.95, 0.95, 0.9, 0.9, 0.95, 0.95, 0.85, 0.9, 0.95, 0.95, 0.95, 0.9, 0.9, 0.1, 1.0, 1.0, 1.0, 1.0, 1.0, 1.0, 0.95, 1.0, 1.0, 1.0, 0.95, 1.0, 1.0, 1.0, 1.0, 1.0, 1.0, 1.0, 1.0, 1.0, 1.0, 1.0, 1.0, 1.0, 1.0, 1.0, 1.0, 1.0, 1.0, 1.0, 1.0, 0.98, 1.0, 1.0, 1.0, 1.0, 1.0, 1.0, 1.0, 0.95, 1.0, 1.0, 1.0, 1.0, 1.0, 0.95, 1.0, 1.0, 1.0, 0.95, 0.95, 1.0, 1.0, 1.0, 1.0, 0.95, 1.0, 0.95, 0.9, 0.95]",180,0.9196111111111112,0.14021556376161548,2.0184617816114034,0.18198928787566254
widely confirmed,"[0.95, 0.85, 0.9, 0.85, 0.8, 0.98, 0.98, 0.95, 0.95, 0.7, 0.95, 0.87, 0.95, 0.95, 0.85, 0.92, 1.0, 0.94, 0.85, 0.92, 0.85, 0.72, 0.85, 0.8, 0.85, 0.96, 0.85, 0.8, 0.95, 0.8, 0.8, 0.96, 0.98, 0.9, 0.78, 0.8, 0.95, 0.8, 0.8, 0.57, 0.87, 0.85, 0.8, 0.95, 0.85, 0.7, 0.95, 0.85, 0.95, 0.78, 0.85, 0.8, 0.86, 0.98, 0.94, 0.75, 0.85, 0.85, 0.83, 0.87, 0.9, 0.85, 0.85, 0.95, 0.95, 0.9, 0.95, 0.85, 0.9, 0.9, 0.9, 0.85, 0.9, 0.9, 0.85, 0.95, 0.85, 0.85, 0.85, 0.85, 0.95, 0.95, 0.9, 0.85, 0.95, 0.85, 0.85, 0.9, 0.9, 0.9, 0.95, 0.95, 0.9, 0.95, 0.95, 0.85, 0.75, 0.95, 0.95, 0.85, 0.95, 0.85, 0.85, 0.9, 0.95, 0.85, 0.9, 0.85, 0.85, 0.85, 0.85, 0.9, 0.85, 0.9, 0.85, 0.85, 0.95, 0.95, 0.85, 0.95, 0.95, 0.95, 0.95, 0.95, 0.95, 0.95, 0.95, 0.95, 0.95, 0.95, 0.95, 0.95, 0.95, 0.95, 0.95, 0.98, 0.95, 0.95, 0.85, 0.95, 0.98, 0.95, 0.95, 0.95, 0.95, 0.95, 0.98, 0.95, 0.95, 0.95, 0.95, 0.95, 0.95, 0.95, 0.98, 0.95, 0.95, 0.95, 0.95, 0.95, 0.95, 0.95, 0.95, 0.95, 0.95, 0.95, 0.98, 0.95, 0.95, 0.95, 0.95, 0.95, 0.95, 0.98, 0.95, 0.95, 0.95, 0.95, 0.96, 1.0]",180,0.9036111111111111,0.06669802503230418,14.560069881187768,1.5466671621515773
with some likelihood,"[0.48, 0.56, 0.68, 0.6, 0.6, 0.58, 0.5, 0.66, 0.42, 0.53, 0.6, 0.67, 0.67, 0.58, 0.58, 0.5, 0.58, 0.42, 0.56, 0.6, 0.76, 0.48, 0.6, 0.8, 0.56, 0.65, 0.75, 0.5, 0.67, 0.58, 0.5, 0.57, 0.58, 0.41, 0.75, 0.74, 0.6, 0.58, 0.6, 0.73, 0.6, 0.73, 0.55, 0.71, 0.7, 0.5, 0.6, 0.55, 0.5, 0.67, 0.76, 0.72, 0.68, 0.7, 0.65, 0.73, 0.69, 0.6, 0.47, 0.56, 0.6, 0.6, 0.6, 0.4, 0.5, 0.3, 0.5, 0.3, 0.6, 0.3, 0.4, 0.3, 0.4, 0.2, 0.6, 0.3, 0.6, 0.6, 0.3, 0.55, 0.45, 0.45, 0.5, 0.45, 0.6, 0.3, 0.45, 0.65, 0.6, 0.5, 0.3, 0.4, 0.6, 0.65, 0.3, 0.6, 0.3, 0.6, 0.4, 0.3, 0.3, 0.5, 0.5, 0.3, 0.5, 0.3, 0.3, 0.4, 0.3, 0.3, 0.6, 0.6, 0.5, 0.6, 0.25, 0.4, 0.6, 0.7, 0.3, 0.6, 0.7, 0.7, 0.7, 0.6, 0.6, 0.7, 0.6, 0.6, 0.7, 0.75, 0.6, 0.6, 0.6, 0.7, 0.7, 0.6, 0.6, 0.6, 0.7, 0.6, 0.6, 0.6, 0.6, 0.7, 0.7, 0.6, 0.7, 0.6, 0.7, 0.6, 0.7, 0.6, 0.7, 0.6, 0.6, 0.6, 0.6, 0.7, 0.6, 0.7, 0.7, 0.6, 0.75, 0.75, 0.6, 0.6, 0.7, 0.6, 0.7, 0.6, 0.7, 0.6, 0.7, 0.7, 0.6, 0.7, 0.7, 0.7, 0.6, 0.6]",180,0.57,0.1302604229141675,7.912110547105645,6.03237227025285
with the caveat that,"[0.8, 0.58, 0.86, 0.85, 0.71, 0.85, 0.72, 0.42, 0.65, 0.7, 0.25, 0.23, 0.66, 0.49, 0.25, 0.45, 0.45, 0.72, 0.46, 0.25, 0.1, 0.55, 0.2, 0.21, 0.3, 0.2, 0.68, 0.27, 0.14, 0.68, 0.5, 0.5, 0.09, 0.6, 0.86, 0.6, 0.78, 0.63, 0.6, 0.2, 0.6, 0.35, 0.31, 0.6, 0.49, 0.44, 0.6, 0.3, 0.58, 0.6, 0.85, 0.78, 0.7, 0.6, 0.67, 0.58, 0.75, 0.85, 0.78, 0.58, 0.7, 0.7, 0.75, 0.85, 0.85, 0.7, 0.6, 0.6, 0.7, 0.7, 0.75, 0.85, 0.7, 0.85, 0.85, 0.3, 0.6, 0.3, 0.6, 0.6, 0.7, 0.7, 0.5, 0.6, 0.8, 0.85, 0.6, 0.85, 0.6, 0.7, 0.6, 0.7, 0.7, 0.85, 0.85, 0.85, 0.6, 0.7, 0.6, 0.9, 0.75, 0.2, 0.7, 0.7, 0.7, 0.6, 0.85, 0.7, 0.85, 0.7, 0.7, 0.85, 0.85, 0.7, 0.85, 0.7, 0.7, 0.7, 0.7, 0.7, 0.9, 0.85, 0.8, 0.85, 0.85, 0.85, 0.8, 0.8, 0.7, 0.6, 0.7, 0.8, 0.6, 0.8, 0.7, 0.6, 0.7, 0.7, 0.8, 0.7, 0.7, 0.7, 0.7, 0.7, 0.8, 0.7, 0.6, 0.75, 0.7, 0.7, 0.7, 0.75, 0.7, 0.9, 0.85, 0.85, 0.8, 0.75, 0.8, 0.7, 0.7, 0.85, 0.7, 0.7, 0.8, 0.7, 0.6, 0.8, 0.9, 0.8, 0.8, 0.85, 0.9, 0.8, 0.8, 0.9, 0.9, 0.85, 0.85, 0.8]",180,0.6666666666666666,0.1839776556481188,4.033904586058202,2.118406630826908
with the qualification that,"[0.35, 0.12, 0.85, 0.85, 0.71, 0.59, 0.3, 0.4, 0.22, 0.76, 0.82, 0.2, 0.77, 0.6, 0.76, 0.78, 0.7, 0.76, 0.85, 0.6, 0.68, 0.78, 0.96, 0.62, 0.5, 0.45, 0.54, 0.67, 0.68, 0.19, 0.5, 0.6, 0.76, 0.26, 0.35, 0.56, 0.58, 0.76, 0.85, 0.6, 0.86, 0.24, 0.45, 0.41, 0.86, 0.6, 0.5, 0.7, 0.45, 0.55, 0.74, 0.85, 0.75, 0.85, 0.76, 0.65, 0.46, 0.47, 0.5, 0.58, 0.25, 0.6, 0.7, 0.7, 0.4, 0.5, 0.4, 0.5, 0.4, 0.85, 0.6, 0.75, 0.7, 0.7, 0.7, 0.7, 0.7, 0.6, 0.6, 0.6, 0.6, 0.75, 0.6, 0.7, 0.7, 0.6, 0.4, 0.3, 0.85, 0.9, 0.7, 0.6, 0.7, 0.6, 0.6, 0.7, 0.7, 0.5, 0.3, 0.7, 0.3, 0.6, 0.7, 0.85, 0.5, 0.7, 0.7, 0.7, 0.7, 0.85, 0.6, 0.7, 0.7, 0.6, 0.85, 0.6, 0.7, 0.5, 0.3, 0.4, 0.85, 0.8, 0.85, 0.7, 0.85, 0.8, 0.7, 0.7, 0.8, 0.95, 0.9, 0.95, 0.8, 0.9, 0.8, 0.8, 0.8, 0.85, 0.7, 0.9, 0.75, 0.8, 0.75, 0.85, 0.8, 0.9, 0.75, 0.9, 0.8, 0.8, 0.8, 0.8, 0.8, 0.7, 0.75, 0.8, 0.9, 0.8, 0.8, 0.85, 0.9, 0.9, 0.2, 0.3, 0.25, 0.75, 0.85, 0.8, 0.8, 0.9, 0.85, 0.7, 0.8, 0.75, 0.8, 0.8, 0.75, 0.85, 0.75, 0.8]",180,0.6672777777777777,0.18495293862540502,4.014171219043983,2.0586938112632023
without a doubt,"[1.0, 1.0, 1.0, 1.0, 1.0, 1.0, 1.0, 0.8, 1.0, 0.96, 1.0, 1.0, 1.0, 1.0, 1.0, 1.0, 1.0, 1.0, 1.0, 1.0, 1.0, 1.0, 0.95, 1.0, 1.0, 1.0, 1.0, 0.9, 1.0, 1.0, 1.0, 1.0, 1.0, 1.0, 1.0, 1.0, 0.95, 0.8, 1.0, 1.0, 1.0, 1.0, 1.0, 1.0, 1.0, 0.95, 1.0, 0.95, 1.0, 1.0, 1.0, 1.0, 0.99, 1.0, 1.0, 1.0, 1.0, 1.0, 1.0, 1.0, 0.95, 0.95, 0.95, 0.95, 0.95, 0.95, 0.95, 0.95, 0.95, 0.95, 0.95, 1.0, 0.95, 0.95, 0.95, 0.95, 0.95, 1.0, 0.95, 0.95, 0.95, 1.0, 0.95, 0.95, 1.0, 0.95, 0.95, 0.95, 0.95, 0.95, 0.95, 1.0, 0.95, 0.95, 0.95, 1.0, 0.95, 0.95, 0.95, 0.95, 0.95, 0.95, 0.95, 1.0, 0.95, 1.0, 1.0, 1.0, 1.0, 1.0, 1.0, 0.95, 1.0, 1.0, 0.95, 0.95, 0.95, 1.0, 1.0, 0.95, 1.0, 1.0, 1.0, 1.0, 1.0, 1.0, 1.0, 1.0, 1.0, 1.0, 1.0, 1.0, 1.0, 1.0, 1.0, 1.0, 1.0, 1.0, 1.0, 1.0, 1.0, 1.0, 1.0, 1.0, 1.0, 1.0, 0.95, 1.0, 1.0, 0.98, 1.0, 1.0, 1.0, 1.0, 1.0, 1.0, 1.0, 0.95, 1.0, 1.0, 1.0, 1.0, 1.0, 1.0, 1.0, 1.0, 1.0, 1.0, 1.0, 1.0, 1.0, 1.0, 1.0, 1.0, 1.0, 1.0, 1.0, 1.0, 1.0, 1.0]",180,0.9832222222222222,0.030178276873634266,7.465411571259237,0.12263221194472165
without question,"[0.9, 1.0, 0.8, 0.85, 1.0, 0.96, 1.0, 1.0, 0.95, 1.0, 1.0, 1.0, 1.0, 0.9, 1.0, 1.0, 0.8, 1.0, 0.95, 0.9, 0.8, 1.0, 0.95, 0.95, 0.95, 0.99, 1.0, 0.98, 1.0, 0.9, 1.0, 1.0, 1.0, 1.0, 0.99, 0.95, 0.95, 1.0, 1.0, 0.9, 1.0, 1.0, 0.99, 1.0, 1.0, 1.0, 1.0, 1.0, 1.0, 0.95, 1.0, 1.0, 1.0, 1.0, 0.98, 1.0, 1.0, 1.0, 1.0, 0.98, 0.85, 0.85, 0.85, 0.9, 0.85, 0.85, 0.85, 0.85, 0.85, 0.85, 0.85, 0.85, 0.85, 0.85, 0.85, 0.9, 0.9, 0.75, 0.85, 0.85, 0.9, 0.9, 0.85, 0.95, 0.9, 0.85, 0.9, 0.85, 0.85, 0.85, 0.75, 0.9, 0.85, 0.85, 0.75, 0.85, 0.95, 0.85, 0.85, 0.85, 0.85, 0.85, 0.95, 0.9, 0.9, 0.9, 0.9, 0.95, 0.95, 0.85, 0.95, 0.85, 0.95, 0.95, 0.95, 0.95, 0.95, 0.95, 0.95, 0.95, 1.0, 0.95, 0.95, 1.0, 1.0, 0.95, 0.95, 0.97, 0.95, 0.95, 0.95, 0.95, 0.95, 0.95, 0.95, 0.95, 0.95, 1.0, 0.97, 0.95, 1.0, 0.9, 0.95, 0.95, 0.95, 0.95, 0.95, 1.0, 0.95, 1.0, 0.95, 0.95, 0.95, 0.95, 0.95, 0.95, 1.0, 0.95, 1.0, 1.0, 1.0, 1.0, 0.95, 1.0, 1.0, 1.0, 0.95, 1.0, 1.0, 1.0, 0.95, 0.95, 1.0, 1.0, 1.0, 1.0, 1.0, 1.0, 1.0, 1.0]",180,0.9400555555555556,0.062276241432135095,3.492334337023868,0.19987719975539633
without reservation,"[0.8, 0.99, 0.8, 0.8, 0.99, 0.95, 0.9, 0.9, 0.9, 0.8, 0.95, 0.8, 0.95, 1.0, 0.95, 0.8, 0.8, 0.5, 0.9, 0.95, 0.99, 0.95, 0.98, 0.9, 0.9, 0.99, 0.98, 0.97, 0.9, 0.98, 0.9, 0.8, 0.98, 0.99, 0.95, 0.75, 1.0, 0.9, 0.9, 0.8, 0.9, 0.9, 0.8, 0.98, 0.95, 0.95, 0.95, 0.85, 1.0, 1.0, 1.0, 0.95, 0.99, 0.95, 1.0, 1.0, 1.0, 1.0, 1.0, 1.0, 0.85, 0.9, 0.9, 0.95, 0.9, 0.95, 0.85, 0.5, 0.85, 0.85, 0.85, 0.75, 0.85, 0.85, 0.85, 0.75, 0.75, 0.85, 0.7, 0.65, 0.75, 0.75, 0.85, 0.75, 0.75, 0.85, 0.85, 0.75, 0.75, 0.85, 0.75, 0.85, 0.6, 0.75, 0.75, 0.75, 0.75, 0.75, 0.85, 0.6, 0.85, 0.75, 0.75, 0.75, 0.85, 0.85, 0.85, 0.85, 1.0, 1.0, 1.0, 0.9, 0.95, 0.9, 0.95, 0.95, 0.95, 0.95, 1.0, 1.0, 1.0, 1.0, 1.0, 0.98, 1.0, 1.0, 0.95, 0.95, 0.95, 0.95, 1.0, 0.95, 0.8, 0.95, 1.0, 0.95, 0.95, 0.95, 1.0, 0.95, 1.0, 0.95, 1.0, 1.0, 0.95, 0.9, 0.95, 1.0, 0.95, 0.95, 0.95, 0.98, 0.9, 0.95, 0.98, 0.95, 0.95, 0.95, 0.95, 0.95, 0.85, 0.95, 1.0, 0.95, 1.0, 0.95, 0.95, 0.95, 0.95, 1.0, 0.95, 1.0, 1.0, 1.0, 1.0, 1.0, 1.0, 1.0, 1.0, 1.0]",180,0.9041666666666667,0.10045936160126309,2.7669079840304933,0.2618875128730146
yet to be determined,"[0.6, 0.68, 0.27, 0.6, 0.47, 0.48, 0.45, 0.4, 0.5, 0.44, 0.68, 0.46, 0.6, 0.76, 0.44, 0.7, 0.34, 0.6, 0.42, 0.3, 0.55, 0.34, 0.6, 0.5, 0.4, 0.23, 0.4, 0.6, 0.38, 0.6, 0.38, 0.32, 0.2, 0.2, 0.75, 0.72, 0.61, 0.27, 0.44, 0.64, 0.2, 0.3, 0.36, 0.36, 0.3, 0.2, 0.4, 0.4, 0.48, 0.35, 0.45, 0.52, 0.44, 0.25, 0.85, 0.48, 0.55, 0.73, 0.55, 0.6, 0.85, 0.85, 0.5, 0.6, 0.7, 0.7, 0.25, 0.4, 0.6, 0.6, 0.7, 0.6, 0.6, 0.6, 0.7, 0.6, 0.6, 0.75, 0.4, 0.4, 0.7, 0.7, 0.7, 0.6, 0.4, 0.7, 0.6, 0.3, 0.7, 0.2, 0.2, 0.1, 0.4, 0.7, 0.6, 0.6, 0.6, 0.4, 0.6, 0.3, 0.3, 0.4, 0.3, 0.4, 0.7, 0.6, 0.7, 0.4, 0.7, 0.85, 0.6, 0.6, 0.3, 0.3, 0.4, 0.6, 0.6, 0.4, 0.7, 0.3, 0.5, 0.5, 0.7, 0.4, 0.7, 0.3, 0.3, 0.5, 0.5, 0.6, 0.3, 0.5, 0.3, 0.6, 0.3, 0.5, 0.5, 0.5, 0.5, 0.5, 0.5, 0.6, 0.6, 0.3, 0.5, 0.5, 0.5, 0.6, 0.6, 0.8, 0.5, 0.6, 0.6, 0.7, 0.5, 0.7, 0.3, 0.7, 0.6, 0.6, 0.6, 0.6, 0.7, 0.6, 0.6, 0.7, 0.75, 0.6, 0.65, 0.6, 0.6, 0.6, 0.6, 0.5, 0.6, 0.7, 0.7, 0.3, 0.6, 0.5]",180,0.518,0.1588549303260333,4.6732293029141765,4.37565269994298
